order_id,order_date,region,warehouse,customer_segment,sku_id,category,product_name,quantity,unit_price,unit_cost,discount_rate,revenue,gross_profit,order_status
ORD-500001,2026-01-01,Central,Chicago DC,Enterprise,SKU-1012,Beauty,Fragrance Set,1,138.55,68.54,0.1,124.7,56.16,Completed
ORD-500002,2026-01-01,West,Seattle DC,Enterprise,SKU-1002,Electronics,Smart Home Hub,1,202.52,137.45,0.05,192.39,54.94,Completed
ORD-500003,2026-01-01,Central,Minneapolis DC,Enterprise,SKU-1010,Beauty,Skin Care Kit,1,212.38,144.24,0,212.38,68.14,Completed
ORD-500004,2026-01-01,West,Los Angeles DC,Small Business,SKU-1003,Electronics,Portable Charger,1,132.63,59.06,0,132.63,73.57,Completed
ORD-500005,2026-01-01,West,Los Angeles DC,Small Business,SKU-1009,Apparel,Travel Backpack,1,145.86,81.38,0.05,138.57,57.19,Completed
ORD-500006,2026-01-01,Central,Dallas DC,Consumer,SKU-1002,Electronics,Smart Home Hub,1,202.52,137.45,0,202.52,65.07,Completed
ORD-500007,2026-01-01,East,New Jersey DC,Consumer,SKU-1002,Electronics,Smart Home Hub,1,202.52,137.45,0,202.52,65.07,Completed
ORD-500008,2026-01-01,East,New Jersey DC,Consumer,SKU-1004,Home,Air Purifier,1,39.43,23.74,0,39.43,15.69,Completed
ORD-500009,2026-01-01,East,New Jersey DC,Small Business,SKU-1002,Electronics,Smart Home Hub,1,202.52,137.45,0,202.52,65.07,Completed
ORD-500010,2026-01-01,West,Los Angeles DC,Small Business,SKU-1006,Home,Kitchen Organizer,1,100.06,51.21,0,100.06,48.85,Completed
ORD-500011,2026-01-01,West,Denver DC,Enterprise,SKU-1009,Apparel,Travel Backpack,1,145.86,81.38,0.15,123.98,42.6,Completed
ORD-500012,2026-01-01,Central,Minneapolis DC,Consumer,SKU-1002,Electronics,Smart Home Hub,1,202.52,137.45,0,202.52,65.07,Completed
ORD-500013,2026-01-01,West,Denver DC,Consumer,SKU-1002,Electronics,Smart Home Hub,3,202.52,137.45,0.1,546.8,134.45,Completed
ORD-500014,2026-01-01,West,Seattle DC,Small Business,SKU-1009,Apparel,Travel Backpack,2,145.86,81.38,0,291.72,128.96,Completed
ORD-500015,2026-01-01,West,Seattle DC,Enterprise,SKU-1008,Apparel,Running Shoes,2,88.43,59.11,0.05,168.02,49.8,Completed
ORD-500016,2026-01-01,Central,Minneapolis DC,Small Business,SKU-1009,Apparel,Travel Backpack,1,145.86,81.38,0.15,123.98,42.6,Completed
ORD-500017,2026-01-01,Central,Dallas DC,Small Business,SKU-1005,Home,Bedding Set,4,134.44,81.31,0,537.76,212.52,Completed
ORD-500018,2026-01-01,Central,Dallas DC,Consumer,SKU-1012,Beauty,Fragrance Set,1,138.55,68.54,0.15,117.77,49.23,Completed
ORD-500019,2026-01-01,Central,Minneapolis DC,Enterprise,SKU-1001,Electronics,Noise-Canceling Headphones,1,202.4,94.45,0.05,192.28,97.83,Completed
ORD-500020,2026-01-01,Central,Dallas DC,Enterprise,SKU-1010,Beauty,Skin Care Kit,2,212.38,144.24,0.15,361.05,72.57,Completed
ORD-500021,2026-01-01,West,Denver DC,Small Business,SKU-1007,Apparel,Performance Jacket,1,259.88,171.94,0.15,220.9,48.96,Completed
ORD-500022,2026-01-01,Central,Dallas DC,Consumer,SKU-1009,Apparel,Travel Backpack,1,145.86,81.38,0,145.86,64.48,Completed
ORD-500023,2026-01-01,West,Los Angeles DC,Enterprise,SKU-1002,Electronics,Smart Home Hub,2,202.52,137.45,0,405.04,130.14,Completed
ORD-500024,2026-01-01,West,Seattle DC,Consumer,SKU-1009,Apparel,Travel Backpack,1,145.86,81.38,0,145.86,64.48,Completed
ORD-500025,2026-01-01,West,Seattle DC,Small Business,SKU-1005,Home,Bedding Set,2,134.44,81.31,0.1,241.99,79.37,Completed
ORD-500026,2026-01-01,West,Denver DC,Enterprise,SKU-1012,Beauty,Fragrance Set,2,138.55,68.54,0,277.1,140.02,Completed
ORD-500027,2026-01-01,Central,Minneapolis DC,Consumer,SKU-1007,Apparel,Performance Jacket,1,259.88,171.94,0.1,233.89,61.95,Completed
ORD-500028,2026-01-01,East,Miami DC,Consumer,SKU-1007,Apparel,Performance Jacket,1,259.88,171.94,0,259.88,87.94,Completed
ORD-500029,2026-01-01,East,Miami DC,Consumer,SKU-1006,Home,Kitchen Organizer,1,100.06,51.21,0,100.06,48.85,Returned
ORD-500030,2026-01-01,West,Los Angeles DC,Small Business,SKU-1007,Apparel,Performance Jacket,1,259.88,171.94,0,259.88,87.94,Completed
ORD-500031,2026-01-01,East,Atlanta DC,Small Business,SKU-1007,Apparel,Performance Jacket,1,259.88,171.94,0.1,233.89,61.95,Completed
ORD-500032,2026-01-02,East,New Jersey DC,Enterprise,SKU-1001,Electronics,Noise-Canceling Headphones,3,202.4,94.45,0,607.2,323.85,Completed
ORD-500033,2026-01-02,Central,Dallas DC,Small Business,SKU-1009,Apparel,Travel Backpack,1,145.86,81.38,0.15,123.98,42.6,Completed
ORD-500034,2026-01-02,Central,Dallas DC,Small Business,SKU-1004,Home,Air Purifier,1,39.43,23.74,0,39.43,15.69,Completed
ORD-500035,2026-01-02,West,Seattle DC,Enterprise,SKU-1003,Electronics,Portable Charger,1,132.63,59.06,0,132.63,73.57,Completed
ORD-500036,2026-01-02,West,Seattle DC,Enterprise,SKU-1008,Apparel,Running Shoes,1,88.43,59.11,0,88.43,29.32,Completed
ORD-500037,2026-01-02,West,Los Angeles DC,Small Business,SKU-1012,Beauty,Fragrance Set,1,138.55,68.54,0,138.55,70.01,Completed
ORD-500038,2026-01-02,Central,Chicago DC,Small Business,SKU-1005,Home,Bedding Set,1,134.44,81.31,0,134.44,53.13,Completed
ORD-500039,2026-01-02,Central,Chicago DC,Enterprise,SKU-1011,Beauty,Hair Dryer,1,35.1,16.43,0,35.1,18.67,Completed
ORD-500040,2026-01-02,East,Atlanta DC,Enterprise,SKU-1007,Apparel,Performance Jacket,1,259.88,171.94,0.1,233.89,61.95,Completed
ORD-500041,2026-01-02,East,New Jersey DC,Small Business,SKU-1012,Beauty,Fragrance Set,1,138.55,68.54,0.05,131.62,63.08,Completed
ORD-500042,2026-01-02,Central,Dallas DC,Consumer,SKU-1001,Electronics,Noise-Canceling Headphones,1,202.4,94.45,0,202.4,107.95,Returned
ORD-500043,2026-01-02,East,New Jersey DC,Enterprise,SKU-1005,Home,Bedding Set,2,134.44,81.31,0,268.88,106.26,Completed
ORD-500044,2026-01-02,West,Seattle DC,Small Business,SKU-1003,Electronics,Portable Charger,1,132.63,59.06,0.05,126.0,66.94,Completed
ORD-500045,2026-01-02,West,Seattle DC,Enterprise,SKU-1009,Apparel,Travel Backpack,1,145.86,81.38,0,145.86,64.48,Completed
ORD-500046,2026-01-02,Central,Chicago DC,Small Business,SKU-1012,Beauty,Fragrance Set,1,138.55,68.54,0,138.55,70.01,Returned
ORD-500047,2026-01-02,West,Seattle DC,Consumer,SKU-1009,Apparel,Travel Backpack,2,145.86,81.38,0,291.72,128.96,Completed
ORD-500048,2026-01-02,West,Los Angeles DC,Small Business,SKU-1003,Electronics,Portable Charger,3,132.63,59.06,0,397.89,220.71,Completed
ORD-500049,2026-01-02,West,Seattle DC,Enterprise,SKU-1011,Beauty,Hair Dryer,1,35.1,16.43,0.15,29.84,13.41,Completed
ORD-500050,2026-01-02,Central,Dallas DC,Enterprise,SKU-1004,Home,Air Purifier,1,39.43,23.74,0,39.43,15.69,Completed
ORD-500051,2026-01-02,Central,Chicago DC,Consumer,SKU-1011,Beauty,Hair Dryer,2,35.1,16.43,0.15,59.67,26.81,Completed
ORD-500052,2026-01-02,East,Atlanta DC,Small Business,SKU-1007,Apparel,Performance Jacket,2,259.88,171.94,0,519.76,175.88,Completed
ORD-500053,2026-01-02,Central,Chicago DC,Enterprise,SKU-1008,Apparel,Running Shoes,3,88.43,59.11,0,265.29,87.96,Returned
ORD-500054,2026-01-02,Central,Chicago DC,Consumer,SKU-1005,Home,Bedding Set,1,134.44,81.31,0,134.44,53.13,Completed
ORD-500055,2026-01-02,West,Los Angeles DC,Consumer,SKU-1005,Home,Bedding Set,1,134.44,81.31,0.15,114.27,32.96,Completed
ORD-500056,2026-01-02,Central,Minneapolis DC,Consumer,SKU-1006,Home,Kitchen Organizer,2,100.06,51.21,0.05,190.11,87.69,Completed
ORD-500057,2026-01-02,East,Atlanta DC,Enterprise,SKU-1001,Electronics,Noise-Canceling Headphones,1,202.4,94.45,0,202.4,107.95,Completed
ORD-500058,2026-01-02,West,Los Angeles DC,Consumer,SKU-1003,Electronics,Portable Charger,1,132.63,59.06,0.1,119.37,60.31,Completed
ORD-500059,2026-01-02,West,Los Angeles DC,Small Business,SKU-1011,Beauty,Hair Dryer,2,35.1,16.43,0.05,66.69,33.83,Completed
ORD-500060,2026-01-02,East,Miami DC,Small Business,SKU-1004,Home,Air Purifier,3,39.43,23.74,0.05,112.38,41.16,Completed
ORD-500061,2026-01-02,Central,Dallas DC,Enterprise,SKU-1004,Home,Air Purifier,1,39.43,23.74,0.1,35.49,11.75,Completed
ORD-500062,2026-01-02,East,Miami DC,Enterprise,SKU-1008,Apparel,Running Shoes,2,88.43,59.11,0,176.86,58.64,Completed
ORD-500063,2026-01-02,Central,Chicago DC,Enterprise,SKU-1001,Electronics,Noise-Canceling Headphones,2,202.4,94.45,0,404.8,215.9,Cancelled
ORD-500064,2026-01-02,East,Miami DC,Consumer,SKU-1008,Apparel,Running Shoes,2,88.43,59.11,0.1,159.17,40.95,Completed
ORD-500065,2026-01-02,Central,Dallas DC,Consumer,SKU-1006,Home,Kitchen Organizer,2,100.06,51.21,0,200.12,97.7,Completed
ORD-500066,2026-01-03,West,Denver DC,Consumer,SKU-1003,Electronics,Portable Charger,1,132.63,59.06,0.05,126.0,66.94,Completed
ORD-500067,2026-01-03,East,Atlanta DC,Small Business,SKU-1006,Home,Kitchen Organizer,1,100.06,51.21,0.1,90.05,38.84,Completed
ORD-500068,2026-01-03,Central,Chicago DC,Enterprise,SKU-1005,Home,Bedding Set,1,134.44,81.31,0,134.44,53.13,Returned
ORD-500069,2026-01-03,West,Seattle DC,Small Business,SKU-1003,Electronics,Portable Charger,2,132.63,59.06,0.15,225.47,107.35,Completed
ORD-500070,2026-01-03,East,Miami DC,Enterprise,SKU-1007,Apparel,Performance Jacket,1,259.88,171.94,0.15,220.9,48.96,Completed
ORD-500071,2026-01-03,East,Atlanta DC,Consumer,SKU-1008,Apparel,Running Shoes,1,88.43,59.11,0.1,79.59,20.48,Returned
ORD-500072,2026-01-03,East,New Jersey DC,Enterprise,SKU-1012,Beauty,Fragrance Set,1,138.55,68.54,0.1,124.7,56.16,Completed
ORD-500073,2026-01-03,Central,Chicago DC,Small Business,SKU-1008,Apparel,Running Shoes,3,88.43,59.11,0.1,238.76,61.43,Completed
ORD-500074,2026-01-03,Central,Minneapolis DC,Small Business,SKU-1005,Home,Bedding Set,1,134.44,81.31,0.1,121.0,39.69,Completed
ORD-500075,2026-01-03,East,Miami DC,Enterprise,SKU-1007,Apparel,Performance Jacket,2,259.88,171.94,0,519.76,175.88,Completed
ORD-500076,2026-01-03,West,Denver DC,Enterprise,SKU-1009,Apparel,Travel Backpack,1,145.86,81.38,0.1,131.27,49.89,Completed
ORD-500077,2026-01-03,East,Miami DC,Consumer,SKU-1006,Home,Kitchen Organizer,1,100.06,51.21,0.15,85.05,33.84,Completed
ORD-500078,2026-01-03,West,Denver DC,Enterprise,SKU-1006,Home,Kitchen Organizer,2,100.06,51.21,0.15,170.1,67.68,Completed
ORD-500079,2026-01-03,West,Denver DC,Consumer,SKU-1008,Apparel,Running Shoes,1,88.43,59.11,0,88.43,29.32,Completed
ORD-500080,2026-01-03,Central,Minneapolis DC,Consumer,SKU-1004,Home,Air Purifier,1,39.43,23.74,0.15,33.52,9.78,Completed
ORD-500081,2026-01-03,East,Miami DC,Small Business,SKU-1002,Electronics,Smart Home Hub,1,202.52,137.45,0,202.52,65.07,Completed
ORD-500082,2026-01-03,Central,Chicago DC,Small Business,SKU-1010,Beauty,Skin Care Kit,3,212.38,144.24,0.05,605.28,172.56,Completed
ORD-500083,2026-01-03,Central,Minneapolis DC,Consumer,SKU-1006,Home,Kitchen Organizer,1,100.06,51.21,0.1,90.05,38.84,Completed
ORD-500084,2026-01-03,Central,Chicago DC,Enterprise,SKU-1006,Home,Kitchen Organizer,1,100.06,51.21,0.1,90.05,38.84,Completed
ORD-500085,2026-01-03,West,Los Angeles DC,Enterprise,SKU-1005,Home,Bedding Set,1,134.44,81.31,0,134.44,53.13,Completed
ORD-500086,2026-01-03,East,New Jersey DC,Consumer,SKU-1006,Home,Kitchen Organizer,2,100.06,51.21,0,200.12,97.7,Completed
ORD-500087,2026-01-03,East,Atlanta DC,Enterprise,SKU-1003,Electronics,Portable Charger,2,132.63,59.06,0.1,238.73,120.61,Completed
ORD-500088,2026-01-03,West,Los Angeles DC,Small Business,SKU-1002,Electronics,Smart Home Hub,1,202.52,137.45,0.1,182.27,44.82,Completed
ORD-500089,2026-01-03,Central,Minneapolis DC,Small Business,SKU-1003,Electronics,Portable Charger,2,132.63,59.06,0,265.26,147.14,Completed
ORD-500090,2026-01-03,West,Seattle DC,Small Business,SKU-1008,Apparel,Running Shoes,1,88.43,59.11,0.05,84.01,24.9,Completed
ORD-500091,2026-01-03,Central,Minneapolis DC,Enterprise,SKU-1010,Beauty,Skin Care Kit,1,212.38,144.24,0.15,180.52,36.28,Completed
ORD-500092,2026-01-03,East,Miami DC,Consumer,SKU-1012,Beauty,Fragrance Set,1,138.55,68.54,0,138.55,70.01,Completed
ORD-500093,2026-01-03,West,Denver DC,Enterprise,SKU-1007,Apparel,Performance Jacket,1,259.88,171.94,0,259.88,87.94,Completed
ORD-500094,2026-01-03,West,Seattle DC,Consumer,SKU-1005,Home,Bedding Set,1,134.44,81.31,0,134.44,53.13,Completed
ORD-500095,2026-01-03,East,Miami DC,Consumer,SKU-1009,Apparel,Travel Backpack,1,145.86,81.38,0.1,131.27,49.89,Completed
ORD-500096,2026-01-03,Central,Minneapolis DC,Enterprise,SKU-1010,Beauty,Skin Care Kit,1,212.38,144.24,0.05,201.76,57.52,Completed
ORD-500097,2026-01-03,East,Atlanta DC,Consumer,SKU-1012,Beauty,Fragrance Set,1,138.55,68.54,0.05,131.62,63.08,Returned
ORD-500098,2026-01-03,Central,Chicago DC,Small Business,SKU-1012,Beauty,Fragrance Set,2,138.55,68.54,0.15,235.54,98.46,Completed
ORD-500099,2026-01-03,Central,Dallas DC,Small Business,SKU-1012,Beauty,Fragrance Set,2,138.55,68.54,0,277.1,140.02,Completed
ORD-500100,2026-01-03,West,Denver DC,Enterprise,SKU-1003,Electronics,Portable Charger,1,132.63,59.06,0.1,119.37,60.31,Completed
ORD-500101,2026-01-03,West,Denver DC,Small Business,SKU-1005,Home,Bedding Set,1,134.44,81.31,0.1,121.0,39.69,Returned
ORD-500102,2026-01-03,East,Atlanta DC,Small Business,SKU-1008,Apparel,Running Shoes,2,88.43,59.11,0,176.86,58.64,Completed
ORD-500103,2026-01-03,West,Denver DC,Consumer,SKU-1006,Home,Kitchen Organizer,2,100.06,51.21,0.1,180.11,77.69,Completed
ORD-500104,2026-01-03,Central,Dallas DC,Enterprise,SKU-1008,Apparel,Running Shoes,2,88.43,59.11,0.1,159.17,40.95,Completed
ORD-500105,2026-01-03,West,Los Angeles DC,Enterprise,SKU-1006,Home,Kitchen Organizer,3,100.06,51.21,0.15,255.15,101.52,Completed
ORD-500106,2026-01-04,East,Atlanta DC,Consumer,SKU-1011,Beauty,Hair Dryer,1,35.1,16.43,0.15,29.84,13.41,Completed
ORD-500107,2026-01-04,Central,Dallas DC,Consumer,SKU-1001,Electronics,Noise-Canceling Headphones,1,202.4,94.45,0,202.4,107.95,Completed
ORD-500108,2026-01-04,West,Seattle DC,Small Business,SKU-1009,Apparel,Travel Backpack,1,145.86,81.38,0,145.86,64.48,Completed
ORD-500109,2026-01-04,East,Atlanta DC,Enterprise,SKU-1004,Home,Air Purifier,2,39.43,23.74,0,78.86,31.38,Completed
ORD-500110,2026-01-04,Central,Dallas DC,Small Business,SKU-1010,Beauty,Skin Care Kit,3,212.38,144.24,0.1,573.43,140.71,Completed
ORD-500111,2026-01-04,West,Los Angeles DC,Small Business,SKU-1004,Home,Air Purifier,1,39.43,23.74,0,39.43,15.69,Completed
ORD-500112,2026-01-04,West,Los Angeles DC,Enterprise,SKU-1004,Home,Air Purifier,3,39.43,23.74,0.15,100.55,29.33,Completed
ORD-500113,2026-01-04,Central,Dallas DC,Small Business,SKU-1001,Electronics,Noise-Canceling Headphones,4,202.4,94.45,0.05,769.12,391.32,Completed
ORD-500114,2026-01-04,East,New Jersey DC,Small Business,SKU-1011,Beauty,Hair Dryer,1,35.1,16.43,0.15,29.84,13.41,Completed
ORD-500115,2026-01-04,East,New Jersey DC,Enterprise,SKU-1005,Home,Bedding Set,2,134.44,81.31,0,268.88,106.26,Completed
ORD-500116,2026-01-04,West,Seattle DC,Consumer,SKU-1012,Beauty,Fragrance Set,1,138.55,68.54,0.1,124.7,56.16,Completed
ORD-500117,2026-01-04,Central,Minneapolis DC,Small Business,SKU-1001,Electronics,Noise-Canceling Headphones,1,202.4,94.45,0.15,172.04,77.59,Completed
ORD-500118,2026-01-04,West,Seattle DC,Consumer,SKU-1011,Beauty,Hair Dryer,1,35.1,16.43,0.1,31.59,15.16,Completed
ORD-500119,2026-01-04,West,Seattle DC,Small Business,SKU-1012,Beauty,Fragrance Set,1,138.55,68.54,0.15,117.77,49.23,Completed
ORD-500120,2026-01-04,Central,Minneapolis DC,Consumer,SKU-1011,Beauty,Hair Dryer,2,35.1,16.43,0,70.2,37.34,Completed
ORD-500121,2026-01-04,Central,Minneapolis DC,Enterprise,SKU-1010,Beauty,Skin Care Kit,1,212.38,144.24,0,212.38,68.14,Completed
ORD-500122,2026-01-04,East,Atlanta DC,Consumer,SKU-1004,Home,Air Purifier,1,39.43,23.74,0,39.43,15.69,Completed
ORD-500123,2026-01-04,Central,Dallas DC,Enterprise,SKU-1002,Electronics,Smart Home Hub,1,202.52,137.45,0.15,172.14,34.69,Completed
ORD-500124,2026-01-04,West,Los Angeles DC,Small Business,SKU-1006,Home,Kitchen Organizer,2,100.06,51.21,0.05,190.11,87.69,Completed
ORD-500125,2026-01-04,Central,Minneapolis DC,Enterprise,SKU-1011,Beauty,Hair Dryer,1,35.1,16.43,0.15,29.84,13.41,Completed
ORD-500126,2026-01-04,Central,Chicago DC,Enterprise,SKU-1009,Apparel,Travel Backpack,1,145.86,81.38,0.15,123.98,42.6,Completed
ORD-500127,2026-01-04,Central,Dallas DC,Consumer,SKU-1005,Home,Bedding Set,2,134.44,81.31,0.15,228.55,65.93,Completed
ORD-500128,2026-01-04,East,Miami DC,Consumer,SKU-1008,Apparel,Running Shoes,2,88.43,59.11,0,176.86,58.64,Completed
ORD-500129,2026-01-04,East,Miami DC,Enterprise,SKU-1002,Electronics,Smart Home Hub,2,202.52,137.45,0,405.04,130.14,Completed
ORD-500130,2026-01-04,West,Los Angeles DC,Small Business,SKU-1010,Beauty,Skin Care Kit,2,212.38,144.24,0.15,361.05,72.57,Completed
ORD-500131,2026-01-04,West,Seattle DC,Small Business,SKU-1009,Apparel,Travel Backpack,1,145.86,81.38,0.15,123.98,42.6,Completed
ORD-500132,2026-01-04,East,Miami DC,Small Business,SKU-1008,Apparel,Running Shoes,1,88.43,59.11,0,88.43,29.32,Completed
ORD-500133,2026-01-04,East,New Jersey DC,Enterprise,SKU-1002,Electronics,Smart Home Hub,1,202.52,137.45,0,202.52,65.07,Completed
ORD-500134,2026-01-04,East,Atlanta DC,Small Business,SKU-1003,Electronics,Portable Charger,2,132.63,59.06,0.1,238.73,120.61,Completed
ORD-500135,2026-01-04,Central,Dallas DC,Small Business,SKU-1006,Home,Kitchen Organizer,1,100.06,51.21,0.05,95.06,43.85,Completed
ORD-500136,2026-01-05,West,Seattle DC,Enterprise,SKU-1010,Beauty,Skin Care Kit,4,212.38,144.24,0,849.52,272.56,Completed
ORD-500137,2026-01-05,West,Los Angeles DC,Small Business,SKU-1010,Beauty,Skin Care Kit,1,212.38,144.24,0.1,191.14,46.9,Completed
ORD-500138,2026-01-05,West,Seattle DC,Consumer,SKU-1007,Apparel,Performance Jacket,1,259.88,171.94,0.05,246.89,74.95,Cancelled
ORD-500139,2026-01-05,West,Denver DC,Small Business,SKU-1011,Beauty,Hair Dryer,1,35.1,16.43,0.1,31.59,15.16,Completed
ORD-500140,2026-01-05,Central,Minneapolis DC,Small Business,SKU-1009,Apparel,Travel Backpack,4,145.86,81.38,0,583.44,257.92,Completed
ORD-500141,2026-01-05,East,Miami DC,Enterprise,SKU-1003,Electronics,Portable Charger,2,132.63,59.06,0.1,238.73,120.61,Completed
ORD-500142,2026-01-05,East,Atlanta DC,Enterprise,SKU-1009,Apparel,Travel Backpack,1,145.86,81.38,0.15,123.98,42.6,Completed
ORD-500143,2026-01-05,West,Seattle DC,Enterprise,SKU-1010,Beauty,Skin Care Kit,1,212.38,144.24,0.15,180.52,36.28,Completed
ORD-500144,2026-01-05,West,Denver DC,Enterprise,SKU-1004,Home,Air Purifier,2,39.43,23.74,0.15,67.03,19.55,Completed
ORD-500145,2026-01-05,Central,Dallas DC,Consumer,SKU-1009,Apparel,Travel Backpack,2,145.86,81.38,0,291.72,128.96,Completed
ORD-500146,2026-01-05,Central,Dallas DC,Enterprise,SKU-1009,Apparel,Travel Backpack,2,145.86,81.38,0.15,247.96,85.2,Completed
ORD-500147,2026-01-05,West,Los Angeles DC,Enterprise,SKU-1006,Home,Kitchen Organizer,1,100.06,51.21,0.1,90.05,38.84,Completed
ORD-500148,2026-01-05,Central,Minneapolis DC,Enterprise,SKU-1004,Home,Air Purifier,2,39.43,23.74,0,78.86,31.38,Completed
ORD-500149,2026-01-05,East,Atlanta DC,Small Business,SKU-1003,Electronics,Portable Charger,1,132.63,59.06,0.05,126.0,66.94,Completed
ORD-500150,2026-01-05,Central,Minneapolis DC,Consumer,SKU-1006,Home,Kitchen Organizer,1,100.06,51.21,0,100.06,48.85,Completed
ORD-500151,2026-01-05,West,Seattle DC,Enterprise,SKU-1001,Electronics,Noise-Canceling Headphones,3,202.4,94.45,0.05,576.84,293.49,Completed
ORD-500152,2026-01-05,West,Denver DC,Enterprise,SKU-1007,Apparel,Performance Jacket,1,259.88,171.94,0,259.88,87.94,Returned
ORD-500153,2026-01-05,Central,Chicago DC,Enterprise,SKU-1005,Home,Bedding Set,2,134.44,81.31,0,268.88,106.26,Completed
ORD-500154,2026-01-05,West,Seattle DC,Consumer,SKU-1011,Beauty,Hair Dryer,3,35.1,16.43,0,105.3,56.01,Completed
ORD-500155,2026-01-05,Central,Minneapolis DC,Small Business,SKU-1003,Electronics,Portable Charger,4,132.63,59.06,0,530.52,294.28,Completed
ORD-500156,2026-01-05,East,Miami DC,Consumer,SKU-1008,Apparel,Running Shoes,1,88.43,59.11,0.1,79.59,20.48,Completed
ORD-500157,2026-01-05,West,Denver DC,Consumer,SKU-1010,Beauty,Skin Care Kit,1,212.38,144.24,0.15,180.52,36.28,Completed
ORD-500158,2026-01-05,Central,Chicago DC,Enterprise,SKU-1010,Beauty,Skin Care Kit,2,212.38,144.24,0,424.76,136.28,Completed
ORD-500159,2026-01-05,Central,Dallas DC,Enterprise,SKU-1012,Beauty,Fragrance Set,1,138.55,68.54,0,138.55,70.01,Completed
ORD-500160,2026-01-05,Central,Chicago DC,Consumer,SKU-1004,Home,Air Purifier,4,39.43,23.74,0.05,149.83,54.87,Returned
ORD-500161,2026-01-05,West,Seattle DC,Small Business,SKU-1001,Electronics,Noise-Canceling Headphones,2,202.4,94.45,0,404.8,215.9,Completed
ORD-500162,2026-01-05,West,Denver DC,Enterprise,SKU-1012,Beauty,Fragrance Set,1,138.55,68.54,0.05,131.62,63.08,Completed
ORD-500163,2026-01-05,West,Denver DC,Consumer,SKU-1009,Apparel,Travel Backpack,2,145.86,81.38,0,291.72,128.96,Completed
ORD-500164,2026-01-05,East,Miami DC,Enterprise,SKU-1003,Electronics,Portable Charger,3,132.63,59.06,0,397.89,220.71,Completed
ORD-500165,2026-01-05,Central,Chicago DC,Consumer,SKU-1004,Home,Air Purifier,1,39.43,23.74,0.15,33.52,9.78,Completed
ORD-500166,2026-01-05,West,Seattle DC,Consumer,SKU-1012,Beauty,Fragrance Set,2,138.55,68.54,0.15,235.54,98.46,Completed
ORD-500167,2026-01-05,East,Atlanta DC,Enterprise,SKU-1012,Beauty,Fragrance Set,2,138.55,68.54,0,277.1,140.02,Completed
ORD-500168,2026-01-05,West,Los Angeles DC,Enterprise,SKU-1003,Electronics,Portable Charger,1,132.63,59.06,0,132.63,73.57,Completed
ORD-500169,2026-01-05,East,New Jersey DC,Consumer,SKU-1011,Beauty,Hair Dryer,4,35.1,16.43,0.15,119.34,53.62,Completed
ORD-500170,2026-01-05,West,Los Angeles DC,Enterprise,SKU-1007,Apparel,Performance Jacket,1,259.88,171.94,0.05,246.89,74.95,Completed
ORD-500171,2026-01-05,East,Atlanta DC,Consumer,SKU-1002,Electronics,Smart Home Hub,1,202.52,137.45,0.1,182.27,44.82,Completed
ORD-500172,2026-01-05,East,Miami DC,Small Business,SKU-1012,Beauty,Fragrance Set,1,138.55,68.54,0,138.55,70.01,Completed
ORD-500173,2026-01-05,West,Seattle DC,Consumer,SKU-1002,Electronics,Smart Home Hub,1,202.52,137.45,0,202.52,65.07,Completed
ORD-500174,2026-01-05,East,Atlanta DC,Enterprise,SKU-1011,Beauty,Hair Dryer,1,35.1,16.43,0.05,33.34,16.91,Completed
ORD-500175,2026-01-06,Central,Chicago DC,Small Business,SKU-1006,Home,Kitchen Organizer,3,100.06,51.21,0.1,270.16,116.53,Returned
ORD-500176,2026-01-06,East,Atlanta DC,Consumer,SKU-1008,Apparel,Running Shoes,1,88.43,59.11,0.15,75.17,16.06,Completed
ORD-500177,2026-01-06,West,Seattle DC,Small Business,SKU-1010,Beauty,Skin Care Kit,1,212.38,144.24,0.05,201.76,57.52,Completed
ORD-500178,2026-01-06,Central,Minneapolis DC,Enterprise,SKU-1002,Electronics,Smart Home Hub,2,202.52,137.45,0.05,384.79,109.89,Completed
ORD-500179,2026-01-06,Central,Minneapolis DC,Enterprise,SKU-1001,Electronics,Noise-Canceling Headphones,2,202.4,94.45,0,404.8,215.9,Completed
ORD-500180,2026-01-06,Central,Minneapolis DC,Small Business,SKU-1001,Electronics,Noise-Canceling Headphones,2,202.4,94.45,0,404.8,215.9,Completed
ORD-500181,2026-01-06,East,Miami DC,Small Business,SKU-1008,Apparel,Running Shoes,2,88.43,59.11,0,176.86,58.64,Completed
ORD-500182,2026-01-06,Central,Chicago DC,Small Business,SKU-1001,Electronics,Noise-Canceling Headphones,1,202.4,94.45,0,202.4,107.95,Completed
ORD-500183,2026-01-06,West,Los Angeles DC,Enterprise,SKU-1009,Apparel,Travel Backpack,1,145.86,81.38,0.1,131.27,49.89,Completed
ORD-500184,2026-01-06,East,Miami DC,Small Business,SKU-1005,Home,Bedding Set,1,134.44,81.31,0,134.44,53.13,Completed
ORD-500185,2026-01-06,Central,Dallas DC,Consumer,SKU-1006,Home,Kitchen Organizer,3,100.06,51.21,0,300.18,146.55,Cancelled
ORD-500186,2026-01-06,West,Seattle DC,Enterprise,SKU-1003,Electronics,Portable Charger,2,132.63,59.06,0.15,225.47,107.35,Completed
ORD-500187,2026-01-06,Central,Chicago DC,Enterprise,SKU-1007,Apparel,Performance Jacket,1,259.88,171.94,0,259.88,87.94,Completed
ORD-500188,2026-01-06,West,Denver DC,Enterprise,SKU-1010,Beauty,Skin Care Kit,1,212.38,144.24,0.1,191.14,46.9,Completed
ORD-500189,2026-01-06,East,Atlanta DC,Enterprise,SKU-1009,Apparel,Travel Backpack,2,145.86,81.38,0,291.72,128.96,Completed
ORD-500190,2026-01-06,West,Seattle DC,Small Business,SKU-1004,Home,Air Purifier,1,39.43,23.74,0,39.43,15.69,Completed
ORD-500191,2026-01-06,East,Miami DC,Small Business,SKU-1009,Apparel,Travel Backpack,1,145.86,81.38,0.1,131.27,49.89,Completed
ORD-500192,2026-01-06,West,Seattle DC,Small Business,SKU-1009,Apparel,Travel Backpack,1,145.86,81.38,0.15,123.98,42.6,Completed
ORD-500193,2026-01-06,Central,Chicago DC,Small Business,SKU-1011,Beauty,Hair Dryer,4,35.1,16.43,0.15,119.34,53.62,Completed
ORD-500194,2026-01-06,Central,Dallas DC,Consumer,SKU-1006,Home,Kitchen Organizer,1,100.06,51.21,0.15,85.05,33.84,Completed
ORD-500195,2026-01-06,Central,Minneapolis DC,Small Business,SKU-1010,Beauty,Skin Care Kit,1,212.38,144.24,0,212.38,68.14,Completed
ORD-500196,2026-01-06,East,Miami DC,Enterprise,SKU-1008,Apparel,Running Shoes,1,88.43,59.11,0.1,79.59,20.48,Completed
ORD-500197,2026-01-06,Central,Dallas DC,Consumer,SKU-1003,Electronics,Portable Charger,1,132.63,59.06,0.15,112.74,53.68,Completed
ORD-500198,2026-01-06,East,New Jersey DC,Small Business,SKU-1008,Apparel,Running Shoes,3,88.43,59.11,0.05,252.03,74.7,Completed
ORD-500199,2026-01-06,East,New Jersey DC,Enterprise,SKU-1006,Home,Kitchen Organizer,1,100.06,51.21,0.15,85.05,33.84,Completed
ORD-500200,2026-01-06,West,Los Angeles DC,Small Business,SKU-1009,Apparel,Travel Backpack,1,145.86,81.38,0.1,131.27,49.89,Completed
ORD-500201,2026-01-06,East,New Jersey DC,Consumer,SKU-1012,Beauty,Fragrance Set,1,138.55,68.54,0.1,124.7,56.16,Completed
ORD-500202,2026-01-06,Central,Minneapolis DC,Enterprise,SKU-1011,Beauty,Hair Dryer,1,35.1,16.43,0.1,31.59,15.16,Completed
ORD-500203,2026-01-06,West,Seattle DC,Consumer,SKU-1004,Home,Air Purifier,3,39.43,23.74,0.15,100.55,29.33,Completed
ORD-500204,2026-01-06,East,Miami DC,Consumer,SKU-1001,Electronics,Noise-Canceling Headphones,1,202.4,94.45,0.05,192.28,97.83,Returned
ORD-500205,2026-01-06,West,Seattle DC,Small Business,SKU-1002,Electronics,Smart Home Hub,1,202.52,137.45,0.05,192.39,54.94,Completed
ORD-500206,2026-01-06,Central,Dallas DC,Small Business,SKU-1005,Home,Bedding Set,2,134.44,81.31,0.1,241.99,79.37,Completed
ORD-500207,2026-01-06,East,Atlanta DC,Small Business,SKU-1001,Electronics,Noise-Canceling Headphones,1,202.4,94.45,0,202.4,107.95,Completed
ORD-500208,2026-01-06,Central,Chicago DC,Enterprise,SKU-1004,Home,Air Purifier,1,39.43,23.74,0.15,33.52,9.78,Completed
ORD-500209,2026-01-06,West,Seattle DC,Small Business,SKU-1010,Beauty,Skin Care Kit,1,212.38,144.24,0,212.38,68.14,Completed
ORD-500210,2026-01-06,East,New Jersey DC,Enterprise,SKU-1006,Home,Kitchen Organizer,4,100.06,51.21,0,400.24,195.4,Completed
ORD-500211,2026-01-07,East,Miami DC,Enterprise,SKU-1003,Electronics,Portable Charger,2,132.63,59.06,0,265.26,147.14,Completed
ORD-500212,2026-01-07,East,New Jersey DC,Enterprise,SKU-1004,Home,Air Purifier,1,39.43,23.74,0.1,35.49,11.75,Completed
ORD-500213,2026-01-07,East,Miami DC,Enterprise,SKU-1003,Electronics,Portable Charger,1,132.63,59.06,0.1,119.37,60.31,Completed
ORD-500214,2026-01-07,Central,Chicago DC,Consumer,SKU-1007,Apparel,Performance Jacket,3,259.88,171.94,0.1,701.68,185.86,Returned
ORD-500215,2026-01-07,West,Denver DC,Consumer,SKU-1001,Electronics,Noise-Canceling Headphones,3,202.4,94.45,0.15,516.12,232.77,Completed
ORD-500216,2026-01-07,West,Los Angeles DC,Small Business,SKU-1001,Electronics,Noise-Canceling Headphones,1,202.4,94.45,0,202.4,107.95,Returned
ORD-500217,2026-01-07,Central,Chicago DC,Small Business,SKU-1007,Apparel,Performance Jacket,1,259.88,171.94,0,259.88,87.94,Completed
ORD-500218,2026-01-07,East,Miami DC,Enterprise,SKU-1002,Electronics,Smart Home Hub,1,202.52,137.45,0,202.52,65.07,Completed
ORD-500219,2026-01-07,West,Seattle DC,Small Business,SKU-1010,Beauty,Skin Care Kit,1,212.38,144.24,0,212.38,68.14,Completed
ORD-500220,2026-01-07,West,Los Angeles DC,Enterprise,SKU-1005,Home,Bedding Set,1,134.44,81.31,0,134.44,53.13,Completed
ORD-500221,2026-01-07,East,Miami DC,Consumer,SKU-1004,Home,Air Purifier,1,39.43,23.74,0.1,35.49,11.75,Completed
ORD-500222,2026-01-07,Central,Chicago DC,Enterprise,SKU-1012,Beauty,Fragrance Set,1,138.55,68.54,0,138.55,70.01,Returned
ORD-500223,2026-01-07,East,Miami DC,Consumer,SKU-1002,Electronics,Smart Home Hub,1,202.52,137.45,0.1,182.27,44.82,Completed
ORD-500224,2026-01-07,East,Atlanta DC,Consumer,SKU-1004,Home,Air Purifier,2,39.43,23.74,0.05,74.92,27.44,Completed
ORD-500225,2026-01-07,Central,Dallas DC,Consumer,SKU-1011,Beauty,Hair Dryer,1,35.1,16.43,0.1,31.59,15.16,Completed
ORD-500226,2026-01-07,East,Atlanta DC,Consumer,SKU-1011,Beauty,Hair Dryer,1,35.1,16.43,0.15,29.84,13.41,Completed
ORD-500227,2026-01-07,East,Atlanta DC,Consumer,SKU-1009,Apparel,Travel Backpack,2,145.86,81.38,0,291.72,128.96,Completed
ORD-500228,2026-01-07,West,Seattle DC,Enterprise,SKU-1006,Home,Kitchen Organizer,1,100.06,51.21,0,100.06,48.85,Completed
ORD-500229,2026-01-07,East,New Jersey DC,Small Business,SKU-1006,Home,Kitchen Organizer,2,100.06,51.21,0,200.12,97.7,Completed
ORD-500230,2026-01-07,Central,Dallas DC,Enterprise,SKU-1010,Beauty,Skin Care Kit,3,212.38,144.24,0,637.14,204.42,Completed
ORD-500231,2026-01-07,East,New Jersey DC,Enterprise,SKU-1005,Home,Bedding Set,1,134.44,81.31,0,134.44,53.13,Completed
ORD-500232,2026-01-07,West,Denver DC,Consumer,SKU-1012,Beauty,Fragrance Set,3,138.55,68.54,0,415.65,210.03,Completed
ORD-500233,2026-01-07,East,Miami DC,Enterprise,SKU-1007,Apparel,Performance Jacket,1,259.88,171.94,0,259.88,87.94,Completed
ORD-500234,2026-01-07,East,New Jersey DC,Enterprise,SKU-1003,Electronics,Portable Charger,1,132.63,59.06,0.05,126.0,66.94,Cancelled
ORD-500235,2026-01-07,West,Denver DC,Enterprise,SKU-1004,Home,Air Purifier,1,39.43,23.74,0,39.43,15.69,Completed
ORD-500236,2026-01-07,East,Atlanta DC,Consumer,SKU-1010,Beauty,Skin Care Kit,2,212.38,144.24,0.05,403.52,115.04,Completed
ORD-500237,2026-01-07,Central,Chicago DC,Consumer,SKU-1011,Beauty,Hair Dryer,3,35.1,16.43,0.1,94.77,45.48,Completed
ORD-500238,2026-01-07,East,New Jersey DC,Enterprise,SKU-1003,Electronics,Portable Charger,1,132.63,59.06,0.15,112.74,53.68,Completed
ORD-500239,2026-01-07,Central,Dallas DC,Consumer,SKU-1005,Home,Bedding Set,2,134.44,81.31,0,268.88,106.26,Completed
ORD-500240,2026-01-07,East,Atlanta DC,Enterprise,SKU-1005,Home,Bedding Set,1,134.44,81.31,0,134.44,53.13,Completed
ORD-500241,2026-01-07,East,Atlanta DC,Consumer,SKU-1009,Apparel,Travel Backpack,2,145.86,81.38,0.1,262.55,99.79,Completed
ORD-500242,2026-01-07,East,New Jersey DC,Small Business,SKU-1005,Home,Bedding Set,3,134.44,81.31,0.15,342.82,98.89,Completed
ORD-500243,2026-01-07,West,Seattle DC,Consumer,SKU-1009,Apparel,Travel Backpack,1,145.86,81.38,0,145.86,64.48,Completed
ORD-500244,2026-01-07,Central,Minneapolis DC,Consumer,SKU-1006,Home,Kitchen Organizer,1,100.06,51.21,0.15,85.05,33.84,Completed
ORD-500245,2026-01-07,East,New Jersey DC,Consumer,SKU-1003,Electronics,Portable Charger,1,132.63,59.06,0,132.63,73.57,Returned
ORD-500246,2026-01-07,West,Los Angeles DC,Enterprise,SKU-1007,Apparel,Performance Jacket,1,259.88,171.94,0,259.88,87.94,Completed
ORD-500247,2026-01-07,West,Los Angeles DC,Small Business,SKU-1002,Electronics,Smart Home Hub,1,202.52,137.45,0.05,192.39,54.94,Completed
ORD-500248,2026-01-07,East,New Jersey DC,Consumer,SKU-1009,Apparel,Travel Backpack,2,145.86,81.38,0.15,247.96,85.2,Completed
ORD-500249,2026-01-07,Central,Minneapolis DC,Enterprise,SKU-1004,Home,Air Purifier,1,39.43,23.74,0,39.43,15.69,Completed
ORD-500250,2026-01-07,West,Los Angeles DC,Enterprise,SKU-1011,Beauty,Hair Dryer,2,35.1,16.43,0,70.2,37.34,Completed
ORD-500251,2026-01-07,Central,Minneapolis DC,Consumer,SKU-1002,Electronics,Smart Home Hub,1,202.52,137.45,0.15,172.14,34.69,Completed
ORD-500252,2026-01-07,West,Denver DC,Consumer,SKU-1009,Apparel,Travel Backpack,1,145.86,81.38,0.05,138.57,57.19,Completed
ORD-500253,2026-01-08,West,Denver DC,Small Business,SKU-1012,Beauty,Fragrance Set,1,138.55,68.54,0.05,131.62,63.08,Completed
ORD-500254,2026-01-08,Central,Dallas DC,Consumer,SKU-1002,Electronics,Smart Home Hub,3,202.52,137.45,0,607.56,195.21,Completed
ORD-500255,2026-01-08,Central,Minneapolis DC,Consumer,SKU-1012,Beauty,Fragrance Set,4,138.55,68.54,0,554.2,280.04,Completed
ORD-500256,2026-01-08,West,Seattle DC,Enterprise,SKU-1011,Beauty,Hair Dryer,1,35.1,16.43,0.05,33.34,16.91,Completed
ORD-500257,2026-01-08,Central,Chicago DC,Small Business,SKU-1002,Electronics,Smart Home Hub,1,202.52,137.45,0,202.52,65.07,Completed
ORD-500258,2026-01-08,West,Denver DC,Small Business,SKU-1004,Home,Air Purifier,1,39.43,23.74,0.15,33.52,9.78,Completed
ORD-500259,2026-01-08,East,Miami DC,Enterprise,SKU-1007,Apparel,Performance Jacket,1,259.88,171.94,0.15,220.9,48.96,Completed
ORD-500260,2026-01-08,West,Los Angeles DC,Enterprise,SKU-1004,Home,Air Purifier,1,39.43,23.74,0.1,35.49,11.75,Completed
ORD-500261,2026-01-08,Central,Dallas DC,Consumer,SKU-1006,Home,Kitchen Organizer,1,100.06,51.21,0.15,85.05,33.84,Completed
ORD-500262,2026-01-08,East,New Jersey DC,Consumer,SKU-1006,Home,Kitchen Organizer,2,100.06,51.21,0.15,170.1,67.68,Completed
ORD-500263,2026-01-08,West,Seattle DC,Consumer,SKU-1002,Electronics,Smart Home Hub,1,202.52,137.45,0,202.52,65.07,Completed
ORD-500264,2026-01-08,East,New Jersey DC,Small Business,SKU-1007,Apparel,Performance Jacket,2,259.88,171.94,0.15,441.8,97.92,Completed
ORD-500265,2026-01-08,East,Atlanta DC,Small Business,SKU-1009,Apparel,Travel Backpack,3,145.86,81.38,0,437.58,193.44,Completed
ORD-500266,2026-01-08,West,Los Angeles DC,Consumer,SKU-1004,Home,Air Purifier,2,39.43,23.74,0,78.86,31.38,Completed
ORD-500267,2026-01-08,Central,Minneapolis DC,Small Business,SKU-1003,Electronics,Portable Charger,2,132.63,59.06,0.05,252.0,133.88,Completed
ORD-500268,2026-01-08,East,Atlanta DC,Small Business,SKU-1012,Beauty,Fragrance Set,1,138.55,68.54,0,138.55,70.01,Completed
ORD-500269,2026-01-08,East,Miami DC,Enterprise,SKU-1004,Home,Air Purifier,1,39.43,23.74,0.15,33.52,9.78,Completed
ORD-500270,2026-01-08,East,Miami DC,Small Business,SKU-1007,Apparel,Performance Jacket,2,259.88,171.94,0.05,493.77,149.89,Cancelled
ORD-500271,2026-01-08,Central,Chicago DC,Enterprise,SKU-1008,Apparel,Running Shoes,1,88.43,59.11,0,88.43,29.32,Completed
ORD-500272,2026-01-08,East,New Jersey DC,Consumer,SKU-1010,Beauty,Skin Care Kit,1,212.38,144.24,0.05,201.76,57.52,Completed
ORD-500273,2026-01-08,East,Atlanta DC,Small Business,SKU-1003,Electronics,Portable Charger,1,132.63,59.06,0,132.63,73.57,Completed
ORD-500274,2026-01-08,East,Miami DC,Enterprise,SKU-1001,Electronics,Noise-Canceling Headphones,1,202.4,94.45,0.15,172.04,77.59,Completed
ORD-500275,2026-01-08,Central,Dallas DC,Small Business,SKU-1007,Apparel,Performance Jacket,2,259.88,171.94,0,519.76,175.88,Completed
ORD-500276,2026-01-08,East,Miami DC,Enterprise,SKU-1004,Home,Air Purifier,1,39.43,23.74,0,39.43,15.69,Completed
ORD-500277,2026-01-08,West,Seattle DC,Consumer,SKU-1011,Beauty,Hair Dryer,1,35.1,16.43,0.15,29.84,13.41,Completed
ORD-500278,2026-01-08,West,Los Angeles DC,Small Business,SKU-1007,Apparel,Performance Jacket,1,259.88,171.94,0.05,246.89,74.95,Completed
ORD-500279,2026-01-08,East,Atlanta DC,Consumer,SKU-1007,Apparel,Performance Jacket,2,259.88,171.94,0.1,467.78,123.9,Completed
ORD-500280,2026-01-08,Central,Dallas DC,Enterprise,SKU-1003,Electronics,Portable Charger,1,132.63,59.06,0.15,112.74,53.68,Completed
ORD-500281,2026-01-08,East,Miami DC,Enterprise,SKU-1003,Electronics,Portable Charger,2,132.63,59.06,0,265.26,147.14,Completed
ORD-500282,2026-01-08,East,New Jersey DC,Small Business,SKU-1002,Electronics,Smart Home Hub,2,202.52,137.45,0.05,384.79,109.89,Completed
ORD-500283,2026-01-08,West,Los Angeles DC,Consumer,SKU-1004,Home,Air Purifier,1,39.43,23.74,0,39.43,15.69,Completed
ORD-500284,2026-01-08,West,Denver DC,Small Business,SKU-1009,Apparel,Travel Backpack,2,145.86,81.38,0,291.72,128.96,Completed
ORD-500285,2026-01-08,Central,Minneapolis DC,Consumer,SKU-1003,Electronics,Portable Charger,4,132.63,59.06,0.1,477.47,241.23,Completed
ORD-500286,2026-01-08,West,Los Angeles DC,Enterprise,SKU-1006,Home,Kitchen Organizer,1,100.06,51.21,0,100.06,48.85,Completed
ORD-500287,2026-01-08,Central,Minneapolis DC,Consumer,SKU-1004,Home,Air Purifier,3,39.43,23.74,0.15,100.55,29.33,Completed
ORD-500288,2026-01-08,West,Seattle DC,Enterprise,SKU-1001,Electronics,Noise-Canceling Headphones,1,202.4,94.45,0.15,172.04,77.59,Completed
ORD-500289,2026-01-08,Central,Minneapolis DC,Enterprise,SKU-1009,Apparel,Travel Backpack,1,145.86,81.38,0.15,123.98,42.6,Completed
ORD-500290,2026-01-08,East,Atlanta DC,Enterprise,SKU-1006,Home,Kitchen Organizer,2,100.06,51.21,0.15,170.1,67.68,Completed
ORD-500291,2026-01-08,West,Los Angeles DC,Small Business,SKU-1007,Apparel,Performance Jacket,1,259.88,171.94,0,259.88,87.94,Completed
ORD-500292,2026-01-08,West,Seattle DC,Small Business,SKU-1008,Apparel,Running Shoes,4,88.43,59.11,0,353.72,117.28,Completed
ORD-500293,2026-01-08,West,Seattle DC,Enterprise,SKU-1008,Apparel,Running Shoes,1,88.43,59.11,0.05,84.01,24.9,Completed
ORD-500294,2026-01-08,East,Miami DC,Consumer,SKU-1004,Home,Air Purifier,1,39.43,23.74,0.15,33.52,9.78,Completed
ORD-500295,2026-01-08,Central,Minneapolis DC,Consumer,SKU-1008,Apparel,Running Shoes,1,88.43,59.11,0.05,84.01,24.9,Completed
ORD-500296,2026-01-08,West,Denver DC,Small Business,SKU-1002,Electronics,Smart Home Hub,3,202.52,137.45,0.1,546.8,134.45,Completed
ORD-500297,2026-01-08,East,Miami DC,Small Business,SKU-1009,Apparel,Travel Backpack,1,145.86,81.38,0.15,123.98,42.6,Completed
ORD-500298,2026-01-08,Central,Dallas DC,Small Business,SKU-1003,Electronics,Portable Charger,2,132.63,59.06,0.1,238.73,120.61,Completed
ORD-500299,2026-01-08,West,Denver DC,Consumer,SKU-1002,Electronics,Smart Home Hub,1,202.52,137.45,0.1,182.27,44.82,Completed
ORD-500300,2026-01-09,West,Seattle DC,Enterprise,SKU-1006,Home,Kitchen Organizer,1,100.06,51.21,0.15,85.05,33.84,Completed
ORD-500301,2026-01-09,Central,Dallas DC,Enterprise,SKU-1009,Apparel,Travel Backpack,1,145.86,81.38,0,145.86,64.48,Completed
ORD-500302,2026-01-09,Central,Chicago DC,Enterprise,SKU-1004,Home,Air Purifier,1,39.43,23.74,0.1,35.49,11.75,Completed
ORD-500303,2026-01-09,Central,Minneapolis DC,Enterprise,SKU-1004,Home,Air Purifier,4,39.43,23.74,0,157.72,62.76,Completed
ORD-500304,2026-01-09,West,Los Angeles DC,Small Business,SKU-1011,Beauty,Hair Dryer,1,35.1,16.43,0,35.1,18.67,Completed
ORD-500305,2026-01-09,East,Miami DC,Consumer,SKU-1008,Apparel,Running Shoes,1,88.43,59.11,0.15,75.17,16.06,Completed
ORD-500306,2026-01-09,East,Miami DC,Consumer,SKU-1004,Home,Air Purifier,2,39.43,23.74,0.15,67.03,19.55,Completed
ORD-500307,2026-01-09,West,Seattle DC,Enterprise,SKU-1009,Apparel,Travel Backpack,1,145.86,81.38,0.15,123.98,42.6,Completed
ORD-500308,2026-01-09,East,Atlanta DC,Small Business,SKU-1002,Electronics,Smart Home Hub,2,202.52,137.45,0.05,384.79,109.89,Completed
ORD-500309,2026-01-09,West,Seattle DC,Enterprise,SKU-1008,Apparel,Running Shoes,2,88.43,59.11,0,176.86,58.64,Completed
ORD-500310,2026-01-09,West,Denver DC,Consumer,SKU-1010,Beauty,Skin Care Kit,1,212.38,144.24,0.1,191.14,46.9,Returned
ORD-500311,2026-01-09,Central,Minneapolis DC,Consumer,SKU-1004,Home,Air Purifier,3,39.43,23.74,0.15,100.55,29.33,Completed
ORD-500312,2026-01-09,East,Atlanta DC,Enterprise,SKU-1008,Apparel,Running Shoes,1,88.43,59.11,0,88.43,29.32,Completed
ORD-500313,2026-01-09,East,Atlanta DC,Consumer,SKU-1007,Apparel,Performance Jacket,1,259.88,171.94,0,259.88,87.94,Completed
ORD-500314,2026-01-10,Central,Dallas DC,Consumer,SKU-1003,Electronics,Portable Charger,1,132.63,59.06,0,132.63,73.57,Completed
ORD-500315,2026-01-10,Central,Dallas DC,Enterprise,SKU-1005,Home,Bedding Set,3,134.44,81.31,0.05,383.15,139.22,Completed
ORD-500316,2026-01-10,West,Los Angeles DC,Small Business,SKU-1006,Home,Kitchen Organizer,3,100.06,51.21,0.05,285.17,131.54,Completed
ORD-500317,2026-01-10,West,Los Angeles DC,Small Business,SKU-1010,Beauty,Skin Care Kit,1,212.38,144.24,0.15,180.52,36.28,Completed
ORD-500318,2026-01-10,Central,Dallas DC,Consumer,SKU-1012,Beauty,Fragrance Set,1,138.55,68.54,0,138.55,70.01,Completed
ORD-500319,2026-01-10,West,Los Angeles DC,Enterprise,SKU-1002,Electronics,Smart Home Hub,1,202.52,137.45,0.1,182.27,44.82,Completed
ORD-500320,2026-01-10,East,Atlanta DC,Consumer,SKU-1005,Home,Bedding Set,4,134.44,81.31,0,537.76,212.52,Completed
ORD-500321,2026-01-10,East,New Jersey DC,Small Business,SKU-1011,Beauty,Hair Dryer,1,35.1,16.43,0,35.1,18.67,Completed
ORD-500322,2026-01-10,East,New Jersey DC,Small Business,SKU-1011,Beauty,Hair Dryer,1,35.1,16.43,0.1,31.59,15.16,Completed
ORD-500323,2026-01-10,West,Los Angeles DC,Consumer,SKU-1011,Beauty,Hair Dryer,2,35.1,16.43,0.1,63.18,30.32,Completed
ORD-500324,2026-01-10,West,Denver DC,Small Business,SKU-1012,Beauty,Fragrance Set,1,138.55,68.54,0.1,124.7,56.16,Completed
ORD-500325,2026-01-10,West,Seattle DC,Small Business,SKU-1005,Home,Bedding Set,3,134.44,81.31,0.05,383.15,139.22,Completed
ORD-500326,2026-01-10,East,Atlanta DC,Small Business,SKU-1006,Home,Kitchen Organizer,1,100.06,51.21,0,100.06,48.85,Completed
ORD-500327,2026-01-10,West,Los Angeles DC,Enterprise,SKU-1003,Electronics,Portable Charger,2,132.63,59.06,0,265.26,147.14,Completed
ORD-500328,2026-01-10,Central,Chicago DC,Consumer,SKU-1012,Beauty,Fragrance Set,2,138.55,68.54,0.1,249.39,112.31,Completed
ORD-500329,2026-01-10,Central,Chicago DC,Small Business,SKU-1006,Home,Kitchen Organizer,1,100.06,51.21,0,100.06,48.85,Completed
ORD-500330,2026-01-10,East,Atlanta DC,Consumer,SKU-1007,Apparel,Performance Jacket,1,259.88,171.94,0,259.88,87.94,Completed
ORD-500331,2026-01-10,East,Atlanta DC,Enterprise,SKU-1010,Beauty,Skin Care Kit,2,212.38,144.24,0,424.76,136.28,Completed
ORD-500332,2026-01-10,East,Miami DC,Small Business,SKU-1002,Electronics,Smart Home Hub,1,202.52,137.45,0.05,192.39,54.94,Completed
ORD-500333,2026-01-10,West,Denver DC,Consumer,SKU-1008,Apparel,Running Shoes,2,88.43,59.11,0.05,168.02,49.8,Completed
ORD-500334,2026-01-10,West,Seattle DC,Consumer,SKU-1004,Home,Air Purifier,2,39.43,23.74,0,78.86,31.38,Completed
ORD-500335,2026-01-10,West,Los Angeles DC,Small Business,SKU-1001,Electronics,Noise-Canceling Headphones,1,202.4,94.45,0,202.4,107.95,Completed
ORD-500336,2026-01-10,East,Miami DC,Consumer,SKU-1005,Home,Bedding Set,1,134.44,81.31,0,134.44,53.13,Completed
ORD-500337,2026-01-10,East,New Jersey DC,Enterprise,SKU-1008,Apparel,Running Shoes,1,88.43,59.11,0,88.43,29.32,Completed
ORD-500338,2026-01-10,Central,Minneapolis DC,Enterprise,SKU-1003,Electronics,Portable Charger,3,132.63,59.06,0.1,358.1,180.92,Completed
ORD-500339,2026-01-10,Central,Minneapolis DC,Small Business,SKU-1003,Electronics,Portable Charger,1,132.63,59.06,0,132.63,73.57,Completed
ORD-500340,2026-01-10,Central,Chicago DC,Small Business,SKU-1003,Electronics,Portable Charger,4,132.63,59.06,0,530.52,294.28,Completed
ORD-500341,2026-01-10,West,Seattle DC,Consumer,SKU-1005,Home,Bedding Set,4,134.44,81.31,0,537.76,212.52,Completed
ORD-500342,2026-01-10,Central,Dallas DC,Enterprise,SKU-1012,Beauty,Fragrance Set,3,138.55,68.54,0,415.65,210.03,Completed
ORD-500343,2026-01-10,Central,Minneapolis DC,Consumer,SKU-1008,Apparel,Running Shoes,2,88.43,59.11,0.05,168.02,49.8,Completed
ORD-500344,2026-01-10,West,Denver DC,Enterprise,SKU-1010,Beauty,Skin Care Kit,1,212.38,144.24,0.15,180.52,36.28,Completed
ORD-500345,2026-01-11,East,Atlanta DC,Small Business,SKU-1001,Electronics,Noise-Canceling Headphones,1,202.4,94.45,0,202.4,107.95,Completed
ORD-500346,2026-01-11,West,Denver DC,Small Business,SKU-1008,Apparel,Running Shoes,2,88.43,59.11,0.1,159.17,40.95,Completed
ORD-500347,2026-01-11,Central,Dallas DC,Enterprise,SKU-1006,Home,Kitchen Organizer,1,100.06,51.21,0.05,95.06,43.85,Completed
ORD-500348,2026-01-11,East,Miami DC,Consumer,SKU-1003,Electronics,Portable Charger,2,132.63,59.06,0,265.26,147.14,Completed
ORD-500349,2026-01-11,East,New Jersey DC,Enterprise,SKU-1009,Apparel,Travel Backpack,1,145.86,81.38,0,145.86,64.48,Completed
ORD-500350,2026-01-11,Central,Minneapolis DC,Enterprise,SKU-1003,Electronics,Portable Charger,1,132.63,59.06,0,132.63,73.57,Completed
ORD-500351,2026-01-11,East,Miami DC,Consumer,SKU-1009,Apparel,Travel Backpack,1,145.86,81.38,0.1,131.27,49.89,Completed
ORD-500352,2026-01-11,West,Seattle DC,Consumer,SKU-1007,Apparel,Performance Jacket,2,259.88,171.94,0.15,441.8,97.92,Completed
ORD-500353,2026-01-11,West,Los Angeles DC,Consumer,SKU-1004,Home,Air Purifier,1,39.43,23.74,0.05,37.46,13.72,Completed
ORD-500354,2026-01-11,East,Miami DC,Small Business,SKU-1009,Apparel,Travel Backpack,2,145.86,81.38,0.1,262.55,99.79,Completed
ORD-500355,2026-01-11,East,Atlanta DC,Enterprise,SKU-1007,Apparel,Performance Jacket,1,259.88,171.94,0,259.88,87.94,Completed
ORD-500356,2026-01-11,Central,Dallas DC,Small Business,SKU-1003,Electronics,Portable Charger,2,132.63,59.06,0.1,238.73,120.61,Completed
ORD-500357,2026-01-11,West,Los Angeles DC,Small Business,SKU-1004,Home,Air Purifier,1,39.43,23.74,0,39.43,15.69,Returned
ORD-500358,2026-01-11,West,Seattle DC,Small Business,SKU-1003,Electronics,Portable Charger,1,132.63,59.06,0.15,112.74,53.68,Completed
ORD-500359,2026-01-11,East,New Jersey DC,Consumer,SKU-1010,Beauty,Skin Care Kit,1,212.38,144.24,0.1,191.14,46.9,Completed
ORD-500360,2026-01-11,Central,Minneapolis DC,Consumer,SKU-1006,Home,Kitchen Organizer,2,100.06,51.21,0,200.12,97.7,Completed
ORD-500361,2026-01-11,West,Seattle DC,Small Business,SKU-1006,Home,Kitchen Organizer,1,100.06,51.21,0,100.06,48.85,Completed
ORD-500362,2026-01-11,West,Seattle DC,Consumer,SKU-1008,Apparel,Running Shoes,3,88.43,59.11,0.15,225.5,48.17,Completed
ORD-500363,2026-01-11,East,Miami DC,Small Business,SKU-1009,Apparel,Travel Backpack,1,145.86,81.38,0,145.86,64.48,Completed
ORD-500364,2026-01-11,East,New Jersey DC,Small Business,SKU-1011,Beauty,Hair Dryer,1,35.1,16.43,0,35.1,18.67,Completed
ORD-500365,2026-01-11,East,Miami DC,Consumer,SKU-1001,Electronics,Noise-Canceling Headphones,4,202.4,94.45,0.05,769.12,391.32,Completed
ORD-500366,2026-01-11,West,Denver DC,Enterprise,SKU-1010,Beauty,Skin Care Kit,4,212.38,144.24,0.05,807.04,230.08,Returned
ORD-500367,2026-01-11,East,Miami DC,Consumer,SKU-1001,Electronics,Noise-Canceling Headphones,2,202.4,94.45,0,404.8,215.9,Completed
ORD-500368,2026-01-11,Central,Minneapolis DC,Small Business,SKU-1005,Home,Bedding Set,2,134.44,81.31,0.15,228.55,65.93,Completed
ORD-500369,2026-01-11,Central,Minneapolis DC,Enterprise,SKU-1001,Electronics,Noise-Canceling Headphones,1,202.4,94.45,0,202.4,107.95,Completed
ORD-500370,2026-01-11,West,Seattle DC,Enterprise,SKU-1004,Home,Air Purifier,2,39.43,23.74,0,78.86,31.38,Cancelled
ORD-500371,2026-01-11,West,Denver DC,Enterprise,SKU-1011,Beauty,Hair Dryer,2,35.1,16.43,0.05,66.69,33.83,Completed
ORD-500372,2026-01-11,East,Atlanta DC,Enterprise,SKU-1001,Electronics,Noise-Canceling Headphones,1,202.4,94.45,0.1,182.16,87.71,Completed
ORD-500373,2026-01-11,Central,Chicago DC,Consumer,SKU-1005,Home,Bedding Set,1,134.44,81.31,0,134.44,53.13,Completed
ORD-500374,2026-01-11,West,Seattle DC,Enterprise,SKU-1008,Apparel,Running Shoes,1,88.43,59.11,0.15,75.17,16.06,Completed
ORD-500375,2026-01-11,Central,Chicago DC,Enterprise,SKU-1012,Beauty,Fragrance Set,4,138.55,68.54,0.15,471.07,196.91,Completed
ORD-500376,2026-01-11,West,Los Angeles DC,Enterprise,SKU-1006,Home,Kitchen Organizer,2,100.06,51.21,0,200.12,97.7,Returned
ORD-500377,2026-01-11,Central,Chicago DC,Consumer,SKU-1003,Electronics,Portable Charger,2,132.63,59.06,0.05,252.0,133.88,Completed
ORD-500378,2026-01-11,Central,Minneapolis DC,Small Business,SKU-1008,Apparel,Running Shoes,1,88.43,59.11,0,88.43,29.32,Returned
ORD-500379,2026-01-11,Central,Dallas DC,Enterprise,SKU-1007,Apparel,Performance Jacket,1,259.88,171.94,0.15,220.9,48.96,Completed
ORD-500380,2026-01-11,West,Los Angeles DC,Consumer,SKU-1003,Electronics,Portable Charger,1,132.63,59.06,0,132.63,73.57,Completed
ORD-500381,2026-01-11,East,Miami DC,Consumer,SKU-1010,Beauty,Skin Care Kit,1,212.38,144.24,0.15,180.52,36.28,Completed
ORD-500382,2026-01-11,East,Miami DC,Small Business,SKU-1005,Home,Bedding Set,2,134.44,81.31,0.05,255.44,92.82,Completed
ORD-500383,2026-01-11,East,Miami DC,Small Business,SKU-1003,Electronics,Portable Charger,2,132.63,59.06,0.05,252.0,133.88,Completed
ORD-500384,2026-01-11,Central,Chicago DC,Small Business,SKU-1006,Home,Kitchen Organizer,1,100.06,51.21,0,100.06,48.85,Completed
ORD-500385,2026-01-11,West,Los Angeles DC,Small Business,SKU-1002,Electronics,Smart Home Hub,2,202.52,137.45,0.15,344.28,69.38,Completed
ORD-500386,2026-01-11,Central,Dallas DC,Consumer,SKU-1002,Electronics,Smart Home Hub,1,202.52,137.45,0,202.52,65.07,Completed
ORD-500387,2026-01-11,Central,Dallas DC,Consumer,SKU-1005,Home,Bedding Set,1,134.44,81.31,0,134.44,53.13,Completed
ORD-500388,2026-01-11,East,Atlanta DC,Small Business,SKU-1001,Electronics,Noise-Canceling Headphones,1,202.4,94.45,0.05,192.28,97.83,Completed
ORD-500389,2026-01-11,West,Denver DC,Consumer,SKU-1011,Beauty,Hair Dryer,1,35.1,16.43,0,35.1,18.67,Completed
ORD-500390,2026-01-11,West,Seattle DC,Consumer,SKU-1002,Electronics,Smart Home Hub,3,202.52,137.45,0.1,546.8,134.45,Completed
ORD-500391,2026-01-11,West,Denver DC,Small Business,SKU-1005,Home,Bedding Set,2,134.44,81.31,0.15,228.55,65.93,Completed
ORD-500392,2026-01-11,Central,Minneapolis DC,Consumer,SKU-1006,Home,Kitchen Organizer,3,100.06,51.21,0,300.18,146.55,Completed
ORD-500393,2026-01-11,East,Miami DC,Enterprise,SKU-1001,Electronics,Noise-Canceling Headphones,2,202.4,94.45,0.15,344.08,155.18,Completed
ORD-500394,2026-01-11,East,New Jersey DC,Consumer,SKU-1001,Electronics,Noise-Canceling Headphones,1,202.4,94.45,0.15,172.04,77.59,Completed
ORD-500395,2026-01-11,East,Atlanta DC,Small Business,SKU-1008,Apparel,Running Shoes,1,88.43,59.11,0.1,79.59,20.48,Completed
ORD-500396,2026-01-12,Central,Chicago DC,Enterprise,SKU-1003,Electronics,Portable Charger,1,132.63,59.06,0,132.63,73.57,Completed
ORD-500397,2026-01-12,Central,Dallas DC,Small Business,SKU-1010,Beauty,Skin Care Kit,4,212.38,144.24,0,849.52,272.56,Completed
ORD-500398,2026-01-12,East,New Jersey DC,Enterprise,SKU-1005,Home,Bedding Set,2,134.44,81.31,0,268.88,106.26,Completed
ORD-500399,2026-01-12,East,New Jersey DC,Enterprise,SKU-1002,Electronics,Smart Home Hub,1,202.52,137.45,0.15,172.14,34.69,Completed
ORD-500400,2026-01-12,East,Atlanta DC,Small Business,SKU-1006,Home,Kitchen Organizer,3,100.06,51.21,0.1,270.16,116.53,Completed
ORD-500401,2026-01-12,West,Denver DC,Enterprise,SKU-1009,Apparel,Travel Backpack,4,145.86,81.38,0,583.44,257.92,Completed
ORD-500402,2026-01-12,East,Miami DC,Enterprise,SKU-1003,Electronics,Portable Charger,3,132.63,59.06,0,397.89,220.71,Cancelled
ORD-500403,2026-01-12,East,Atlanta DC,Small Business,SKU-1008,Apparel,Running Shoes,3,88.43,59.11,0.15,225.5,48.17,Completed
ORD-500404,2026-01-12,Central,Chicago DC,Small Business,SKU-1008,Apparel,Running Shoes,2,88.43,59.11,0.05,168.02,49.8,Completed
ORD-500405,2026-01-12,East,New Jersey DC,Consumer,SKU-1007,Apparel,Performance Jacket,1,259.88,171.94,0,259.88,87.94,Completed
ORD-500406,2026-01-12,West,Denver DC,Consumer,SKU-1001,Electronics,Noise-Canceling Headphones,1,202.4,94.45,0,202.4,107.95,Completed
ORD-500407,2026-01-12,Central,Dallas DC,Enterprise,SKU-1010,Beauty,Skin Care Kit,1,212.38,144.24,0.15,180.52,36.28,Completed
ORD-500408,2026-01-12,West,Denver DC,Small Business,SKU-1002,Electronics,Smart Home Hub,2,202.52,137.45,0,405.04,130.14,Completed
ORD-500409,2026-01-12,East,Atlanta DC,Consumer,SKU-1009,Apparel,Travel Backpack,1,145.86,81.38,0,145.86,64.48,Completed
ORD-500410,2026-01-12,West,Seattle DC,Small Business,SKU-1008,Apparel,Running Shoes,1,88.43,59.11,0.15,75.17,16.06,Completed
ORD-500411,2026-01-12,West,Los Angeles DC,Consumer,SKU-1012,Beauty,Fragrance Set,3,138.55,68.54,0,415.65,210.03,Completed
ORD-500412,2026-01-12,East,New Jersey DC,Consumer,SKU-1001,Electronics,Noise-Canceling Headphones,1,202.4,94.45,0,202.4,107.95,Completed
ORD-500413,2026-01-12,East,Atlanta DC,Consumer,SKU-1011,Beauty,Hair Dryer,2,35.1,16.43,0,70.2,37.34,Completed
ORD-500414,2026-01-12,Central,Chicago DC,Consumer,SKU-1001,Electronics,Noise-Canceling Headphones,1,202.4,94.45,0,202.4,107.95,Completed
ORD-500415,2026-01-12,East,Atlanta DC,Enterprise,SKU-1011,Beauty,Hair Dryer,2,35.1,16.43,0,70.2,37.34,Completed
ORD-500416,2026-01-12,Central,Dallas DC,Enterprise,SKU-1008,Apparel,Running Shoes,1,88.43,59.11,0,88.43,29.32,Returned
ORD-500417,2026-01-12,West,Denver DC,Enterprise,SKU-1008,Apparel,Running Shoes,1,88.43,59.11,0,88.43,29.32,Completed
ORD-500418,2026-01-12,East,Atlanta DC,Consumer,SKU-1007,Apparel,Performance Jacket,1,259.88,171.94,0.15,220.9,48.96,Completed
ORD-500419,2026-01-12,Central,Dallas DC,Enterprise,SKU-1004,Home,Air Purifier,2,39.43,23.74,0,78.86,31.38,Completed
ORD-500420,2026-01-12,East,Miami DC,Consumer,SKU-1004,Home,Air Purifier,1,39.43,23.74,0,39.43,15.69,Completed
ORD-500421,2026-01-12,West,Denver DC,Consumer,SKU-1004,Home,Air Purifier,2,39.43,23.74,0,78.86,31.38,Returned
ORD-500422,2026-01-12,West,Los Angeles DC,Small Business,SKU-1010,Beauty,Skin Care Kit,1,212.38,144.24,0.05,201.76,57.52,Completed
ORD-500423,2026-01-12,Central,Chicago DC,Small Business,SKU-1007,Apparel,Performance Jacket,2,259.88,171.94,0,519.76,175.88,Completed
ORD-500424,2026-01-12,Central,Chicago DC,Small Business,SKU-1002,Electronics,Smart Home Hub,1,202.52,137.45,0,202.52,65.07,Completed
ORD-500425,2026-01-12,Central,Chicago DC,Small Business,SKU-1002,Electronics,Smart Home Hub,1,202.52,137.45,0.1,182.27,44.82,Completed
ORD-500426,2026-01-12,West,Seattle DC,Consumer,SKU-1010,Beauty,Skin Care Kit,1,212.38,144.24,0.1,191.14,46.9,Completed
ORD-500427,2026-01-12,Central,Dallas DC,Small Business,SKU-1010,Beauty,Skin Care Kit,1,212.38,144.24,0,212.38,68.14,Completed
ORD-500428,2026-01-12,Central,Minneapolis DC,Enterprise,SKU-1008,Apparel,Running Shoes,2,88.43,59.11,0.05,168.02,49.8,Completed
ORD-500429,2026-01-12,West,Los Angeles DC,Enterprise,SKU-1007,Apparel,Performance Jacket,2,259.88,171.94,0.05,493.77,149.89,Completed
ORD-500430,2026-01-12,Central,Dallas DC,Enterprise,SKU-1003,Electronics,Portable Charger,2,132.63,59.06,0.15,225.47,107.35,Completed
ORD-500431,2026-01-12,East,Atlanta DC,Enterprise,SKU-1002,Electronics,Smart Home Hub,1,202.52,137.45,0,202.52,65.07,Completed
ORD-500432,2026-01-12,West,Seattle DC,Small Business,SKU-1004,Home,Air Purifier,1,39.43,23.74,0.15,33.52,9.78,Completed
ORD-500433,2026-01-12,East,Atlanta DC,Consumer,SKU-1010,Beauty,Skin Care Kit,2,212.38,144.24,0.1,382.28,93.8,Completed
ORD-500434,2026-01-13,West,Denver DC,Small Business,SKU-1005,Home,Bedding Set,1,134.44,81.31,0.1,121.0,39.69,Completed
ORD-500435,2026-01-13,Central,Dallas DC,Enterprise,SKU-1005,Home,Bedding Set,2,134.44,81.31,0.05,255.44,92.82,Completed
ORD-500436,2026-01-13,West,Los Angeles DC,Small Business,SKU-1006,Home,Kitchen Organizer,1,100.06,51.21,0.05,95.06,43.85,Completed
ORD-500437,2026-01-13,West,Seattle DC,Consumer,SKU-1006,Home,Kitchen Organizer,1,100.06,51.21,0.15,85.05,33.84,Completed
ORD-500438,2026-01-13,West,Los Angeles DC,Consumer,SKU-1006,Home,Kitchen Organizer,1,100.06,51.21,0.05,95.06,43.85,Completed
ORD-500439,2026-01-13,Central,Chicago DC,Enterprise,SKU-1001,Electronics,Noise-Canceling Headphones,1,202.4,94.45,0,202.4,107.95,Completed
ORD-500440,2026-01-13,East,Atlanta DC,Enterprise,SKU-1009,Apparel,Travel Backpack,1,145.86,81.38,0,145.86,64.48,Completed
ORD-500441,2026-01-13,East,Atlanta DC,Small Business,SKU-1001,Electronics,Noise-Canceling Headphones,1,202.4,94.45,0.1,182.16,87.71,Returned
ORD-500442,2026-01-13,East,Atlanta DC,Enterprise,SKU-1010,Beauty,Skin Care Kit,1,212.38,144.24,0.15,180.52,36.28,Completed
ORD-500443,2026-01-13,Central,Chicago DC,Small Business,SKU-1001,Electronics,Noise-Canceling Headphones,1,202.4,94.45,0.1,182.16,87.71,Completed
ORD-500444,2026-01-13,East,Atlanta DC,Small Business,SKU-1005,Home,Bedding Set,2,134.44,81.31,0,268.88,106.26,Completed
ORD-500445,2026-01-13,West,Los Angeles DC,Enterprise,SKU-1012,Beauty,Fragrance Set,3,138.55,68.54,0,415.65,210.03,Completed
ORD-500446,2026-01-13,East,Atlanta DC,Enterprise,SKU-1012,Beauty,Fragrance Set,2,138.55,68.54,0.1,249.39,112.31,Completed
ORD-500447,2026-01-13,Central,Minneapolis DC,Small Business,SKU-1010,Beauty,Skin Care Kit,3,212.38,144.24,0.15,541.57,108.85,Completed
ORD-500448,2026-01-13,West,Seattle DC,Enterprise,SKU-1002,Electronics,Smart Home Hub,2,202.52,137.45,0,405.04,130.14,Completed
ORD-500449,2026-01-13,Central,Minneapolis DC,Small Business,SKU-1010,Beauty,Skin Care Kit,1,212.38,144.24,0,212.38,68.14,Returned
ORD-500450,2026-01-13,East,Atlanta DC,Enterprise,SKU-1003,Electronics,Portable Charger,1,132.63,59.06,0.05,126.0,66.94,Completed
ORD-500451,2026-01-13,West,Seattle DC,Enterprise,SKU-1001,Electronics,Noise-Canceling Headphones,1,202.4,94.45,0.1,182.16,87.71,Completed
ORD-500452,2026-01-13,Central,Minneapolis DC,Consumer,SKU-1006,Home,Kitchen Organizer,1,100.06,51.21,0,100.06,48.85,Completed
ORD-500453,2026-01-13,East,New Jersey DC,Small Business,SKU-1005,Home,Bedding Set,1,134.44,81.31,0.15,114.27,32.96,Completed
ORD-500454,2026-01-13,East,Atlanta DC,Small Business,SKU-1001,Electronics,Noise-Canceling Headphones,1,202.4,94.45,0,202.4,107.95,Completed
ORD-500455,2026-01-13,Central,Minneapolis DC,Enterprise,SKU-1002,Electronics,Smart Home Hub,1,202.52,137.45,0,202.52,65.07,Completed
ORD-500456,2026-01-13,West,Los Angeles DC,Consumer,SKU-1009,Apparel,Travel Backpack,1,145.86,81.38,0.1,131.27,49.89,Completed
ORD-500457,2026-01-13,East,Miami DC,Small Business,SKU-1010,Beauty,Skin Care Kit,1,212.38,144.24,0.05,201.76,57.52,Completed
ORD-500458,2026-01-13,East,Miami DC,Consumer,SKU-1011,Beauty,Hair Dryer,2,35.1,16.43,0,70.2,37.34,Completed
ORD-500459,2026-01-13,East,Atlanta DC,Enterprise,SKU-1011,Beauty,Hair Dryer,1,35.1,16.43,0,35.1,18.67,Completed
ORD-500460,2026-01-13,West,Los Angeles DC,Consumer,SKU-1009,Apparel,Travel Backpack,1,145.86,81.38,0,145.86,64.48,Completed
ORD-500461,2026-01-13,East,Miami DC,Enterprise,SKU-1009,Apparel,Travel Backpack,1,145.86,81.38,0.15,123.98,42.6,Completed
ORD-500462,2026-01-13,Central,Chicago DC,Small Business,SKU-1007,Apparel,Performance Jacket,1,259.88,171.94,0.1,233.89,61.95,Completed
ORD-500463,2026-01-13,Central,Minneapolis DC,Enterprise,SKU-1002,Electronics,Smart Home Hub,1,202.52,137.45,0.15,172.14,34.69,Completed
ORD-500464,2026-01-13,East,Miami DC,Small Business,SKU-1004,Home,Air Purifier,1,39.43,23.74,0.05,37.46,13.72,Cancelled
ORD-500465,2026-01-13,Central,Chicago DC,Enterprise,SKU-1009,Apparel,Travel Backpack,1,145.86,81.38,0,145.86,64.48,Completed
ORD-500466,2026-01-13,East,Miami DC,Consumer,SKU-1002,Electronics,Smart Home Hub,1,202.52,137.45,0.1,182.27,44.82,Completed
ORD-500467,2026-01-13,West,Denver DC,Enterprise,SKU-1004,Home,Air Purifier,1,39.43,23.74,0,39.43,15.69,Completed
ORD-500468,2026-01-13,Central,Chicago DC,Consumer,SKU-1005,Home,Bedding Set,2,134.44,81.31,0,268.88,106.26,Completed
ORD-500469,2026-01-13,Central,Minneapolis DC,Small Business,SKU-1011,Beauty,Hair Dryer,3,35.1,16.43,0,105.3,56.01,Completed
ORD-500470,2026-01-13,Central,Dallas DC,Small Business,SKU-1008,Apparel,Running Shoes,2,88.43,59.11,0.15,150.33,32.11,Completed
ORD-500471,2026-01-13,Central,Chicago DC,Enterprise,SKU-1008,Apparel,Running Shoes,1,88.43,59.11,0.05,84.01,24.9,Completed
ORD-500472,2026-01-13,East,New Jersey DC,Consumer,SKU-1006,Home,Kitchen Organizer,1,100.06,51.21,0,100.06,48.85,Completed
ORD-500473,2026-01-13,West,Los Angeles DC,Consumer,SKU-1010,Beauty,Skin Care Kit,1,212.38,144.24,0,212.38,68.14,Completed
ORD-500474,2026-01-13,Central,Minneapolis DC,Small Business,SKU-1001,Electronics,Noise-Canceling Headphones,2,202.4,94.45,0,404.8,215.9,Completed
ORD-500475,2026-01-13,East,Miami DC,Small Business,SKU-1008,Apparel,Running Shoes,3,88.43,59.11,0.1,238.76,61.43,Completed
ORD-500476,2026-01-13,West,Los Angeles DC,Small Business,SKU-1002,Electronics,Smart Home Hub,1,202.52,137.45,0,202.52,65.07,Completed
ORD-500477,2026-01-13,East,New Jersey DC,Small Business,SKU-1011,Beauty,Hair Dryer,3,35.1,16.43,0,105.3,56.01,Completed
ORD-500478,2026-01-13,Central,Chicago DC,Small Business,SKU-1002,Electronics,Smart Home Hub,1,202.52,137.45,0,202.52,65.07,Completed
ORD-500479,2026-01-13,East,Atlanta DC,Consumer,SKU-1007,Apparel,Performance Jacket,1,259.88,171.94,0.05,246.89,74.95,Completed
ORD-500480,2026-01-14,West,Denver DC,Enterprise,SKU-1007,Apparel,Performance Jacket,2,259.88,171.94,0.1,467.78,123.9,Completed
ORD-500481,2026-01-14,East,Miami DC,Enterprise,SKU-1007,Apparel,Performance Jacket,2,259.88,171.94,0.1,467.78,123.9,Completed
ORD-500482,2026-01-14,East,New Jersey DC,Small Business,SKU-1008,Apparel,Running Shoes,1,88.43,59.11,0.1,79.59,20.48,Completed
ORD-500483,2026-01-14,West,Denver DC,Small Business,SKU-1012,Beauty,Fragrance Set,4,138.55,68.54,0,554.2,280.04,Completed
ORD-500484,2026-01-14,Central,Minneapolis DC,Enterprise,SKU-1002,Electronics,Smart Home Hub,1,202.52,137.45,0.1,182.27,44.82,Completed
ORD-500485,2026-01-14,East,New Jersey DC,Consumer,SKU-1001,Electronics,Noise-Canceling Headphones,1,202.4,94.45,0.05,192.28,97.83,Completed
ORD-500486,2026-01-14,West,Denver DC,Small Business,SKU-1011,Beauty,Hair Dryer,1,35.1,16.43,0,35.1,18.67,Completed
ORD-500487,2026-01-14,East,New Jersey DC,Small Business,SKU-1012,Beauty,Fragrance Set,1,138.55,68.54,0.1,124.7,56.16,Completed
ORD-500488,2026-01-14,East,New Jersey DC,Consumer,SKU-1008,Apparel,Running Shoes,2,88.43,59.11,0.15,150.33,32.11,Completed
ORD-500489,2026-01-14,East,Atlanta DC,Consumer,SKU-1005,Home,Bedding Set,3,134.44,81.31,0.15,342.82,98.89,Completed
ORD-500490,2026-01-14,Central,Minneapolis DC,Consumer,SKU-1007,Apparel,Performance Jacket,2,259.88,171.94,0.15,441.8,97.92,Completed
ORD-500491,2026-01-14,Central,Chicago DC,Consumer,SKU-1005,Home,Bedding Set,1,134.44,81.31,0.15,114.27,32.96,Completed
ORD-500492,2026-01-14,West,Denver DC,Consumer,SKU-1009,Apparel,Travel Backpack,1,145.86,81.38,0.15,123.98,42.6,Completed
ORD-500493,2026-01-14,Central,Minneapolis DC,Consumer,SKU-1006,Home,Kitchen Organizer,3,100.06,51.21,0,300.18,146.55,Completed
ORD-500494,2026-01-14,Central,Chicago DC,Enterprise,SKU-1008,Apparel,Running Shoes,1,88.43,59.11,0.15,75.17,16.06,Completed
ORD-500495,2026-01-14,Central,Minneapolis DC,Consumer,SKU-1004,Home,Air Purifier,2,39.43,23.74,0,78.86,31.38,Completed
ORD-500496,2026-01-14,East,Miami DC,Small Business,SKU-1012,Beauty,Fragrance Set,3,138.55,68.54,0,415.65,210.03,Completed
ORD-500497,2026-01-14,Central,Minneapolis DC,Small Business,SKU-1009,Apparel,Travel Backpack,4,145.86,81.38,0.15,495.92,170.4,Completed
ORD-500498,2026-01-14,East,New Jersey DC,Small Business,SKU-1008,Apparel,Running Shoes,1,88.43,59.11,0,88.43,29.32,Completed
ORD-500499,2026-01-14,West,Los Angeles DC,Enterprise,SKU-1009,Apparel,Travel Backpack,1,145.86,81.38,0.05,138.57,57.19,Completed
ORD-500500,2026-01-14,West,Denver DC,Small Business,SKU-1001,Electronics,Noise-Canceling Headphones,1,202.4,94.45,0,202.4,107.95,Completed
ORD-500501,2026-01-14,East,New Jersey DC,Enterprise,SKU-1012,Beauty,Fragrance Set,4,138.55,68.54,0.1,498.78,224.62,Completed
ORD-500502,2026-01-14,West,Denver DC,Enterprise,SKU-1011,Beauty,Hair Dryer,2,35.1,16.43,0,70.2,37.34,Completed
ORD-500503,2026-01-14,East,Miami DC,Small Business,SKU-1007,Apparel,Performance Jacket,3,259.88,171.94,0,779.64,263.82,Completed
ORD-500504,2026-01-14,East,New Jersey DC,Small Business,SKU-1001,Electronics,Noise-Canceling Headphones,1,202.4,94.45,0,202.4,107.95,Returned
ORD-500505,2026-01-14,Central,Chicago DC,Consumer,SKU-1004,Home,Air Purifier,2,39.43,23.74,0.15,67.03,19.55,Completed
ORD-500506,2026-01-14,Central,Dallas DC,Consumer,SKU-1003,Electronics,Portable Charger,4,132.63,59.06,0,530.52,294.28,Completed
ORD-500507,2026-01-14,East,Miami DC,Small Business,SKU-1001,Electronics,Noise-Canceling Headphones,1,202.4,94.45,0,202.4,107.95,Completed
ORD-500508,2026-01-15,West,Seattle DC,Consumer,SKU-1005,Home,Bedding Set,1,134.44,81.31,0.15,114.27,32.96,Returned
ORD-500509,2026-01-15,East,Miami DC,Consumer,SKU-1002,Electronics,Smart Home Hub,1,202.52,137.45,0.15,172.14,34.69,Completed
ORD-500510,2026-01-15,West,Denver DC,Enterprise,SKU-1010,Beauty,Skin Care Kit,1,212.38,144.24,0,212.38,68.14,Returned
ORD-500511,2026-01-15,Central,Chicago DC,Enterprise,SKU-1002,Electronics,Smart Home Hub,1,202.52,137.45,0.15,172.14,34.69,Completed
ORD-500512,2026-01-15,East,Atlanta DC,Enterprise,SKU-1007,Apparel,Performance Jacket,2,259.88,171.94,0.1,467.78,123.9,Completed
ORD-500513,2026-01-15,West,Los Angeles DC,Small Business,SKU-1009,Apparel,Travel Backpack,2,145.86,81.38,0.15,247.96,85.2,Completed
ORD-500514,2026-01-15,Central,Chicago DC,Enterprise,SKU-1011,Beauty,Hair Dryer,1,35.1,16.43,0,35.1,18.67,Completed
ORD-500515,2026-01-15,West,Seattle DC,Enterprise,SKU-1001,Electronics,Noise-Canceling Headphones,2,202.4,94.45,0.05,384.56,195.66,Completed
ORD-500516,2026-01-15,East,Miami DC,Consumer,SKU-1010,Beauty,Skin Care Kit,4,212.38,144.24,0,849.52,272.56,Completed
ORD-500517,2026-01-15,West,Denver DC,Consumer,SKU-1011,Beauty,Hair Dryer,2,35.1,16.43,0.05,66.69,33.83,Completed
ORD-500518,2026-01-15,East,New Jersey DC,Small Business,SKU-1002,Electronics,Smart Home Hub,1,202.52,137.45,0,202.52,65.07,Returned
ORD-500519,2026-01-15,Central,Chicago DC,Consumer,SKU-1009,Apparel,Travel Backpack,1,145.86,81.38,0.15,123.98,42.6,Completed
ORD-500520,2026-01-15,East,Miami DC,Consumer,SKU-1004,Home,Air Purifier,1,39.43,23.74,0.1,35.49,11.75,Completed
ORD-500521,2026-01-15,East,Miami DC,Small Business,SKU-1011,Beauty,Hair Dryer,1,35.1,16.43,0.1,31.59,15.16,Completed
ORD-500522,2026-01-15,West,Seattle DC,Small Business,SKU-1010,Beauty,Skin Care Kit,4,212.38,144.24,0,849.52,272.56,Cancelled
ORD-500523,2026-01-15,East,Atlanta DC,Consumer,SKU-1011,Beauty,Hair Dryer,4,35.1,16.43,0.05,133.38,67.66,Returned
ORD-500524,2026-01-15,East,Miami DC,Consumer,SKU-1001,Electronics,Noise-Canceling Headphones,2,202.4,94.45,0.15,344.08,155.18,Completed
ORD-500525,2026-01-15,West,Denver DC,Small Business,SKU-1010,Beauty,Skin Care Kit,2,212.38,144.24,0.1,382.28,93.8,Completed
ORD-500526,2026-01-15,Central,Chicago DC,Consumer,SKU-1010,Beauty,Skin Care Kit,2,212.38,144.24,0.1,382.28,93.8,Completed
ORD-500527,2026-01-15,Central,Minneapolis DC,Small Business,SKU-1005,Home,Bedding Set,3,134.44,81.31,0,403.32,159.39,Completed
ORD-500528,2026-01-15,West,Los Angeles DC,Consumer,SKU-1010,Beauty,Skin Care Kit,1,212.38,144.24,0.05,201.76,57.52,Completed
ORD-500529,2026-01-15,East,Miami DC,Small Business,SKU-1009,Apparel,Travel Backpack,2,145.86,81.38,0.05,277.13,114.37,Completed
ORD-500530,2026-01-15,Central,Chicago DC,Enterprise,SKU-1005,Home,Bedding Set,1,134.44,81.31,0.05,127.72,46.41,Completed
ORD-500531,2026-01-15,East,New Jersey DC,Enterprise,SKU-1005,Home,Bedding Set,1,134.44,81.31,0.05,127.72,46.41,Completed
ORD-500532,2026-01-15,West,Denver DC,Consumer,SKU-1005,Home,Bedding Set,1,134.44,81.31,0,134.44,53.13,Completed
ORD-500533,2026-01-15,East,Miami DC,Enterprise,SKU-1009,Apparel,Travel Backpack,1,145.86,81.38,0.1,131.27,49.89,Completed
ORD-500534,2026-01-15,West,Los Angeles DC,Consumer,SKU-1008,Apparel,Running Shoes,1,88.43,59.11,0.1,79.59,20.48,Completed
ORD-500535,2026-01-15,Central,Chicago DC,Small Business,SKU-1009,Apparel,Travel Backpack,2,145.86,81.38,0,291.72,128.96,Returned
ORD-500536,2026-01-15,East,Miami DC,Consumer,SKU-1012,Beauty,Fragrance Set,2,138.55,68.54,0,277.1,140.02,Completed
ORD-500537,2026-01-15,East,New Jersey DC,Consumer,SKU-1005,Home,Bedding Set,4,134.44,81.31,0,537.76,212.52,Completed
ORD-500538,2026-01-15,East,New Jersey DC,Small Business,SKU-1005,Home,Bedding Set,4,134.44,81.31,0.15,457.1,131.86,Completed
ORD-500539,2026-01-15,West,Denver DC,Small Business,SKU-1011,Beauty,Hair Dryer,2,35.1,16.43,0,70.2,37.34,Completed
ORD-500540,2026-01-15,East,Miami DC,Enterprise,SKU-1008,Apparel,Running Shoes,2,88.43,59.11,0,176.86,58.64,Completed
ORD-500541,2026-01-15,West,Denver DC,Enterprise,SKU-1005,Home,Bedding Set,1,134.44,81.31,0,134.44,53.13,Completed
ORD-500542,2026-01-15,West,Seattle DC,Small Business,SKU-1007,Apparel,Performance Jacket,3,259.88,171.94,0.05,740.66,224.84,Completed
ORD-500543,2026-01-15,Central,Minneapolis DC,Small Business,SKU-1011,Beauty,Hair Dryer,2,35.1,16.43,0.15,59.67,26.81,Completed
ORD-500544,2026-01-15,East,New Jersey DC,Consumer,SKU-1006,Home,Kitchen Organizer,1,100.06,51.21,0,100.06,48.85,Completed
ORD-500545,2026-01-15,West,Seattle DC,Enterprise,SKU-1012,Beauty,Fragrance Set,4,138.55,68.54,0,554.2,280.04,Completed
ORD-500546,2026-01-15,East,Atlanta DC,Enterprise,SKU-1004,Home,Air Purifier,2,39.43,23.74,0.05,74.92,27.44,Completed
ORD-500547,2026-01-15,East,New Jersey DC,Enterprise,SKU-1006,Home,Kitchen Organizer,4,100.06,51.21,0,400.24,195.4,Completed
ORD-500548,2026-01-15,Central,Dallas DC,Consumer,SKU-1006,Home,Kitchen Organizer,1,100.06,51.21,0,100.06,48.85,Completed
ORD-500549,2026-01-16,Central,Dallas DC,Enterprise,SKU-1007,Apparel,Performance Jacket,1,259.88,171.94,0,259.88,87.94,Completed
ORD-500550,2026-01-16,Central,Dallas DC,Consumer,SKU-1010,Beauty,Skin Care Kit,1,212.38,144.24,0,212.38,68.14,Completed
ORD-500551,2026-01-16,West,Denver DC,Consumer,SKU-1001,Electronics,Noise-Canceling Headphones,1,202.4,94.45,0,202.4,107.95,Completed
ORD-500552,2026-01-16,West,Los Angeles DC,Consumer,SKU-1011,Beauty,Hair Dryer,2,35.1,16.43,0,70.2,37.34,Completed
ORD-500553,2026-01-16,West,Denver DC,Consumer,SKU-1009,Apparel,Travel Backpack,1,145.86,81.38,0.1,131.27,49.89,Returned
ORD-500554,2026-01-16,Central,Dallas DC,Enterprise,SKU-1002,Electronics,Smart Home Hub,2,202.52,137.45,0.1,364.54,89.64,Completed
ORD-500555,2026-01-16,East,Atlanta DC,Enterprise,SKU-1005,Home,Bedding Set,1,134.44,81.31,0,134.44,53.13,Completed
ORD-500556,2026-01-16,West,Denver DC,Enterprise,SKU-1011,Beauty,Hair Dryer,1,35.1,16.43,0.15,29.84,13.41,Completed
ORD-500557,2026-01-16,Central,Minneapolis DC,Small Business,SKU-1004,Home,Air Purifier,1,39.43,23.74,0.05,37.46,13.72,Completed
ORD-500558,2026-01-16,West,Los Angeles DC,Consumer,SKU-1001,Electronics,Noise-Canceling Headphones,1,202.4,94.45,0,202.4,107.95,Completed
ORD-500559,2026-01-16,West,Los Angeles DC,Small Business,SKU-1005,Home,Bedding Set,2,134.44,81.31,0.1,241.99,79.37,Completed
ORD-500560,2026-01-16,Central,Dallas DC,Consumer,SKU-1007,Apparel,Performance Jacket,3,259.88,171.94,0,779.64,263.82,Completed
ORD-500561,2026-01-16,East,New Jersey DC,Small Business,SKU-1008,Apparel,Running Shoes,1,88.43,59.11,0.05,84.01,24.9,Completed
ORD-500562,2026-01-16,West,Denver DC,Enterprise,SKU-1004,Home,Air Purifier,1,39.43,23.74,0.15,33.52,9.78,Completed
ORD-500563,2026-01-16,East,New Jersey DC,Consumer,SKU-1008,Apparel,Running Shoes,1,88.43,59.11,0,88.43,29.32,Completed
ORD-500564,2026-01-16,West,Denver DC,Enterprise,SKU-1006,Home,Kitchen Organizer,4,100.06,51.21,0.15,340.2,135.36,Completed
ORD-500565,2026-01-16,West,Seattle DC,Small Business,SKU-1004,Home,Air Purifier,1,39.43,23.74,0.05,37.46,13.72,Completed
ORD-500566,2026-01-16,Central,Dallas DC,Small Business,SKU-1006,Home,Kitchen Organizer,1,100.06,51.21,0.05,95.06,43.85,Completed
ORD-500567,2026-01-16,Central,Chicago DC,Enterprise,SKU-1003,Electronics,Portable Charger,2,132.63,59.06,0,265.26,147.14,Completed
ORD-500568,2026-01-16,West,Denver DC,Small Business,SKU-1011,Beauty,Hair Dryer,1,35.1,16.43,0.1,31.59,15.16,Completed
ORD-500569,2026-01-16,West,Seattle DC,Small Business,SKU-1006,Home,Kitchen Organizer,1,100.06,51.21,0.05,95.06,43.85,Completed
ORD-500570,2026-01-16,Central,Dallas DC,Consumer,SKU-1005,Home,Bedding Set,1,134.44,81.31,0.15,114.27,32.96,Completed
ORD-500571,2026-01-16,Central,Minneapolis DC,Enterprise,SKU-1007,Apparel,Performance Jacket,1,259.88,171.94,0,259.88,87.94,Completed
ORD-500572,2026-01-16,Central,Chicago DC,Consumer,SKU-1010,Beauty,Skin Care Kit,1,212.38,144.24,0,212.38,68.14,Completed
ORD-500573,2026-01-16,East,New Jersey DC,Enterprise,SKU-1004,Home,Air Purifier,3,39.43,23.74,0,118.29,47.07,Completed
ORD-500574,2026-01-16,West,Los Angeles DC,Enterprise,SKU-1005,Home,Bedding Set,3,134.44,81.31,0.1,362.99,119.06,Completed
ORD-500575,2026-01-16,West,Seattle DC,Consumer,SKU-1003,Electronics,Portable Charger,1,132.63,59.06,0.1,119.37,60.31,Completed
ORD-500576,2026-01-16,East,Miami DC,Enterprise,SKU-1006,Home,Kitchen Organizer,1,100.06,51.21,0,100.06,48.85,Completed
ORD-500577,2026-01-16,Central,Minneapolis DC,Consumer,SKU-1008,Apparel,Running Shoes,4,88.43,59.11,0.1,318.35,81.91,Completed
ORD-500578,2026-01-16,Central,Minneapolis DC,Consumer,SKU-1007,Apparel,Performance Jacket,2,259.88,171.94,0,519.76,175.88,Completed
ORD-500579,2026-01-17,Central,Minneapolis DC,Small Business,SKU-1004,Home,Air Purifier,1,39.43,23.74,0.05,37.46,13.72,Completed
ORD-500580,2026-01-17,Central,Minneapolis DC,Enterprise,SKU-1007,Apparel,Performance Jacket,2,259.88,171.94,0,519.76,175.88,Completed
ORD-500581,2026-01-17,Central,Minneapolis DC,Small Business,SKU-1004,Home,Air Purifier,2,39.43,23.74,0,78.86,31.38,Completed
ORD-500582,2026-01-17,West,Denver DC,Enterprise,SKU-1009,Apparel,Travel Backpack,2,145.86,81.38,0.05,277.13,114.37,Completed
ORD-500583,2026-01-17,East,New Jersey DC,Consumer,SKU-1003,Electronics,Portable Charger,1,132.63,59.06,0.05,126.0,66.94,Completed
ORD-500584,2026-01-17,Central,Chicago DC,Enterprise,SKU-1012,Beauty,Fragrance Set,1,138.55,68.54,0,138.55,70.01,Returned
ORD-500585,2026-01-17,West,Seattle DC,Consumer,SKU-1007,Apparel,Performance Jacket,1,259.88,171.94,0.05,246.89,74.95,Completed
ORD-500586,2026-01-17,East,New Jersey DC,Consumer,SKU-1007,Apparel,Performance Jacket,1,259.88,171.94,0.1,233.89,61.95,Completed
ORD-500587,2026-01-17,East,Miami DC,Enterprise,SKU-1009,Apparel,Travel Backpack,4,145.86,81.38,0.15,495.92,170.4,Completed
ORD-500588,2026-01-17,Central,Dallas DC,Small Business,SKU-1012,Beauty,Fragrance Set,1,138.55,68.54,0.1,124.7,56.16,Completed
ORD-500589,2026-01-17,West,Los Angeles DC,Small Business,SKU-1011,Beauty,Hair Dryer,3,35.1,16.43,0,105.3,56.01,Completed
ORD-500590,2026-01-17,Central,Dallas DC,Small Business,SKU-1012,Beauty,Fragrance Set,1,138.55,68.54,0,138.55,70.01,Completed
ORD-500591,2026-01-17,West,Seattle DC,Enterprise,SKU-1003,Electronics,Portable Charger,1,132.63,59.06,0,132.63,73.57,Completed
ORD-500592,2026-01-17,Central,Minneapolis DC,Small Business,SKU-1007,Apparel,Performance Jacket,3,259.88,171.94,0.15,662.69,146.87,Completed
ORD-500593,2026-01-17,West,Denver DC,Consumer,SKU-1010,Beauty,Skin Care Kit,1,212.38,144.24,0,212.38,68.14,Completed
ORD-500594,2026-01-17,West,Los Angeles DC,Consumer,SKU-1006,Home,Kitchen Organizer,1,100.06,51.21,0,100.06,48.85,Completed
ORD-500595,2026-01-17,East,Miami DC,Consumer,SKU-1009,Apparel,Travel Backpack,1,145.86,81.38,0.15,123.98,42.6,Completed
ORD-500596,2026-01-17,East,Atlanta DC,Consumer,SKU-1006,Home,Kitchen Organizer,3,100.06,51.21,0,300.18,146.55,Cancelled
ORD-500597,2026-01-17,Central,Minneapolis DC,Consumer,SKU-1010,Beauty,Skin Care Kit,2,212.38,144.24,0.1,382.28,93.8,Completed
ORD-500598,2026-01-17,East,New Jersey DC,Small Business,SKU-1012,Beauty,Fragrance Set,2,138.55,68.54,0.05,263.25,126.16,Completed
ORD-500599,2026-01-17,East,New Jersey DC,Consumer,SKU-1002,Electronics,Smart Home Hub,1,202.52,137.45,0.05,192.39,54.94,Returned
ORD-500600,2026-01-17,East,Miami DC,Small Business,SKU-1012,Beauty,Fragrance Set,1,138.55,68.54,0,138.55,70.01,Completed
ORD-500601,2026-01-17,West,Denver DC,Consumer,SKU-1004,Home,Air Purifier,1,39.43,23.74,0.1,35.49,11.75,Completed
ORD-500602,2026-01-17,East,Miami DC,Consumer,SKU-1003,Electronics,Portable Charger,1,132.63,59.06,0.15,112.74,53.68,Completed
ORD-500603,2026-01-17,East,New Jersey DC,Consumer,SKU-1007,Apparel,Performance Jacket,2,259.88,171.94,0.05,493.77,149.89,Completed
ORD-500604,2026-01-17,East,Miami DC,Consumer,SKU-1006,Home,Kitchen Organizer,1,100.06,51.21,0.15,85.05,33.84,Completed
ORD-500605,2026-01-17,West,Seattle DC,Enterprise,SKU-1005,Home,Bedding Set,2,134.44,81.31,0.15,228.55,65.93,Completed
ORD-500606,2026-01-17,East,Atlanta DC,Small Business,SKU-1003,Electronics,Portable Charger,1,132.63,59.06,0.1,119.37,60.31,Completed
ORD-500607,2026-01-17,West,Denver DC,Small Business,SKU-1009,Apparel,Travel Backpack,1,145.86,81.38,0.15,123.98,42.6,Completed
ORD-500608,2026-01-18,Central,Chicago DC,Small Business,SKU-1003,Electronics,Portable Charger,1,132.63,59.06,0,132.63,73.57,Completed
ORD-500609,2026-01-18,Central,Dallas DC,Small Business,SKU-1008,Apparel,Running Shoes,1,88.43,59.11,0,88.43,29.32,Completed
ORD-500610,2026-01-18,East,Miami DC,Small Business,SKU-1006,Home,Kitchen Organizer,1,100.06,51.21,0,100.06,48.85,Completed
ORD-500611,2026-01-18,Central,Dallas DC,Consumer,SKU-1009,Apparel,Travel Backpack,1,145.86,81.38,0.05,138.57,57.19,Completed
ORD-500612,2026-01-18,West,Denver DC,Consumer,SKU-1004,Home,Air Purifier,3,39.43,23.74,0.15,100.55,29.33,Completed
ORD-500613,2026-01-18,Central,Minneapolis DC,Small Business,SKU-1007,Apparel,Performance Jacket,2,259.88,171.94,0.15,441.8,97.92,Completed
ORD-500614,2026-01-18,Central,Chicago DC,Consumer,SKU-1006,Home,Kitchen Organizer,1,100.06,51.21,0.1,90.05,38.84,Completed
ORD-500615,2026-01-18,Central,Chicago DC,Enterprise,SKU-1009,Apparel,Travel Backpack,2,145.86,81.38,0.1,262.55,99.79,Completed
ORD-500616,2026-01-18,West,Denver DC,Small Business,SKU-1002,Electronics,Smart Home Hub,1,202.52,137.45,0,202.52,65.07,Returned
ORD-500617,2026-01-18,West,Seattle DC,Enterprise,SKU-1010,Beauty,Skin Care Kit,1,212.38,144.24,0.1,191.14,46.9,Completed
ORD-500618,2026-01-18,East,New Jersey DC,Enterprise,SKU-1011,Beauty,Hair Dryer,1,35.1,16.43,0,35.1,18.67,Completed
ORD-500619,2026-01-18,West,Seattle DC,Small Business,SKU-1010,Beauty,Skin Care Kit,1,212.38,144.24,0,212.38,68.14,Completed
ORD-500620,2026-01-18,East,Atlanta DC,Small Business,SKU-1010,Beauty,Skin Care Kit,1,212.38,144.24,0.05,201.76,57.52,Completed
ORD-500621,2026-01-18,East,Atlanta DC,Small Business,SKU-1002,Electronics,Smart Home Hub,1,202.52,137.45,0.1,182.27,44.82,Completed
ORD-500622,2026-01-18,East,Atlanta DC,Consumer,SKU-1007,Apparel,Performance Jacket,1,259.88,171.94,0.1,233.89,61.95,Returned
ORD-500623,2026-01-18,Central,Minneapolis DC,Small Business,SKU-1001,Electronics,Noise-Canceling Headphones,2,202.4,94.45,0.15,344.08,155.18,Completed
ORD-500624,2026-01-18,Central,Minneapolis DC,Consumer,SKU-1009,Apparel,Travel Backpack,2,145.86,81.38,0,291.72,128.96,Completed
ORD-500625,2026-01-18,Central,Minneapolis DC,Consumer,SKU-1001,Electronics,Noise-Canceling Headphones,2,202.4,94.45,0,404.8,215.9,Completed
ORD-500626,2026-01-18,Central,Chicago DC,Small Business,SKU-1008,Apparel,Running Shoes,1,88.43,59.11,0.15,75.17,16.06,Cancelled
ORD-500627,2026-01-18,Central,Dallas DC,Small Business,SKU-1005,Home,Bedding Set,2,134.44,81.31,0,268.88,106.26,Completed
ORD-500628,2026-01-18,East,Miami DC,Consumer,SKU-1005,Home,Bedding Set,2,134.44,81.31,0.15,228.55,65.93,Completed
ORD-500629,2026-01-18,West,Los Angeles DC,Small Business,SKU-1010,Beauty,Skin Care Kit,1,212.38,144.24,0.15,180.52,36.28,Completed
ORD-500630,2026-01-18,Central,Minneapolis DC,Consumer,SKU-1004,Home,Air Purifier,1,39.43,23.74,0,39.43,15.69,Completed
ORD-500631,2026-01-18,West,Seattle DC,Small Business,SKU-1001,Electronics,Noise-Canceling Headphones,1,202.4,94.45,0,202.4,107.95,Completed
ORD-500632,2026-01-18,West,Seattle DC,Enterprise,SKU-1002,Electronics,Smart Home Hub,1,202.52,137.45,0,202.52,65.07,Completed
ORD-500633,2026-01-18,Central,Chicago DC,Enterprise,SKU-1009,Apparel,Travel Backpack,1,145.86,81.38,0.1,131.27,49.89,Completed
ORD-500634,2026-01-18,Central,Dallas DC,Enterprise,SKU-1011,Beauty,Hair Dryer,1,35.1,16.43,0,35.1,18.67,Completed
ORD-500635,2026-01-18,East,Miami DC,Small Business,SKU-1012,Beauty,Fragrance Set,2,138.55,68.54,0.05,263.25,126.16,Completed
ORD-500636,2026-01-18,West,Los Angeles DC,Enterprise,SKU-1011,Beauty,Hair Dryer,1,35.1,16.43,0.05,33.34,16.91,Completed
ORD-500637,2026-01-18,East,New Jersey DC,Consumer,SKU-1001,Electronics,Noise-Canceling Headphones,2,202.4,94.45,0,404.8,215.9,Completed
ORD-500638,2026-01-18,West,Los Angeles DC,Small Business,SKU-1010,Beauty,Skin Care Kit,3,212.38,144.24,0,637.14,204.42,Completed
ORD-500639,2026-01-19,Central,Chicago DC,Small Business,SKU-1001,Electronics,Noise-Canceling Headphones,1,202.4,94.45,0,202.4,107.95,Completed
ORD-500640,2026-01-19,West,Denver DC,Small Business,SKU-1009,Apparel,Travel Backpack,2,145.86,81.38,0.1,262.55,99.79,Completed
ORD-500641,2026-01-19,East,New Jersey DC,Enterprise,SKU-1005,Home,Bedding Set,1,134.44,81.31,0.05,127.72,46.41,Completed
ORD-500642,2026-01-19,East,Atlanta DC,Consumer,SKU-1003,Electronics,Portable Charger,1,132.63,59.06,0,132.63,73.57,Completed
ORD-500643,2026-01-19,East,Miami DC,Consumer,SKU-1001,Electronics,Noise-Canceling Headphones,1,202.4,94.45,0.15,172.04,77.59,Completed
ORD-500644,2026-01-19,Central,Chicago DC,Consumer,SKU-1009,Apparel,Travel Backpack,1,145.86,81.38,0.05,138.57,57.19,Completed
ORD-500645,2026-01-19,West,Los Angeles DC,Enterprise,SKU-1003,Electronics,Portable Charger,2,132.63,59.06,0,265.26,147.14,Completed
ORD-500646,2026-01-19,Central,Minneapolis DC,Enterprise,SKU-1005,Home,Bedding Set,1,134.44,81.31,0,134.44,53.13,Completed
ORD-500647,2026-01-19,East,New Jersey DC,Enterprise,SKU-1004,Home,Air Purifier,1,39.43,23.74,0.05,37.46,13.72,Completed
ORD-500648,2026-01-19,West,Los Angeles DC,Consumer,SKU-1009,Apparel,Travel Backpack,1,145.86,81.38,0.1,131.27,49.89,Completed
ORD-500649,2026-01-19,West,Denver DC,Consumer,SKU-1010,Beauty,Skin Care Kit,3,212.38,144.24,0.1,573.43,140.71,Completed
ORD-500650,2026-01-19,West,Seattle DC,Consumer,SKU-1005,Home,Bedding Set,1,134.44,81.31,0,134.44,53.13,Completed
ORD-500651,2026-01-19,East,Atlanta DC,Enterprise,SKU-1010,Beauty,Skin Care Kit,1,212.38,144.24,0.1,191.14,46.9,Returned
ORD-500652,2026-01-19,Central,Dallas DC,Small Business,SKU-1008,Apparel,Running Shoes,2,88.43,59.11,0.05,168.02,49.8,Completed
ORD-500653,2026-01-19,East,Atlanta DC,Consumer,SKU-1005,Home,Bedding Set,1,134.44,81.31,0.15,114.27,32.96,Completed
ORD-500654,2026-01-19,Central,Dallas DC,Consumer,SKU-1012,Beauty,Fragrance Set,2,138.55,68.54,0.15,235.54,98.46,Cancelled
ORD-500655,2026-01-19,West,Seattle DC,Consumer,SKU-1011,Beauty,Hair Dryer,1,35.1,16.43,0,35.1,18.67,Completed
ORD-500656,2026-01-19,East,Atlanta DC,Consumer,SKU-1007,Apparel,Performance Jacket,3,259.88,171.94,0,779.64,263.82,Completed
ORD-500657,2026-01-19,Central,Dallas DC,Small Business,SKU-1008,Apparel,Running Shoes,1,88.43,59.11,0.15,75.17,16.06,Completed
ORD-500658,2026-01-19,East,Miami DC,Small Business,SKU-1011,Beauty,Hair Dryer,3,35.1,16.43,0,105.3,56.01,Completed
ORD-500659,2026-01-19,West,Los Angeles DC,Consumer,SKU-1012,Beauty,Fragrance Set,1,138.55,68.54,0,138.55,70.01,Completed
ORD-500660,2026-01-19,East,New Jersey DC,Enterprise,SKU-1008,Apparel,Running Shoes,4,88.43,59.11,0.15,300.66,64.22,Completed
ORD-500661,2026-01-19,East,New Jersey DC,Enterprise,SKU-1006,Home,Kitchen Organizer,3,100.06,51.21,0.15,255.15,101.52,Completed
ORD-500662,2026-01-19,West,Denver DC,Enterprise,SKU-1003,Electronics,Portable Charger,1,132.63,59.06,0,132.63,73.57,Completed
ORD-500663,2026-01-19,West,Denver DC,Consumer,SKU-1011,Beauty,Hair Dryer,1,35.1,16.43,0,35.1,18.67,Completed
ORD-500664,2026-01-19,East,Atlanta DC,Enterprise,SKU-1009,Apparel,Travel Backpack,1,145.86,81.38,0.1,131.27,49.89,Completed
ORD-500665,2026-01-19,West,Seattle DC,Small Business,SKU-1008,Apparel,Running Shoes,2,88.43,59.11,0.05,168.02,49.8,Completed
ORD-500666,2026-01-19,Central,Chicago DC,Enterprise,SKU-1002,Electronics,Smart Home Hub,1,202.52,137.45,0.15,172.14,34.69,Completed
ORD-500667,2026-01-19,East,Miami DC,Enterprise,SKU-1002,Electronics,Smart Home Hub,1,202.52,137.45,0.15,172.14,34.69,Completed
ORD-500668,2026-01-19,West,Denver DC,Consumer,SKU-1006,Home,Kitchen Organizer,1,100.06,51.21,0,100.06,48.85,Completed
ORD-500669,2026-01-19,West,Denver DC,Small Business,SKU-1001,Electronics,Noise-Canceling Headphones,2,202.4,94.45,0.1,364.32,175.42,Completed
ORD-500670,2026-01-19,West,Denver DC,Consumer,SKU-1008,Apparel,Running Shoes,1,88.43,59.11,0,88.43,29.32,Completed
ORD-500671,2026-01-19,Central,Minneapolis DC,Consumer,SKU-1005,Home,Bedding Set,3,134.44,81.31,0,403.32,159.39,Completed
ORD-500672,2026-01-19,West,Denver DC,Consumer,SKU-1006,Home,Kitchen Organizer,1,100.06,51.21,0.1,90.05,38.84,Completed
ORD-500673,2026-01-19,West,Seattle DC,Consumer,SKU-1006,Home,Kitchen Organizer,1,100.06,51.21,0,100.06,48.85,Completed
ORD-500674,2026-01-19,Central,Chicago DC,Enterprise,SKU-1007,Apparel,Performance Jacket,2,259.88,171.94,0,519.76,175.88,Completed
ORD-500675,2026-01-19,Central,Minneapolis DC,Consumer,SKU-1006,Home,Kitchen Organizer,2,100.06,51.21,0,200.12,97.7,Completed
ORD-500676,2026-01-19,West,Denver DC,Enterprise,SKU-1003,Electronics,Portable Charger,1,132.63,59.06,0,132.63,73.57,Completed
ORD-500677,2026-01-19,East,Miami DC,Small Business,SKU-1003,Electronics,Portable Charger,2,132.63,59.06,0,265.26,147.14,Returned
ORD-500678,2026-01-19,Central,Chicago DC,Enterprise,SKU-1009,Apparel,Travel Backpack,4,145.86,81.38,0.05,554.27,228.75,Completed
ORD-500679,2026-01-19,East,Miami DC,Small Business,SKU-1001,Electronics,Noise-Canceling Headphones,2,202.4,94.45,0,404.8,215.9,Completed
ORD-500680,2026-01-19,West,Seattle DC,Small Business,SKU-1003,Electronics,Portable Charger,1,132.63,59.06,0.1,119.37,60.31,Cancelled
ORD-500681,2026-01-19,West,Seattle DC,Small Business,SKU-1006,Home,Kitchen Organizer,2,100.06,51.21,0.05,190.11,87.69,Completed
ORD-500682,2026-01-20,Central,Dallas DC,Enterprise,SKU-1005,Home,Bedding Set,1,134.44,81.31,0.05,127.72,46.41,Completed
ORD-500683,2026-01-20,West,Denver DC,Consumer,SKU-1009,Apparel,Travel Backpack,3,145.86,81.38,0.05,415.7,171.56,Completed
ORD-500684,2026-01-20,East,Atlanta DC,Small Business,SKU-1012,Beauty,Fragrance Set,1,138.55,68.54,0.15,117.77,49.23,Completed
ORD-500685,2026-01-20,East,New Jersey DC,Enterprise,SKU-1012,Beauty,Fragrance Set,1,138.55,68.54,0,138.55,70.01,Returned
ORD-500686,2026-01-20,West,Seattle DC,Small Business,SKU-1010,Beauty,Skin Care Kit,3,212.38,144.24,0.05,605.28,172.56,Completed
ORD-500687,2026-01-20,East,Miami DC,Enterprise,SKU-1008,Apparel,Running Shoes,1,88.43,59.11,0,88.43,29.32,Completed
ORD-500688,2026-01-20,Central,Chicago DC,Small Business,SKU-1008,Apparel,Running Shoes,2,88.43,59.11,0.05,168.02,49.8,Completed
ORD-500689,2026-01-20,Central,Minneapolis DC,Enterprise,SKU-1004,Home,Air Purifier,1,39.43,23.74,0,39.43,15.69,Completed
ORD-500690,2026-01-20,Central,Minneapolis DC,Small Business,SKU-1008,Apparel,Running Shoes,1,88.43,59.11,0,88.43,29.32,Completed
ORD-500691,2026-01-20,West,Los Angeles DC,Consumer,SKU-1007,Apparel,Performance Jacket,3,259.88,171.94,0.1,701.68,185.86,Completed
ORD-500692,2026-01-20,Central,Chicago DC,Enterprise,SKU-1011,Beauty,Hair Dryer,3,35.1,16.43,0.15,89.51,40.22,Completed
ORD-500693,2026-01-20,Central,Chicago DC,Enterprise,SKU-1010,Beauty,Skin Care Kit,2,212.38,144.24,0.05,403.52,115.04,Completed
ORD-500694,2026-01-20,East,New Jersey DC,Enterprise,SKU-1003,Electronics,Portable Charger,1,132.63,59.06,0.05,126.0,66.94,Completed
ORD-500695,2026-01-20,East,Miami DC,Enterprise,SKU-1009,Apparel,Travel Backpack,1,145.86,81.38,0.15,123.98,42.6,Completed
ORD-500696,2026-01-20,West,Los Angeles DC,Consumer,SKU-1012,Beauty,Fragrance Set,2,138.55,68.54,0,277.1,140.02,Completed
ORD-500697,2026-01-20,East,New Jersey DC,Consumer,SKU-1005,Home,Bedding Set,1,134.44,81.31,0,134.44,53.13,Returned
ORD-500698,2026-01-20,West,Los Angeles DC,Enterprise,SKU-1004,Home,Air Purifier,1,39.43,23.74,0.1,35.49,11.75,Completed
ORD-500699,2026-01-20,West,Los Angeles DC,Enterprise,SKU-1011,Beauty,Hair Dryer,2,35.1,16.43,0.15,59.67,26.81,Completed
ORD-500700,2026-01-20,West,Seattle DC,Enterprise,SKU-1003,Electronics,Portable Charger,1,132.63,59.06,0,132.63,73.57,Completed
ORD-500701,2026-01-20,East,Atlanta DC,Enterprise,SKU-1003,Electronics,Portable Charger,1,132.63,59.06,0.15,112.74,53.68,Completed
ORD-500702,2026-01-20,Central,Dallas DC,Consumer,SKU-1006,Home,Kitchen Organizer,1,100.06,51.21,0.1,90.05,38.84,Completed
ORD-500703,2026-01-20,West,Seattle DC,Consumer,SKU-1011,Beauty,Hair Dryer,1,35.1,16.43,0.15,29.84,13.41,Completed
ORD-500704,2026-01-20,West,Seattle DC,Consumer,SKU-1011,Beauty,Hair Dryer,2,35.1,16.43,0,70.2,37.34,Completed
ORD-500705,2026-01-20,East,Atlanta DC,Enterprise,SKU-1007,Apparel,Performance Jacket,1,259.88,171.94,0.15,220.9,48.96,Completed
ORD-500706,2026-01-20,East,New Jersey DC,Small Business,SKU-1001,Electronics,Noise-Canceling Headphones,2,202.4,94.45,0,404.8,215.9,Completed
ORD-500707,2026-01-20,East,Atlanta DC,Small Business,SKU-1007,Apparel,Performance Jacket,2,259.88,171.94,0,519.76,175.88,Completed
ORD-500708,2026-01-20,West,Seattle DC,Consumer,SKU-1006,Home,Kitchen Organizer,1,100.06,51.21,0,100.06,48.85,Completed
ORD-500709,2026-01-20,East,Atlanta DC,Consumer,SKU-1009,Apparel,Travel Backpack,1,145.86,81.38,0.15,123.98,42.6,Completed
ORD-500710,2026-01-20,East,Miami DC,Enterprise,SKU-1005,Home,Bedding Set,1,134.44,81.31,0.1,121.0,39.69,Completed
ORD-500711,2026-01-20,East,Miami DC,Small Business,SKU-1004,Home,Air Purifier,1,39.43,23.74,0.05,37.46,13.72,Completed
ORD-500712,2026-01-20,East,Miami DC,Consumer,SKU-1008,Apparel,Running Shoes,1,88.43,59.11,0.05,84.01,24.9,Completed
ORD-500713,2026-01-20,East,Miami DC,Enterprise,SKU-1002,Electronics,Smart Home Hub,2,202.52,137.45,0,405.04,130.14,Completed
ORD-500714,2026-01-20,Central,Chicago DC,Enterprise,SKU-1005,Home,Bedding Set,2,134.44,81.31,0,268.88,106.26,Completed
ORD-500715,2026-01-20,East,Miami DC,Enterprise,SKU-1009,Apparel,Travel Backpack,1,145.86,81.38,0,145.86,64.48,Completed
ORD-500716,2026-01-20,East,Miami DC,Enterprise,SKU-1011,Beauty,Hair Dryer,2,35.1,16.43,0.15,59.67,26.81,Completed
ORD-500717,2026-01-20,Central,Chicago DC,Small Business,SKU-1004,Home,Air Purifier,1,39.43,23.74,0.15,33.52,9.78,Completed
ORD-500718,2026-01-20,Central,Dallas DC,Small Business,SKU-1008,Apparel,Running Shoes,1,88.43,59.11,0,88.43,29.32,Completed
ORD-500719,2026-01-20,West,Los Angeles DC,Enterprise,SKU-1001,Electronics,Noise-Canceling Headphones,1,202.4,94.45,0.1,182.16,87.71,Cancelled
ORD-500720,2026-01-20,East,New Jersey DC,Enterprise,SKU-1004,Home,Air Purifier,1,39.43,23.74,0,39.43,15.69,Completed
ORD-500721,2026-01-20,West,Seattle DC,Small Business,SKU-1011,Beauty,Hair Dryer,1,35.1,16.43,0,35.1,18.67,Completed
ORD-500722,2026-01-20,East,Atlanta DC,Small Business,SKU-1002,Electronics,Smart Home Hub,1,202.52,137.45,0,202.52,65.07,Completed
ORD-500723,2026-01-20,West,Seattle DC,Small Business,SKU-1006,Home,Kitchen Organizer,2,100.06,51.21,0.05,190.11,87.69,Completed
ORD-500724,2026-01-20,Central,Chicago DC,Small Business,SKU-1005,Home,Bedding Set,3,134.44,81.31,0,403.32,159.39,Returned
ORD-500725,2026-01-20,East,Atlanta DC,Small Business,SKU-1005,Home,Bedding Set,1,134.44,81.31,0,134.44,53.13,Completed
ORD-500726,2026-01-20,East,New Jersey DC,Consumer,SKU-1005,Home,Bedding Set,1,134.44,81.31,0,134.44,53.13,Completed
ORD-500727,2026-01-20,West,Denver DC,Consumer,SKU-1009,Apparel,Travel Backpack,1,145.86,81.38,0,145.86,64.48,Completed
ORD-500728,2026-01-20,West,Denver DC,Small Business,SKU-1010,Beauty,Skin Care Kit,2,212.38,144.24,0.05,403.52,115.04,Completed
ORD-500729,2026-01-20,West,Denver DC,Small Business,SKU-1007,Apparel,Performance Jacket,4,259.88,171.94,0,1039.52,351.76,Completed
ORD-500730,2026-01-20,Central,Dallas DC,Consumer,SKU-1009,Apparel,Travel Backpack,1,145.86,81.38,0,145.86,64.48,Completed
ORD-500731,2026-01-21,East,Miami DC,Small Business,SKU-1012,Beauty,Fragrance Set,1,138.55,68.54,0,138.55,70.01,Completed
ORD-500732,2026-01-21,Central,Chicago DC,Consumer,SKU-1002,Electronics,Smart Home Hub,1,202.52,137.45,0.1,182.27,44.82,Completed
ORD-500733,2026-01-21,East,Miami DC,Consumer,SKU-1002,Electronics,Smart Home Hub,2,202.52,137.45,0.15,344.28,69.38,Completed
ORD-500734,2026-01-21,Central,Dallas DC,Small Business,SKU-1002,Electronics,Smart Home Hub,3,202.52,137.45,0,607.56,195.21,Completed
ORD-500735,2026-01-21,West,Los Angeles DC,Enterprise,SKU-1012,Beauty,Fragrance Set,2,138.55,68.54,0.15,235.54,98.46,Cancelled
ORD-500736,2026-01-21,East,New Jersey DC,Small Business,SKU-1004,Home,Air Purifier,1,39.43,23.74,0,39.43,15.69,Completed
ORD-500737,2026-01-21,West,Seattle DC,Consumer,SKU-1007,Apparel,Performance Jacket,3,259.88,171.94,0.1,701.68,185.86,Completed
ORD-500738,2026-01-21,West,Denver DC,Consumer,SKU-1012,Beauty,Fragrance Set,1,138.55,68.54,0,138.55,70.01,Completed
ORD-500739,2026-01-21,Central,Minneapolis DC,Consumer,SKU-1007,Apparel,Performance Jacket,1,259.88,171.94,0.05,246.89,74.95,Returned
ORD-500740,2026-01-21,West,Seattle DC,Enterprise,SKU-1010,Beauty,Skin Care Kit,1,212.38,144.24,0,212.38,68.14,Completed
ORD-500741,2026-01-21,East,Miami DC,Enterprise,SKU-1012,Beauty,Fragrance Set,1,138.55,68.54,0.1,124.7,56.16,Completed
ORD-500742,2026-01-21,Central,Dallas DC,Consumer,SKU-1007,Apparel,Performance Jacket,1,259.88,171.94,0,259.88,87.94,Completed
ORD-500743,2026-01-21,West,Seattle DC,Small Business,SKU-1001,Electronics,Noise-Canceling Headphones,1,202.4,94.45,0,202.4,107.95,Completed
ORD-500744,2026-01-21,West,Denver DC,Small Business,SKU-1010,Beauty,Skin Care Kit,1,212.38,144.24,0.1,191.14,46.9,Completed
ORD-500745,2026-01-21,East,Atlanta DC,Small Business,SKU-1005,Home,Bedding Set,2,134.44,81.31,0,268.88,106.26,Completed
ORD-500746,2026-01-21,East,Atlanta DC,Small Business,SKU-1004,Home,Air Purifier,2,39.43,23.74,0,78.86,31.38,Completed
ORD-500747,2026-01-21,East,Miami DC,Consumer,SKU-1007,Apparel,Performance Jacket,3,259.88,171.94,0,779.64,263.82,Completed
ORD-500748,2026-01-21,Central,Minneapolis DC,Consumer,SKU-1012,Beauty,Fragrance Set,1,138.55,68.54,0,138.55,70.01,Completed
ORD-500749,2026-01-21,Central,Dallas DC,Enterprise,SKU-1008,Apparel,Running Shoes,1,88.43,59.11,0.1,79.59,20.48,Completed
ORD-500750,2026-01-21,Central,Chicago DC,Consumer,SKU-1003,Electronics,Portable Charger,1,132.63,59.06,0.05,126.0,66.94,Completed
ORD-500751,2026-01-21,West,Seattle DC,Consumer,SKU-1001,Electronics,Noise-Canceling Headphones,1,202.4,94.45,0.15,172.04,77.59,Completed
ORD-500752,2026-01-21,West,Los Angeles DC,Small Business,SKU-1007,Apparel,Performance Jacket,3,259.88,171.94,0.05,740.66,224.84,Completed
ORD-500753,2026-01-21,East,New Jersey DC,Consumer,SKU-1004,Home,Air Purifier,2,39.43,23.74,0.15,67.03,19.55,Completed
ORD-500754,2026-01-21,Central,Chicago DC,Enterprise,SKU-1005,Home,Bedding Set,2,134.44,81.31,0.15,228.55,65.93,Completed
ORD-500755,2026-01-21,West,Los Angeles DC,Consumer,SKU-1002,Electronics,Smart Home Hub,1,202.52,137.45,0.1,182.27,44.82,Completed
ORD-500756,2026-01-22,East,Atlanta DC,Consumer,SKU-1003,Electronics,Portable Charger,1,132.63,59.06,0,132.63,73.57,Completed
ORD-500757,2026-01-22,East,Atlanta DC,Consumer,SKU-1005,Home,Bedding Set,1,134.44,81.31,0,134.44,53.13,Completed
ORD-500758,2026-01-22,Central,Minneapolis DC,Consumer,SKU-1009,Apparel,Travel Backpack,2,145.86,81.38,0.1,262.55,99.79,Completed
ORD-500759,2026-01-22,East,Atlanta DC,Consumer,SKU-1001,Electronics,Noise-Canceling Headphones,1,202.4,94.45,0,202.4,107.95,Returned
ORD-500760,2026-01-22,West,Denver DC,Enterprise,SKU-1005,Home,Bedding Set,2,134.44,81.31,0.15,228.55,65.93,Completed
ORD-500761,2026-01-22,Central,Minneapolis DC,Consumer,SKU-1010,Beauty,Skin Care Kit,1,212.38,144.24,0,212.38,68.14,Completed
ORD-500762,2026-01-22,East,Atlanta DC,Consumer,SKU-1006,Home,Kitchen Organizer,1,100.06,51.21,0.15,85.05,33.84,Completed
ORD-500763,2026-01-22,Central,Chicago DC,Small Business,SKU-1003,Electronics,Portable Charger,3,132.63,59.06,0.15,338.21,161.03,Completed
ORD-500764,2026-01-22,West,Denver DC,Consumer,SKU-1007,Apparel,Performance Jacket,1,259.88,171.94,0,259.88,87.94,Completed
ORD-500765,2026-01-22,West,Los Angeles DC,Consumer,SKU-1006,Home,Kitchen Organizer,1,100.06,51.21,0.15,85.05,33.84,Completed
ORD-500766,2026-01-22,Central,Dallas DC,Small Business,SKU-1008,Apparel,Running Shoes,2,88.43,59.11,0,176.86,58.64,Cancelled
ORD-500767,2026-01-22,Central,Minneapolis DC,Enterprise,SKU-1005,Home,Bedding Set,3,134.44,81.31,0,403.32,159.39,Completed
ORD-500768,2026-01-22,Central,Minneapolis DC,Small Business,SKU-1007,Apparel,Performance Jacket,1,259.88,171.94,0,259.88,87.94,Completed
ORD-500769,2026-01-22,East,Atlanta DC,Consumer,SKU-1003,Electronics,Portable Charger,2,132.63,59.06,0,265.26,147.14,Completed
ORD-500770,2026-01-22,Central,Dallas DC,Small Business,SKU-1001,Electronics,Noise-Canceling Headphones,1,202.4,94.45,0.1,182.16,87.71,Completed
ORD-500771,2026-01-22,West,Seattle DC,Small Business,SKU-1001,Electronics,Noise-Canceling Headphones,3,202.4,94.45,0,607.2,323.85,Completed
ORD-500772,2026-01-22,East,New Jersey DC,Small Business,SKU-1011,Beauty,Hair Dryer,2,35.1,16.43,0,70.2,37.34,Completed
ORD-500773,2026-01-22,East,New Jersey DC,Enterprise,SKU-1009,Apparel,Travel Backpack,2,145.86,81.38,0,291.72,128.96,Completed
ORD-500774,2026-01-22,East,Atlanta DC,Consumer,SKU-1003,Electronics,Portable Charger,1,132.63,59.06,0,132.63,73.57,Completed
ORD-500775,2026-01-22,East,Miami DC,Small Business,SKU-1003,Electronics,Portable Charger,1,132.63,59.06,0.1,119.37,60.31,Completed
ORD-500776,2026-01-22,West,Denver DC,Consumer,SKU-1008,Apparel,Running Shoes,1,88.43,59.11,0,88.43,29.32,Completed
ORD-500777,2026-01-23,West,Seattle DC,Consumer,SKU-1005,Home,Bedding Set,1,134.44,81.31,0,134.44,53.13,Completed
ORD-500778,2026-01-23,West,Los Angeles DC,Enterprise,SKU-1003,Electronics,Portable Charger,4,132.63,59.06,0.05,503.99,267.75,Returned
ORD-500779,2026-01-23,East,New Jersey DC,Enterprise,SKU-1002,Electronics,Smart Home Hub,1,202.52,137.45,0.05,192.39,54.94,Completed
ORD-500780,2026-01-23,East,New Jersey DC,Consumer,SKU-1005,Home,Bedding Set,2,134.44,81.31,0,268.88,106.26,Completed
ORD-500781,2026-01-23,Central,Chicago DC,Small Business,SKU-1011,Beauty,Hair Dryer,1,35.1,16.43,0,35.1,18.67,Completed
ORD-500782,2026-01-23,West,Los Angeles DC,Small Business,SKU-1001,Electronics,Noise-Canceling Headphones,4,202.4,94.45,0,809.6,431.8,Completed
ORD-500783,2026-01-23,East,Atlanta DC,Consumer,SKU-1009,Apparel,Travel Backpack,2,145.86,81.38,0.05,277.13,114.37,Completed
ORD-500784,2026-01-23,Central,Minneapolis DC,Consumer,SKU-1009,Apparel,Travel Backpack,1,145.86,81.38,0,145.86,64.48,Completed
ORD-500785,2026-01-23,Central,Minneapolis DC,Small Business,SKU-1011,Beauty,Hair Dryer,2,35.1,16.43,0,70.2,37.34,Completed
ORD-500786,2026-01-23,Central,Minneapolis DC,Consumer,SKU-1006,Home,Kitchen Organizer,2,100.06,51.21,0,200.12,97.7,Completed
ORD-500787,2026-01-23,West,Denver DC,Enterprise,SKU-1002,Electronics,Smart Home Hub,3,202.52,137.45,0.15,516.43,104.08,Completed
ORD-500788,2026-01-23,East,Atlanta DC,Consumer,SKU-1011,Beauty,Hair Dryer,4,35.1,16.43,0.1,126.36,60.64,Completed
ORD-500789,2026-01-23,East,Atlanta DC,Small Business,SKU-1008,Apparel,Running Shoes,2,88.43,59.11,0,176.86,58.64,Completed
ORD-500790,2026-01-23,Central,Dallas DC,Small Business,SKU-1002,Electronics,Smart Home Hub,2,202.52,137.45,0,405.04,130.14,Completed
ORD-500791,2026-01-23,East,Miami DC,Enterprise,SKU-1002,Electronics,Smart Home Hub,1,202.52,137.45,0.05,192.39,54.94,Completed
ORD-500792,2026-01-23,East,Miami DC,Consumer,SKU-1010,Beauty,Skin Care Kit,2,212.38,144.24,0,424.76,136.28,Completed
ORD-500793,2026-01-23,East,New Jersey DC,Consumer,SKU-1009,Apparel,Travel Backpack,4,145.86,81.38,0,583.44,257.92,Completed
ORD-500794,2026-01-23,East,Atlanta DC,Consumer,SKU-1007,Apparel,Performance Jacket,3,259.88,171.94,0,779.64,263.82,Completed
ORD-500795,2026-01-23,West,Seattle DC,Enterprise,SKU-1011,Beauty,Hair Dryer,1,35.1,16.43,0,35.1,18.67,Completed
ORD-500796,2026-01-23,East,New Jersey DC,Small Business,SKU-1007,Apparel,Performance Jacket,1,259.88,171.94,0,259.88,87.94,Completed
ORD-500797,2026-01-23,West,Denver DC,Consumer,SKU-1010,Beauty,Skin Care Kit,3,212.38,144.24,0.05,605.28,172.56,Completed
ORD-500798,2026-01-23,Central,Dallas DC,Enterprise,SKU-1003,Electronics,Portable Charger,1,132.63,59.06,0.1,119.37,60.31,Completed
ORD-500799,2026-01-23,West,Seattle DC,Consumer,SKU-1002,Electronics,Smart Home Hub,1,202.52,137.45,0,202.52,65.07,Completed
ORD-500800,2026-01-23,East,Atlanta DC,Consumer,SKU-1003,Electronics,Portable Charger,2,132.63,59.06,0.05,252.0,133.88,Completed
ORD-500801,2026-01-23,West,Seattle DC,Enterprise,SKU-1007,Apparel,Performance Jacket,2,259.88,171.94,0.05,493.77,149.89,Completed
ORD-500802,2026-01-23,West,Los Angeles DC,Consumer,SKU-1002,Electronics,Smart Home Hub,2,202.52,137.45,0,405.04,130.14,Completed
ORD-500803,2026-01-23,Central,Chicago DC,Enterprise,SKU-1012,Beauty,Fragrance Set,1,138.55,68.54,0,138.55,70.01,Returned
ORD-500804,2026-01-23,East,Miami DC,Enterprise,SKU-1011,Beauty,Hair Dryer,1,35.1,16.43,0,35.1,18.67,Returned
ORD-500805,2026-01-23,Central,Dallas DC,Consumer,SKU-1007,Apparel,Performance Jacket,1,259.88,171.94,0,259.88,87.94,Completed
ORD-500806,2026-01-23,Central,Chicago DC,Small Business,SKU-1007,Apparel,Performance Jacket,1,259.88,171.94,0.15,220.9,48.96,Returned
ORD-500807,2026-01-23,East,Miami DC,Consumer,SKU-1001,Electronics,Noise-Canceling Headphones,2,202.4,94.45,0,404.8,215.9,Completed
ORD-500808,2026-01-23,West,Los Angeles DC,Small Business,SKU-1011,Beauty,Hair Dryer,4,35.1,16.43,0.1,126.36,60.64,Cancelled
ORD-500809,2026-01-23,West,Seattle DC,Small Business,SKU-1010,Beauty,Skin Care Kit,2,212.38,144.24,0,424.76,136.28,Completed
ORD-500810,2026-01-23,Central,Minneapolis DC,Enterprise,SKU-1005,Home,Bedding Set,1,134.44,81.31,0.15,114.27,32.96,Completed
ORD-500811,2026-01-24,East,Miami DC,Small Business,SKU-1003,Electronics,Portable Charger,1,132.63,59.06,0.05,126.0,66.94,Completed
ORD-500812,2026-01-24,Central,Minneapolis DC,Small Business,SKU-1010,Beauty,Skin Care Kit,2,212.38,144.24,0,424.76,136.28,Returned
ORD-500813,2026-01-24,Central,Chicago DC,Small Business,SKU-1004,Home,Air Purifier,2,39.43,23.74,0,78.86,31.38,Completed
ORD-500814,2026-01-24,West,Seattle DC,Enterprise,SKU-1003,Electronics,Portable Charger,1,132.63,59.06,0,132.63,73.57,Returned
ORD-500815,2026-01-24,East,New Jersey DC,Enterprise,SKU-1006,Home,Kitchen Organizer,2,100.06,51.21,0.15,170.1,67.68,Completed
ORD-500816,2026-01-24,East,Miami DC,Enterprise,SKU-1008,Apparel,Running Shoes,1,88.43,59.11,0,88.43,29.32,Completed
ORD-500817,2026-01-24,West,Seattle DC,Small Business,SKU-1004,Home,Air Purifier,1,39.43,23.74,0.15,33.52,9.78,Completed
ORD-500818,2026-01-24,Central,Chicago DC,Enterprise,SKU-1007,Apparel,Performance Jacket,1,259.88,171.94,0,259.88,87.94,Completed
ORD-500819,2026-01-24,West,Denver DC,Enterprise,SKU-1010,Beauty,Skin Care Kit,1,212.38,144.24,0.05,201.76,57.52,Completed
ORD-500820,2026-01-24,West,Los Angeles DC,Consumer,SKU-1011,Beauty,Hair Dryer,1,35.1,16.43,0,35.1,18.67,Completed
ORD-500821,2026-01-24,Central,Dallas DC,Consumer,SKU-1005,Home,Bedding Set,1,134.44,81.31,0,134.44,53.13,Completed
ORD-500822,2026-01-24,East,Atlanta DC,Small Business,SKU-1009,Apparel,Travel Backpack,1,145.86,81.38,0,145.86,64.48,Completed
ORD-500823,2026-01-24,West,Seattle DC,Enterprise,SKU-1012,Beauty,Fragrance Set,1,138.55,68.54,0,138.55,70.01,Completed
ORD-500824,2026-01-24,East,Atlanta DC,Small Business,SKU-1012,Beauty,Fragrance Set,1,138.55,68.54,0.1,124.7,56.16,Completed
ORD-500825,2026-01-24,Central,Dallas DC,Consumer,SKU-1007,Apparel,Performance Jacket,2,259.88,171.94,0.05,493.77,149.89,Completed
ORD-500826,2026-01-24,East,Atlanta DC,Small Business,SKU-1008,Apparel,Running Shoes,1,88.43,59.11,0,88.43,29.32,Returned
ORD-500827,2026-01-24,East,Atlanta DC,Consumer,SKU-1010,Beauty,Skin Care Kit,1,212.38,144.24,0,212.38,68.14,Completed
ORD-500828,2026-01-24,West,Denver DC,Small Business,SKU-1003,Electronics,Portable Charger,1,132.63,59.06,0.15,112.74,53.68,Completed
ORD-500829,2026-01-24,West,Denver DC,Small Business,SKU-1002,Electronics,Smart Home Hub,1,202.52,137.45,0,202.52,65.07,Completed
ORD-500830,2026-01-24,West,Los Angeles DC,Enterprise,SKU-1006,Home,Kitchen Organizer,2,100.06,51.21,0,200.12,97.7,Completed
ORD-500831,2026-01-24,West,Denver DC,Small Business,SKU-1005,Home,Bedding Set,1,134.44,81.31,0,134.44,53.13,Completed
ORD-500832,2026-01-24,Central,Chicago DC,Consumer,SKU-1003,Electronics,Portable Charger,1,132.63,59.06,0.15,112.74,53.68,Completed
ORD-500833,2026-01-24,West,Denver DC,Consumer,SKU-1008,Apparel,Running Shoes,2,88.43,59.11,0,176.86,58.64,Completed
ORD-500834,2026-01-24,West,Los Angeles DC,Small Business,SKU-1009,Apparel,Travel Backpack,4,145.86,81.38,0.15,495.92,170.4,Returned
ORD-500835,2026-01-24,West,Los Angeles DC,Enterprise,SKU-1010,Beauty,Skin Care Kit,2,212.38,144.24,0,424.76,136.28,Completed
ORD-500836,2026-01-24,West,Seattle DC,Consumer,SKU-1005,Home,Bedding Set,2,134.44,81.31,0.1,241.99,79.37,Completed
ORD-500837,2026-01-24,East,Miami DC,Small Business,SKU-1011,Beauty,Hair Dryer,2,35.1,16.43,0.1,63.18,30.32,Completed
ORD-500838,2026-01-24,East,Atlanta DC,Small Business,SKU-1002,Electronics,Smart Home Hub,1,202.52,137.45,0,202.52,65.07,Completed
ORD-500839,2026-01-24,Central,Minneapolis DC,Enterprise,SKU-1010,Beauty,Skin Care Kit,2,212.38,144.24,0,424.76,136.28,Completed
ORD-500840,2026-01-24,East,Atlanta DC,Small Business,SKU-1007,Apparel,Performance Jacket,1,259.88,171.94,0,259.88,87.94,Completed
ORD-500841,2026-01-24,Central,Dallas DC,Enterprise,SKU-1012,Beauty,Fragrance Set,1,138.55,68.54,0,138.55,70.01,Completed
ORD-500842,2026-01-24,West,Denver DC,Enterprise,SKU-1007,Apparel,Performance Jacket,2,259.88,171.94,0,519.76,175.88,Completed
ORD-500843,2026-01-24,East,Atlanta DC,Consumer,SKU-1004,Home,Air Purifier,1,39.43,23.74,0.05,37.46,13.72,Completed
ORD-500844,2026-01-24,East,New Jersey DC,Enterprise,SKU-1010,Beauty,Skin Care Kit,1,212.38,144.24,0,212.38,68.14,Completed
ORD-500845,2026-01-24,East,Miami DC,Enterprise,SKU-1008,Apparel,Running Shoes,1,88.43,59.11,0.1,79.59,20.48,Completed
ORD-500846,2026-01-24,West,Denver DC,Consumer,SKU-1012,Beauty,Fragrance Set,2,138.55,68.54,0.1,249.39,112.31,Completed
ORD-500847,2026-01-25,West,Denver DC,Consumer,SKU-1005,Home,Bedding Set,1,134.44,81.31,0,134.44,53.13,Cancelled
ORD-500848,2026-01-25,West,Denver DC,Small Business,SKU-1002,Electronics,Smart Home Hub,1,202.52,137.45,0.15,172.14,34.69,Completed
ORD-500849,2026-01-25,West,Seattle DC,Consumer,SKU-1010,Beauty,Skin Care Kit,1,212.38,144.24,0.05,201.76,57.52,Completed
ORD-500850,2026-01-25,East,Atlanta DC,Small Business,SKU-1010,Beauty,Skin Care Kit,1,212.38,144.24,0,212.38,68.14,Completed
ORD-500851,2026-01-25,West,Los Angeles DC,Small Business,SKU-1010,Beauty,Skin Care Kit,1,212.38,144.24,0,212.38,68.14,Cancelled
ORD-500852,2026-01-25,West,Seattle DC,Enterprise,SKU-1005,Home,Bedding Set,2,134.44,81.31,0.15,228.55,65.93,Completed
ORD-500853,2026-01-25,Central,Minneapolis DC,Small Business,SKU-1006,Home,Kitchen Organizer,2,100.06,51.21,0,200.12,97.7,Completed
ORD-500854,2026-01-25,West,Seattle DC,Consumer,SKU-1002,Electronics,Smart Home Hub,1,202.52,137.45,0.05,192.39,54.94,Completed
ORD-500855,2026-01-25,West,Denver DC,Consumer,SKU-1012,Beauty,Fragrance Set,1,138.55,68.54,0.05,131.62,63.08,Completed
ORD-500856,2026-01-25,Central,Chicago DC,Consumer,SKU-1002,Electronics,Smart Home Hub,4,202.52,137.45,0.1,729.07,179.27,Completed
ORD-500857,2026-01-25,East,New Jersey DC,Small Business,SKU-1003,Electronics,Portable Charger,2,132.63,59.06,0,265.26,147.14,Completed
ORD-500858,2026-01-25,West,Los Angeles DC,Consumer,SKU-1012,Beauty,Fragrance Set,3,138.55,68.54,0,415.65,210.03,Completed
ORD-500859,2026-01-25,Central,Chicago DC,Consumer,SKU-1012,Beauty,Fragrance Set,1,138.55,68.54,0,138.55,70.01,Completed
ORD-500860,2026-01-25,West,Los Angeles DC,Enterprise,SKU-1009,Apparel,Travel Backpack,2,145.86,81.38,0,291.72,128.96,Completed
ORD-500861,2026-01-25,West,Los Angeles DC,Enterprise,SKU-1011,Beauty,Hair Dryer,1,35.1,16.43,0,35.1,18.67,Completed
ORD-500862,2026-01-25,East,Miami DC,Enterprise,SKU-1006,Home,Kitchen Organizer,3,100.06,51.21,0.15,255.15,101.52,Completed
ORD-500863,2026-01-25,Central,Minneapolis DC,Small Business,SKU-1006,Home,Kitchen Organizer,2,100.06,51.21,0.05,190.11,87.69,Completed
ORD-500864,2026-01-25,East,Miami DC,Consumer,SKU-1008,Apparel,Running Shoes,3,88.43,59.11,0,265.29,87.96,Completed
ORD-500865,2026-01-25,East,Miami DC,Consumer,SKU-1001,Electronics,Noise-Canceling Headphones,4,202.4,94.45,0.05,769.12,391.32,Completed
ORD-500866,2026-01-25,Central,Chicago DC,Consumer,SKU-1006,Home,Kitchen Organizer,2,100.06,51.21,0.15,170.1,67.68,Completed
ORD-500867,2026-01-25,West,Denver DC,Consumer,SKU-1010,Beauty,Skin Care Kit,1,212.38,144.24,0,212.38,68.14,Completed
ORD-500868,2026-01-25,Central,Chicago DC,Small Business,SKU-1008,Apparel,Running Shoes,1,88.43,59.11,0,88.43,29.32,Returned
ORD-500869,2026-01-25,West,Denver DC,Enterprise,SKU-1012,Beauty,Fragrance Set,2,138.55,68.54,0.15,235.54,98.46,Completed
ORD-500870,2026-01-25,East,New Jersey DC,Consumer,SKU-1004,Home,Air Purifier,1,39.43,23.74,0,39.43,15.69,Completed
ORD-500871,2026-01-25,Central,Chicago DC,Enterprise,SKU-1010,Beauty,Skin Care Kit,2,212.38,144.24,0.15,361.05,72.57,Completed
ORD-500872,2026-01-25,East,Miami DC,Small Business,SKU-1002,Electronics,Smart Home Hub,2,202.52,137.45,0,405.04,130.14,Completed
ORD-500873,2026-01-25,West,Los Angeles DC,Small Business,SKU-1005,Home,Bedding Set,1,134.44,81.31,0,134.44,53.13,Completed
ORD-500874,2026-01-25,East,New Jersey DC,Enterprise,SKU-1002,Electronics,Smart Home Hub,2,202.52,137.45,0,405.04,130.14,Completed
ORD-500875,2026-01-25,West,Los Angeles DC,Enterprise,SKU-1011,Beauty,Hair Dryer,1,35.1,16.43,0.05,33.34,16.91,Completed
ORD-500876,2026-01-25,West,Denver DC,Small Business,SKU-1010,Beauty,Skin Care Kit,3,212.38,144.24,0.05,605.28,172.56,Completed
ORD-500877,2026-01-25,East,Miami DC,Small Business,SKU-1005,Home,Bedding Set,4,134.44,81.31,0,537.76,212.52,Completed
ORD-500878,2026-01-25,Central,Dallas DC,Enterprise,SKU-1005,Home,Bedding Set,1,134.44,81.31,0.05,127.72,46.41,Completed
ORD-500879,2026-01-25,West,Seattle DC,Enterprise,SKU-1008,Apparel,Running Shoes,1,88.43,59.11,0.05,84.01,24.9,Completed
ORD-500880,2026-01-25,Central,Dallas DC,Consumer,SKU-1007,Apparel,Performance Jacket,2,259.88,171.94,0,519.76,175.88,Completed
ORD-500881,2026-01-25,West,Los Angeles DC,Enterprise,SKU-1003,Electronics,Portable Charger,4,132.63,59.06,0,530.52,294.28,Completed
ORD-500882,2026-01-25,West,Seattle DC,Consumer,SKU-1008,Apparel,Running Shoes,2,88.43,59.11,0,176.86,58.64,Returned
ORD-500883,2026-01-25,West,Los Angeles DC,Small Business,SKU-1003,Electronics,Portable Charger,1,132.63,59.06,0,132.63,73.57,Completed
ORD-500884,2026-01-25,East,Atlanta DC,Consumer,SKU-1012,Beauty,Fragrance Set,1,138.55,68.54,0.05,131.62,63.08,Completed
ORD-500885,2026-01-25,East,Atlanta DC,Consumer,SKU-1004,Home,Air Purifier,1,39.43,23.74,0.05,37.46,13.72,Completed
ORD-500886,2026-01-25,Central,Chicago DC,Consumer,SKU-1001,Electronics,Noise-Canceling Headphones,1,202.4,94.45,0.1,182.16,87.71,Completed
ORD-500887,2026-01-25,East,Atlanta DC,Enterprise,SKU-1002,Electronics,Smart Home Hub,1,202.52,137.45,0,202.52,65.07,Completed
ORD-500888,2026-01-25,West,Seattle DC,Consumer,SKU-1011,Beauty,Hair Dryer,3,35.1,16.43,0.05,100.04,50.75,Completed
ORD-500889,2026-01-25,Central,Chicago DC,Small Business,SKU-1001,Electronics,Noise-Canceling Headphones,1,202.4,94.45,0,202.4,107.95,Cancelled
ORD-500890,2026-01-25,West,Denver DC,Small Business,SKU-1003,Electronics,Portable Charger,2,132.63,59.06,0,265.26,147.14,Completed
ORD-500891,2026-01-26,East,New Jersey DC,Small Business,SKU-1010,Beauty,Skin Care Kit,1,212.38,144.24,0,212.38,68.14,Completed
ORD-500892,2026-01-26,West,Los Angeles DC,Consumer,SKU-1003,Electronics,Portable Charger,1,132.63,59.06,0,132.63,73.57,Returned
ORD-500893,2026-01-26,West,Seattle DC,Small Business,SKU-1005,Home,Bedding Set,1,134.44,81.31,0.1,121.0,39.69,Completed
ORD-500894,2026-01-26,West,Los Angeles DC,Small Business,SKU-1002,Electronics,Smart Home Hub,3,202.52,137.45,0.15,516.43,104.08,Completed
ORD-500895,2026-01-26,East,Miami DC,Consumer,SKU-1002,Electronics,Smart Home Hub,1,202.52,137.45,0,202.52,65.07,Completed
ORD-500896,2026-01-26,East,Miami DC,Small Business,SKU-1009,Apparel,Travel Backpack,1,145.86,81.38,0,145.86,64.48,Completed
ORD-500897,2026-01-26,East,Atlanta DC,Enterprise,SKU-1002,Electronics,Smart Home Hub,1,202.52,137.45,0,202.52,65.07,Completed
ORD-500898,2026-01-26,Central,Minneapolis DC,Small Business,SKU-1005,Home,Bedding Set,2,134.44,81.31,0,268.88,106.26,Completed
ORD-500899,2026-01-26,West,Los Angeles DC,Small Business,SKU-1001,Electronics,Noise-Canceling Headphones,1,202.4,94.45,0.15,172.04,77.59,Completed
ORD-500900,2026-01-26,East,Miami DC,Enterprise,SKU-1002,Electronics,Smart Home Hub,1,202.52,137.45,0.05,192.39,54.94,Completed
ORD-500901,2026-01-26,East,Miami DC,Enterprise,SKU-1005,Home,Bedding Set,2,134.44,81.31,0,268.88,106.26,Completed
ORD-500902,2026-01-26,West,Denver DC,Consumer,SKU-1007,Apparel,Performance Jacket,4,259.88,171.94,0,1039.52,351.76,Completed
ORD-500903,2026-01-26,Central,Chicago DC,Small Business,SKU-1005,Home,Bedding Set,1,134.44,81.31,0,134.44,53.13,Completed
ORD-500904,2026-01-26,West,Seattle DC,Enterprise,SKU-1004,Home,Air Purifier,1,39.43,23.74,0.1,35.49,11.75,Completed
ORD-500905,2026-01-26,East,Atlanta DC,Small Business,SKU-1007,Apparel,Performance Jacket,2,259.88,171.94,0.15,441.8,97.92,Completed
ORD-500906,2026-01-26,West,Denver DC,Enterprise,SKU-1012,Beauty,Fragrance Set,1,138.55,68.54,0,138.55,70.01,Completed
ORD-500907,2026-01-26,East,Atlanta DC,Small Business,SKU-1009,Apparel,Travel Backpack,1,145.86,81.38,0,145.86,64.48,Completed
ORD-500908,2026-01-26,East,Atlanta DC,Small Business,SKU-1003,Electronics,Portable Charger,3,132.63,59.06,0.15,338.21,161.03,Completed
ORD-500909,2026-01-26,Central,Dallas DC,Small Business,SKU-1001,Electronics,Noise-Canceling Headphones,1,202.4,94.45,0.1,182.16,87.71,Completed
ORD-500910,2026-01-26,East,Miami DC,Consumer,SKU-1004,Home,Air Purifier,2,39.43,23.74,0.15,67.03,19.55,Completed
ORD-500911,2026-01-26,Central,Minneapolis DC,Small Business,SKU-1007,Apparel,Performance Jacket,2,259.88,171.94,0,519.76,175.88,Completed
ORD-500912,2026-01-26,Central,Dallas DC,Enterprise,SKU-1002,Electronics,Smart Home Hub,3,202.52,137.45,0.1,546.8,134.45,Completed
ORD-500913,2026-01-26,West,Seattle DC,Consumer,SKU-1010,Beauty,Skin Care Kit,3,212.38,144.24,0,637.14,204.42,Completed
ORD-500914,2026-01-26,Central,Dallas DC,Enterprise,SKU-1010,Beauty,Skin Care Kit,1,212.38,144.24,0,212.38,68.14,Completed
ORD-500915,2026-01-26,East,New Jersey DC,Consumer,SKU-1005,Home,Bedding Set,1,134.44,81.31,0,134.44,53.13,Completed
ORD-500916,2026-01-26,West,Denver DC,Enterprise,SKU-1006,Home,Kitchen Organizer,2,100.06,51.21,0,200.12,97.7,Completed
ORD-500917,2026-01-26,East,Atlanta DC,Small Business,SKU-1004,Home,Air Purifier,1,39.43,23.74,0.1,35.49,11.75,Completed
ORD-500918,2026-01-26,East,New Jersey DC,Consumer,SKU-1011,Beauty,Hair Dryer,3,35.1,16.43,0,105.3,56.01,Completed
ORD-500919,2026-01-26,West,Seattle DC,Enterprise,SKU-1011,Beauty,Hair Dryer,1,35.1,16.43,0.15,29.84,13.41,Returned
ORD-500920,2026-01-26,East,Atlanta DC,Consumer,SKU-1001,Electronics,Noise-Canceling Headphones,3,202.4,94.45,0,607.2,323.85,Completed
ORD-500921,2026-01-26,West,Denver DC,Consumer,SKU-1001,Electronics,Noise-Canceling Headphones,2,202.4,94.45,0,404.8,215.9,Completed
ORD-500922,2026-01-26,Central,Minneapolis DC,Enterprise,SKU-1008,Apparel,Running Shoes,1,88.43,59.11,0.1,79.59,20.48,Completed
ORD-500923,2026-01-26,Central,Dallas DC,Small Business,SKU-1006,Home,Kitchen Organizer,1,100.06,51.21,0.05,95.06,43.85,Completed
ORD-500924,2026-01-26,Central,Dallas DC,Consumer,SKU-1001,Electronics,Noise-Canceling Headphones,1,202.4,94.45,0,202.4,107.95,Completed
ORD-500925,2026-01-26,East,New Jersey DC,Enterprise,SKU-1008,Apparel,Running Shoes,3,88.43,59.11,0,265.29,87.96,Completed
ORD-500926,2026-01-26,Central,Minneapolis DC,Consumer,SKU-1006,Home,Kitchen Organizer,1,100.06,51.21,0,100.06,48.85,Returned
ORD-500927,2026-01-26,Central,Chicago DC,Consumer,SKU-1007,Apparel,Performance Jacket,1,259.88,171.94,0,259.88,87.94,Completed
ORD-500928,2026-01-26,Central,Chicago DC,Enterprise,SKU-1007,Apparel,Performance Jacket,2,259.88,171.94,0.05,493.77,149.89,Completed
ORD-500929,2026-01-26,West,Denver DC,Enterprise,SKU-1007,Apparel,Performance Jacket,3,259.88,171.94,0.15,662.69,146.87,Completed
ORD-500930,2026-01-26,East,Miami DC,Small Business,SKU-1005,Home,Bedding Set,2,134.44,81.31,0,268.88,106.26,Completed
ORD-500931,2026-01-27,East,Miami DC,Consumer,SKU-1012,Beauty,Fragrance Set,1,138.55,68.54,0.05,131.62,63.08,Completed
ORD-500932,2026-01-27,West,Seattle DC,Small Business,SKU-1002,Electronics,Smart Home Hub,1,202.52,137.45,0,202.52,65.07,Completed
ORD-500933,2026-01-27,East,New Jersey DC,Small Business,SKU-1008,Apparel,Running Shoes,2,88.43,59.11,0.05,168.02,49.8,Completed
ORD-500934,2026-01-27,East,Miami DC,Small Business,SKU-1010,Beauty,Skin Care Kit,1,212.38,144.24,0,212.38,68.14,Completed
ORD-500935,2026-01-27,East,Miami DC,Consumer,SKU-1004,Home,Air Purifier,2,39.43,23.74,0,78.86,31.38,Completed
ORD-500936,2026-01-27,Central,Dallas DC,Small Business,SKU-1002,Electronics,Smart Home Hub,1,202.52,137.45,0.1,182.27,44.82,Completed
ORD-500937,2026-01-27,East,Atlanta DC,Small Business,SKU-1004,Home,Air Purifier,3,39.43,23.74,0,118.29,47.07,Completed
ORD-500938,2026-01-27,West,Denver DC,Enterprise,SKU-1012,Beauty,Fragrance Set,1,138.55,68.54,0,138.55,70.01,Completed
ORD-500939,2026-01-27,West,Denver DC,Consumer,SKU-1003,Electronics,Portable Charger,2,132.63,59.06,0,265.26,147.14,Completed
ORD-500940,2026-01-27,West,Los Angeles DC,Consumer,SKU-1010,Beauty,Skin Care Kit,1,212.38,144.24,0.1,191.14,46.9,Completed
ORD-500941,2026-01-27,East,Miami DC,Small Business,SKU-1005,Home,Bedding Set,1,134.44,81.31,0,134.44,53.13,Completed
ORD-500942,2026-01-27,West,Seattle DC,Consumer,SKU-1012,Beauty,Fragrance Set,1,138.55,68.54,0.1,124.7,56.16,Completed
ORD-500943,2026-01-27,West,Los Angeles DC,Enterprise,SKU-1006,Home,Kitchen Organizer,2,100.06,51.21,0.05,190.11,87.69,Completed
ORD-500944,2026-01-27,Central,Minneapolis DC,Enterprise,SKU-1004,Home,Air Purifier,3,39.43,23.74,0.15,100.55,29.33,Returned
ORD-500945,2026-01-27,Central,Dallas DC,Small Business,SKU-1006,Home,Kitchen Organizer,1,100.06,51.21,0.05,95.06,43.85,Completed
ORD-500946,2026-01-27,West,Denver DC,Consumer,SKU-1005,Home,Bedding Set,1,134.44,81.31,0.1,121.0,39.69,Completed
ORD-500947,2026-01-27,East,Atlanta DC,Enterprise,SKU-1006,Home,Kitchen Organizer,1,100.06,51.21,0.15,85.05,33.84,Completed
ORD-500948,2026-01-27,West,Seattle DC,Small Business,SKU-1006,Home,Kitchen Organizer,3,100.06,51.21,0,300.18,146.55,Completed
ORD-500949,2026-01-27,Central,Minneapolis DC,Small Business,SKU-1007,Apparel,Performance Jacket,2,259.88,171.94,0,519.76,175.88,Completed
ORD-500950,2026-01-27,Central,Minneapolis DC,Enterprise,SKU-1001,Electronics,Noise-Canceling Headphones,1,202.4,94.45,0.1,182.16,87.71,Completed
ORD-500951,2026-01-27,West,Seattle DC,Consumer,SKU-1008,Apparel,Running Shoes,4,88.43,59.11,0,353.72,117.28,Completed
ORD-500952,2026-01-27,East,Miami DC,Small Business,SKU-1008,Apparel,Running Shoes,3,88.43,59.11,0,265.29,87.96,Completed
ORD-500953,2026-01-27,East,Miami DC,Enterprise,SKU-1010,Beauty,Skin Care Kit,3,212.38,144.24,0,637.14,204.42,Completed
ORD-500954,2026-01-27,West,Seattle DC,Enterprise,SKU-1005,Home,Bedding Set,2,134.44,81.31,0,268.88,106.26,Completed
ORD-500955,2026-01-27,West,Denver DC,Consumer,SKU-1009,Apparel,Travel Backpack,2,145.86,81.38,0,291.72,128.96,Completed
ORD-500956,2026-01-27,West,Los Angeles DC,Small Business,SKU-1005,Home,Bedding Set,1,134.44,81.31,0,134.44,53.13,Completed
ORD-500957,2026-01-27,Central,Dallas DC,Small Business,SKU-1005,Home,Bedding Set,1,134.44,81.31,0,134.44,53.13,Completed
ORD-500958,2026-01-27,East,Atlanta DC,Enterprise,SKU-1006,Home,Kitchen Organizer,1,100.06,51.21,0,100.06,48.85,Completed
ORD-500959,2026-01-27,Central,Dallas DC,Small Business,SKU-1007,Apparel,Performance Jacket,4,259.88,171.94,0.05,987.54,299.78,Completed
ORD-500960,2026-01-27,West,Denver DC,Small Business,SKU-1011,Beauty,Hair Dryer,1,35.1,16.43,0.1,31.59,15.16,Completed
ORD-500961,2026-01-27,East,Atlanta DC,Small Business,SKU-1012,Beauty,Fragrance Set,2,138.55,68.54,0,277.1,140.02,Completed
ORD-500962,2026-01-27,West,Los Angeles DC,Small Business,SKU-1012,Beauty,Fragrance Set,1,138.55,68.54,0,138.55,70.01,Completed
ORD-500963,2026-01-27,East,New Jersey DC,Enterprise,SKU-1009,Apparel,Travel Backpack,1,145.86,81.38,0.1,131.27,49.89,Completed
ORD-500964,2026-01-27,West,Seattle DC,Consumer,SKU-1006,Home,Kitchen Organizer,2,100.06,51.21,0,200.12,97.7,Completed
ORD-500965,2026-01-27,Central,Minneapolis DC,Consumer,SKU-1001,Electronics,Noise-Canceling Headphones,1,202.4,94.45,0.05,192.28,97.83,Completed
ORD-500966,2026-01-27,West,Los Angeles DC,Small Business,SKU-1003,Electronics,Portable Charger,1,132.63,59.06,0,132.63,73.57,Completed
ORD-500967,2026-01-28,West,Los Angeles DC,Consumer,SKU-1006,Home,Kitchen Organizer,1,100.06,51.21,0,100.06,48.85,Completed
ORD-500968,2026-01-28,Central,Minneapolis DC,Consumer,SKU-1008,Apparel,Running Shoes,2,88.43,59.11,0,176.86,58.64,Completed
ORD-500969,2026-01-28,Central,Dallas DC,Enterprise,SKU-1012,Beauty,Fragrance Set,3,138.55,68.54,0.1,374.09,168.47,Returned
ORD-500970,2026-01-28,Central,Dallas DC,Enterprise,SKU-1004,Home,Air Purifier,1,39.43,23.74,0,39.43,15.69,Completed
ORD-500971,2026-01-28,West,Denver DC,Consumer,SKU-1009,Apparel,Travel Backpack,2,145.86,81.38,0,291.72,128.96,Returned
ORD-500972,2026-01-28,Central,Chicago DC,Enterprise,SKU-1002,Electronics,Smart Home Hub,1,202.52,137.45,0,202.52,65.07,Completed
ORD-500973,2026-01-28,East,Miami DC,Small Business,SKU-1006,Home,Kitchen Organizer,2,100.06,51.21,0,200.12,97.7,Completed
ORD-500974,2026-01-28,West,Seattle DC,Consumer,SKU-1001,Electronics,Noise-Canceling Headphones,1,202.4,94.45,0,202.4,107.95,Completed
ORD-500975,2026-01-28,West,Los Angeles DC,Enterprise,SKU-1005,Home,Bedding Set,2,134.44,81.31,0,268.88,106.26,Completed
ORD-500976,2026-01-28,East,Atlanta DC,Small Business,SKU-1005,Home,Bedding Set,1,134.44,81.31,0,134.44,53.13,Completed
ORD-500977,2026-01-28,Central,Chicago DC,Consumer,SKU-1003,Electronics,Portable Charger,3,132.63,59.06,0,397.89,220.71,Completed
ORD-500978,2026-01-28,West,Seattle DC,Consumer,SKU-1008,Apparel,Running Shoes,3,88.43,59.11,0.1,238.76,61.43,Completed
ORD-500979,2026-01-28,West,Los Angeles DC,Small Business,SKU-1001,Electronics,Noise-Canceling Headphones,1,202.4,94.45,0,202.4,107.95,Completed
ORD-500980,2026-01-28,West,Los Angeles DC,Consumer,SKU-1002,Electronics,Smart Home Hub,1,202.52,137.45,0,202.52,65.07,Completed
ORD-500981,2026-01-28,West,Seattle DC,Small Business,SKU-1001,Electronics,Noise-Canceling Headphones,1,202.4,94.45,0.1,182.16,87.71,Completed
ORD-500982,2026-01-28,West,Denver DC,Enterprise,SKU-1007,Apparel,Performance Jacket,1,259.88,171.94,0.15,220.9,48.96,Completed
ORD-500983,2026-01-28,West,Seattle DC,Small Business,SKU-1003,Electronics,Portable Charger,1,132.63,59.06,0.15,112.74,53.68,Completed
ORD-500984,2026-01-28,Central,Minneapolis DC,Small Business,SKU-1003,Electronics,Portable Charger,2,132.63,59.06,0,265.26,147.14,Completed
ORD-500985,2026-01-28,Central,Chicago DC,Consumer,SKU-1008,Apparel,Running Shoes,2,88.43,59.11,0.05,168.02,49.8,Completed
ORD-500986,2026-01-28,Central,Minneapolis DC,Consumer,SKU-1006,Home,Kitchen Organizer,3,100.06,51.21,0,300.18,146.55,Completed
ORD-500987,2026-01-28,East,Miami DC,Consumer,SKU-1001,Electronics,Noise-Canceling Headphones,2,202.4,94.45,0,404.8,215.9,Completed
ORD-500988,2026-01-28,East,Miami DC,Small Business,SKU-1008,Apparel,Running Shoes,1,88.43,59.11,0,88.43,29.32,Completed
ORD-500989,2026-01-28,East,New Jersey DC,Consumer,SKU-1002,Electronics,Smart Home Hub,1,202.52,137.45,0.1,182.27,44.82,Completed
ORD-500990,2026-01-28,East,New Jersey DC,Enterprise,SKU-1010,Beauty,Skin Care Kit,3,212.38,144.24,0,637.14,204.42,Cancelled
ORD-500991,2026-01-28,East,New Jersey DC,Small Business,SKU-1003,Electronics,Portable Charger,3,132.63,59.06,0,397.89,220.71,Returned
ORD-500992,2026-01-28,West,Denver DC,Consumer,SKU-1012,Beauty,Fragrance Set,3,138.55,68.54,0,415.65,210.03,Returned
ORD-500993,2026-01-28,Central,Chicago DC,Small Business,SKU-1011,Beauty,Hair Dryer,2,35.1,16.43,0.05,66.69,33.83,Completed
ORD-500994,2026-01-28,East,New Jersey DC,Consumer,SKU-1008,Apparel,Running Shoes,2,88.43,59.11,0,176.86,58.64,Completed
ORD-500995,2026-01-28,East,New Jersey DC,Small Business,SKU-1012,Beauty,Fragrance Set,2,138.55,68.54,0.15,235.54,98.46,Completed
ORD-500996,2026-01-28,West,Seattle DC,Small Business,SKU-1007,Apparel,Performance Jacket,1,259.88,171.94,0,259.88,87.94,Completed
ORD-500997,2026-01-28,East,Miami DC,Enterprise,SKU-1002,Electronics,Smart Home Hub,1,202.52,137.45,0,202.52,65.07,Completed
ORD-500998,2026-01-28,Central,Dallas DC,Enterprise,SKU-1008,Apparel,Running Shoes,1,88.43,59.11,0,88.43,29.32,Completed
ORD-500999,2026-01-28,East,Atlanta DC,Enterprise,SKU-1004,Home,Air Purifier,1,39.43,23.74,0,39.43,15.69,Completed
ORD-501000,2026-01-28,Central,Dallas DC,Enterprise,SKU-1004,Home,Air Purifier,1,39.43,23.74,0,39.43,15.69,Completed
ORD-501001,2026-01-28,East,Atlanta DC,Consumer,SKU-1009,Apparel,Travel Backpack,2,145.86,81.38,0,291.72,128.96,Completed
ORD-501002,2026-01-28,Central,Dallas DC,Consumer,SKU-1010,Beauty,Skin Care Kit,1,212.38,144.24,0,212.38,68.14,Completed
ORD-501003,2026-01-28,Central,Minneapolis DC,Enterprise,SKU-1009,Apparel,Travel Backpack,1,145.86,81.38,0,145.86,64.48,Completed
ORD-501004,2026-01-28,East,New Jersey DC,Enterprise,SKU-1008,Apparel,Running Shoes,3,88.43,59.11,0,265.29,87.96,Completed
ORD-501005,2026-01-28,East,Atlanta DC,Small Business,SKU-1010,Beauty,Skin Care Kit,1,212.38,144.24,0,212.38,68.14,Completed
ORD-501006,2026-01-28,East,Miami DC,Small Business,SKU-1005,Home,Bedding Set,2,134.44,81.31,0,268.88,106.26,Completed
ORD-501007,2026-01-28,Central,Chicago DC,Enterprise,SKU-1006,Home,Kitchen Organizer,2,100.06,51.21,0.1,180.11,77.69,Completed
ORD-501008,2026-01-28,Central,Dallas DC,Consumer,SKU-1011,Beauty,Hair Dryer,1,35.1,16.43,0,35.1,18.67,Completed
ORD-501009,2026-01-28,East,Miami DC,Consumer,SKU-1011,Beauty,Hair Dryer,1,35.1,16.43,0.15,29.84,13.41,Completed
ORD-501010,2026-01-28,East,New Jersey DC,Enterprise,SKU-1001,Electronics,Noise-Canceling Headphones,1,202.4,94.45,0,202.4,107.95,Completed
ORD-501011,2026-01-28,East,Atlanta DC,Enterprise,SKU-1002,Electronics,Smart Home Hub,3,202.52,137.45,0,607.56,195.21,Completed
ORD-501012,2026-01-28,Central,Dallas DC,Consumer,SKU-1009,Apparel,Travel Backpack,2,145.86,81.38,0,291.72,128.96,Completed
ORD-501013,2026-01-29,West,Los Angeles DC,Small Business,SKU-1005,Home,Bedding Set,1,134.44,81.31,0,134.44,53.13,Cancelled
ORD-501014,2026-01-29,East,Atlanta DC,Small Business,SKU-1005,Home,Bedding Set,1,134.44,81.31,0.1,121.0,39.69,Completed
ORD-501015,2026-01-29,West,Los Angeles DC,Small Business,SKU-1007,Apparel,Performance Jacket,3,259.88,171.94,0,779.64,263.82,Completed
ORD-501016,2026-01-29,Central,Minneapolis DC,Small Business,SKU-1009,Apparel,Travel Backpack,2,145.86,81.38,0.1,262.55,99.79,Cancelled
ORD-501017,2026-01-29,Central,Minneapolis DC,Enterprise,SKU-1010,Beauty,Skin Care Kit,2,212.38,144.24,0.15,361.05,72.57,Completed
ORD-501018,2026-01-29,West,Los Angeles DC,Enterprise,SKU-1007,Apparel,Performance Jacket,3,259.88,171.94,0,779.64,263.82,Completed
ORD-501019,2026-01-29,Central,Dallas DC,Enterprise,SKU-1006,Home,Kitchen Organizer,1,100.06,51.21,0.05,95.06,43.85,Completed
ORD-501020,2026-01-29,East,Atlanta DC,Consumer,SKU-1002,Electronics,Smart Home Hub,3,202.52,137.45,0.1,546.8,134.45,Completed
ORD-501021,2026-01-29,West,Los Angeles DC,Enterprise,SKU-1012,Beauty,Fragrance Set,1,138.55,68.54,0,138.55,70.01,Completed
ORD-501022,2026-01-29,West,Los Angeles DC,Consumer,SKU-1006,Home,Kitchen Organizer,2,100.06,51.21,0.1,180.11,77.69,Completed
ORD-501023,2026-01-29,East,Miami DC,Small Business,SKU-1010,Beauty,Skin Care Kit,1,212.38,144.24,0,212.38,68.14,Completed
ORD-501024,2026-01-29,East,Miami DC,Small Business,SKU-1010,Beauty,Skin Care Kit,1,212.38,144.24,0.05,201.76,57.52,Completed
ORD-501025,2026-01-29,West,Seattle DC,Small Business,SKU-1010,Beauty,Skin Care Kit,1,212.38,144.24,0.05,201.76,57.52,Completed
ORD-501026,2026-01-29,Central,Chicago DC,Enterprise,SKU-1001,Electronics,Noise-Canceling Headphones,1,202.4,94.45,0,202.4,107.95,Completed
ORD-501027,2026-01-29,Central,Chicago DC,Enterprise,SKU-1003,Electronics,Portable Charger,1,132.63,59.06,0.1,119.37,60.31,Completed
ORD-501028,2026-01-29,West,Los Angeles DC,Small Business,SKU-1011,Beauty,Hair Dryer,1,35.1,16.43,0,35.1,18.67,Completed
ORD-501029,2026-01-29,East,New Jersey DC,Small Business,SKU-1005,Home,Bedding Set,1,134.44,81.31,0.05,127.72,46.41,Completed
ORD-501030,2026-01-29,West,Los Angeles DC,Enterprise,SKU-1003,Electronics,Portable Charger,3,132.63,59.06,0,397.89,220.71,Completed
ORD-501031,2026-01-29,West,Denver DC,Enterprise,SKU-1004,Home,Air Purifier,2,39.43,23.74,0,78.86,31.38,Completed
ORD-501032,2026-01-29,Central,Dallas DC,Enterprise,SKU-1008,Apparel,Running Shoes,1,88.43,59.11,0.15,75.17,16.06,Completed
ORD-501033,2026-01-29,Central,Minneapolis DC,Small Business,SKU-1008,Apparel,Running Shoes,2,88.43,59.11,0,176.86,58.64,Completed
ORD-501034,2026-01-29,West,Seattle DC,Consumer,SKU-1008,Apparel,Running Shoes,1,88.43,59.11,0.05,84.01,24.9,Completed
ORD-501035,2026-01-29,East,New Jersey DC,Enterprise,SKU-1004,Home,Air Purifier,1,39.43,23.74,0,39.43,15.69,Completed
ORD-501036,2026-01-30,Central,Dallas DC,Enterprise,SKU-1005,Home,Bedding Set,2,134.44,81.31,0.15,228.55,65.93,Completed
ORD-501037,2026-01-30,Central,Dallas DC,Enterprise,SKU-1006,Home,Kitchen Organizer,2,100.06,51.21,0.15,170.1,67.68,Completed
ORD-501038,2026-01-30,Central,Minneapolis DC,Enterprise,SKU-1007,Apparel,Performance Jacket,1,259.88,171.94,0.05,246.89,74.95,Completed
ORD-501039,2026-01-30,East,Atlanta DC,Enterprise,SKU-1002,Electronics,Smart Home Hub,2,202.52,137.45,0,405.04,130.14,Cancelled
ORD-501040,2026-01-30,East,Atlanta DC,Enterprise,SKU-1002,Electronics,Smart Home Hub,4,202.52,137.45,0,810.08,260.28,Completed
ORD-501041,2026-01-30,East,Atlanta DC,Small Business,SKU-1002,Electronics,Smart Home Hub,2,202.52,137.45,0.05,384.79,109.89,Completed
ORD-501042,2026-01-30,Central,Minneapolis DC,Small Business,SKU-1012,Beauty,Fragrance Set,4,138.55,68.54,0,554.2,280.04,Completed
ORD-501043,2026-01-30,East,Atlanta DC,Enterprise,SKU-1010,Beauty,Skin Care Kit,1,212.38,144.24,0,212.38,68.14,Completed
ORD-501044,2026-01-30,West,Los Angeles DC,Enterprise,SKU-1001,Electronics,Noise-Canceling Headphones,2,202.4,94.45,0,404.8,215.9,Completed
ORD-501045,2026-01-30,Central,Dallas DC,Consumer,SKU-1009,Apparel,Travel Backpack,2,145.86,81.38,0.15,247.96,85.2,Completed
ORD-501046,2026-01-30,Central,Chicago DC,Enterprise,SKU-1010,Beauty,Skin Care Kit,2,212.38,144.24,0,424.76,136.28,Completed
ORD-501047,2026-01-30,West,Seattle DC,Consumer,SKU-1007,Apparel,Performance Jacket,1,259.88,171.94,0.15,220.9,48.96,Completed
ORD-501048,2026-01-30,West,Seattle DC,Small Business,SKU-1011,Beauty,Hair Dryer,1,35.1,16.43,0,35.1,18.67,Completed
ORD-501049,2026-01-30,West,Seattle DC,Consumer,SKU-1010,Beauty,Skin Care Kit,2,212.38,144.24,0,424.76,136.28,Completed
ORD-501050,2026-01-30,East,Atlanta DC,Enterprise,SKU-1005,Home,Bedding Set,1,134.44,81.31,0.05,127.72,46.41,Completed
ORD-501051,2026-01-30,East,Atlanta DC,Enterprise,SKU-1005,Home,Bedding Set,1,134.44,81.31,0,134.44,53.13,Completed
ORD-501052,2026-01-30,East,Atlanta DC,Consumer,SKU-1012,Beauty,Fragrance Set,1,138.55,68.54,0,138.55,70.01,Completed
ORD-501053,2026-01-30,East,New Jersey DC,Consumer,SKU-1005,Home,Bedding Set,1,134.44,81.31,0,134.44,53.13,Completed
ORD-501054,2026-01-30,East,Atlanta DC,Consumer,SKU-1010,Beauty,Skin Care Kit,1,212.38,144.24,0,212.38,68.14,Completed
ORD-501055,2026-01-30,East,Atlanta DC,Enterprise,SKU-1002,Electronics,Smart Home Hub,4,202.52,137.45,0,810.08,260.28,Completed
ORD-501056,2026-01-30,West,Seattle DC,Consumer,SKU-1011,Beauty,Hair Dryer,1,35.1,16.43,0,35.1,18.67,Returned
ORD-501057,2026-01-30,East,Atlanta DC,Enterprise,SKU-1005,Home,Bedding Set,1,134.44,81.31,0,134.44,53.13,Completed
ORD-501058,2026-01-30,West,Seattle DC,Consumer,SKU-1009,Apparel,Travel Backpack,1,145.86,81.38,0,145.86,64.48,Completed
ORD-501059,2026-01-30,East,New Jersey DC,Small Business,SKU-1011,Beauty,Hair Dryer,2,35.1,16.43,0.15,59.67,26.81,Completed
ORD-501060,2026-01-30,East,Miami DC,Consumer,SKU-1006,Home,Kitchen Organizer,4,100.06,51.21,0.05,380.23,175.39,Completed
ORD-501061,2026-01-30,East,Miami DC,Enterprise,SKU-1004,Home,Air Purifier,1,39.43,23.74,0,39.43,15.69,Completed
ORD-501062,2026-01-30,East,New Jersey DC,Consumer,SKU-1009,Apparel,Travel Backpack,1,145.86,81.38,0,145.86,64.48,Completed
ORD-501063,2026-01-30,Central,Dallas DC,Consumer,SKU-1011,Beauty,Hair Dryer,2,35.1,16.43,0,70.2,37.34,Completed
ORD-501064,2026-01-30,East,Miami DC,Consumer,SKU-1012,Beauty,Fragrance Set,1,138.55,68.54,0,138.55,70.01,Completed
ORD-501065,2026-01-30,East,Miami DC,Enterprise,SKU-1010,Beauty,Skin Care Kit,1,212.38,144.24,0.05,201.76,57.52,Completed
ORD-501066,2026-01-30,West,Los Angeles DC,Consumer,SKU-1008,Apparel,Running Shoes,1,88.43,59.11,0,88.43,29.32,Returned
ORD-501067,2026-01-30,East,New Jersey DC,Enterprise,SKU-1010,Beauty,Skin Care Kit,2,212.38,144.24,0.05,403.52,115.04,Completed
ORD-501068,2026-01-30,East,Atlanta DC,Enterprise,SKU-1001,Electronics,Noise-Canceling Headphones,2,202.4,94.45,0.15,344.08,155.18,Completed
ORD-501069,2026-01-30,West,Seattle DC,Small Business,SKU-1012,Beauty,Fragrance Set,1,138.55,68.54,0,138.55,70.01,Completed
ORD-501070,2026-01-30,Central,Chicago DC,Consumer,SKU-1008,Apparel,Running Shoes,3,88.43,59.11,0,265.29,87.96,Completed
ORD-501071,2026-01-30,East,New Jersey DC,Small Business,SKU-1012,Beauty,Fragrance Set,1,138.55,68.54,0,138.55,70.01,Completed
ORD-501072,2026-01-30,West,Seattle DC,Enterprise,SKU-1005,Home,Bedding Set,1,134.44,81.31,0.15,114.27,32.96,Completed
ORD-501073,2026-01-30,Central,Minneapolis DC,Small Business,SKU-1001,Electronics,Noise-Canceling Headphones,1,202.4,94.45,0.15,172.04,77.59,Completed
ORD-501074,2026-01-30,Central,Dallas DC,Enterprise,SKU-1004,Home,Air Purifier,1,39.43,23.74,0,39.43,15.69,Completed
ORD-501075,2026-01-30,East,New Jersey DC,Consumer,SKU-1007,Apparel,Performance Jacket,3,259.88,171.94,0,779.64,263.82,Completed
ORD-501076,2026-01-30,Central,Minneapolis DC,Small Business,SKU-1001,Electronics,Noise-Canceling Headphones,1,202.4,94.45,0,202.4,107.95,Completed
ORD-501077,2026-01-30,West,Denver DC,Enterprise,SKU-1005,Home,Bedding Set,1,134.44,81.31,0,134.44,53.13,Completed
ORD-501078,2026-01-30,East,Atlanta DC,Enterprise,SKU-1011,Beauty,Hair Dryer,2,35.1,16.43,0.15,59.67,26.81,Completed
ORD-501079,2026-01-30,East,Atlanta DC,Small Business,SKU-1005,Home,Bedding Set,1,134.44,81.31,0.15,114.27,32.96,Completed
ORD-501080,2026-01-30,Central,Minneapolis DC,Consumer,SKU-1012,Beauty,Fragrance Set,4,138.55,68.54,0.15,471.07,196.91,Completed
ORD-501081,2026-01-30,West,Denver DC,Enterprise,SKU-1008,Apparel,Running Shoes,1,88.43,59.11,0,88.43,29.32,Completed
ORD-501082,2026-01-30,Central,Chicago DC,Consumer,SKU-1012,Beauty,Fragrance Set,1,138.55,68.54,0.15,117.77,49.23,Completed
ORD-501083,2026-01-30,West,Los Angeles DC,Consumer,SKU-1010,Beauty,Skin Care Kit,1,212.38,144.24,0.1,191.14,46.9,Completed
ORD-501084,2026-01-30,West,Los Angeles DC,Enterprise,SKU-1001,Electronics,Noise-Canceling Headphones,1,202.4,94.45,0,202.4,107.95,Completed
ORD-501085,2026-01-30,Central,Chicago DC,Enterprise,SKU-1006,Home,Kitchen Organizer,1,100.06,51.21,0.05,95.06,43.85,Completed
ORD-501086,2026-01-31,West,Los Angeles DC,Consumer,SKU-1009,Apparel,Travel Backpack,1,145.86,81.38,0.1,131.27,49.89,Completed
ORD-501087,2026-01-31,East,New Jersey DC,Enterprise,SKU-1003,Electronics,Portable Charger,1,132.63,59.06,0.1,119.37,60.31,Completed
ORD-501088,2026-01-31,East,Atlanta DC,Enterprise,SKU-1002,Electronics,Smart Home Hub,3,202.52,137.45,0,607.56,195.21,Completed
ORD-501089,2026-01-31,East,Miami DC,Enterprise,SKU-1012,Beauty,Fragrance Set,1,138.55,68.54,0.15,117.77,49.23,Completed
ORD-501090,2026-01-31,East,New Jersey DC,Small Business,SKU-1011,Beauty,Hair Dryer,1,35.1,16.43,0,35.1,18.67,Completed
ORD-501091,2026-01-31,East,Miami DC,Small Business,SKU-1009,Apparel,Travel Backpack,4,145.86,81.38,0,583.44,257.92,Completed
ORD-501092,2026-01-31,Central,Minneapolis DC,Enterprise,SKU-1001,Electronics,Noise-Canceling Headphones,1,202.4,94.45,0.1,182.16,87.71,Completed
ORD-501093,2026-01-31,West,Los Angeles DC,Small Business,SKU-1009,Apparel,Travel Backpack,1,145.86,81.38,0.15,123.98,42.6,Completed
ORD-501094,2026-01-31,Central,Minneapolis DC,Small Business,SKU-1007,Apparel,Performance Jacket,1,259.88,171.94,0.05,246.89,74.95,Completed
ORD-501095,2026-01-31,East,New Jersey DC,Enterprise,SKU-1006,Home,Kitchen Organizer,2,100.06,51.21,0.05,190.11,87.69,Completed
ORD-501096,2026-01-31,Central,Minneapolis DC,Small Business,SKU-1011,Beauty,Hair Dryer,1,35.1,16.43,0,35.1,18.67,Completed
ORD-501097,2026-01-31,West,Denver DC,Small Business,SKU-1002,Electronics,Smart Home Hub,1,202.52,137.45,0,202.52,65.07,Completed
ORD-501098,2026-01-31,East,Atlanta DC,Consumer,SKU-1005,Home,Bedding Set,2,134.44,81.31,0,268.88,106.26,Completed
ORD-501099,2026-01-31,West,Seattle DC,Small Business,SKU-1012,Beauty,Fragrance Set,1,138.55,68.54,0.15,117.77,49.23,Returned
ORD-501100,2026-01-31,Central,Chicago DC,Enterprise,SKU-1004,Home,Air Purifier,1,39.43,23.74,0.05,37.46,13.72,Completed
ORD-501101,2026-01-31,West,Denver DC,Enterprise,SKU-1005,Home,Bedding Set,2,134.44,81.31,0.05,255.44,92.82,Completed
ORD-501102,2026-01-31,East,New Jersey DC,Enterprise,SKU-1004,Home,Air Purifier,2,39.43,23.74,0,78.86,31.38,Completed
ORD-501103,2026-01-31,East,New Jersey DC,Consumer,SKU-1009,Apparel,Travel Backpack,1,145.86,81.38,0,145.86,64.48,Completed
ORD-501104,2026-01-31,West,Seattle DC,Small Business,SKU-1002,Electronics,Smart Home Hub,1,202.52,137.45,0,202.52,65.07,Returned
ORD-501105,2026-01-31,West,Seattle DC,Small Business,SKU-1008,Apparel,Running Shoes,2,88.43,59.11,0.05,168.02,49.8,Completed
ORD-501106,2026-02-01,East,Atlanta DC,Enterprise,SKU-1007,Apparel,Performance Jacket,1,259.88,171.94,0.05,246.89,74.95,Completed
ORD-501107,2026-02-01,East,Miami DC,Enterprise,SKU-1009,Apparel,Travel Backpack,1,145.86,81.38,0,145.86,64.48,Completed
ORD-501108,2026-02-01,East,New Jersey DC,Enterprise,SKU-1007,Apparel,Performance Jacket,1,259.88,171.94,0,259.88,87.94,Returned
ORD-501109,2026-02-01,East,Miami DC,Consumer,SKU-1007,Apparel,Performance Jacket,1,259.88,171.94,0.1,233.89,61.95,Completed
ORD-501110,2026-02-01,Central,Dallas DC,Small Business,SKU-1005,Home,Bedding Set,2,134.44,81.31,0,268.88,106.26,Completed
ORD-501111,2026-02-01,West,Los Angeles DC,Enterprise,SKU-1005,Home,Bedding Set,1,134.44,81.31,0.15,114.27,32.96,Completed
ORD-501112,2026-02-01,East,Atlanta DC,Consumer,SKU-1002,Electronics,Smart Home Hub,2,202.52,137.45,0,405.04,130.14,Completed
ORD-501113,2026-02-01,East,New Jersey DC,Small Business,SKU-1012,Beauty,Fragrance Set,3,138.55,68.54,0.1,374.09,168.47,Completed
ORD-501114,2026-02-01,West,Los Angeles DC,Small Business,SKU-1012,Beauty,Fragrance Set,1,138.55,68.54,0.05,131.62,63.08,Completed
ORD-501115,2026-02-01,Central,Chicago DC,Enterprise,SKU-1004,Home,Air Purifier,1,39.43,23.74,0,39.43,15.69,Returned
ORD-501116,2026-02-01,Central,Dallas DC,Enterprise,SKU-1002,Electronics,Smart Home Hub,2,202.52,137.45,0.15,344.28,69.38,Completed
ORD-501117,2026-02-01,West,Seattle DC,Enterprise,SKU-1002,Electronics,Smart Home Hub,4,202.52,137.45,0.15,688.57,138.77,Completed
ORD-501118,2026-02-01,East,New Jersey DC,Enterprise,SKU-1004,Home,Air Purifier,1,39.43,23.74,0.1,35.49,11.75,Completed
ORD-501119,2026-02-01,East,Miami DC,Enterprise,SKU-1008,Apparel,Running Shoes,1,88.43,59.11,0.05,84.01,24.9,Completed
ORD-501120,2026-02-01,West,Los Angeles DC,Enterprise,SKU-1011,Beauty,Hair Dryer,2,35.1,16.43,0.1,63.18,30.32,Completed
ORD-501121,2026-02-01,East,New Jersey DC,Enterprise,SKU-1012,Beauty,Fragrance Set,1,138.55,68.54,0.05,131.62,63.08,Completed
ORD-501122,2026-02-01,East,Miami DC,Consumer,SKU-1008,Apparel,Running Shoes,2,88.43,59.11,0.1,159.17,40.95,Completed
ORD-501123,2026-02-01,East,New Jersey DC,Consumer,SKU-1002,Electronics,Smart Home Hub,3,202.52,137.45,0,607.56,195.21,Completed
ORD-501124,2026-02-01,West,Denver DC,Enterprise,SKU-1004,Home,Air Purifier,2,39.43,23.74,0,78.86,31.38,Completed
ORD-501125,2026-02-01,Central,Dallas DC,Small Business,SKU-1003,Electronics,Portable Charger,2,132.63,59.06,0.05,252.0,133.88,Cancelled
ORD-501126,2026-02-01,West,Seattle DC,Small Business,SKU-1010,Beauty,Skin Care Kit,2,212.38,144.24,0,424.76,136.28,Completed
ORD-501127,2026-02-01,West,Los Angeles DC,Small Business,SKU-1005,Home,Bedding Set,2,134.44,81.31,0.15,228.55,65.93,Completed
ORD-501128,2026-02-01,East,Atlanta DC,Small Business,SKU-1006,Home,Kitchen Organizer,2,100.06,51.21,0.15,170.1,67.68,Completed
ORD-501129,2026-02-01,Central,Dallas DC,Small Business,SKU-1008,Apparel,Running Shoes,1,88.43,59.11,0,88.43,29.32,Completed
ORD-501130,2026-02-01,West,Denver DC,Enterprise,SKU-1012,Beauty,Fragrance Set,1,138.55,68.54,0,138.55,70.01,Completed
ORD-501131,2026-02-01,East,Miami DC,Small Business,SKU-1002,Electronics,Smart Home Hub,2,202.52,137.45,0,405.04,130.14,Completed
ORD-501132,2026-02-01,East,Miami DC,Enterprise,SKU-1004,Home,Air Purifier,2,39.43,23.74,0.1,70.97,23.49,Completed
ORD-501133,2026-02-01,East,Miami DC,Small Business,SKU-1001,Electronics,Noise-Canceling Headphones,3,202.4,94.45,0,607.2,323.85,Completed
ORD-501134,2026-02-01,Central,Minneapolis DC,Small Business,SKU-1005,Home,Bedding Set,1,134.44,81.31,0,134.44,53.13,Completed
ORD-501135,2026-02-01,West,Los Angeles DC,Enterprise,SKU-1012,Beauty,Fragrance Set,1,138.55,68.54,0,138.55,70.01,Completed
ORD-501136,2026-02-01,Central,Chicago DC,Small Business,SKU-1006,Home,Kitchen Organizer,1,100.06,51.21,0.15,85.05,33.84,Completed
ORD-501137,2026-02-01,West,Los Angeles DC,Consumer,SKU-1009,Apparel,Travel Backpack,1,145.86,81.38,0.05,138.57,57.19,Completed
ORD-501138,2026-02-01,Central,Minneapolis DC,Small Business,SKU-1001,Electronics,Noise-Canceling Headphones,1,202.4,94.45,0,202.4,107.95,Completed
ORD-501139,2026-02-01,East,Miami DC,Small Business,SKU-1006,Home,Kitchen Organizer,2,100.06,51.21,0,200.12,97.7,Completed
ORD-501140,2026-02-01,West,Los Angeles DC,Consumer,SKU-1011,Beauty,Hair Dryer,3,35.1,16.43,0.15,89.51,40.22,Completed
ORD-501141,2026-02-01,East,New Jersey DC,Consumer,SKU-1010,Beauty,Skin Care Kit,3,212.38,144.24,0.05,605.28,172.56,Completed
ORD-501142,2026-02-01,Central,Dallas DC,Enterprise,SKU-1010,Beauty,Skin Care Kit,1,212.38,144.24,0.1,191.14,46.9,Completed
ORD-501143,2026-02-01,East,Atlanta DC,Enterprise,SKU-1012,Beauty,Fragrance Set,1,138.55,68.54,0.05,131.62,63.08,Completed
ORD-501144,2026-02-01,Central,Chicago DC,Enterprise,SKU-1001,Electronics,Noise-Canceling Headphones,2,202.4,94.45,0,404.8,215.9,Completed
ORD-501145,2026-02-01,East,Miami DC,Small Business,SKU-1005,Home,Bedding Set,2,134.44,81.31,0.15,228.55,65.93,Completed
ORD-501146,2026-02-01,East,New Jersey DC,Small Business,SKU-1011,Beauty,Hair Dryer,1,35.1,16.43,0,35.1,18.67,Completed
ORD-501147,2026-02-02,West,Los Angeles DC,Enterprise,SKU-1012,Beauty,Fragrance Set,1,138.55,68.54,0,138.55,70.01,Completed
ORD-501148,2026-02-02,Central,Minneapolis DC,Small Business,SKU-1002,Electronics,Smart Home Hub,1,202.52,137.45,0,202.52,65.07,Completed
ORD-501149,2026-02-02,East,Atlanta DC,Enterprise,SKU-1007,Apparel,Performance Jacket,1,259.88,171.94,0,259.88,87.94,Completed
ORD-501150,2026-02-02,Central,Dallas DC,Small Business,SKU-1006,Home,Kitchen Organizer,1,100.06,51.21,0.15,85.05,33.84,Completed
ORD-501151,2026-02-02,West,Denver DC,Small Business,SKU-1006,Home,Kitchen Organizer,1,100.06,51.21,0.1,90.05,38.84,Completed
ORD-501152,2026-02-02,Central,Minneapolis DC,Small Business,SKU-1005,Home,Bedding Set,2,134.44,81.31,0,268.88,106.26,Completed
ORD-501153,2026-02-02,East,Atlanta DC,Small Business,SKU-1010,Beauty,Skin Care Kit,2,212.38,144.24,0.15,361.05,72.57,Completed
ORD-501154,2026-02-02,West,Seattle DC,Consumer,SKU-1001,Electronics,Noise-Canceling Headphones,2,202.4,94.45,0,404.8,215.9,Completed
ORD-501155,2026-02-02,East,Miami DC,Small Business,SKU-1003,Electronics,Portable Charger,1,132.63,59.06,0,132.63,73.57,Completed
ORD-501156,2026-02-02,Central,Dallas DC,Enterprise,SKU-1010,Beauty,Skin Care Kit,2,212.38,144.24,0.1,382.28,93.8,Completed
ORD-501157,2026-02-02,West,Denver DC,Enterprise,SKU-1004,Home,Air Purifier,1,39.43,23.74,0,39.43,15.69,Completed
ORD-501158,2026-02-02,West,Los Angeles DC,Small Business,SKU-1012,Beauty,Fragrance Set,2,138.55,68.54,0,277.1,140.02,Completed
ORD-501159,2026-02-02,Central,Minneapolis DC,Enterprise,SKU-1011,Beauty,Hair Dryer,4,35.1,16.43,0.05,133.38,67.66,Completed
ORD-501160,2026-02-02,East,Atlanta DC,Small Business,SKU-1009,Apparel,Travel Backpack,3,145.86,81.38,0.15,371.94,127.8,Completed
ORD-501161,2026-02-02,West,Seattle DC,Small Business,SKU-1008,Apparel,Running Shoes,1,88.43,59.11,0.1,79.59,20.48,Completed
ORD-501162,2026-02-02,Central,Minneapolis DC,Enterprise,SKU-1011,Beauty,Hair Dryer,1,35.1,16.43,0,35.1,18.67,Completed
ORD-501163,2026-02-02,East,Miami DC,Small Business,SKU-1008,Apparel,Running Shoes,3,88.43,59.11,0.05,252.03,74.7,Completed
ORD-501164,2026-02-02,East,Miami DC,Enterprise,SKU-1001,Electronics,Noise-Canceling Headphones,3,202.4,94.45,0.15,516.12,232.77,Completed
ORD-501165,2026-02-02,East,New Jersey DC,Consumer,SKU-1010,Beauty,Skin Care Kit,2,212.38,144.24,0,424.76,136.28,Returned
ORD-501166,2026-02-02,East,Atlanta DC,Enterprise,SKU-1005,Home,Bedding Set,2,134.44,81.31,0.1,241.99,79.37,Returned
ORD-501167,2026-02-02,East,Miami DC,Enterprise,SKU-1008,Apparel,Running Shoes,3,88.43,59.11,0,265.29,87.96,Completed
ORD-501168,2026-02-02,West,Denver DC,Small Business,SKU-1004,Home,Air Purifier,3,39.43,23.74,0,118.29,47.07,Completed
ORD-501169,2026-02-02,Central,Chicago DC,Consumer,SKU-1009,Apparel,Travel Backpack,4,145.86,81.38,0,583.44,257.92,Completed
ORD-501170,2026-02-02,West,Denver DC,Consumer,SKU-1005,Home,Bedding Set,3,134.44,81.31,0.1,362.99,119.06,Completed
ORD-501171,2026-02-02,West,Los Angeles DC,Enterprise,SKU-1012,Beauty,Fragrance Set,1,138.55,68.54,0,138.55,70.01,Completed
ORD-501172,2026-02-02,East,New Jersey DC,Consumer,SKU-1012,Beauty,Fragrance Set,1,138.55,68.54,0.05,131.62,63.08,Completed
ORD-501173,2026-02-02,West,Seattle DC,Enterprise,SKU-1004,Home,Air Purifier,3,39.43,23.74,0,118.29,47.07,Completed
ORD-501174,2026-02-02,Central,Minneapolis DC,Small Business,SKU-1001,Electronics,Noise-Canceling Headphones,2,202.4,94.45,0.15,344.08,155.18,Completed
ORD-501175,2026-02-02,Central,Chicago DC,Consumer,SKU-1010,Beauty,Skin Care Kit,2,212.38,144.24,0.1,382.28,93.8,Completed
ORD-501176,2026-02-02,East,Atlanta DC,Consumer,SKU-1003,Electronics,Portable Charger,2,132.63,59.06,0,265.26,147.14,Completed
ORD-501177,2026-02-02,Central,Dallas DC,Consumer,SKU-1010,Beauty,Skin Care Kit,3,212.38,144.24,0.15,541.57,108.85,Completed
ORD-501178,2026-02-02,Central,Chicago DC,Small Business,SKU-1011,Beauty,Hair Dryer,1,35.1,16.43,0.15,29.84,13.41,Completed
ORD-501179,2026-02-02,Central,Dallas DC,Enterprise,SKU-1007,Apparel,Performance Jacket,3,259.88,171.94,0.15,662.69,146.87,Completed
ORD-501180,2026-02-02,Central,Chicago DC,Consumer,SKU-1004,Home,Air Purifier,3,39.43,23.74,0.05,112.38,41.16,Completed
ORD-501181,2026-02-03,Central,Dallas DC,Enterprise,SKU-1002,Electronics,Smart Home Hub,1,202.52,137.45,0.15,172.14,34.69,Completed
ORD-501182,2026-02-03,Central,Minneapolis DC,Small Business,SKU-1010,Beauty,Skin Care Kit,4,212.38,144.24,0,849.52,272.56,Returned
ORD-501183,2026-02-03,East,New Jersey DC,Small Business,SKU-1006,Home,Kitchen Organizer,1,100.06,51.21,0.15,85.05,33.84,Completed
ORD-501184,2026-02-03,West,Seattle DC,Small Business,SKU-1003,Electronics,Portable Charger,1,132.63,59.06,0.05,126.0,66.94,Completed
ORD-501185,2026-02-03,Central,Dallas DC,Consumer,SKU-1007,Apparel,Performance Jacket,3,259.88,171.94,0.15,662.69,146.87,Completed
ORD-501186,2026-02-03,Central,Chicago DC,Consumer,SKU-1003,Electronics,Portable Charger,2,132.63,59.06,0.1,238.73,120.61,Completed
ORD-501187,2026-02-03,West,Denver DC,Small Business,SKU-1008,Apparel,Running Shoes,2,88.43,59.11,0.1,159.17,40.95,Completed
ORD-501188,2026-02-03,West,Los Angeles DC,Enterprise,SKU-1005,Home,Bedding Set,3,134.44,81.31,0.1,362.99,119.06,Completed
ORD-501189,2026-02-03,West,Seattle DC,Small Business,SKU-1006,Home,Kitchen Organizer,1,100.06,51.21,0,100.06,48.85,Completed
ORD-501190,2026-02-03,East,New Jersey DC,Small Business,SKU-1007,Apparel,Performance Jacket,1,259.88,171.94,0.15,220.9,48.96,Completed
ORD-501191,2026-02-03,East,New Jersey DC,Small Business,SKU-1010,Beauty,Skin Care Kit,1,212.38,144.24,0,212.38,68.14,Completed
ORD-501192,2026-02-03,East,New Jersey DC,Small Business,SKU-1007,Apparel,Performance Jacket,3,259.88,171.94,0,779.64,263.82,Completed
ORD-501193,2026-02-03,West,Los Angeles DC,Consumer,SKU-1001,Electronics,Noise-Canceling Headphones,1,202.4,94.45,0.05,192.28,97.83,Completed
ORD-501194,2026-02-03,West,Seattle DC,Consumer,SKU-1001,Electronics,Noise-Canceling Headphones,2,202.4,94.45,0.1,364.32,175.42,Completed
ORD-501195,2026-02-03,East,Miami DC,Enterprise,SKU-1007,Apparel,Performance Jacket,1,259.88,171.94,0.1,233.89,61.95,Completed
ORD-501196,2026-02-03,East,Miami DC,Enterprise,SKU-1002,Electronics,Smart Home Hub,1,202.52,137.45,0.1,182.27,44.82,Completed
ORD-501197,2026-02-03,Central,Dallas DC,Small Business,SKU-1002,Electronics,Smart Home Hub,4,202.52,137.45,0.05,769.58,219.78,Completed
ORD-501198,2026-02-03,West,Seattle DC,Enterprise,SKU-1010,Beauty,Skin Care Kit,3,212.38,144.24,0.15,541.57,108.85,Returned
ORD-501199,2026-02-03,West,Los Angeles DC,Enterprise,SKU-1011,Beauty,Hair Dryer,1,35.1,16.43,0,35.1,18.67,Completed
ORD-501200,2026-02-03,West,Denver DC,Enterprise,SKU-1006,Home,Kitchen Organizer,3,100.06,51.21,0.15,255.15,101.52,Completed
ORD-501201,2026-02-03,East,Atlanta DC,Small Business,SKU-1009,Apparel,Travel Backpack,1,145.86,81.38,0,145.86,64.48,Completed
ORD-501202,2026-02-03,West,Los Angeles DC,Consumer,SKU-1012,Beauty,Fragrance Set,1,138.55,68.54,0,138.55,70.01,Completed
ORD-501203,2026-02-03,East,New Jersey DC,Enterprise,SKU-1004,Home,Air Purifier,2,39.43,23.74,0.1,70.97,23.49,Completed
ORD-501204,2026-02-03,Central,Minneapolis DC,Enterprise,SKU-1006,Home,Kitchen Organizer,1,100.06,51.21,0,100.06,48.85,Completed
ORD-501205,2026-02-03,West,Seattle DC,Small Business,SKU-1007,Apparel,Performance Jacket,2,259.88,171.94,0,519.76,175.88,Completed
ORD-501206,2026-02-03,Central,Dallas DC,Enterprise,SKU-1007,Apparel,Performance Jacket,2,259.88,171.94,0,519.76,175.88,Returned
ORD-501207,2026-02-03,Central,Dallas DC,Consumer,SKU-1005,Home,Bedding Set,1,134.44,81.31,0,134.44,53.13,Completed
ORD-501208,2026-02-03,Central,Dallas DC,Enterprise,SKU-1005,Home,Bedding Set,1,134.44,81.31,0,134.44,53.13,Completed
ORD-501209,2026-02-03,East,New Jersey DC,Small Business,SKU-1012,Beauty,Fragrance Set,3,138.55,68.54,0,415.65,210.03,Completed
ORD-501210,2026-02-03,West,Seattle DC,Consumer,SKU-1011,Beauty,Hair Dryer,1,35.1,16.43,0.05,33.34,16.91,Completed
ORD-501211,2026-02-03,West,Los Angeles DC,Small Business,SKU-1011,Beauty,Hair Dryer,1,35.1,16.43,0,35.1,18.67,Completed
ORD-501212,2026-02-03,Central,Dallas DC,Consumer,SKU-1012,Beauty,Fragrance Set,2,138.55,68.54,0,277.1,140.02,Returned
ORD-501213,2026-02-03,West,Denver DC,Consumer,SKU-1005,Home,Bedding Set,1,134.44,81.31,0.15,114.27,32.96,Completed
ORD-501214,2026-02-03,West,Seattle DC,Small Business,SKU-1012,Beauty,Fragrance Set,1,138.55,68.54,0,138.55,70.01,Completed
ORD-501215,2026-02-03,Central,Minneapolis DC,Consumer,SKU-1007,Apparel,Performance Jacket,2,259.88,171.94,0,519.76,175.88,Completed
ORD-501216,2026-02-03,East,Miami DC,Small Business,SKU-1010,Beauty,Skin Care Kit,1,212.38,144.24,0,212.38,68.14,Completed
ORD-501217,2026-02-03,Central,Chicago DC,Small Business,SKU-1002,Electronics,Smart Home Hub,1,202.52,137.45,0.05,192.39,54.94,Completed
ORD-501218,2026-02-03,West,Los Angeles DC,Consumer,SKU-1004,Home,Air Purifier,2,39.43,23.74,0,78.86,31.38,Completed
ORD-501219,2026-02-04,West,Denver DC,Enterprise,SKU-1002,Electronics,Smart Home Hub,2,202.52,137.45,0.1,364.54,89.64,Completed
ORD-501220,2026-02-04,Central,Dallas DC,Enterprise,SKU-1010,Beauty,Skin Care Kit,1,212.38,144.24,0,212.38,68.14,Completed
ORD-501221,2026-02-04,Central,Dallas DC,Enterprise,SKU-1009,Apparel,Travel Backpack,1,145.86,81.38,0.15,123.98,42.6,Completed
ORD-501222,2026-02-04,Central,Dallas DC,Small Business,SKU-1004,Home,Air Purifier,2,39.43,23.74,0,78.86,31.38,Completed
ORD-501223,2026-02-04,Central,Dallas DC,Consumer,SKU-1011,Beauty,Hair Dryer,2,35.1,16.43,0.05,66.69,33.83,Completed
ORD-501224,2026-02-04,East,New Jersey DC,Consumer,SKU-1001,Electronics,Noise-Canceling Headphones,3,202.4,94.45,0.1,546.48,263.13,Completed
ORD-501225,2026-02-04,East,Atlanta DC,Small Business,SKU-1012,Beauty,Fragrance Set,2,138.55,68.54,0,277.1,140.02,Completed
ORD-501226,2026-02-04,West,Los Angeles DC,Enterprise,SKU-1009,Apparel,Travel Backpack,1,145.86,81.38,0,145.86,64.48,Completed
ORD-501227,2026-02-04,Central,Minneapolis DC,Consumer,SKU-1008,Apparel,Running Shoes,1,88.43,59.11,0.15,75.17,16.06,Returned
ORD-501228,2026-02-04,West,Denver DC,Enterprise,SKU-1009,Apparel,Travel Backpack,3,145.86,81.38,0.05,415.7,171.56,Completed
ORD-501229,2026-02-04,West,Denver DC,Consumer,SKU-1011,Beauty,Hair Dryer,1,35.1,16.43,0.1,31.59,15.16,Completed
ORD-501230,2026-02-04,East,New Jersey DC,Consumer,SKU-1012,Beauty,Fragrance Set,1,138.55,68.54,0,138.55,70.01,Completed
ORD-501231,2026-02-04,East,Miami DC,Consumer,SKU-1003,Electronics,Portable Charger,1,132.63,59.06,0.1,119.37,60.31,Completed
ORD-501232,2026-02-04,West,Seattle DC,Small Business,SKU-1012,Beauty,Fragrance Set,1,138.55,68.54,0,138.55,70.01,Completed
ORD-501233,2026-02-04,West,Seattle DC,Consumer,SKU-1008,Apparel,Running Shoes,1,88.43,59.11,0,88.43,29.32,Completed
ORD-501234,2026-02-04,East,New Jersey DC,Small Business,SKU-1009,Apparel,Travel Backpack,1,145.86,81.38,0,145.86,64.48,Completed
ORD-501235,2026-02-04,East,Miami DC,Small Business,SKU-1007,Apparel,Performance Jacket,1,259.88,171.94,0.1,233.89,61.95,Completed
ORD-501236,2026-02-04,East,New Jersey DC,Enterprise,SKU-1007,Apparel,Performance Jacket,1,259.88,171.94,0,259.88,87.94,Completed
ORD-501237,2026-02-04,Central,Chicago DC,Small Business,SKU-1011,Beauty,Hair Dryer,1,35.1,16.43,0.05,33.34,16.91,Completed
ORD-501238,2026-02-04,West,Denver DC,Small Business,SKU-1009,Apparel,Travel Backpack,1,145.86,81.38,0.05,138.57,57.19,Completed
ORD-501239,2026-02-04,East,Atlanta DC,Enterprise,SKU-1003,Electronics,Portable Charger,2,132.63,59.06,0.05,252.0,133.88,Completed
ORD-501240,2026-02-04,East,New Jersey DC,Small Business,SKU-1006,Home,Kitchen Organizer,1,100.06,51.21,0.1,90.05,38.84,Completed
ORD-501241,2026-02-04,East,Miami DC,Enterprise,SKU-1004,Home,Air Purifier,2,39.43,23.74,0.05,74.92,27.44,Completed
ORD-501242,2026-02-04,West,Denver DC,Small Business,SKU-1012,Beauty,Fragrance Set,1,138.55,68.54,0,138.55,70.01,Completed
ORD-501243,2026-02-04,Central,Minneapolis DC,Enterprise,SKU-1005,Home,Bedding Set,2,134.44,81.31,0,268.88,106.26,Completed
ORD-501244,2026-02-04,East,New Jersey DC,Consumer,SKU-1005,Home,Bedding Set,4,134.44,81.31,0,537.76,212.52,Completed
ORD-501245,2026-02-04,West,Denver DC,Enterprise,SKU-1008,Apparel,Running Shoes,1,88.43,59.11,0.1,79.59,20.48,Completed
ORD-501246,2026-02-04,West,Los Angeles DC,Small Business,SKU-1011,Beauty,Hair Dryer,1,35.1,16.43,0.05,33.34,16.91,Completed
ORD-501247,2026-02-04,West,Seattle DC,Small Business,SKU-1005,Home,Bedding Set,1,134.44,81.31,0.05,127.72,46.41,Returned
ORD-501248,2026-02-04,Central,Chicago DC,Small Business,SKU-1001,Electronics,Noise-Canceling Headphones,1,202.4,94.45,0.1,182.16,87.71,Returned
ORD-501249,2026-02-04,Central,Minneapolis DC,Consumer,SKU-1005,Home,Bedding Set,1,134.44,81.31,0,134.44,53.13,Completed
ORD-501250,2026-02-04,West,Los Angeles DC,Enterprise,SKU-1002,Electronics,Smart Home Hub,1,202.52,137.45,0,202.52,65.07,Completed
ORD-501251,2026-02-04,Central,Chicago DC,Small Business,SKU-1001,Electronics,Noise-Canceling Headphones,1,202.4,94.45,0.1,182.16,87.71,Completed
ORD-501252,2026-02-04,Central,Chicago DC,Consumer,SKU-1001,Electronics,Noise-Canceling Headphones,1,202.4,94.45,0,202.4,107.95,Completed
ORD-501253,2026-02-04,Central,Dallas DC,Enterprise,SKU-1009,Apparel,Travel Backpack,1,145.86,81.38,0.15,123.98,42.6,Completed
ORD-501254,2026-02-04,West,Seattle DC,Consumer,SKU-1008,Apparel,Running Shoes,1,88.43,59.11,0,88.43,29.32,Completed
ORD-501255,2026-02-04,West,Seattle DC,Consumer,SKU-1005,Home,Bedding Set,2,134.44,81.31,0,268.88,106.26,Completed
ORD-501256,2026-02-04,West,Los Angeles DC,Consumer,SKU-1009,Apparel,Travel Backpack,1,145.86,81.38,0.1,131.27,49.89,Completed
ORD-501257,2026-02-04,Central,Minneapolis DC,Small Business,SKU-1009,Apparel,Travel Backpack,1,145.86,81.38,0.1,131.27,49.89,Completed
ORD-501258,2026-02-04,Central,Dallas DC,Enterprise,SKU-1010,Beauty,Skin Care Kit,1,212.38,144.24,0.05,201.76,57.52,Completed
ORD-501259,2026-02-04,East,Atlanta DC,Consumer,SKU-1006,Home,Kitchen Organizer,1,100.06,51.21,0,100.06,48.85,Completed
ORD-501260,2026-02-04,West,Los Angeles DC,Consumer,SKU-1012,Beauty,Fragrance Set,1,138.55,68.54,0,138.55,70.01,Completed
ORD-501261,2026-02-04,Central,Chicago DC,Enterprise,SKU-1009,Apparel,Travel Backpack,1,145.86,81.38,0,145.86,64.48,Completed
ORD-501262,2026-02-04,East,Atlanta DC,Consumer,SKU-1002,Electronics,Smart Home Hub,1,202.52,137.45,0.15,172.14,34.69,Completed
ORD-501263,2026-02-04,East,New Jersey DC,Small Business,SKU-1004,Home,Air Purifier,1,39.43,23.74,0,39.43,15.69,Completed
ORD-501264,2026-02-04,East,Atlanta DC,Enterprise,SKU-1011,Beauty,Hair Dryer,1,35.1,16.43,0.1,31.59,15.16,Completed
ORD-501265,2026-02-04,East,Miami DC,Consumer,SKU-1003,Electronics,Portable Charger,3,132.63,59.06,0,397.89,220.71,Completed
ORD-501266,2026-02-04,West,Seattle DC,Small Business,SKU-1005,Home,Bedding Set,3,134.44,81.31,0,403.32,159.39,Completed
ORD-501267,2026-02-04,East,Atlanta DC,Small Business,SKU-1011,Beauty,Hair Dryer,2,35.1,16.43,0.1,63.18,30.32,Completed
ORD-501268,2026-02-04,Central,Chicago DC,Small Business,SKU-1009,Apparel,Travel Backpack,2,145.86,81.38,0,291.72,128.96,Completed
ORD-501269,2026-02-04,Central,Dallas DC,Small Business,SKU-1010,Beauty,Skin Care Kit,4,212.38,144.24,0.1,764.57,187.61,Completed
ORD-501270,2026-02-04,West,Los Angeles DC,Enterprise,SKU-1007,Apparel,Performance Jacket,1,259.88,171.94,0.1,233.89,61.95,Completed
ORD-501271,2026-02-04,Central,Dallas DC,Enterprise,SKU-1001,Electronics,Noise-Canceling Headphones,1,202.4,94.45,0.1,182.16,87.71,Completed
ORD-501272,2026-02-04,West,Los Angeles DC,Enterprise,SKU-1004,Home,Air Purifier,2,39.43,23.74,0,78.86,31.38,Completed
ORD-501273,2026-02-04,East,New Jersey DC,Consumer,SKU-1005,Home,Bedding Set,4,134.44,81.31,0,537.76,212.52,Completed
ORD-501274,2026-02-05,West,Denver DC,Small Business,SKU-1002,Electronics,Smart Home Hub,2,202.52,137.45,0.05,384.79,109.89,Completed
ORD-501275,2026-02-05,East,Atlanta DC,Enterprise,SKU-1008,Apparel,Running Shoes,1,88.43,59.11,0,88.43,29.32,Completed
ORD-501276,2026-02-05,West,Seattle DC,Consumer,SKU-1009,Apparel,Travel Backpack,3,145.86,81.38,0.1,393.82,149.68,Completed
ORD-501277,2026-02-05,Central,Dallas DC,Enterprise,SKU-1005,Home,Bedding Set,2,134.44,81.31,0,268.88,106.26,Completed
ORD-501278,2026-02-05,East,Miami DC,Small Business,SKU-1009,Apparel,Travel Backpack,2,145.86,81.38,0.1,262.55,99.79,Completed
ORD-501279,2026-02-05,Central,Chicago DC,Consumer,SKU-1011,Beauty,Hair Dryer,2,35.1,16.43,0.05,66.69,33.83,Completed
ORD-501280,2026-02-05,Central,Minneapolis DC,Consumer,SKU-1005,Home,Bedding Set,2,134.44,81.31,0,268.88,106.26,Completed
ORD-501281,2026-02-05,East,Miami DC,Small Business,SKU-1004,Home,Air Purifier,1,39.43,23.74,0,39.43,15.69,Completed
ORD-501282,2026-02-05,Central,Dallas DC,Enterprise,SKU-1004,Home,Air Purifier,1,39.43,23.74,0.15,33.52,9.78,Completed
ORD-501283,2026-02-05,Central,Minneapolis DC,Enterprise,SKU-1010,Beauty,Skin Care Kit,1,212.38,144.24,0,212.38,68.14,Completed
ORD-501284,2026-02-05,East,New Jersey DC,Consumer,SKU-1010,Beauty,Skin Care Kit,1,212.38,144.24,0,212.38,68.14,Returned
ORD-501285,2026-02-05,Central,Minneapolis DC,Enterprise,SKU-1008,Apparel,Running Shoes,1,88.43,59.11,0.1,79.59,20.48,Completed
ORD-501286,2026-02-05,Central,Chicago DC,Enterprise,SKU-1012,Beauty,Fragrance Set,1,138.55,68.54,0,138.55,70.01,Completed
ORD-501287,2026-02-05,Central,Chicago DC,Consumer,SKU-1010,Beauty,Skin Care Kit,1,212.38,144.24,0,212.38,68.14,Completed
ORD-501288,2026-02-05,West,Denver DC,Small Business,SKU-1006,Home,Kitchen Organizer,2,100.06,51.21,0.05,190.11,87.69,Completed
ORD-501289,2026-02-05,Central,Dallas DC,Enterprise,SKU-1007,Apparel,Performance Jacket,1,259.88,171.94,0.05,246.89,74.95,Completed
ORD-501290,2026-02-05,Central,Chicago DC,Consumer,SKU-1011,Beauty,Hair Dryer,1,35.1,16.43,0,35.1,18.67,Completed
ORD-501291,2026-02-05,West,Los Angeles DC,Consumer,SKU-1011,Beauty,Hair Dryer,4,35.1,16.43,0,140.4,74.68,Completed
ORD-501292,2026-02-05,Central,Chicago DC,Enterprise,SKU-1004,Home,Air Purifier,1,39.43,23.74,0.05,37.46,13.72,Completed
ORD-501293,2026-02-05,East,Miami DC,Small Business,SKU-1011,Beauty,Hair Dryer,2,35.1,16.43,0,70.2,37.34,Completed
ORD-501294,2026-02-05,West,Denver DC,Consumer,SKU-1010,Beauty,Skin Care Kit,2,212.38,144.24,0.05,403.52,115.04,Completed
ORD-501295,2026-02-05,East,New Jersey DC,Enterprise,SKU-1007,Apparel,Performance Jacket,3,259.88,171.94,0.15,662.69,146.87,Completed
ORD-501296,2026-02-05,East,New Jersey DC,Small Business,SKU-1011,Beauty,Hair Dryer,3,35.1,16.43,0.1,94.77,45.48,Completed
ORD-501297,2026-02-05,East,New Jersey DC,Enterprise,SKU-1009,Apparel,Travel Backpack,1,145.86,81.38,0,145.86,64.48,Completed
ORD-501298,2026-02-05,Central,Minneapolis DC,Small Business,SKU-1010,Beauty,Skin Care Kit,1,212.38,144.24,0.15,180.52,36.28,Completed
ORD-501299,2026-02-05,West,Denver DC,Enterprise,SKU-1006,Home,Kitchen Organizer,3,100.06,51.21,0,300.18,146.55,Completed
ORD-501300,2026-02-05,West,Seattle DC,Enterprise,SKU-1003,Electronics,Portable Charger,3,132.63,59.06,0.1,358.1,180.92,Completed
ORD-501301,2026-02-05,East,New Jersey DC,Enterprise,SKU-1009,Apparel,Travel Backpack,1,145.86,81.38,0.1,131.27,49.89,Completed
ORD-501302,2026-02-05,East,Miami DC,Small Business,SKU-1008,Apparel,Running Shoes,1,88.43,59.11,0.05,84.01,24.9,Completed
ORD-501303,2026-02-05,East,New Jersey DC,Enterprise,SKU-1012,Beauty,Fragrance Set,3,138.55,68.54,0,415.65,210.03,Completed
ORD-501304,2026-02-05,East,Atlanta DC,Small Business,SKU-1009,Apparel,Travel Backpack,2,145.86,81.38,0.05,277.13,114.37,Returned
ORD-501305,2026-02-05,Central,Dallas DC,Small Business,SKU-1009,Apparel,Travel Backpack,2,145.86,81.38,0,291.72,128.96,Returned
ORD-501306,2026-02-05,East,Miami DC,Consumer,SKU-1012,Beauty,Fragrance Set,1,138.55,68.54,0.05,131.62,63.08,Completed
ORD-501307,2026-02-05,West,Seattle DC,Enterprise,SKU-1001,Electronics,Noise-Canceling Headphones,1,202.4,94.45,0,202.4,107.95,Completed
ORD-501308,2026-02-05,West,Seattle DC,Enterprise,SKU-1002,Electronics,Smart Home Hub,3,202.52,137.45,0,607.56,195.21,Completed
ORD-501309,2026-02-05,Central,Minneapolis DC,Consumer,SKU-1004,Home,Air Purifier,1,39.43,23.74,0,39.43,15.69,Completed
ORD-501310,2026-02-05,West,Los Angeles DC,Small Business,SKU-1002,Electronics,Smart Home Hub,3,202.52,137.45,0.15,516.43,104.08,Cancelled
ORD-501311,2026-02-05,West,Seattle DC,Small Business,SKU-1006,Home,Kitchen Organizer,2,100.06,51.21,0.1,180.11,77.69,Completed
ORD-501312,2026-02-05,Central,Dallas DC,Enterprise,SKU-1008,Apparel,Running Shoes,1,88.43,59.11,0,88.43,29.32,Completed
ORD-501313,2026-02-05,West,Los Angeles DC,Enterprise,SKU-1009,Apparel,Travel Backpack,3,145.86,81.38,0,437.58,193.44,Completed
ORD-501314,2026-02-05,West,Denver DC,Enterprise,SKU-1008,Apparel,Running Shoes,3,88.43,59.11,0,265.29,87.96,Completed
ORD-501315,2026-02-06,Central,Chicago DC,Small Business,SKU-1001,Electronics,Noise-Canceling Headphones,1,202.4,94.45,0,202.4,107.95,Completed
ORD-501316,2026-02-06,West,Seattle DC,Consumer,SKU-1010,Beauty,Skin Care Kit,1,212.38,144.24,0.1,191.14,46.9,Completed
ORD-501317,2026-02-06,East,Miami DC,Enterprise,SKU-1005,Home,Bedding Set,1,134.44,81.31,0.15,114.27,32.96,Completed
ORD-501318,2026-02-06,Central,Chicago DC,Enterprise,SKU-1005,Home,Bedding Set,1,134.44,81.31,0.15,114.27,32.96,Completed
ORD-501319,2026-02-06,West,Seattle DC,Consumer,SKU-1008,Apparel,Running Shoes,2,88.43,59.11,0,176.86,58.64,Completed
ORD-501320,2026-02-06,Central,Chicago DC,Small Business,SKU-1001,Electronics,Noise-Canceling Headphones,3,202.4,94.45,0.05,576.84,293.49,Completed
ORD-501321,2026-02-06,East,Atlanta DC,Small Business,SKU-1005,Home,Bedding Set,3,134.44,81.31,0.1,362.99,119.06,Completed
ORD-501322,2026-02-06,West,Denver DC,Enterprise,SKU-1002,Electronics,Smart Home Hub,1,202.52,137.45,0.1,182.27,44.82,Completed
ORD-501323,2026-02-06,East,Miami DC,Consumer,SKU-1004,Home,Air Purifier,2,39.43,23.74,0.1,70.97,23.49,Completed
ORD-501324,2026-02-06,Central,Chicago DC,Consumer,SKU-1012,Beauty,Fragrance Set,1,138.55,68.54,0,138.55,70.01,Completed
ORD-501325,2026-02-06,East,Miami DC,Small Business,SKU-1006,Home,Kitchen Organizer,2,100.06,51.21,0,200.12,97.7,Completed
ORD-501326,2026-02-06,Central,Minneapolis DC,Small Business,SKU-1003,Electronics,Portable Charger,1,132.63,59.06,0.15,112.74,53.68,Completed
ORD-501327,2026-02-06,East,New Jersey DC,Consumer,SKU-1011,Beauty,Hair Dryer,2,35.1,16.43,0,70.2,37.34,Completed
ORD-501328,2026-02-06,East,New Jersey DC,Enterprise,SKU-1006,Home,Kitchen Organizer,2,100.06,51.21,0,200.12,97.7,Cancelled
ORD-501329,2026-02-06,East,Atlanta DC,Consumer,SKU-1008,Apparel,Running Shoes,2,88.43,59.11,0,176.86,58.64,Completed
ORD-501330,2026-02-06,East,New Jersey DC,Small Business,SKU-1001,Electronics,Noise-Canceling Headphones,1,202.4,94.45,0,202.4,107.95,Completed
ORD-501331,2026-02-06,West,Denver DC,Enterprise,SKU-1004,Home,Air Purifier,4,39.43,23.74,0.05,149.83,54.87,Completed
ORD-501332,2026-02-06,Central,Dallas DC,Small Business,SKU-1007,Apparel,Performance Jacket,3,259.88,171.94,0.05,740.66,224.84,Completed
ORD-501333,2026-02-06,West,Seattle DC,Small Business,SKU-1003,Electronics,Portable Charger,2,132.63,59.06,0,265.26,147.14,Completed
ORD-501334,2026-02-06,East,New Jersey DC,Small Business,SKU-1007,Apparel,Performance Jacket,1,259.88,171.94,0,259.88,87.94,Completed
ORD-501335,2026-02-06,West,Los Angeles DC,Consumer,SKU-1008,Apparel,Running Shoes,1,88.43,59.11,0,88.43,29.32,Completed
ORD-501336,2026-02-06,East,Atlanta DC,Enterprise,SKU-1003,Electronics,Portable Charger,1,132.63,59.06,0,132.63,73.57,Completed
ORD-501337,2026-02-06,East,Miami DC,Consumer,SKU-1012,Beauty,Fragrance Set,1,138.55,68.54,0.15,117.77,49.23,Cancelled
ORD-501338,2026-02-06,East,Miami DC,Small Business,SKU-1009,Apparel,Travel Backpack,1,145.86,81.38,0.05,138.57,57.19,Completed
ORD-501339,2026-02-06,West,Los Angeles DC,Small Business,SKU-1004,Home,Air Purifier,1,39.43,23.74,0.05,37.46,13.72,Completed
ORD-501340,2026-02-06,East,Atlanta DC,Enterprise,SKU-1004,Home,Air Purifier,3,39.43,23.74,0.1,106.46,35.24,Completed
ORD-501341,2026-02-06,East,New Jersey DC,Enterprise,SKU-1003,Electronics,Portable Charger,1,132.63,59.06,0.15,112.74,53.68,Completed
ORD-501342,2026-02-06,West,Los Angeles DC,Consumer,SKU-1010,Beauty,Skin Care Kit,1,212.38,144.24,0,212.38,68.14,Completed
ORD-501343,2026-02-06,Central,Minneapolis DC,Small Business,SKU-1010,Beauty,Skin Care Kit,1,212.38,144.24,0,212.38,68.14,Completed
ORD-501344,2026-02-06,East,Atlanta DC,Consumer,SKU-1001,Electronics,Noise-Canceling Headphones,2,202.4,94.45,0,404.8,215.9,Completed
ORD-501345,2026-02-06,East,Atlanta DC,Consumer,SKU-1009,Apparel,Travel Backpack,2,145.86,81.38,0,291.72,128.96,Completed
ORD-501346,2026-02-06,East,Miami DC,Enterprise,SKU-1003,Electronics,Portable Charger,1,132.63,59.06,0,132.63,73.57,Completed
ORD-501347,2026-02-06,West,Denver DC,Consumer,SKU-1006,Home,Kitchen Organizer,2,100.06,51.21,0,200.12,97.7,Completed
ORD-501348,2026-02-06,Central,Minneapolis DC,Small Business,SKU-1008,Apparel,Running Shoes,1,88.43,59.11,0,88.43,29.32,Completed
ORD-501349,2026-02-06,East,Atlanta DC,Enterprise,SKU-1002,Electronics,Smart Home Hub,1,202.52,137.45,0,202.52,65.07,Completed
ORD-501350,2026-02-07,West,Los Angeles DC,Enterprise,SKU-1002,Electronics,Smart Home Hub,1,202.52,137.45,0,202.52,65.07,Completed
ORD-501351,2026-02-07,Central,Dallas DC,Enterprise,SKU-1002,Electronics,Smart Home Hub,3,202.52,137.45,0.1,546.8,134.45,Completed
ORD-501352,2026-02-07,West,Seattle DC,Enterprise,SKU-1009,Apparel,Travel Backpack,2,145.86,81.38,0,291.72,128.96,Completed
ORD-501353,2026-02-07,West,Los Angeles DC,Enterprise,SKU-1002,Electronics,Smart Home Hub,1,202.52,137.45,0.15,172.14,34.69,Completed
ORD-501354,2026-02-07,East,New Jersey DC,Enterprise,SKU-1001,Electronics,Noise-Canceling Headphones,1,202.4,94.45,0.05,192.28,97.83,Completed
ORD-501355,2026-02-07,East,New Jersey DC,Consumer,SKU-1009,Apparel,Travel Backpack,1,145.86,81.38,0.15,123.98,42.6,Completed
ORD-501356,2026-02-07,West,Los Angeles DC,Small Business,SKU-1008,Apparel,Running Shoes,3,88.43,59.11,0.1,238.76,61.43,Returned
ORD-501357,2026-02-07,East,New Jersey DC,Consumer,SKU-1011,Beauty,Hair Dryer,1,35.1,16.43,0,35.1,18.67,Completed
ORD-501358,2026-02-07,East,Atlanta DC,Consumer,SKU-1006,Home,Kitchen Organizer,1,100.06,51.21,0,100.06,48.85,Completed
ORD-501359,2026-02-07,East,New Jersey DC,Consumer,SKU-1004,Home,Air Purifier,1,39.43,23.74,0,39.43,15.69,Completed
ORD-501360,2026-02-07,East,Atlanta DC,Small Business,SKU-1009,Apparel,Travel Backpack,1,145.86,81.38,0,145.86,64.48,Completed
ORD-501361,2026-02-07,Central,Minneapolis DC,Small Business,SKU-1004,Home,Air Purifier,2,39.43,23.74,0.15,67.03,19.55,Completed
ORD-501362,2026-02-07,East,Atlanta DC,Enterprise,SKU-1004,Home,Air Purifier,2,39.43,23.74,0.05,74.92,27.44,Completed
ORD-501363,2026-02-07,Central,Chicago DC,Enterprise,SKU-1002,Electronics,Smart Home Hub,1,202.52,137.45,0,202.52,65.07,Completed
ORD-501364,2026-02-07,West,Los Angeles DC,Enterprise,SKU-1005,Home,Bedding Set,1,134.44,81.31,0,134.44,53.13,Completed
ORD-501365,2026-02-07,West,Denver DC,Enterprise,SKU-1009,Apparel,Travel Backpack,1,145.86,81.38,0,145.86,64.48,Completed
ORD-501366,2026-02-07,Central,Minneapolis DC,Small Business,SKU-1008,Apparel,Running Shoes,1,88.43,59.11,0,88.43,29.32,Returned
ORD-501367,2026-02-07,East,Atlanta DC,Small Business,SKU-1002,Electronics,Smart Home Hub,1,202.52,137.45,0.1,182.27,44.82,Completed
ORD-501368,2026-02-07,East,Miami DC,Consumer,SKU-1001,Electronics,Noise-Canceling Headphones,1,202.4,94.45,0.05,192.28,97.83,Returned
ORD-501369,2026-02-07,Central,Minneapolis DC,Consumer,SKU-1010,Beauty,Skin Care Kit,1,212.38,144.24,0.05,201.76,57.52,Completed
ORD-501370,2026-02-07,East,Miami DC,Small Business,SKU-1009,Apparel,Travel Backpack,1,145.86,81.38,0.15,123.98,42.6,Completed
ORD-501371,2026-02-07,East,Atlanta DC,Small Business,SKU-1006,Home,Kitchen Organizer,1,100.06,51.21,0,100.06,48.85,Completed
ORD-501372,2026-02-07,Central,Minneapolis DC,Small Business,SKU-1007,Apparel,Performance Jacket,1,259.88,171.94,0,259.88,87.94,Completed
ORD-501373,2026-02-07,West,Los Angeles DC,Small Business,SKU-1012,Beauty,Fragrance Set,1,138.55,68.54,0,138.55,70.01,Completed
ORD-501374,2026-02-07,Central,Dallas DC,Small Business,SKU-1011,Beauty,Hair Dryer,2,35.1,16.43,0.15,59.67,26.81,Completed
ORD-501375,2026-02-07,East,Atlanta DC,Consumer,SKU-1008,Apparel,Running Shoes,1,88.43,59.11,0,88.43,29.32,Completed
ORD-501376,2026-02-07,West,Los Angeles DC,Small Business,SKU-1012,Beauty,Fragrance Set,1,138.55,68.54,0,138.55,70.01,Completed
ORD-501377,2026-02-08,East,New Jersey DC,Enterprise,SKU-1003,Electronics,Portable Charger,2,132.63,59.06,0.1,238.73,120.61,Completed
ORD-501378,2026-02-08,East,Miami DC,Consumer,SKU-1010,Beauty,Skin Care Kit,1,212.38,144.24,0.05,201.76,57.52,Completed
ORD-501379,2026-02-08,West,Denver DC,Enterprise,SKU-1001,Electronics,Noise-Canceling Headphones,1,202.4,94.45,0.15,172.04,77.59,Completed
ORD-501380,2026-02-08,West,Denver DC,Consumer,SKU-1011,Beauty,Hair Dryer,1,35.1,16.43,0,35.1,18.67,Completed
ORD-501381,2026-02-08,East,Atlanta DC,Enterprise,SKU-1006,Home,Kitchen Organizer,1,100.06,51.21,0,100.06,48.85,Completed
ORD-501382,2026-02-08,Central,Minneapolis DC,Enterprise,SKU-1008,Apparel,Running Shoes,2,88.43,59.11,0,176.86,58.64,Completed
ORD-501383,2026-02-08,West,Seattle DC,Enterprise,SKU-1011,Beauty,Hair Dryer,1,35.1,16.43,0.1,31.59,15.16,Completed
ORD-501384,2026-02-08,East,New Jersey DC,Small Business,SKU-1009,Apparel,Travel Backpack,1,145.86,81.38,0.1,131.27,49.89,Completed
ORD-501385,2026-02-08,East,New Jersey DC,Small Business,SKU-1002,Electronics,Smart Home Hub,3,202.52,137.45,0.1,546.8,134.45,Completed
ORD-501386,2026-02-08,West,Seattle DC,Enterprise,SKU-1009,Apparel,Travel Backpack,1,145.86,81.38,0.1,131.27,49.89,Completed
ORD-501387,2026-02-08,East,Atlanta DC,Consumer,SKU-1008,Apparel,Running Shoes,1,88.43,59.11,0.05,84.01,24.9,Completed
ORD-501388,2026-02-08,West,Los Angeles DC,Consumer,SKU-1005,Home,Bedding Set,1,134.44,81.31,0.05,127.72,46.41,Completed
ORD-501389,2026-02-08,East,New Jersey DC,Small Business,SKU-1005,Home,Bedding Set,2,134.44,81.31,0,268.88,106.26,Completed
ORD-501390,2026-02-08,East,Miami DC,Small Business,SKU-1002,Electronics,Smart Home Hub,3,202.52,137.45,0,607.56,195.21,Completed
ORD-501391,2026-02-08,East,Miami DC,Small Business,SKU-1003,Electronics,Portable Charger,1,132.63,59.06,0.05,126.0,66.94,Completed
ORD-501392,2026-02-08,Central,Minneapolis DC,Small Business,SKU-1011,Beauty,Hair Dryer,1,35.1,16.43,0.05,33.34,16.91,Completed
ORD-501393,2026-02-08,Central,Minneapolis DC,Enterprise,SKU-1005,Home,Bedding Set,1,134.44,81.31,0,134.44,53.13,Completed
ORD-501394,2026-02-08,Central,Minneapolis DC,Enterprise,SKU-1006,Home,Kitchen Organizer,1,100.06,51.21,0.15,85.05,33.84,Completed
ORD-501395,2026-02-08,West,Seattle DC,Enterprise,SKU-1009,Apparel,Travel Backpack,2,145.86,81.38,0,291.72,128.96,Completed
ORD-501396,2026-02-08,East,Atlanta DC,Consumer,SKU-1003,Electronics,Portable Charger,1,132.63,59.06,0,132.63,73.57,Completed
ORD-501397,2026-02-08,West,Seattle DC,Small Business,SKU-1008,Apparel,Running Shoes,2,88.43,59.11,0.05,168.02,49.8,Completed
ORD-501398,2026-02-08,West,Los Angeles DC,Enterprise,SKU-1010,Beauty,Skin Care Kit,1,212.38,144.24,0.1,191.14,46.9,Completed
ORD-501399,2026-02-08,West,Seattle DC,Enterprise,SKU-1006,Home,Kitchen Organizer,3,100.06,51.21,0,300.18,146.55,Completed
ORD-501400,2026-02-08,East,Miami DC,Consumer,SKU-1012,Beauty,Fragrance Set,2,138.55,68.54,0,277.1,140.02,Returned
ORD-501401,2026-02-08,East,Atlanta DC,Consumer,SKU-1001,Electronics,Noise-Canceling Headphones,4,202.4,94.45,0.1,728.64,350.84,Completed
ORD-501402,2026-02-08,East,Miami DC,Small Business,SKU-1009,Apparel,Travel Backpack,1,145.86,81.38,0,145.86,64.48,Completed
ORD-501403,2026-02-08,East,New Jersey DC,Consumer,SKU-1006,Home,Kitchen Organizer,2,100.06,51.21,0,200.12,97.7,Completed
ORD-501404,2026-02-08,West,Los Angeles DC,Enterprise,SKU-1009,Apparel,Travel Backpack,1,145.86,81.38,0.1,131.27,49.89,Completed
ORD-501405,2026-02-08,West,Seattle DC,Enterprise,SKU-1008,Apparel,Running Shoes,1,88.43,59.11,0,88.43,29.32,Returned
ORD-501406,2026-02-08,Central,Chicago DC,Enterprise,SKU-1009,Apparel,Travel Backpack,1,145.86,81.38,0.15,123.98,42.6,Completed
ORD-501407,2026-02-08,West,Seattle DC,Enterprise,SKU-1011,Beauty,Hair Dryer,1,35.1,16.43,0.15,29.84,13.41,Completed
ORD-501408,2026-02-08,West,Denver DC,Consumer,SKU-1002,Electronics,Smart Home Hub,4,202.52,137.45,0,810.08,260.28,Completed
ORD-501409,2026-02-08,West,Denver DC,Small Business,SKU-1011,Beauty,Hair Dryer,1,35.1,16.43,0,35.1,18.67,Completed
ORD-501410,2026-02-08,Central,Dallas DC,Small Business,SKU-1009,Apparel,Travel Backpack,2,145.86,81.38,0.15,247.96,85.2,Completed
ORD-501411,2026-02-08,West,Denver DC,Consumer,SKU-1004,Home,Air Purifier,2,39.43,23.74,0,78.86,31.38,Completed
ORD-501412,2026-02-08,Central,Chicago DC,Small Business,SKU-1009,Apparel,Travel Backpack,4,145.86,81.38,0,583.44,257.92,Completed
ORD-501413,2026-02-08,West,Los Angeles DC,Enterprise,SKU-1001,Electronics,Noise-Canceling Headphones,2,202.4,94.45,0,404.8,215.9,Completed
ORD-501414,2026-02-08,West,Denver DC,Consumer,SKU-1001,Electronics,Noise-Canceling Headphones,2,202.4,94.45,0.15,344.08,155.18,Completed
ORD-501415,2026-02-08,West,Los Angeles DC,Small Business,SKU-1009,Apparel,Travel Backpack,1,145.86,81.38,0.1,131.27,49.89,Completed
ORD-501416,2026-02-08,Central,Minneapolis DC,Small Business,SKU-1003,Electronics,Portable Charger,2,132.63,59.06,0.1,238.73,120.61,Completed
ORD-501417,2026-02-08,East,Atlanta DC,Small Business,SKU-1008,Apparel,Running Shoes,2,88.43,59.11,0.1,159.17,40.95,Completed
ORD-501418,2026-02-08,Central,Minneapolis DC,Consumer,SKU-1010,Beauty,Skin Care Kit,2,212.38,144.24,0,424.76,136.28,Completed
ORD-501419,2026-02-08,West,Los Angeles DC,Enterprise,SKU-1008,Apparel,Running Shoes,1,88.43,59.11,0,88.43,29.32,Completed
ORD-501420,2026-02-08,West,Los Angeles DC,Consumer,SKU-1007,Apparel,Performance Jacket,2,259.88,171.94,0.1,467.78,123.9,Completed
ORD-501421,2026-02-08,Central,Chicago DC,Enterprise,SKU-1009,Apparel,Travel Backpack,1,145.86,81.38,0.15,123.98,42.6,Completed
ORD-501422,2026-02-08,West,Seattle DC,Enterprise,SKU-1003,Electronics,Portable Charger,3,132.63,59.06,0.1,358.1,180.92,Completed
ORD-501423,2026-02-08,East,Atlanta DC,Consumer,SKU-1002,Electronics,Smart Home Hub,4,202.52,137.45,0,810.08,260.28,Completed
ORD-501424,2026-02-08,Central,Dallas DC,Consumer,SKU-1002,Electronics,Smart Home Hub,1,202.52,137.45,0,202.52,65.07,Completed
ORD-501425,2026-02-08,West,Los Angeles DC,Consumer,SKU-1011,Beauty,Hair Dryer,1,35.1,16.43,0,35.1,18.67,Completed
ORD-501426,2026-02-08,West,Seattle DC,Enterprise,SKU-1007,Apparel,Performance Jacket,3,259.88,171.94,0,779.64,263.82,Completed
ORD-501427,2026-02-08,Central,Dallas DC,Small Business,SKU-1003,Electronics,Portable Charger,2,132.63,59.06,0,265.26,147.14,Completed
ORD-501428,2026-02-09,East,Atlanta DC,Small Business,SKU-1011,Beauty,Hair Dryer,1,35.1,16.43,0,35.1,18.67,Completed
ORD-501429,2026-02-09,Central,Minneapolis DC,Small Business,SKU-1006,Home,Kitchen Organizer,1,100.06,51.21,0.15,85.05,33.84,Returned
ORD-501430,2026-02-09,Central,Chicago DC,Enterprise,SKU-1012,Beauty,Fragrance Set,1,138.55,68.54,0.1,124.7,56.16,Completed
ORD-501431,2026-02-09,East,Miami DC,Consumer,SKU-1006,Home,Kitchen Organizer,3,100.06,51.21,0.15,255.15,101.52,Completed
ORD-501432,2026-02-09,East,Miami DC,Consumer,SKU-1009,Apparel,Travel Backpack,2,145.86,81.38,0,291.72,128.96,Returned
ORD-501433,2026-02-09,West,Denver DC,Consumer,SKU-1012,Beauty,Fragrance Set,3,138.55,68.54,0,415.65,210.03,Completed
ORD-501434,2026-02-09,East,Miami DC,Enterprise,SKU-1004,Home,Air Purifier,1,39.43,23.74,0,39.43,15.69,Completed
ORD-501435,2026-02-09,East,Atlanta DC,Small Business,SKU-1001,Electronics,Noise-Canceling Headphones,2,202.4,94.45,0.15,344.08,155.18,Completed
ORD-501436,2026-02-09,Central,Chicago DC,Small Business,SKU-1006,Home,Kitchen Organizer,1,100.06,51.21,0.15,85.05,33.84,Completed
ORD-501437,2026-02-09,Central,Chicago DC,Small Business,SKU-1002,Electronics,Smart Home Hub,1,202.52,137.45,0.1,182.27,44.82,Completed
ORD-501438,2026-02-09,East,Miami DC,Consumer,SKU-1011,Beauty,Hair Dryer,1,35.1,16.43,0.1,31.59,15.16,Completed
ORD-501439,2026-02-09,East,Miami DC,Small Business,SKU-1009,Apparel,Travel Backpack,1,145.86,81.38,0.05,138.57,57.19,Completed
ORD-501440,2026-02-09,West,Los Angeles DC,Consumer,SKU-1009,Apparel,Travel Backpack,1,145.86,81.38,0.1,131.27,49.89,Completed
ORD-501441,2026-02-09,East,Atlanta DC,Small Business,SKU-1010,Beauty,Skin Care Kit,1,212.38,144.24,0.1,191.14,46.9,Completed
ORD-501442,2026-02-09,Central,Minneapolis DC,Consumer,SKU-1011,Beauty,Hair Dryer,2,35.1,16.43,0.05,66.69,33.83,Completed
ORD-501443,2026-02-09,Central,Dallas DC,Enterprise,SKU-1011,Beauty,Hair Dryer,1,35.1,16.43,0.15,29.84,13.41,Completed
ORD-501444,2026-02-09,East,Miami DC,Small Business,SKU-1004,Home,Air Purifier,1,39.43,23.74,0,39.43,15.69,Completed
ORD-501445,2026-02-09,West,Seattle DC,Small Business,SKU-1003,Electronics,Portable Charger,1,132.63,59.06,0.15,112.74,53.68,Returned
ORD-501446,2026-02-09,West,Los Angeles DC,Small Business,SKU-1010,Beauty,Skin Care Kit,1,212.38,144.24,0,212.38,68.14,Completed
ORD-501447,2026-02-09,Central,Dallas DC,Consumer,SKU-1005,Home,Bedding Set,4,134.44,81.31,0.15,457.1,131.86,Completed
ORD-501448,2026-02-09,Central,Chicago DC,Consumer,SKU-1008,Apparel,Running Shoes,2,88.43,59.11,0.1,159.17,40.95,Completed
ORD-501449,2026-02-09,East,Atlanta DC,Small Business,SKU-1003,Electronics,Portable Charger,1,132.63,59.06,0,132.63,73.57,Completed
ORD-501450,2026-02-09,West,Seattle DC,Consumer,SKU-1009,Apparel,Travel Backpack,2,145.86,81.38,0.05,277.13,114.37,Completed
ORD-501451,2026-02-09,West,Seattle DC,Small Business,SKU-1011,Beauty,Hair Dryer,2,35.1,16.43,0.05,66.69,33.83,Completed
ORD-501452,2026-02-09,East,Miami DC,Consumer,SKU-1007,Apparel,Performance Jacket,2,259.88,171.94,0.05,493.77,149.89,Completed
ORD-501453,2026-02-09,Central,Chicago DC,Small Business,SKU-1003,Electronics,Portable Charger,2,132.63,59.06,0,265.26,147.14,Completed
ORD-501454,2026-02-09,Central,Chicago DC,Small Business,SKU-1002,Electronics,Smart Home Hub,1,202.52,137.45,0,202.52,65.07,Completed
ORD-501455,2026-02-09,Central,Minneapolis DC,Small Business,SKU-1010,Beauty,Skin Care Kit,1,212.38,144.24,0,212.38,68.14,Returned
ORD-501456,2026-02-09,West,Denver DC,Small Business,SKU-1004,Home,Air Purifier,2,39.43,23.74,0.15,67.03,19.55,Completed
ORD-501457,2026-02-09,East,Miami DC,Enterprise,SKU-1011,Beauty,Hair Dryer,2,35.1,16.43,0.1,63.18,30.32,Completed
ORD-501458,2026-02-09,West,Seattle DC,Consumer,SKU-1012,Beauty,Fragrance Set,1,138.55,68.54,0,138.55,70.01,Completed
ORD-501459,2026-02-09,East,Miami DC,Consumer,SKU-1001,Electronics,Noise-Canceling Headphones,1,202.4,94.45,0,202.4,107.95,Completed
ORD-501460,2026-02-09,East,Atlanta DC,Small Business,SKU-1010,Beauty,Skin Care Kit,1,212.38,144.24,0.05,201.76,57.52,Completed
ORD-501461,2026-02-09,Central,Minneapolis DC,Enterprise,SKU-1001,Electronics,Noise-Canceling Headphones,2,202.4,94.45,0,404.8,215.9,Completed
ORD-501462,2026-02-09,East,Atlanta DC,Small Business,SKU-1002,Electronics,Smart Home Hub,2,202.52,137.45,0.1,364.54,89.64,Completed
ORD-501463,2026-02-09,Central,Dallas DC,Enterprise,SKU-1002,Electronics,Smart Home Hub,1,202.52,137.45,0.1,182.27,44.82,Completed
ORD-501464,2026-02-09,East,New Jersey DC,Consumer,SKU-1006,Home,Kitchen Organizer,3,100.06,51.21,0,300.18,146.55,Completed
ORD-501465,2026-02-09,East,Atlanta DC,Consumer,SKU-1012,Beauty,Fragrance Set,2,138.55,68.54,0.15,235.54,98.46,Completed
ORD-501466,2026-02-09,West,Seattle DC,Small Business,SKU-1003,Electronics,Portable Charger,1,132.63,59.06,0,132.63,73.57,Completed
ORD-501467,2026-02-09,Central,Minneapolis DC,Enterprise,SKU-1005,Home,Bedding Set,1,134.44,81.31,0,134.44,53.13,Completed
ORD-501468,2026-02-09,East,New Jersey DC,Small Business,SKU-1005,Home,Bedding Set,1,134.44,81.31,0.15,114.27,32.96,Completed
ORD-501469,2026-02-09,Central,Chicago DC,Enterprise,SKU-1007,Apparel,Performance Jacket,1,259.88,171.94,0,259.88,87.94,Completed
ORD-501470,2026-02-09,East,New Jersey DC,Enterprise,SKU-1011,Beauty,Hair Dryer,2,35.1,16.43,0,70.2,37.34,Completed
ORD-501471,2026-02-09,Central,Minneapolis DC,Consumer,SKU-1006,Home,Kitchen Organizer,2,100.06,51.21,0,200.12,97.7,Completed
ORD-501472,2026-02-09,West,Seattle DC,Small Business,SKU-1001,Electronics,Noise-Canceling Headphones,1,202.4,94.45,0,202.4,107.95,Completed
ORD-501473,2026-02-09,Central,Chicago DC,Enterprise,SKU-1008,Apparel,Running Shoes,1,88.43,59.11,0,88.43,29.32,Completed
ORD-501474,2026-02-10,West,Los Angeles DC,Consumer,SKU-1004,Home,Air Purifier,1,39.43,23.74,0.15,33.52,9.78,Completed
ORD-501475,2026-02-10,West,Seattle DC,Enterprise,SKU-1003,Electronics,Portable Charger,3,132.63,59.06,0,397.89,220.71,Completed
ORD-501476,2026-02-10,East,Atlanta DC,Consumer,SKU-1008,Apparel,Running Shoes,3,88.43,59.11,0.05,252.03,74.7,Completed
ORD-501477,2026-02-10,East,New Jersey DC,Enterprise,SKU-1002,Electronics,Smart Home Hub,1,202.52,137.45,0,202.52,65.07,Completed
ORD-501478,2026-02-10,West,Denver DC,Small Business,SKU-1002,Electronics,Smart Home Hub,1,202.52,137.45,0.05,192.39,54.94,Completed
ORD-501479,2026-02-10,West,Seattle DC,Consumer,SKU-1005,Home,Bedding Set,2,134.44,81.31,0.15,228.55,65.93,Completed
ORD-501480,2026-02-10,East,Atlanta DC,Enterprise,SKU-1009,Apparel,Travel Backpack,1,145.86,81.38,0.1,131.27,49.89,Completed
ORD-501481,2026-02-10,Central,Dallas DC,Small Business,SKU-1006,Home,Kitchen Organizer,2,100.06,51.21,0.05,190.11,87.69,Completed
ORD-501482,2026-02-10,West,Denver DC,Enterprise,SKU-1011,Beauty,Hair Dryer,1,35.1,16.43,0,35.1,18.67,Completed
ORD-501483,2026-02-10,East,New Jersey DC,Consumer,SKU-1006,Home,Kitchen Organizer,2,100.06,51.21,0.1,180.11,77.69,Completed
ORD-501484,2026-02-10,West,Denver DC,Enterprise,SKU-1002,Electronics,Smart Home Hub,1,202.52,137.45,0,202.52,65.07,Completed
ORD-501485,2026-02-10,Central,Chicago DC,Enterprise,SKU-1001,Electronics,Noise-Canceling Headphones,1,202.4,94.45,0,202.4,107.95,Returned
ORD-501486,2026-02-10,West,Los Angeles DC,Small Business,SKU-1006,Home,Kitchen Organizer,1,100.06,51.21,0,100.06,48.85,Completed
ORD-501487,2026-02-10,West,Los Angeles DC,Consumer,SKU-1012,Beauty,Fragrance Set,2,138.55,68.54,0,277.1,140.02,Completed
ORD-501488,2026-02-10,West,Los Angeles DC,Small Business,SKU-1006,Home,Kitchen Organizer,1,100.06,51.21,0.1,90.05,38.84,Completed
ORD-501489,2026-02-10,East,Miami DC,Enterprise,SKU-1006,Home,Kitchen Organizer,1,100.06,51.21,0,100.06,48.85,Completed
ORD-501490,2026-02-10,Central,Dallas DC,Consumer,SKU-1009,Apparel,Travel Backpack,2,145.86,81.38,0,291.72,128.96,Completed
ORD-501491,2026-02-10,Central,Dallas DC,Consumer,SKU-1003,Electronics,Portable Charger,2,132.63,59.06,0,265.26,147.14,Completed
ORD-501492,2026-02-10,West,Los Angeles DC,Small Business,SKU-1008,Apparel,Running Shoes,2,88.43,59.11,0,176.86,58.64,Completed
ORD-501493,2026-02-10,East,Miami DC,Consumer,SKU-1009,Apparel,Travel Backpack,3,145.86,81.38,0.15,371.94,127.8,Completed
ORD-501494,2026-02-10,Central,Minneapolis DC,Enterprise,SKU-1001,Electronics,Noise-Canceling Headphones,3,202.4,94.45,0.05,576.84,293.49,Completed
ORD-501495,2026-02-10,East,New Jersey DC,Consumer,SKU-1004,Home,Air Purifier,1,39.43,23.74,0,39.43,15.69,Completed
ORD-501496,2026-02-10,Central,Dallas DC,Enterprise,SKU-1007,Apparel,Performance Jacket,1,259.88,171.94,0.1,233.89,61.95,Completed
ORD-501497,2026-02-10,East,Miami DC,Enterprise,SKU-1001,Electronics,Noise-Canceling Headphones,1,202.4,94.45,0,202.4,107.95,Completed
ORD-501498,2026-02-10,East,Miami DC,Small Business,SKU-1001,Electronics,Noise-Canceling Headphones,2,202.4,94.45,0.15,344.08,155.18,Completed
ORD-501499,2026-02-10,Central,Chicago DC,Enterprise,SKU-1009,Apparel,Travel Backpack,1,145.86,81.38,0.05,138.57,57.19,Completed
ORD-501500,2026-02-10,East,Atlanta DC,Small Business,SKU-1003,Electronics,Portable Charger,1,132.63,59.06,0,132.63,73.57,Completed
ORD-501501,2026-02-10,Central,Chicago DC,Enterprise,SKU-1011,Beauty,Hair Dryer,1,35.1,16.43,0.05,33.34,16.91,Completed
ORD-501502,2026-02-10,East,Miami DC,Consumer,SKU-1007,Apparel,Performance Jacket,1,259.88,171.94,0.1,233.89,61.95,Completed
ORD-501503,2026-02-10,Central,Chicago DC,Consumer,SKU-1005,Home,Bedding Set,1,134.44,81.31,0.05,127.72,46.41,Completed
ORD-501504,2026-02-10,East,New Jersey DC,Small Business,SKU-1010,Beauty,Skin Care Kit,1,212.38,144.24,0,212.38,68.14,Completed
ORD-501505,2026-02-10,East,Atlanta DC,Small Business,SKU-1009,Apparel,Travel Backpack,1,145.86,81.38,0.1,131.27,49.89,Completed
ORD-501506,2026-02-10,West,Seattle DC,Small Business,SKU-1001,Electronics,Noise-Canceling Headphones,1,202.4,94.45,0,202.4,107.95,Completed
ORD-501507,2026-02-10,Central,Dallas DC,Small Business,SKU-1007,Apparel,Performance Jacket,1,259.88,171.94,0.1,233.89,61.95,Cancelled
ORD-501508,2026-02-10,Central,Minneapolis DC,Enterprise,SKU-1001,Electronics,Noise-Canceling Headphones,1,202.4,94.45,0.05,192.28,97.83,Completed
ORD-501509,2026-02-10,East,Miami DC,Enterprise,SKU-1005,Home,Bedding Set,1,134.44,81.31,0.1,121.0,39.69,Completed
ORD-501510,2026-02-11,East,Miami DC,Enterprise,SKU-1009,Apparel,Travel Backpack,1,145.86,81.38,0,145.86,64.48,Completed
ORD-501511,2026-02-11,East,New Jersey DC,Small Business,SKU-1009,Apparel,Travel Backpack,2,145.86,81.38,0.05,277.13,114.37,Completed
ORD-501512,2026-02-11,West,Denver DC,Enterprise,SKU-1012,Beauty,Fragrance Set,1,138.55,68.54,0.05,131.62,63.08,Completed
ORD-501513,2026-02-11,West,Denver DC,Consumer,SKU-1005,Home,Bedding Set,2,134.44,81.31,0.05,255.44,92.82,Completed
ORD-501514,2026-02-11,West,Denver DC,Enterprise,SKU-1012,Beauty,Fragrance Set,2,138.55,68.54,0.15,235.54,98.46,Completed
ORD-501515,2026-02-11,West,Los Angeles DC,Enterprise,SKU-1005,Home,Bedding Set,1,134.44,81.31,0,134.44,53.13,Completed
ORD-501516,2026-02-11,East,Miami DC,Small Business,SKU-1007,Apparel,Performance Jacket,1,259.88,171.94,0,259.88,87.94,Completed
ORD-501517,2026-02-11,Central,Chicago DC,Consumer,SKU-1005,Home,Bedding Set,1,134.44,81.31,0,134.44,53.13,Completed
ORD-501518,2026-02-11,Central,Chicago DC,Consumer,SKU-1010,Beauty,Skin Care Kit,1,212.38,144.24,0,212.38,68.14,Completed
ORD-501519,2026-02-11,East,Miami DC,Enterprise,SKU-1007,Apparel,Performance Jacket,1,259.88,171.94,0.05,246.89,74.95,Completed
ORD-501520,2026-02-11,East,Miami DC,Enterprise,SKU-1001,Electronics,Noise-Canceling Headphones,1,202.4,94.45,0,202.4,107.95,Completed
ORD-501521,2026-02-11,East,Atlanta DC,Small Business,SKU-1010,Beauty,Skin Care Kit,2,212.38,144.24,0.1,382.28,93.8,Completed
ORD-501522,2026-02-11,West,Seattle DC,Small Business,SKU-1006,Home,Kitchen Organizer,1,100.06,51.21,0.1,90.05,38.84,Completed
ORD-501523,2026-02-11,West,Los Angeles DC,Consumer,SKU-1001,Electronics,Noise-Canceling Headphones,1,202.4,94.45,0.05,192.28,97.83,Completed
ORD-501524,2026-02-11,Central,Chicago DC,Enterprise,SKU-1005,Home,Bedding Set,1,134.44,81.31,0,134.44,53.13,Completed
ORD-501525,2026-02-11,West,Seattle DC,Small Business,SKU-1010,Beauty,Skin Care Kit,1,212.38,144.24,0,212.38,68.14,Completed
ORD-501526,2026-02-11,East,Atlanta DC,Consumer,SKU-1009,Apparel,Travel Backpack,1,145.86,81.38,0,145.86,64.48,Completed
ORD-501527,2026-02-11,West,Seattle DC,Small Business,SKU-1002,Electronics,Smart Home Hub,2,202.52,137.45,0.1,364.54,89.64,Completed
ORD-501528,2026-02-11,West,Seattle DC,Small Business,SKU-1005,Home,Bedding Set,1,134.44,81.31,0,134.44,53.13,Completed
ORD-501529,2026-02-11,East,Miami DC,Enterprise,SKU-1004,Home,Air Purifier,1,39.43,23.74,0,39.43,15.69,Completed
ORD-501530,2026-02-11,East,Atlanta DC,Consumer,SKU-1010,Beauty,Skin Care Kit,1,212.38,144.24,0.05,201.76,57.52,Completed
ORD-501531,2026-02-11,Central,Minneapolis DC,Consumer,SKU-1011,Beauty,Hair Dryer,1,35.1,16.43,0,35.1,18.67,Returned
ORD-501532,2026-02-11,East,Miami DC,Consumer,SKU-1011,Beauty,Hair Dryer,3,35.1,16.43,0,105.3,56.01,Completed
ORD-501533,2026-02-11,East,Miami DC,Consumer,SKU-1011,Beauty,Hair Dryer,1,35.1,16.43,0.1,31.59,15.16,Completed
ORD-501534,2026-02-11,West,Los Angeles DC,Consumer,SKU-1012,Beauty,Fragrance Set,1,138.55,68.54,0,138.55,70.01,Completed
ORD-501535,2026-02-11,East,New Jersey DC,Consumer,SKU-1002,Electronics,Smart Home Hub,1,202.52,137.45,0,202.52,65.07,Completed
ORD-501536,2026-02-11,East,New Jersey DC,Enterprise,SKU-1010,Beauty,Skin Care Kit,3,212.38,144.24,0,637.14,204.42,Returned
ORD-501537,2026-02-11,East,Atlanta DC,Consumer,SKU-1006,Home,Kitchen Organizer,1,100.06,51.21,0,100.06,48.85,Completed
ORD-501538,2026-02-11,East,New Jersey DC,Small Business,SKU-1002,Electronics,Smart Home Hub,2,202.52,137.45,0,405.04,130.14,Completed
ORD-501539,2026-02-11,West,Denver DC,Consumer,SKU-1001,Electronics,Noise-Canceling Headphones,1,202.4,94.45,0.15,172.04,77.59,Completed
ORD-501540,2026-02-11,West,Denver DC,Consumer,SKU-1002,Electronics,Smart Home Hub,2,202.52,137.45,0,405.04,130.14,Completed
ORD-501541,2026-02-11,East,Atlanta DC,Consumer,SKU-1002,Electronics,Smart Home Hub,2,202.52,137.45,0,405.04,130.14,Completed
ORD-501542,2026-02-11,East,New Jersey DC,Enterprise,SKU-1001,Electronics,Noise-Canceling Headphones,1,202.4,94.45,0.1,182.16,87.71,Completed
ORD-501543,2026-02-11,Central,Dallas DC,Consumer,SKU-1004,Home,Air Purifier,2,39.43,23.74,0,78.86,31.38,Completed
ORD-501544,2026-02-11,East,Miami DC,Consumer,SKU-1001,Electronics,Noise-Canceling Headphones,1,202.4,94.45,0.05,192.28,97.83,Completed
ORD-501545,2026-02-11,Central,Chicago DC,Small Business,SKU-1007,Apparel,Performance Jacket,1,259.88,171.94,0,259.88,87.94,Completed
ORD-501546,2026-02-11,West,Seattle DC,Small Business,SKU-1009,Apparel,Travel Backpack,1,145.86,81.38,0.15,123.98,42.6,Completed
ORD-501547,2026-02-11,Central,Minneapolis DC,Small Business,SKU-1012,Beauty,Fragrance Set,1,138.55,68.54,0.05,131.62,63.08,Completed
ORD-501548,2026-02-11,East,New Jersey DC,Small Business,SKU-1004,Home,Air Purifier,1,39.43,23.74,0.15,33.52,9.78,Completed
ORD-501549,2026-02-11,East,New Jersey DC,Enterprise,SKU-1008,Apparel,Running Shoes,3,88.43,59.11,0,265.29,87.96,Completed
ORD-501550,2026-02-11,Central,Minneapolis DC,Enterprise,SKU-1009,Apparel,Travel Backpack,2,145.86,81.38,0.15,247.96,85.2,Completed
ORD-501551,2026-02-11,West,Denver DC,Enterprise,SKU-1004,Home,Air Purifier,1,39.43,23.74,0.15,33.52,9.78,Completed
ORD-501552,2026-02-11,Central,Dallas DC,Consumer,SKU-1004,Home,Air Purifier,1,39.43,23.74,0,39.43,15.69,Returned
ORD-501553,2026-02-11,Central,Chicago DC,Enterprise,SKU-1004,Home,Air Purifier,1,39.43,23.74,0.15,33.52,9.78,Completed
ORD-501554,2026-02-11,East,New Jersey DC,Small Business,SKU-1002,Electronics,Smart Home Hub,1,202.52,137.45,0.05,192.39,54.94,Completed
ORD-501555,2026-02-11,West,Denver DC,Enterprise,SKU-1007,Apparel,Performance Jacket,1,259.88,171.94,0.1,233.89,61.95,Completed
ORD-501556,2026-02-11,Central,Chicago DC,Consumer,SKU-1005,Home,Bedding Set,1,134.44,81.31,0.05,127.72,46.41,Completed
ORD-501557,2026-02-11,West,Los Angeles DC,Enterprise,SKU-1012,Beauty,Fragrance Set,2,138.55,68.54,0,277.1,140.02,Returned
ORD-501558,2026-02-12,East,Miami DC,Enterprise,SKU-1003,Electronics,Portable Charger,1,132.63,59.06,0,132.63,73.57,Completed
ORD-501559,2026-02-12,Central,Chicago DC,Consumer,SKU-1001,Electronics,Noise-Canceling Headphones,4,202.4,94.45,0,809.6,431.8,Completed
ORD-501560,2026-02-12,West,Denver DC,Consumer,SKU-1002,Electronics,Smart Home Hub,1,202.52,137.45,0,202.52,65.07,Completed
ORD-501561,2026-02-12,Central,Chicago DC,Enterprise,SKU-1010,Beauty,Skin Care Kit,1,212.38,144.24,0.05,201.76,57.52,Completed
ORD-501562,2026-02-12,Central,Minneapolis DC,Consumer,SKU-1006,Home,Kitchen Organizer,2,100.06,51.21,0.05,190.11,87.69,Completed
ORD-501563,2026-02-12,Central,Minneapolis DC,Small Business,SKU-1002,Electronics,Smart Home Hub,2,202.52,137.45,0.15,344.28,69.38,Completed
ORD-501564,2026-02-12,East,Atlanta DC,Small Business,SKU-1005,Home,Bedding Set,2,134.44,81.31,0,268.88,106.26,Completed
ORD-501565,2026-02-12,Central,Dallas DC,Enterprise,SKU-1005,Home,Bedding Set,1,134.44,81.31,0,134.44,53.13,Cancelled
ORD-501566,2026-02-12,East,Atlanta DC,Small Business,SKU-1012,Beauty,Fragrance Set,2,138.55,68.54,0.1,249.39,112.31,Completed
ORD-501567,2026-02-12,West,Denver DC,Enterprise,SKU-1008,Apparel,Running Shoes,2,88.43,59.11,0.1,159.17,40.95,Completed
ORD-501568,2026-02-12,West,Seattle DC,Enterprise,SKU-1003,Electronics,Portable Charger,1,132.63,59.06,0.1,119.37,60.31,Completed
ORD-501569,2026-02-12,East,Miami DC,Enterprise,SKU-1008,Apparel,Running Shoes,1,88.43,59.11,0,88.43,29.32,Completed
ORD-501570,2026-02-12,Central,Dallas DC,Small Business,SKU-1008,Apparel,Running Shoes,2,88.43,59.11,0,176.86,58.64,Completed
ORD-501571,2026-02-12,Central,Dallas DC,Small Business,SKU-1011,Beauty,Hair Dryer,2,35.1,16.43,0.1,63.18,30.32,Completed
ORD-501572,2026-02-12,Central,Chicago DC,Consumer,SKU-1005,Home,Bedding Set,1,134.44,81.31,0.05,127.72,46.41,Completed
ORD-501573,2026-02-12,Central,Minneapolis DC,Consumer,SKU-1001,Electronics,Noise-Canceling Headphones,2,202.4,94.45,0.05,384.56,195.66,Cancelled
ORD-501574,2026-02-12,Central,Dallas DC,Consumer,SKU-1012,Beauty,Fragrance Set,2,138.55,68.54,0.1,249.39,112.31,Completed
ORD-501575,2026-02-12,East,New Jersey DC,Small Business,SKU-1004,Home,Air Purifier,2,39.43,23.74,0.05,74.92,27.44,Completed
ORD-501576,2026-02-12,East,Miami DC,Consumer,SKU-1008,Apparel,Running Shoes,2,88.43,59.11,0.05,168.02,49.8,Completed
ORD-501577,2026-02-12,East,Atlanta DC,Small Business,SKU-1004,Home,Air Purifier,1,39.43,23.74,0,39.43,15.69,Completed
ORD-501578,2026-02-12,Central,Dallas DC,Small Business,SKU-1005,Home,Bedding Set,1,134.44,81.31,0.1,121.0,39.69,Completed
ORD-501579,2026-02-12,East,Atlanta DC,Consumer,SKU-1001,Electronics,Noise-Canceling Headphones,1,202.4,94.45,0,202.4,107.95,Completed
ORD-501580,2026-02-12,East,Atlanta DC,Consumer,SKU-1003,Electronics,Portable Charger,2,132.63,59.06,0,265.26,147.14,Completed
ORD-501581,2026-02-12,West,Seattle DC,Small Business,SKU-1012,Beauty,Fragrance Set,3,138.55,68.54,0.1,374.09,168.47,Completed
ORD-501582,2026-02-12,East,Miami DC,Enterprise,SKU-1003,Electronics,Portable Charger,2,132.63,59.06,0.05,252.0,133.88,Completed
ORD-501583,2026-02-12,West,Los Angeles DC,Enterprise,SKU-1011,Beauty,Hair Dryer,1,35.1,16.43,0,35.1,18.67,Completed
ORD-501584,2026-02-12,Central,Dallas DC,Enterprise,SKU-1006,Home,Kitchen Organizer,1,100.06,51.21,0,100.06,48.85,Completed
ORD-501585,2026-02-12,East,New Jersey DC,Small Business,SKU-1008,Apparel,Running Shoes,4,88.43,59.11,0.1,318.35,81.91,Completed
ORD-501586,2026-02-12,Central,Dallas DC,Small Business,SKU-1009,Apparel,Travel Backpack,3,145.86,81.38,0.15,371.94,127.8,Completed
ORD-501587,2026-02-12,East,New Jersey DC,Small Business,SKU-1004,Home,Air Purifier,2,39.43,23.74,0.1,70.97,23.49,Completed
ORD-501588,2026-02-12,West,Seattle DC,Small Business,SKU-1011,Beauty,Hair Dryer,1,35.1,16.43,0,35.1,18.67,Returned
ORD-501589,2026-02-12,East,Miami DC,Small Business,SKU-1005,Home,Bedding Set,1,134.44,81.31,0.05,127.72,46.41,Completed
ORD-501590,2026-02-12,West,Los Angeles DC,Consumer,SKU-1007,Apparel,Performance Jacket,2,259.88,171.94,0.1,467.78,123.9,Cancelled
ORD-501591,2026-02-12,Central,Dallas DC,Enterprise,SKU-1006,Home,Kitchen Organizer,1,100.06,51.21,0,100.06,48.85,Completed
ORD-501592,2026-02-12,Central,Minneapolis DC,Small Business,SKU-1008,Apparel,Running Shoes,1,88.43,59.11,0,88.43,29.32,Completed
ORD-501593,2026-02-12,West,Los Angeles DC,Small Business,SKU-1001,Electronics,Noise-Canceling Headphones,1,202.4,94.45,0,202.4,107.95,Completed
ORD-501594,2026-02-13,West,Seattle DC,Consumer,SKU-1005,Home,Bedding Set,4,134.44,81.31,0,537.76,212.52,Completed
ORD-501595,2026-02-13,West,Denver DC,Small Business,SKU-1005,Home,Bedding Set,1,134.44,81.31,0,134.44,53.13,Completed
ORD-501596,2026-02-13,East,New Jersey DC,Consumer,SKU-1004,Home,Air Purifier,1,39.43,23.74,0.1,35.49,11.75,Completed
ORD-501597,2026-02-13,West,Los Angeles DC,Consumer,SKU-1003,Electronics,Portable Charger,1,132.63,59.06,0,132.63,73.57,Completed
ORD-501598,2026-02-13,West,Denver DC,Consumer,SKU-1007,Apparel,Performance Jacket,1,259.88,171.94,0.05,246.89,74.95,Completed
ORD-501599,2026-02-13,West,Denver DC,Consumer,SKU-1004,Home,Air Purifier,1,39.43,23.74,0,39.43,15.69,Completed
ORD-501600,2026-02-13,West,Los Angeles DC,Consumer,SKU-1008,Apparel,Running Shoes,3,88.43,59.11,0,265.29,87.96,Completed
ORD-501601,2026-02-13,West,Denver DC,Consumer,SKU-1009,Apparel,Travel Backpack,3,145.86,81.38,0.05,415.7,171.56,Completed
ORD-501602,2026-02-13,East,Atlanta DC,Small Business,SKU-1012,Beauty,Fragrance Set,1,138.55,68.54,0.1,124.7,56.16,Completed
ORD-501603,2026-02-13,East,Miami DC,Small Business,SKU-1002,Electronics,Smart Home Hub,3,202.52,137.45,0.1,546.8,134.45,Completed
ORD-501604,2026-02-13,East,Miami DC,Enterprise,SKU-1004,Home,Air Purifier,1,39.43,23.74,0,39.43,15.69,Completed
ORD-501605,2026-02-13,West,Seattle DC,Small Business,SKU-1002,Electronics,Smart Home Hub,3,202.52,137.45,0.15,516.43,104.08,Completed
ORD-501606,2026-02-13,East,Atlanta DC,Small Business,SKU-1008,Apparel,Running Shoes,2,88.43,59.11,0.15,150.33,32.11,Completed
ORD-501607,2026-02-13,Central,Chicago DC,Small Business,SKU-1005,Home,Bedding Set,1,134.44,81.31,0,134.44,53.13,Completed
ORD-501608,2026-02-13,West,Los Angeles DC,Small Business,SKU-1005,Home,Bedding Set,1,134.44,81.31,0.1,121.0,39.69,Completed
ORD-501609,2026-02-13,Central,Chicago DC,Enterprise,SKU-1010,Beauty,Skin Care Kit,3,212.38,144.24,0.05,605.28,172.56,Completed
ORD-501610,2026-02-13,Central,Chicago DC,Consumer,SKU-1008,Apparel,Running Shoes,3,88.43,59.11,0,265.29,87.96,Completed
ORD-501611,2026-02-13,West,Seattle DC,Small Business,SKU-1003,Electronics,Portable Charger,2,132.63,59.06,0.1,238.73,120.61,Completed
ORD-501612,2026-02-13,East,New Jersey DC,Enterprise,SKU-1007,Apparel,Performance Jacket,3,259.88,171.94,0,779.64,263.82,Completed
ORD-501613,2026-02-13,West,Denver DC,Small Business,SKU-1003,Electronics,Portable Charger,1,132.63,59.06,0,132.63,73.57,Completed
ORD-501614,2026-02-13,East,Atlanta DC,Consumer,SKU-1005,Home,Bedding Set,1,134.44,81.31,0,134.44,53.13,Completed
ORD-501615,2026-02-13,East,Atlanta DC,Consumer,SKU-1009,Apparel,Travel Backpack,1,145.86,81.38,0,145.86,64.48,Completed
ORD-501616,2026-02-13,East,Atlanta DC,Consumer,SKU-1002,Electronics,Smart Home Hub,1,202.52,137.45,0,202.52,65.07,Completed
ORD-501617,2026-02-13,East,Miami DC,Small Business,SKU-1009,Apparel,Travel Backpack,1,145.86,81.38,0,145.86,64.48,Completed
ORD-501618,2026-02-13,East,Atlanta DC,Consumer,SKU-1006,Home,Kitchen Organizer,2,100.06,51.21,0,200.12,97.7,Completed
ORD-501619,2026-02-13,Central,Chicago DC,Consumer,SKU-1006,Home,Kitchen Organizer,1,100.06,51.21,0,100.06,48.85,Completed
ORD-501620,2026-02-13,Central,Chicago DC,Consumer,SKU-1006,Home,Kitchen Organizer,1,100.06,51.21,0.05,95.06,43.85,Completed
ORD-501621,2026-02-13,West,Los Angeles DC,Enterprise,SKU-1010,Beauty,Skin Care Kit,2,212.38,144.24,0.05,403.52,115.04,Completed
ORD-501622,2026-02-13,West,Seattle DC,Small Business,SKU-1003,Electronics,Portable Charger,2,132.63,59.06,0.1,238.73,120.61,Completed
ORD-501623,2026-02-13,Central,Minneapolis DC,Small Business,SKU-1011,Beauty,Hair Dryer,1,35.1,16.43,0.05,33.34,16.91,Completed
ORD-501624,2026-02-13,West,Los Angeles DC,Enterprise,SKU-1003,Electronics,Portable Charger,3,132.63,59.06,0,397.89,220.71,Completed
ORD-501625,2026-02-13,East,Atlanta DC,Consumer,SKU-1009,Apparel,Travel Backpack,1,145.86,81.38,0,145.86,64.48,Completed
ORD-501626,2026-02-13,East,Atlanta DC,Consumer,SKU-1010,Beauty,Skin Care Kit,1,212.38,144.24,0.05,201.76,57.52,Completed
ORD-501627,2026-02-13,West,Denver DC,Consumer,SKU-1008,Apparel,Running Shoes,3,88.43,59.11,0.05,252.03,74.7,Completed
ORD-501628,2026-02-13,West,Los Angeles DC,Consumer,SKU-1004,Home,Air Purifier,4,39.43,23.74,0.1,141.95,46.99,Completed
ORD-501629,2026-02-13,West,Denver DC,Consumer,SKU-1011,Beauty,Hair Dryer,2,35.1,16.43,0,70.2,37.34,Completed
ORD-501630,2026-02-13,Central,Minneapolis DC,Enterprise,SKU-1007,Apparel,Performance Jacket,1,259.88,171.94,0.15,220.9,48.96,Completed
ORD-501631,2026-02-13,East,Miami DC,Enterprise,SKU-1011,Beauty,Hair Dryer,2,35.1,16.43,0,70.2,37.34,Completed
ORD-501632,2026-02-13,Central,Minneapolis DC,Consumer,SKU-1003,Electronics,Portable Charger,2,132.63,59.06,0,265.26,147.14,Completed
ORD-501633,2026-02-13,West,Seattle DC,Consumer,SKU-1011,Beauty,Hair Dryer,2,35.1,16.43,0,70.2,37.34,Completed
ORD-501634,2026-02-13,Central,Chicago DC,Small Business,SKU-1001,Electronics,Noise-Canceling Headphones,1,202.4,94.45,0.05,192.28,97.83,Completed
ORD-501635,2026-02-13,West,Denver DC,Enterprise,SKU-1005,Home,Bedding Set,2,134.44,81.31,0.15,228.55,65.93,Completed
ORD-501636,2026-02-13,West,Seattle DC,Enterprise,SKU-1011,Beauty,Hair Dryer,1,35.1,16.43,0,35.1,18.67,Completed
ORD-501637,2026-02-13,East,New Jersey DC,Enterprise,SKU-1007,Apparel,Performance Jacket,1,259.88,171.94,0,259.88,87.94,Completed
ORD-501638,2026-02-13,East,New Jersey DC,Small Business,SKU-1005,Home,Bedding Set,3,134.44,81.31,0.15,342.82,98.89,Completed
ORD-501639,2026-02-13,Central,Dallas DC,Consumer,SKU-1005,Home,Bedding Set,2,134.44,81.31,0,268.88,106.26,Completed
ORD-501640,2026-02-13,West,Los Angeles DC,Enterprise,SKU-1011,Beauty,Hair Dryer,2,35.1,16.43,0,70.2,37.34,Completed
ORD-501641,2026-02-13,East,New Jersey DC,Small Business,SKU-1010,Beauty,Skin Care Kit,1,212.38,144.24,0.1,191.14,46.9,Completed
ORD-501642,2026-02-14,East,New Jersey DC,Small Business,SKU-1012,Beauty,Fragrance Set,1,138.55,68.54,0,138.55,70.01,Completed
ORD-501643,2026-02-14,East,Atlanta DC,Enterprise,SKU-1001,Electronics,Noise-Canceling Headphones,1,202.4,94.45,0.15,172.04,77.59,Completed
ORD-501644,2026-02-14,East,New Jersey DC,Small Business,SKU-1008,Apparel,Running Shoes,2,88.43,59.11,0,176.86,58.64,Completed
ORD-501645,2026-02-14,West,Seattle DC,Small Business,SKU-1003,Electronics,Portable Charger,2,132.63,59.06,0.05,252.0,133.88,Completed
ORD-501646,2026-02-14,West,Denver DC,Enterprise,SKU-1009,Apparel,Travel Backpack,2,145.86,81.38,0,291.72,128.96,Completed
ORD-501647,2026-02-14,Central,Chicago DC,Small Business,SKU-1009,Apparel,Travel Backpack,2,145.86,81.38,0.05,277.13,114.37,Cancelled
ORD-501648,2026-02-14,West,Denver DC,Small Business,SKU-1006,Home,Kitchen Organizer,4,100.06,51.21,0,400.24,195.4,Returned
ORD-501649,2026-02-14,Central,Minneapolis DC,Small Business,SKU-1001,Electronics,Noise-Canceling Headphones,2,202.4,94.45,0.15,344.08,155.18,Completed
ORD-501650,2026-02-14,Central,Chicago DC,Consumer,SKU-1008,Apparel,Running Shoes,1,88.43,59.11,0.15,75.17,16.06,Completed
ORD-501651,2026-02-14,Central,Chicago DC,Enterprise,SKU-1012,Beauty,Fragrance Set,2,138.55,68.54,0.1,249.39,112.31,Completed
ORD-501652,2026-02-14,West,Seattle DC,Enterprise,SKU-1008,Apparel,Running Shoes,1,88.43,59.11,0.1,79.59,20.48,Completed
ORD-501653,2026-02-14,East,Atlanta DC,Enterprise,SKU-1006,Home,Kitchen Organizer,1,100.06,51.21,0,100.06,48.85,Completed
ORD-501654,2026-02-14,Central,Chicago DC,Small Business,SKU-1011,Beauty,Hair Dryer,2,35.1,16.43,0.05,66.69,33.83,Completed
ORD-501655,2026-02-14,Central,Dallas DC,Enterprise,SKU-1006,Home,Kitchen Organizer,3,100.06,51.21,0.05,285.17,131.54,Completed
ORD-501656,2026-02-14,East,Atlanta DC,Consumer,SKU-1004,Home,Air Purifier,2,39.43,23.74,0.05,74.92,27.44,Completed
ORD-501657,2026-02-14,East,Atlanta DC,Small Business,SKU-1007,Apparel,Performance Jacket,1,259.88,171.94,0.15,220.9,48.96,Completed
ORD-501658,2026-02-14,Central,Dallas DC,Enterprise,SKU-1007,Apparel,Performance Jacket,1,259.88,171.94,0.15,220.9,48.96,Returned
ORD-501659,2026-02-14,West,Denver DC,Consumer,SKU-1008,Apparel,Running Shoes,1,88.43,59.11,0.1,79.59,20.48,Completed
ORD-501660,2026-02-14,Central,Minneapolis DC,Enterprise,SKU-1011,Beauty,Hair Dryer,1,35.1,16.43,0.1,31.59,15.16,Completed
ORD-501661,2026-02-14,West,Seattle DC,Consumer,SKU-1010,Beauty,Skin Care Kit,1,212.38,144.24,0.15,180.52,36.28,Completed
ORD-501662,2026-02-14,East,New Jersey DC,Consumer,SKU-1006,Home,Kitchen Organizer,1,100.06,51.21,0.15,85.05,33.84,Completed
ORD-501663,2026-02-14,Central,Minneapolis DC,Small Business,SKU-1002,Electronics,Smart Home Hub,2,202.52,137.45,0,405.04,130.14,Completed
ORD-501664,2026-02-14,Central,Minneapolis DC,Enterprise,SKU-1001,Electronics,Noise-Canceling Headphones,2,202.4,94.45,0.15,344.08,155.18,Completed
ORD-501665,2026-02-14,Central,Minneapolis DC,Enterprise,SKU-1006,Home,Kitchen Organizer,1,100.06,51.21,0,100.06,48.85,Completed
ORD-501666,2026-02-14,East,Atlanta DC,Small Business,SKU-1012,Beauty,Fragrance Set,2,138.55,68.54,0,277.1,140.02,Completed
ORD-501667,2026-02-14,West,Los Angeles DC,Consumer,SKU-1005,Home,Bedding Set,1,134.44,81.31,0,134.44,53.13,Completed
ORD-501668,2026-02-14,East,New Jersey DC,Consumer,SKU-1003,Electronics,Portable Charger,3,132.63,59.06,0,397.89,220.71,Completed
ORD-501669,2026-02-14,Central,Chicago DC,Consumer,SKU-1004,Home,Air Purifier,1,39.43,23.74,0.05,37.46,13.72,Returned
ORD-501670,2026-02-14,Central,Dallas DC,Consumer,SKU-1003,Electronics,Portable Charger,2,132.63,59.06,0.15,225.47,107.35,Completed
ORD-501671,2026-02-15,West,Denver DC,Enterprise,SKU-1007,Apparel,Performance Jacket,1,259.88,171.94,0.15,220.9,48.96,Completed
ORD-501672,2026-02-15,West,Los Angeles DC,Small Business,SKU-1012,Beauty,Fragrance Set,2,138.55,68.54,0.05,263.25,126.16,Cancelled
ORD-501673,2026-02-15,Central,Minneapolis DC,Small Business,SKU-1004,Home,Air Purifier,1,39.43,23.74,0,39.43,15.69,Returned
ORD-501674,2026-02-15,East,Atlanta DC,Enterprise,SKU-1011,Beauty,Hair Dryer,1,35.1,16.43,0.05,33.34,16.91,Completed
ORD-501675,2026-02-15,Central,Chicago DC,Consumer,SKU-1002,Electronics,Smart Home Hub,1,202.52,137.45,0.15,172.14,34.69,Completed
ORD-501676,2026-02-15,West,Seattle DC,Small Business,SKU-1004,Home,Air Purifier,1,39.43,23.74,0,39.43,15.69,Completed
ORD-501677,2026-02-15,West,Denver DC,Small Business,SKU-1003,Electronics,Portable Charger,1,132.63,59.06,0.05,126.0,66.94,Completed
ORD-501678,2026-02-15,East,Atlanta DC,Consumer,SKU-1004,Home,Air Purifier,3,39.43,23.74,0,118.29,47.07,Completed
ORD-501679,2026-02-15,East,Atlanta DC,Consumer,SKU-1003,Electronics,Portable Charger,2,132.63,59.06,0.15,225.47,107.35,Completed
ORD-501680,2026-02-15,Central,Chicago DC,Consumer,SKU-1004,Home,Air Purifier,2,39.43,23.74,0,78.86,31.38,Completed
ORD-501681,2026-02-15,Central,Dallas DC,Small Business,SKU-1005,Home,Bedding Set,4,134.44,81.31,0.15,457.1,131.86,Completed
ORD-501682,2026-02-15,Central,Chicago DC,Small Business,SKU-1008,Apparel,Running Shoes,3,88.43,59.11,0,265.29,87.96,Completed
ORD-501683,2026-02-15,West,Seattle DC,Small Business,SKU-1005,Home,Bedding Set,1,134.44,81.31,0.1,121.0,39.69,Completed
ORD-501684,2026-02-15,West,Denver DC,Small Business,SKU-1002,Electronics,Smart Home Hub,1,202.52,137.45,0.05,192.39,54.94,Returned
ORD-501685,2026-02-15,West,Denver DC,Small Business,SKU-1008,Apparel,Running Shoes,1,88.43,59.11,0.15,75.17,16.06,Completed
ORD-501686,2026-02-15,West,Los Angeles DC,Enterprise,SKU-1005,Home,Bedding Set,1,134.44,81.31,0,134.44,53.13,Completed
ORD-501687,2026-02-15,East,New Jersey DC,Enterprise,SKU-1004,Home,Air Purifier,2,39.43,23.74,0.15,67.03,19.55,Completed
ORD-501688,2026-02-15,West,Los Angeles DC,Small Business,SKU-1007,Apparel,Performance Jacket,3,259.88,171.94,0,779.64,263.82,Completed
ORD-501689,2026-02-15,East,Atlanta DC,Small Business,SKU-1008,Apparel,Running Shoes,1,88.43,59.11,0.05,84.01,24.9,Completed
ORD-501690,2026-02-15,East,Atlanta DC,Enterprise,SKU-1006,Home,Kitchen Organizer,2,100.06,51.21,0,200.12,97.7,Completed
ORD-501691,2026-02-15,Central,Dallas DC,Small Business,SKU-1010,Beauty,Skin Care Kit,2,212.38,144.24,0,424.76,136.28,Completed
ORD-501692,2026-02-15,West,Seattle DC,Small Business,SKU-1004,Home,Air Purifier,1,39.43,23.74,0,39.43,15.69,Completed
ORD-501693,2026-02-15,East,Atlanta DC,Small Business,SKU-1002,Electronics,Smart Home Hub,2,202.52,137.45,0,405.04,130.14,Completed
ORD-501694,2026-02-15,West,Los Angeles DC,Enterprise,SKU-1003,Electronics,Portable Charger,1,132.63,59.06,0.05,126.0,66.94,Completed
ORD-501695,2026-02-15,East,New Jersey DC,Enterprise,SKU-1001,Electronics,Noise-Canceling Headphones,3,202.4,94.45,0.05,576.84,293.49,Completed
ORD-501696,2026-02-15,East,Miami DC,Small Business,SKU-1004,Home,Air Purifier,1,39.43,23.74,0.15,33.52,9.78,Completed
ORD-501697,2026-02-15,East,New Jersey DC,Enterprise,SKU-1002,Electronics,Smart Home Hub,1,202.52,137.45,0.1,182.27,44.82,Completed
ORD-501698,2026-02-15,West,Los Angeles DC,Consumer,SKU-1012,Beauty,Fragrance Set,1,138.55,68.54,0.15,117.77,49.23,Cancelled
ORD-501699,2026-02-15,West,Denver DC,Consumer,SKU-1009,Apparel,Travel Backpack,1,145.86,81.38,0,145.86,64.48,Completed
ORD-501700,2026-02-15,Central,Minneapolis DC,Small Business,SKU-1009,Apparel,Travel Backpack,2,145.86,81.38,0.1,262.55,99.79,Completed
ORD-501701,2026-02-15,East,Atlanta DC,Consumer,SKU-1003,Electronics,Portable Charger,1,132.63,59.06,0.05,126.0,66.94,Completed
ORD-501702,2026-02-15,West,Seattle DC,Small Business,SKU-1011,Beauty,Hair Dryer,4,35.1,16.43,0.1,126.36,60.64,Returned
ORD-501703,2026-02-15,Central,Chicago DC,Small Business,SKU-1006,Home,Kitchen Organizer,1,100.06,51.21,0,100.06,48.85,Completed
ORD-501704,2026-02-15,East,New Jersey DC,Consumer,SKU-1006,Home,Kitchen Organizer,2,100.06,51.21,0,200.12,97.7,Completed
ORD-501705,2026-02-15,Central,Dallas DC,Consumer,SKU-1008,Apparel,Running Shoes,2,88.43,59.11,0,176.86,58.64,Completed
ORD-501706,2026-02-15,Central,Dallas DC,Enterprise,SKU-1011,Beauty,Hair Dryer,1,35.1,16.43,0,35.1,18.67,Completed
ORD-501707,2026-02-15,East,New Jersey DC,Enterprise,SKU-1005,Home,Bedding Set,1,134.44,81.31,0,134.44,53.13,Completed
ORD-501708,2026-02-15,East,Atlanta DC,Consumer,SKU-1006,Home,Kitchen Organizer,1,100.06,51.21,0,100.06,48.85,Completed
ORD-501709,2026-02-15,Central,Dallas DC,Enterprise,SKU-1011,Beauty,Hair Dryer,1,35.1,16.43,0.1,31.59,15.16,Completed
ORD-501710,2026-02-15,East,New Jersey DC,Consumer,SKU-1005,Home,Bedding Set,1,134.44,81.31,0,134.44,53.13,Completed
ORD-501711,2026-02-15,West,Denver DC,Consumer,SKU-1007,Apparel,Performance Jacket,1,259.88,171.94,0.1,233.89,61.95,Completed
ORD-501712,2026-02-15,East,Atlanta DC,Enterprise,SKU-1003,Electronics,Portable Charger,1,132.63,59.06,0.1,119.37,60.31,Completed
ORD-501713,2026-02-15,West,Seattle DC,Enterprise,SKU-1007,Apparel,Performance Jacket,1,259.88,171.94,0.05,246.89,74.95,Completed
ORD-501714,2026-02-15,West,Seattle DC,Consumer,SKU-1003,Electronics,Portable Charger,4,132.63,59.06,0,530.52,294.28,Completed
ORD-501715,2026-02-16,East,Atlanta DC,Consumer,SKU-1001,Electronics,Noise-Canceling Headphones,4,202.4,94.45,0,809.6,431.8,Completed
ORD-501716,2026-02-16,West,Denver DC,Small Business,SKU-1010,Beauty,Skin Care Kit,1,212.38,144.24,0.1,191.14,46.9,Completed
ORD-501717,2026-02-16,West,Los Angeles DC,Small Business,SKU-1002,Electronics,Smart Home Hub,1,202.52,137.45,0.05,192.39,54.94,Completed
ORD-501718,2026-02-16,East,New Jersey DC,Consumer,SKU-1006,Home,Kitchen Organizer,1,100.06,51.21,0,100.06,48.85,Completed
ORD-501719,2026-02-16,East,Atlanta DC,Enterprise,SKU-1005,Home,Bedding Set,1,134.44,81.31,0,134.44,53.13,Completed
ORD-501720,2026-02-16,East,New Jersey DC,Consumer,SKU-1011,Beauty,Hair Dryer,1,35.1,16.43,0.1,31.59,15.16,Completed
ORD-501721,2026-02-16,East,Atlanta DC,Enterprise,SKU-1006,Home,Kitchen Organizer,1,100.06,51.21,0,100.06,48.85,Completed
ORD-501722,2026-02-16,Central,Chicago DC,Enterprise,SKU-1003,Electronics,Portable Charger,3,132.63,59.06,0,397.89,220.71,Completed
ORD-501723,2026-02-16,Central,Minneapolis DC,Enterprise,SKU-1009,Apparel,Travel Backpack,1,145.86,81.38,0,145.86,64.48,Completed
ORD-501724,2026-02-16,West,Los Angeles DC,Enterprise,SKU-1002,Electronics,Smart Home Hub,1,202.52,137.45,0.1,182.27,44.82,Completed
ORD-501725,2026-02-16,East,Miami DC,Enterprise,SKU-1003,Electronics,Portable Charger,2,132.63,59.06,0.1,238.73,120.61,Completed
ORD-501726,2026-02-16,West,Denver DC,Consumer,SKU-1007,Apparel,Performance Jacket,3,259.88,171.94,0.1,701.68,185.86,Completed
ORD-501727,2026-02-16,West,Los Angeles DC,Small Business,SKU-1003,Electronics,Portable Charger,1,132.63,59.06,0.05,126.0,66.94,Completed
ORD-501728,2026-02-16,Central,Minneapolis DC,Consumer,SKU-1009,Apparel,Travel Backpack,1,145.86,81.38,0.05,138.57,57.19,Completed
ORD-501729,2026-02-16,East,Atlanta DC,Small Business,SKU-1001,Electronics,Noise-Canceling Headphones,1,202.4,94.45,0.1,182.16,87.71,Completed
ORD-501730,2026-02-16,West,Seattle DC,Enterprise,SKU-1004,Home,Air Purifier,1,39.43,23.74,0,39.43,15.69,Completed
ORD-501731,2026-02-16,East,Miami DC,Consumer,SKU-1005,Home,Bedding Set,2,134.44,81.31,0,268.88,106.26,Completed
ORD-501732,2026-02-16,Central,Chicago DC,Enterprise,SKU-1012,Beauty,Fragrance Set,1,138.55,68.54,0,138.55,70.01,Completed
ORD-501733,2026-02-16,West,Denver DC,Consumer,SKU-1011,Beauty,Hair Dryer,1,35.1,16.43,0,35.1,18.67,Completed
ORD-501734,2026-02-16,East,Atlanta DC,Small Business,SKU-1009,Apparel,Travel Backpack,4,145.86,81.38,0,583.44,257.92,Cancelled
ORD-501735,2026-02-16,East,Atlanta DC,Enterprise,SKU-1009,Apparel,Travel Backpack,4,145.86,81.38,0,583.44,257.92,Completed
ORD-501736,2026-02-16,Central,Dallas DC,Consumer,SKU-1011,Beauty,Hair Dryer,1,35.1,16.43,0.05,33.34,16.91,Completed
ORD-501737,2026-02-16,West,Denver DC,Consumer,SKU-1007,Apparel,Performance Jacket,2,259.88,171.94,0.05,493.77,149.89,Returned
ORD-501738,2026-02-16,East,New Jersey DC,Small Business,SKU-1012,Beauty,Fragrance Set,3,138.55,68.54,0.1,374.09,168.47,Completed
ORD-501739,2026-02-16,Central,Chicago DC,Consumer,SKU-1003,Electronics,Portable Charger,1,132.63,59.06,0,132.63,73.57,Completed
ORD-501740,2026-02-16,East,New Jersey DC,Small Business,SKU-1008,Apparel,Running Shoes,3,88.43,59.11,0.15,225.5,48.17,Returned
ORD-501741,2026-02-16,East,Atlanta DC,Enterprise,SKU-1006,Home,Kitchen Organizer,2,100.06,51.21,0,200.12,97.7,Completed
ORD-501742,2026-02-16,West,Los Angeles DC,Small Business,SKU-1011,Beauty,Hair Dryer,2,35.1,16.43,0,70.2,37.34,Completed
ORD-501743,2026-02-16,Central,Minneapolis DC,Consumer,SKU-1012,Beauty,Fragrance Set,1,138.55,68.54,0.1,124.7,56.16,Completed
ORD-501744,2026-02-16,West,Denver DC,Enterprise,SKU-1005,Home,Bedding Set,1,134.44,81.31,0.1,121.0,39.69,Completed
ORD-501745,2026-02-16,West,Denver DC,Small Business,SKU-1001,Electronics,Noise-Canceling Headphones,3,202.4,94.45,0.1,546.48,263.13,Completed
ORD-501746,2026-02-16,East,New Jersey DC,Small Business,SKU-1009,Apparel,Travel Backpack,1,145.86,81.38,0,145.86,64.48,Completed
ORD-501747,2026-02-16,East,New Jersey DC,Small Business,SKU-1010,Beauty,Skin Care Kit,4,212.38,144.24,0.1,764.57,187.61,Completed
ORD-501748,2026-02-16,East,Atlanta DC,Small Business,SKU-1012,Beauty,Fragrance Set,3,138.55,68.54,0.05,394.87,189.25,Completed
ORD-501749,2026-02-16,Central,Minneapolis DC,Small Business,SKU-1010,Beauty,Skin Care Kit,1,212.38,144.24,0,212.38,68.14,Completed
ORD-501750,2026-02-16,West,Denver DC,Consumer,SKU-1005,Home,Bedding Set,2,134.44,81.31,0.1,241.99,79.37,Completed
ORD-501751,2026-02-16,East,Atlanta DC,Consumer,SKU-1005,Home,Bedding Set,1,134.44,81.31,0.1,121.0,39.69,Completed
ORD-501752,2026-02-16,Central,Chicago DC,Small Business,SKU-1007,Apparel,Performance Jacket,1,259.88,171.94,0,259.88,87.94,Completed
ORD-501753,2026-02-16,East,New Jersey DC,Consumer,SKU-1007,Apparel,Performance Jacket,2,259.88,171.94,0.15,441.8,97.92,Completed
ORD-501754,2026-02-16,East,Atlanta DC,Consumer,SKU-1011,Beauty,Hair Dryer,1,35.1,16.43,0,35.1,18.67,Completed
ORD-501755,2026-02-16,Central,Chicago DC,Small Business,SKU-1001,Electronics,Noise-Canceling Headphones,1,202.4,94.45,0,202.4,107.95,Completed
ORD-501756,2026-02-17,West,Los Angeles DC,Consumer,SKU-1004,Home,Air Purifier,1,39.43,23.74,0.1,35.49,11.75,Completed
ORD-501757,2026-02-17,Central,Dallas DC,Consumer,SKU-1003,Electronics,Portable Charger,3,132.63,59.06,0.05,378.0,200.82,Completed
ORD-501758,2026-02-17,East,Atlanta DC,Enterprise,SKU-1002,Electronics,Smart Home Hub,1,202.52,137.45,0,202.52,65.07,Completed
ORD-501759,2026-02-17,Central,Minneapolis DC,Consumer,SKU-1008,Apparel,Running Shoes,3,88.43,59.11,0.1,238.76,61.43,Completed
ORD-501760,2026-02-17,West,Los Angeles DC,Small Business,SKU-1001,Electronics,Noise-Canceling Headphones,1,202.4,94.45,0.05,192.28,97.83,Completed
ORD-501761,2026-02-17,East,Miami DC,Small Business,SKU-1009,Apparel,Travel Backpack,3,145.86,81.38,0,437.58,193.44,Completed
ORD-501762,2026-02-17,East,New Jersey DC,Small Business,SKU-1004,Home,Air Purifier,1,39.43,23.74,0.1,35.49,11.75,Completed
ORD-501763,2026-02-17,West,Seattle DC,Consumer,SKU-1001,Electronics,Noise-Canceling Headphones,3,202.4,94.45,0.05,576.84,293.49,Completed
ORD-501764,2026-02-17,West,Denver DC,Enterprise,SKU-1008,Apparel,Running Shoes,2,88.43,59.11,0,176.86,58.64,Completed
ORD-501765,2026-02-17,East,Miami DC,Enterprise,SKU-1008,Apparel,Running Shoes,1,88.43,59.11,0.05,84.01,24.9,Returned
ORD-501766,2026-02-17,West,Los Angeles DC,Small Business,SKU-1004,Home,Air Purifier,1,39.43,23.74,0,39.43,15.69,Completed
ORD-501767,2026-02-17,East,New Jersey DC,Enterprise,SKU-1010,Beauty,Skin Care Kit,3,212.38,144.24,0,637.14,204.42,Completed
ORD-501768,2026-02-17,East,New Jersey DC,Small Business,SKU-1002,Electronics,Smart Home Hub,1,202.52,137.45,0,202.52,65.07,Completed
ORD-501769,2026-02-17,West,Denver DC,Enterprise,SKU-1007,Apparel,Performance Jacket,3,259.88,171.94,0.05,740.66,224.84,Completed
ORD-501770,2026-02-17,East,New Jersey DC,Consumer,SKU-1007,Apparel,Performance Jacket,1,259.88,171.94,0,259.88,87.94,Completed
ORD-501771,2026-02-17,Central,Chicago DC,Consumer,SKU-1009,Apparel,Travel Backpack,1,145.86,81.38,0,145.86,64.48,Completed
ORD-501772,2026-02-17,Central,Dallas DC,Consumer,SKU-1001,Electronics,Noise-Canceling Headphones,1,202.4,94.45,0.05,192.28,97.83,Completed
ORD-501773,2026-02-17,West,Denver DC,Enterprise,SKU-1004,Home,Air Purifier,3,39.43,23.74,0.05,112.38,41.16,Completed
ORD-501774,2026-02-17,West,Los Angeles DC,Consumer,SKU-1010,Beauty,Skin Care Kit,2,212.38,144.24,0,424.76,136.28,Completed
ORD-501775,2026-02-17,East,Miami DC,Consumer,SKU-1009,Apparel,Travel Backpack,2,145.86,81.38,0,291.72,128.96,Completed
ORD-501776,2026-02-17,East,Miami DC,Enterprise,SKU-1012,Beauty,Fragrance Set,3,138.55,68.54,0.15,353.3,147.68,Completed
ORD-501777,2026-02-17,East,Miami DC,Small Business,SKU-1003,Electronics,Portable Charger,1,132.63,59.06,0.1,119.37,60.31,Returned
ORD-501778,2026-02-17,Central,Minneapolis DC,Enterprise,SKU-1006,Home,Kitchen Organizer,1,100.06,51.21,0,100.06,48.85,Completed
ORD-501779,2026-02-17,Central,Chicago DC,Small Business,SKU-1006,Home,Kitchen Organizer,1,100.06,51.21,0,100.06,48.85,Completed
ORD-501780,2026-02-17,Central,Dallas DC,Consumer,SKU-1002,Electronics,Smart Home Hub,1,202.52,137.45,0,202.52,65.07,Completed
ORD-501781,2026-02-17,Central,Minneapolis DC,Small Business,SKU-1003,Electronics,Portable Charger,1,132.63,59.06,0.15,112.74,53.68,Cancelled
ORD-501782,2026-02-17,Central,Dallas DC,Small Business,SKU-1010,Beauty,Skin Care Kit,1,212.38,144.24,0,212.38,68.14,Completed
ORD-501783,2026-02-17,East,New Jersey DC,Consumer,SKU-1007,Apparel,Performance Jacket,1,259.88,171.94,0.1,233.89,61.95,Completed
ORD-501784,2026-02-17,West,Los Angeles DC,Enterprise,SKU-1008,Apparel,Running Shoes,1,88.43,59.11,0,88.43,29.32,Completed
ORD-501785,2026-02-17,Central,Minneapolis DC,Small Business,SKU-1003,Electronics,Portable Charger,1,132.63,59.06,0.1,119.37,60.31,Completed
ORD-501786,2026-02-17,Central,Dallas DC,Enterprise,SKU-1001,Electronics,Noise-Canceling Headphones,2,202.4,94.45,0,404.8,215.9,Completed
ORD-501787,2026-02-17,Central,Dallas DC,Small Business,SKU-1010,Beauty,Skin Care Kit,2,212.38,144.24,0.15,361.05,72.57,Completed
ORD-501788,2026-02-17,East,Atlanta DC,Consumer,SKU-1005,Home,Bedding Set,3,134.44,81.31,0,403.32,159.39,Completed
ORD-501789,2026-02-17,East,Atlanta DC,Consumer,SKU-1009,Apparel,Travel Backpack,1,145.86,81.38,0.1,131.27,49.89,Completed
ORD-501790,2026-02-17,West,Denver DC,Enterprise,SKU-1006,Home,Kitchen Organizer,1,100.06,51.21,0,100.06,48.85,Completed
ORD-501791,2026-02-17,Central,Dallas DC,Small Business,SKU-1010,Beauty,Skin Care Kit,1,212.38,144.24,0,212.38,68.14,Completed
ORD-501792,2026-02-17,Central,Dallas DC,Enterprise,SKU-1009,Apparel,Travel Backpack,3,145.86,81.38,0.15,371.94,127.8,Completed
ORD-501793,2026-02-17,West,Seattle DC,Enterprise,SKU-1005,Home,Bedding Set,1,134.44,81.31,0.1,121.0,39.69,Completed
ORD-501794,2026-02-17,West,Denver DC,Small Business,SKU-1010,Beauty,Skin Care Kit,3,212.38,144.24,0.05,605.28,172.56,Completed
ORD-501795,2026-02-17,Central,Minneapolis DC,Consumer,SKU-1006,Home,Kitchen Organizer,3,100.06,51.21,0.1,270.16,116.53,Completed
ORD-501796,2026-02-17,Central,Chicago DC,Small Business,SKU-1006,Home,Kitchen Organizer,3,100.06,51.21,0.15,255.15,101.52,Completed
ORD-501797,2026-02-17,West,Denver DC,Small Business,SKU-1002,Electronics,Smart Home Hub,4,202.52,137.45,0.05,769.58,219.78,Completed
ORD-501798,2026-02-17,East,Atlanta DC,Consumer,SKU-1001,Electronics,Noise-Canceling Headphones,2,202.4,94.45,0,404.8,215.9,Completed
ORD-501799,2026-02-17,East,Atlanta DC,Consumer,SKU-1010,Beauty,Skin Care Kit,1,212.38,144.24,0,212.38,68.14,Completed
ORD-501800,2026-02-17,Central,Minneapolis DC,Small Business,SKU-1005,Home,Bedding Set,1,134.44,81.31,0,134.44,53.13,Completed
ORD-501801,2026-02-17,East,Miami DC,Consumer,SKU-1009,Apparel,Travel Backpack,1,145.86,81.38,0,145.86,64.48,Cancelled
ORD-501802,2026-02-17,East,New Jersey DC,Small Business,SKU-1005,Home,Bedding Set,1,134.44,81.31,0,134.44,53.13,Completed
ORD-501803,2026-02-17,East,Atlanta DC,Consumer,SKU-1006,Home,Kitchen Organizer,3,100.06,51.21,0.15,255.15,101.52,Completed
ORD-501804,2026-02-17,East,New Jersey DC,Enterprise,SKU-1008,Apparel,Running Shoes,2,88.43,59.11,0.1,159.17,40.95,Completed
ORD-501805,2026-02-17,East,Miami DC,Small Business,SKU-1001,Electronics,Noise-Canceling Headphones,2,202.4,94.45,0,404.8,215.9,Completed
ORD-501806,2026-02-17,East,Atlanta DC,Enterprise,SKU-1004,Home,Air Purifier,2,39.43,23.74,0.15,67.03,19.55,Completed
ORD-501807,2026-02-18,Central,Minneapolis DC,Consumer,SKU-1008,Apparel,Running Shoes,1,88.43,59.11,0.15,75.17,16.06,Cancelled
ORD-501808,2026-02-18,East,Atlanta DC,Enterprise,SKU-1006,Home,Kitchen Organizer,2,100.06,51.21,0,200.12,97.7,Cancelled
ORD-501809,2026-02-18,East,Atlanta DC,Small Business,SKU-1009,Apparel,Travel Backpack,1,145.86,81.38,0,145.86,64.48,Completed
ORD-501810,2026-02-18,West,Los Angeles DC,Consumer,SKU-1011,Beauty,Hair Dryer,2,35.1,16.43,0,70.2,37.34,Completed
ORD-501811,2026-02-18,West,Seattle DC,Small Business,SKU-1008,Apparel,Running Shoes,1,88.43,59.11,0,88.43,29.32,Completed
ORD-501812,2026-02-18,East,Atlanta DC,Enterprise,SKU-1012,Beauty,Fragrance Set,1,138.55,68.54,0.05,131.62,63.08,Completed
ORD-501813,2026-02-18,East,New Jersey DC,Consumer,SKU-1009,Apparel,Travel Backpack,1,145.86,81.38,0,145.86,64.48,Completed
ORD-501814,2026-02-18,Central,Dallas DC,Small Business,SKU-1007,Apparel,Performance Jacket,2,259.88,171.94,0,519.76,175.88,Completed
ORD-501815,2026-02-18,East,Miami DC,Consumer,SKU-1002,Electronics,Smart Home Hub,2,202.52,137.45,0,405.04,130.14,Completed
ORD-501816,2026-02-18,East,Miami DC,Small Business,SKU-1006,Home,Kitchen Organizer,1,100.06,51.21,0,100.06,48.85,Completed
ORD-501817,2026-02-18,East,Miami DC,Small Business,SKU-1010,Beauty,Skin Care Kit,3,212.38,144.24,0.15,541.57,108.85,Completed
ORD-501818,2026-02-18,Central,Chicago DC,Small Business,SKU-1003,Electronics,Portable Charger,2,132.63,59.06,0.1,238.73,120.61,Returned
ORD-501819,2026-02-18,East,New Jersey DC,Small Business,SKU-1011,Beauty,Hair Dryer,4,35.1,16.43,0,140.4,74.68,Completed
ORD-501820,2026-02-18,East,Miami DC,Small Business,SKU-1010,Beauty,Skin Care Kit,1,212.38,144.24,0,212.38,68.14,Completed
ORD-501821,2026-02-18,Central,Dallas DC,Enterprise,SKU-1008,Apparel,Running Shoes,1,88.43,59.11,0,88.43,29.32,Completed
ORD-501822,2026-02-18,East,Miami DC,Small Business,SKU-1003,Electronics,Portable Charger,1,132.63,59.06,0.15,112.74,53.68,Completed
ORD-501823,2026-02-18,East,Miami DC,Small Business,SKU-1003,Electronics,Portable Charger,1,132.63,59.06,0,132.63,73.57,Completed
ORD-501824,2026-02-18,East,New Jersey DC,Enterprise,SKU-1004,Home,Air Purifier,4,39.43,23.74,0,157.72,62.76,Completed
ORD-501825,2026-02-18,West,Denver DC,Small Business,SKU-1012,Beauty,Fragrance Set,2,138.55,68.54,0,277.1,140.02,Completed
ORD-501826,2026-02-18,East,Miami DC,Small Business,SKU-1011,Beauty,Hair Dryer,1,35.1,16.43,0,35.1,18.67,Completed
ORD-501827,2026-02-18,East,Atlanta DC,Enterprise,SKU-1008,Apparel,Running Shoes,2,88.43,59.11,0.15,150.33,32.11,Completed
ORD-501828,2026-02-18,West,Los Angeles DC,Consumer,SKU-1005,Home,Bedding Set,2,134.44,81.31,0.15,228.55,65.93,Completed
ORD-501829,2026-02-18,East,Atlanta DC,Enterprise,SKU-1010,Beauty,Skin Care Kit,1,212.38,144.24,0,212.38,68.14,Returned
ORD-501830,2026-02-18,Central,Chicago DC,Consumer,SKU-1012,Beauty,Fragrance Set,1,138.55,68.54,0.05,131.62,63.08,Returned
ORD-501831,2026-02-18,Central,Minneapolis DC,Consumer,SKU-1005,Home,Bedding Set,1,134.44,81.31,0,134.44,53.13,Completed
ORD-501832,2026-02-18,West,Denver DC,Small Business,SKU-1005,Home,Bedding Set,2,134.44,81.31,0.1,241.99,79.37,Returned
ORD-501833,2026-02-18,East,New Jersey DC,Small Business,SKU-1011,Beauty,Hair Dryer,1,35.1,16.43,0.1,31.59,15.16,Completed
ORD-501834,2026-02-18,West,Denver DC,Enterprise,SKU-1002,Electronics,Smart Home Hub,1,202.52,137.45,0,202.52,65.07,Completed
ORD-501835,2026-02-18,West,Los Angeles DC,Small Business,SKU-1008,Apparel,Running Shoes,1,88.43,59.11,0,88.43,29.32,Returned
ORD-501836,2026-02-18,East,Atlanta DC,Consumer,SKU-1002,Electronics,Smart Home Hub,1,202.52,137.45,0,202.52,65.07,Completed
ORD-501837,2026-02-18,West,Denver DC,Small Business,SKU-1004,Home,Air Purifier,1,39.43,23.74,0,39.43,15.69,Completed
ORD-501838,2026-02-19,East,Atlanta DC,Enterprise,SKU-1007,Apparel,Performance Jacket,1,259.88,171.94,0,259.88,87.94,Completed
ORD-501839,2026-02-19,East,Miami DC,Consumer,SKU-1003,Electronics,Portable Charger,1,132.63,59.06,0.1,119.37,60.31,Completed
ORD-501840,2026-02-19,East,New Jersey DC,Consumer,SKU-1004,Home,Air Purifier,3,39.43,23.74,0,118.29,47.07,Completed
ORD-501841,2026-02-19,East,Atlanta DC,Small Business,SKU-1003,Electronics,Portable Charger,1,132.63,59.06,0,132.63,73.57,Completed
ORD-501842,2026-02-19,West,Seattle DC,Consumer,SKU-1005,Home,Bedding Set,1,134.44,81.31,0,134.44,53.13,Completed
ORD-501843,2026-02-19,East,Miami DC,Consumer,SKU-1012,Beauty,Fragrance Set,1,138.55,68.54,0.05,131.62,63.08,Completed
ORD-501844,2026-02-19,Central,Minneapolis DC,Small Business,SKU-1005,Home,Bedding Set,2,134.44,81.31,0.1,241.99,79.37,Completed
ORD-501845,2026-02-19,East,Atlanta DC,Consumer,SKU-1007,Apparel,Performance Jacket,1,259.88,171.94,0.05,246.89,74.95,Completed
ORD-501846,2026-02-19,East,Atlanta DC,Small Business,SKU-1002,Electronics,Smart Home Hub,1,202.52,137.45,0,202.52,65.07,Completed
ORD-501847,2026-02-19,East,Atlanta DC,Consumer,SKU-1007,Apparel,Performance Jacket,1,259.88,171.94,0.1,233.89,61.95,Completed
ORD-501848,2026-02-19,Central,Chicago DC,Consumer,SKU-1004,Home,Air Purifier,2,39.43,23.74,0.15,67.03,19.55,Completed
ORD-501849,2026-02-19,Central,Chicago DC,Consumer,SKU-1005,Home,Bedding Set,1,134.44,81.31,0.15,114.27,32.96,Completed
ORD-501850,2026-02-19,East,New Jersey DC,Small Business,SKU-1009,Apparel,Travel Backpack,1,145.86,81.38,0,145.86,64.48,Completed
ORD-501851,2026-02-19,East,New Jersey DC,Enterprise,SKU-1007,Apparel,Performance Jacket,1,259.88,171.94,0.15,220.9,48.96,Completed
ORD-501852,2026-02-19,West,Denver DC,Small Business,SKU-1003,Electronics,Portable Charger,1,132.63,59.06,0,132.63,73.57,Completed
ORD-501853,2026-02-19,Central,Chicago DC,Enterprise,SKU-1002,Electronics,Smart Home Hub,3,202.52,137.45,0,607.56,195.21,Completed
ORD-501854,2026-02-19,East,Atlanta DC,Enterprise,SKU-1012,Beauty,Fragrance Set,2,138.55,68.54,0,277.1,140.02,Completed
ORD-501855,2026-02-19,East,New Jersey DC,Small Business,SKU-1011,Beauty,Hair Dryer,1,35.1,16.43,0,35.1,18.67,Completed
ORD-501856,2026-02-19,Central,Dallas DC,Consumer,SKU-1001,Electronics,Noise-Canceling Headphones,1,202.4,94.45,0,202.4,107.95,Completed
ORD-501857,2026-02-19,East,New Jersey DC,Consumer,SKU-1003,Electronics,Portable Charger,1,132.63,59.06,0.1,119.37,60.31,Completed
ORD-501858,2026-02-19,Central,Dallas DC,Enterprise,SKU-1002,Electronics,Smart Home Hub,1,202.52,137.45,0,202.52,65.07,Completed
ORD-501859,2026-02-19,Central,Dallas DC,Small Business,SKU-1007,Apparel,Performance Jacket,1,259.88,171.94,0.15,220.9,48.96,Returned
ORD-501860,2026-02-19,Central,Minneapolis DC,Consumer,SKU-1005,Home,Bedding Set,1,134.44,81.31,0.05,127.72,46.41,Completed
ORD-501861,2026-02-19,West,Los Angeles DC,Consumer,SKU-1001,Electronics,Noise-Canceling Headphones,1,202.4,94.45,0,202.4,107.95,Completed
ORD-501862,2026-02-19,East,New Jersey DC,Enterprise,SKU-1008,Apparel,Running Shoes,2,88.43,59.11,0.05,168.02,49.8,Completed
ORD-501863,2026-02-19,Central,Chicago DC,Enterprise,SKU-1003,Electronics,Portable Charger,3,132.63,59.06,0.15,338.21,161.03,Completed
ORD-501864,2026-02-19,West,Los Angeles DC,Consumer,SKU-1001,Electronics,Noise-Canceling Headphones,1,202.4,94.45,0,202.4,107.95,Completed
ORD-501865,2026-02-19,East,Miami DC,Consumer,SKU-1012,Beauty,Fragrance Set,3,138.55,68.54,0.05,394.87,189.25,Completed
ORD-501866,2026-02-19,West,Seattle DC,Enterprise,SKU-1006,Home,Kitchen Organizer,1,100.06,51.21,0.15,85.05,33.84,Completed
ORD-501867,2026-02-19,Central,Minneapolis DC,Enterprise,SKU-1007,Apparel,Performance Jacket,1,259.88,171.94,0,259.88,87.94,Returned
ORD-501868,2026-02-19,West,Denver DC,Enterprise,SKU-1011,Beauty,Hair Dryer,2,35.1,16.43,0.15,59.67,26.81,Completed
ORD-501869,2026-02-20,East,Atlanta DC,Enterprise,SKU-1004,Home,Air Purifier,1,39.43,23.74,0,39.43,15.69,Completed
ORD-501870,2026-02-20,Central,Dallas DC,Small Business,SKU-1011,Beauty,Hair Dryer,1,35.1,16.43,0.1,31.59,15.16,Completed
ORD-501871,2026-02-20,West,Denver DC,Small Business,SKU-1011,Beauty,Hair Dryer,2,35.1,16.43,0.1,63.18,30.32,Completed
ORD-501872,2026-02-20,East,New Jersey DC,Enterprise,SKU-1009,Apparel,Travel Backpack,1,145.86,81.38,0.05,138.57,57.19,Completed
ORD-501873,2026-02-20,Central,Minneapolis DC,Consumer,SKU-1007,Apparel,Performance Jacket,2,259.88,171.94,0.15,441.8,97.92,Completed
ORD-501874,2026-02-20,Central,Chicago DC,Enterprise,SKU-1008,Apparel,Running Shoes,1,88.43,59.11,0,88.43,29.32,Completed
ORD-501875,2026-02-20,East,Atlanta DC,Small Business,SKU-1008,Apparel,Running Shoes,1,88.43,59.11,0.15,75.17,16.06,Completed
ORD-501876,2026-02-20,Central,Minneapolis DC,Small Business,SKU-1004,Home,Air Purifier,1,39.43,23.74,0.05,37.46,13.72,Completed
ORD-501877,2026-02-20,Central,Chicago DC,Small Business,SKU-1003,Electronics,Portable Charger,3,132.63,59.06,0,397.89,220.71,Completed
ORD-501878,2026-02-20,West,Los Angeles DC,Consumer,SKU-1011,Beauty,Hair Dryer,3,35.1,16.43,0.1,94.77,45.48,Cancelled
ORD-501879,2026-02-20,East,Atlanta DC,Enterprise,SKU-1003,Electronics,Portable Charger,1,132.63,59.06,0.05,126.0,66.94,Cancelled
ORD-501880,2026-02-20,West,Seattle DC,Enterprise,SKU-1001,Electronics,Noise-Canceling Headphones,1,202.4,94.45,0,202.4,107.95,Completed
ORD-501881,2026-02-20,East,Miami DC,Small Business,SKU-1012,Beauty,Fragrance Set,3,138.55,68.54,0.1,374.09,168.47,Completed
ORD-501882,2026-02-20,East,New Jersey DC,Consumer,SKU-1011,Beauty,Hair Dryer,1,35.1,16.43,0.05,33.34,16.91,Cancelled
ORD-501883,2026-02-20,East,New Jersey DC,Enterprise,SKU-1012,Beauty,Fragrance Set,2,138.55,68.54,0.05,263.25,126.16,Completed
ORD-501884,2026-02-20,East,Atlanta DC,Consumer,SKU-1012,Beauty,Fragrance Set,1,138.55,68.54,0,138.55,70.01,Completed
ORD-501885,2026-02-20,East,Miami DC,Small Business,SKU-1010,Beauty,Skin Care Kit,1,212.38,144.24,0.05,201.76,57.52,Completed
ORD-501886,2026-02-20,East,Atlanta DC,Consumer,SKU-1011,Beauty,Hair Dryer,1,35.1,16.43,0.05,33.34,16.91,Completed
ORD-501887,2026-02-20,Central,Dallas DC,Small Business,SKU-1001,Electronics,Noise-Canceling Headphones,2,202.4,94.45,0,404.8,215.9,Completed
ORD-501888,2026-02-20,West,Seattle DC,Consumer,SKU-1009,Apparel,Travel Backpack,1,145.86,81.38,0.05,138.57,57.19,Completed
ORD-501889,2026-02-20,East,Miami DC,Enterprise,SKU-1004,Home,Air Purifier,2,39.43,23.74,0,78.86,31.38,Completed
ORD-501890,2026-02-20,Central,Chicago DC,Consumer,SKU-1003,Electronics,Portable Charger,1,132.63,59.06,0,132.63,73.57,Completed
ORD-501891,2026-02-20,West,Seattle DC,Consumer,SKU-1003,Electronics,Portable Charger,3,132.63,59.06,0.15,338.21,161.03,Completed
ORD-501892,2026-02-20,East,New Jersey DC,Small Business,SKU-1011,Beauty,Hair Dryer,1,35.1,16.43,0.15,29.84,13.41,Completed
ORD-501893,2026-02-20,Central,Chicago DC,Enterprise,SKU-1010,Beauty,Skin Care Kit,1,212.38,144.24,0.15,180.52,36.28,Completed
ORD-501894,2026-02-20,East,Miami DC,Enterprise,SKU-1012,Beauty,Fragrance Set,3,138.55,68.54,0,415.65,210.03,Completed
ORD-501895,2026-02-20,West,Denver DC,Consumer,SKU-1001,Electronics,Noise-Canceling Headphones,1,202.4,94.45,0,202.4,107.95,Completed
ORD-501896,2026-02-20,West,Denver DC,Enterprise,SKU-1001,Electronics,Noise-Canceling Headphones,1,202.4,94.45,0.1,182.16,87.71,Completed
ORD-501897,2026-02-20,East,Miami DC,Small Business,SKU-1001,Electronics,Noise-Canceling Headphones,2,202.4,94.45,0,404.8,215.9,Completed
ORD-501898,2026-02-20,Central,Dallas DC,Small Business,SKU-1004,Home,Air Purifier,1,39.43,23.74,0.1,35.49,11.75,Completed
ORD-501899,2026-02-20,West,Los Angeles DC,Enterprise,SKU-1003,Electronics,Portable Charger,2,132.63,59.06,0.1,238.73,120.61,Completed
ORD-501900,2026-02-20,Central,Chicago DC,Consumer,SKU-1001,Electronics,Noise-Canceling Headphones,1,202.4,94.45,0.15,172.04,77.59,Cancelled
ORD-501901,2026-02-20,East,Miami DC,Consumer,SKU-1009,Apparel,Travel Backpack,1,145.86,81.38,0.05,138.57,57.19,Completed
ORD-501902,2026-02-20,West,Seattle DC,Small Business,SKU-1009,Apparel,Travel Backpack,1,145.86,81.38,0,145.86,64.48,Completed
ORD-501903,2026-02-20,East,Atlanta DC,Consumer,SKU-1012,Beauty,Fragrance Set,4,138.55,68.54,0.1,498.78,224.62,Completed
ORD-501904,2026-02-20,East,New Jersey DC,Small Business,SKU-1003,Electronics,Portable Charger,1,132.63,59.06,0.1,119.37,60.31,Completed
ORD-501905,2026-02-20,West,Denver DC,Consumer,SKU-1010,Beauty,Skin Care Kit,1,212.38,144.24,0,212.38,68.14,Completed
ORD-501906,2026-02-20,Central,Chicago DC,Consumer,SKU-1003,Electronics,Portable Charger,2,132.63,59.06,0.05,252.0,133.88,Completed
ORD-501907,2026-02-20,Central,Minneapolis DC,Small Business,SKU-1010,Beauty,Skin Care Kit,1,212.38,144.24,0.1,191.14,46.9,Completed
ORD-501908,2026-02-20,West,Los Angeles DC,Small Business,SKU-1011,Beauty,Hair Dryer,3,35.1,16.43,0.05,100.04,50.75,Completed
ORD-501909,2026-02-20,West,Los Angeles DC,Consumer,SKU-1005,Home,Bedding Set,2,134.44,81.31,0,268.88,106.26,Completed
ORD-501910,2026-02-20,East,Miami DC,Enterprise,SKU-1008,Apparel,Running Shoes,1,88.43,59.11,0,88.43,29.32,Completed
ORD-501911,2026-02-20,West,Seattle DC,Small Business,SKU-1012,Beauty,Fragrance Set,1,138.55,68.54,0,138.55,70.01,Completed
ORD-501912,2026-02-20,West,Seattle DC,Enterprise,SKU-1006,Home,Kitchen Organizer,1,100.06,51.21,0.1,90.05,38.84,Completed
ORD-501913,2026-02-20,Central,Dallas DC,Small Business,SKU-1003,Electronics,Portable Charger,2,132.63,59.06,0,265.26,147.14,Completed
ORD-501914,2026-02-20,Central,Minneapolis DC,Consumer,SKU-1012,Beauty,Fragrance Set,1,138.55,68.54,0.1,124.7,56.16,Completed
ORD-501915,2026-02-20,East,Atlanta DC,Small Business,SKU-1010,Beauty,Skin Care Kit,1,212.38,144.24,0.15,180.52,36.28,Completed
ORD-501916,2026-02-20,West,Los Angeles DC,Small Business,SKU-1005,Home,Bedding Set,2,134.44,81.31,0.1,241.99,79.37,Completed
ORD-501917,2026-02-20,West,Denver DC,Small Business,SKU-1006,Home,Kitchen Organizer,2,100.06,51.21,0.05,190.11,87.69,Completed
ORD-501918,2026-02-20,Central,Minneapolis DC,Consumer,SKU-1009,Apparel,Travel Backpack,1,145.86,81.38,0.1,131.27,49.89,Completed
ORD-501919,2026-02-20,East,New Jersey DC,Small Business,SKU-1004,Home,Air Purifier,1,39.43,23.74,0.1,35.49,11.75,Completed
ORD-501920,2026-02-20,Central,Dallas DC,Enterprise,SKU-1007,Apparel,Performance Jacket,3,259.88,171.94,0.15,662.69,146.87,Returned
ORD-501921,2026-02-21,East,Miami DC,Small Business,SKU-1004,Home,Air Purifier,1,39.43,23.74,0.1,35.49,11.75,Completed
ORD-501922,2026-02-21,West,Seattle DC,Consumer,SKU-1002,Electronics,Smart Home Hub,1,202.52,137.45,0,202.52,65.07,Completed
ORD-501923,2026-02-21,West,Los Angeles DC,Small Business,SKU-1005,Home,Bedding Set,2,134.44,81.31,0.1,241.99,79.37,Completed
ORD-501924,2026-02-21,West,Denver DC,Enterprise,SKU-1005,Home,Bedding Set,2,134.44,81.31,0.15,228.55,65.93,Completed
ORD-501925,2026-02-21,Central,Dallas DC,Small Business,SKU-1009,Apparel,Travel Backpack,1,145.86,81.38,0.05,138.57,57.19,Returned
ORD-501926,2026-02-21,Central,Minneapolis DC,Enterprise,SKU-1003,Electronics,Portable Charger,1,132.63,59.06,0,132.63,73.57,Completed
ORD-501927,2026-02-21,Central,Dallas DC,Consumer,SKU-1005,Home,Bedding Set,1,134.44,81.31,0,134.44,53.13,Completed
ORD-501928,2026-02-21,West,Denver DC,Enterprise,SKU-1005,Home,Bedding Set,3,134.44,81.31,0,403.32,159.39,Returned
ORD-501929,2026-02-21,Central,Minneapolis DC,Consumer,SKU-1002,Electronics,Smart Home Hub,2,202.52,137.45,0.1,364.54,89.64,Completed
ORD-501930,2026-02-21,Central,Chicago DC,Small Business,SKU-1007,Apparel,Performance Jacket,3,259.88,171.94,0.15,662.69,146.87,Completed
ORD-501931,2026-02-21,East,Miami DC,Small Business,SKU-1003,Electronics,Portable Charger,2,132.63,59.06,0,265.26,147.14,Completed
ORD-501932,2026-02-21,West,Los Angeles DC,Small Business,SKU-1006,Home,Kitchen Organizer,1,100.06,51.21,0,100.06,48.85,Completed
ORD-501933,2026-02-21,Central,Dallas DC,Consumer,SKU-1004,Home,Air Purifier,2,39.43,23.74,0,78.86,31.38,Completed
ORD-501934,2026-02-21,Central,Dallas DC,Consumer,SKU-1001,Electronics,Noise-Canceling Headphones,2,202.4,94.45,0.15,344.08,155.18,Completed
ORD-501935,2026-02-21,East,Miami DC,Enterprise,SKU-1011,Beauty,Hair Dryer,1,35.1,16.43,0,35.1,18.67,Completed
ORD-501936,2026-02-21,West,Denver DC,Consumer,SKU-1005,Home,Bedding Set,1,134.44,81.31,0.05,127.72,46.41,Completed
ORD-501937,2026-02-21,East,Atlanta DC,Consumer,SKU-1012,Beauty,Fragrance Set,1,138.55,68.54,0.05,131.62,63.08,Completed
ORD-501938,2026-02-21,East,Atlanta DC,Enterprise,SKU-1008,Apparel,Running Shoes,1,88.43,59.11,0.1,79.59,20.48,Completed
ORD-501939,2026-02-21,East,Miami DC,Small Business,SKU-1005,Home,Bedding Set,3,134.44,81.31,0.1,362.99,119.06,Completed
ORD-501940,2026-02-21,Central,Minneapolis DC,Small Business,SKU-1003,Electronics,Portable Charger,1,132.63,59.06,0.05,126.0,66.94,Completed
ORD-501941,2026-02-21,Central,Minneapolis DC,Small Business,SKU-1005,Home,Bedding Set,1,134.44,81.31,0,134.44,53.13,Completed
ORD-501942,2026-02-21,Central,Minneapolis DC,Consumer,SKU-1005,Home,Bedding Set,2,134.44,81.31,0.1,241.99,79.37,Completed
ORD-501943,2026-02-21,East,Atlanta DC,Small Business,SKU-1009,Apparel,Travel Backpack,3,145.86,81.38,0.1,393.82,149.68,Completed
ORD-501944,2026-02-21,West,Seattle DC,Small Business,SKU-1009,Apparel,Travel Backpack,3,145.86,81.38,0.05,415.7,171.56,Cancelled
ORD-501945,2026-02-21,Central,Minneapolis DC,Consumer,SKU-1001,Electronics,Noise-Canceling Headphones,1,202.4,94.45,0.1,182.16,87.71,Completed
ORD-501946,2026-02-21,East,Miami DC,Small Business,SKU-1007,Apparel,Performance Jacket,1,259.88,171.94,0.1,233.89,61.95,Returned
ORD-501947,2026-02-21,West,Denver DC,Enterprise,SKU-1010,Beauty,Skin Care Kit,1,212.38,144.24,0,212.38,68.14,Completed
ORD-501948,2026-02-21,East,Miami DC,Small Business,SKU-1001,Electronics,Noise-Canceling Headphones,2,202.4,94.45,0.1,364.32,175.42,Completed
ORD-501949,2026-02-21,East,Atlanta DC,Enterprise,SKU-1012,Beauty,Fragrance Set,1,138.55,68.54,0,138.55,70.01,Completed
ORD-501950,2026-02-21,Central,Dallas DC,Small Business,SKU-1006,Home,Kitchen Organizer,1,100.06,51.21,0.1,90.05,38.84,Completed
ORD-501951,2026-02-21,East,Atlanta DC,Enterprise,SKU-1009,Apparel,Travel Backpack,1,145.86,81.38,0,145.86,64.48,Completed
ORD-501952,2026-02-22,Central,Dallas DC,Small Business,SKU-1006,Home,Kitchen Organizer,1,100.06,51.21,0.1,90.05,38.84,Completed
ORD-501953,2026-02-22,East,Atlanta DC,Enterprise,SKU-1012,Beauty,Fragrance Set,2,138.55,68.54,0,277.1,140.02,Completed
ORD-501954,2026-02-22,East,Miami DC,Consumer,SKU-1002,Electronics,Smart Home Hub,3,202.52,137.45,0,607.56,195.21,Completed
ORD-501955,2026-02-22,West,Seattle DC,Consumer,SKU-1007,Apparel,Performance Jacket,1,259.88,171.94,0,259.88,87.94,Completed
ORD-501956,2026-02-22,West,Seattle DC,Small Business,SKU-1012,Beauty,Fragrance Set,1,138.55,68.54,0,138.55,70.01,Completed
ORD-501957,2026-02-22,Central,Minneapolis DC,Small Business,SKU-1004,Home,Air Purifier,1,39.43,23.74,0.15,33.52,9.78,Completed
ORD-501958,2026-02-22,East,Miami DC,Consumer,SKU-1004,Home,Air Purifier,1,39.43,23.74,0.05,37.46,13.72,Completed
ORD-501959,2026-02-22,West,Los Angeles DC,Consumer,SKU-1007,Apparel,Performance Jacket,1,259.88,171.94,0.1,233.89,61.95,Completed
ORD-501960,2026-02-22,West,Seattle DC,Small Business,SKU-1007,Apparel,Performance Jacket,2,259.88,171.94,0,519.76,175.88,Completed
ORD-501961,2026-02-22,Central,Chicago DC,Consumer,SKU-1005,Home,Bedding Set,2,134.44,81.31,0.15,228.55,65.93,Completed
ORD-501962,2026-02-22,Central,Chicago DC,Enterprise,SKU-1012,Beauty,Fragrance Set,4,138.55,68.54,0,554.2,280.04,Completed
ORD-501963,2026-02-22,West,Los Angeles DC,Enterprise,SKU-1011,Beauty,Hair Dryer,4,35.1,16.43,0.1,126.36,60.64,Completed
ORD-501964,2026-02-22,Central,Minneapolis DC,Small Business,SKU-1009,Apparel,Travel Backpack,2,145.86,81.38,0,291.72,128.96,Completed
ORD-501965,2026-02-22,East,Atlanta DC,Enterprise,SKU-1001,Electronics,Noise-Canceling Headphones,1,202.4,94.45,0.1,182.16,87.71,Returned
ORD-501966,2026-02-22,West,Seattle DC,Consumer,SKU-1010,Beauty,Skin Care Kit,1,212.38,144.24,0,212.38,68.14,Completed
ORD-501967,2026-02-22,East,Miami DC,Small Business,SKU-1004,Home,Air Purifier,1,39.43,23.74,0,39.43,15.69,Completed
ORD-501968,2026-02-22,West,Seattle DC,Consumer,SKU-1001,Electronics,Noise-Canceling Headphones,1,202.4,94.45,0,202.4,107.95,Completed
ORD-501969,2026-02-22,West,Denver DC,Enterprise,SKU-1004,Home,Air Purifier,1,39.43,23.74,0.15,33.52,9.78,Completed
ORD-501970,2026-02-22,West,Seattle DC,Small Business,SKU-1006,Home,Kitchen Organizer,1,100.06,51.21,0.15,85.05,33.84,Completed
ORD-501971,2026-02-22,Central,Dallas DC,Small Business,SKU-1010,Beauty,Skin Care Kit,1,212.38,144.24,0.1,191.14,46.9,Completed
ORD-501972,2026-02-22,East,Miami DC,Enterprise,SKU-1011,Beauty,Hair Dryer,1,35.1,16.43,0,35.1,18.67,Completed
ORD-501973,2026-02-22,East,New Jersey DC,Enterprise,SKU-1003,Electronics,Portable Charger,1,132.63,59.06,0,132.63,73.57,Completed
ORD-501974,2026-02-22,West,Denver DC,Small Business,SKU-1001,Electronics,Noise-Canceling Headphones,1,202.4,94.45,0,202.4,107.95,Completed
ORD-501975,2026-02-22,East,New Jersey DC,Enterprise,SKU-1006,Home,Kitchen Organizer,1,100.06,51.21,0,100.06,48.85,Completed
ORD-501976,2026-02-22,Central,Dallas DC,Consumer,SKU-1009,Apparel,Travel Backpack,1,145.86,81.38,0.15,123.98,42.6,Completed
ORD-501977,2026-02-22,Central,Chicago DC,Enterprise,SKU-1008,Apparel,Running Shoes,3,88.43,59.11,0.05,252.03,74.7,Completed
ORD-501978,2026-02-22,Central,Dallas DC,Consumer,SKU-1004,Home,Air Purifier,1,39.43,23.74,0,39.43,15.69,Completed
ORD-501979,2026-02-22,East,Miami DC,Consumer,SKU-1006,Home,Kitchen Organizer,1,100.06,51.21,0.05,95.06,43.85,Completed
ORD-501980,2026-02-22,Central,Chicago DC,Enterprise,SKU-1004,Home,Air Purifier,2,39.43,23.74,0,78.86,31.38,Completed
ORD-501981,2026-02-22,West,Los Angeles DC,Small Business,SKU-1010,Beauty,Skin Care Kit,1,212.38,144.24,0,212.38,68.14,Completed
ORD-501982,2026-02-22,East,Atlanta DC,Enterprise,SKU-1002,Electronics,Smart Home Hub,2,202.52,137.45,0,405.04,130.14,Completed
ORD-501983,2026-02-23,West,Denver DC,Consumer,SKU-1003,Electronics,Portable Charger,1,132.63,59.06,0,132.63,73.57,Returned
ORD-501984,2026-02-23,West,Los Angeles DC,Enterprise,SKU-1011,Beauty,Hair Dryer,1,35.1,16.43,0,35.1,18.67,Completed
ORD-501985,2026-02-23,West,Denver DC,Enterprise,SKU-1006,Home,Kitchen Organizer,2,100.06,51.21,0.05,190.11,87.69,Completed
ORD-501986,2026-02-23,Central,Minneapolis DC,Small Business,SKU-1012,Beauty,Fragrance Set,1,138.55,68.54,0,138.55,70.01,Completed
ORD-501987,2026-02-23,East,Miami DC,Consumer,SKU-1006,Home,Kitchen Organizer,3,100.06,51.21,0.05,285.17,131.54,Completed
ORD-501988,2026-02-23,Central,Chicago DC,Consumer,SKU-1010,Beauty,Skin Care Kit,1,212.38,144.24,0.1,191.14,46.9,Completed
ORD-501989,2026-02-23,Central,Chicago DC,Consumer,SKU-1006,Home,Kitchen Organizer,1,100.06,51.21,0,100.06,48.85,Completed
ORD-501990,2026-02-23,Central,Minneapolis DC,Small Business,SKU-1005,Home,Bedding Set,1,134.44,81.31,0,134.44,53.13,Returned
ORD-501991,2026-02-23,Central,Minneapolis DC,Enterprise,SKU-1011,Beauty,Hair Dryer,1,35.1,16.43,0.05,33.34,16.91,Completed
ORD-501992,2026-02-23,East,New Jersey DC,Enterprise,SKU-1006,Home,Kitchen Organizer,1,100.06,51.21,0,100.06,48.85,Completed
ORD-501993,2026-02-23,West,Denver DC,Small Business,SKU-1003,Electronics,Portable Charger,1,132.63,59.06,0.1,119.37,60.31,Completed
ORD-501994,2026-02-23,Central,Minneapolis DC,Enterprise,SKU-1008,Apparel,Running Shoes,1,88.43,59.11,0.05,84.01,24.9,Completed
ORD-501995,2026-02-23,Central,Dallas DC,Small Business,SKU-1009,Apparel,Travel Backpack,1,145.86,81.38,0.05,138.57,57.19,Completed
ORD-501996,2026-02-23,West,Los Angeles DC,Consumer,SKU-1006,Home,Kitchen Organizer,1,100.06,51.21,0,100.06,48.85,Completed
ORD-501997,2026-02-23,Central,Chicago DC,Small Business,SKU-1003,Electronics,Portable Charger,1,132.63,59.06,0,132.63,73.57,Completed
ORD-501998,2026-02-23,East,Atlanta DC,Enterprise,SKU-1010,Beauty,Skin Care Kit,1,212.38,144.24,0.1,191.14,46.9,Completed
ORD-501999,2026-02-23,East,Atlanta DC,Enterprise,SKU-1003,Electronics,Portable Charger,1,132.63,59.06,0.1,119.37,60.31,Completed
ORD-502000,2026-02-23,West,Los Angeles DC,Enterprise,SKU-1010,Beauty,Skin Care Kit,2,212.38,144.24,0.1,382.28,93.8,Completed
ORD-502001,2026-02-23,West,Los Angeles DC,Small Business,SKU-1003,Electronics,Portable Charger,1,132.63,59.06,0.15,112.74,53.68,Completed
ORD-502002,2026-02-23,East,New Jersey DC,Consumer,SKU-1001,Electronics,Noise-Canceling Headphones,1,202.4,94.45,0,202.4,107.95,Completed
ORD-502003,2026-02-23,East,Atlanta DC,Consumer,SKU-1006,Home,Kitchen Organizer,1,100.06,51.21,0.15,85.05,33.84,Completed
ORD-502004,2026-02-23,West,Seattle DC,Enterprise,SKU-1009,Apparel,Travel Backpack,1,145.86,81.38,0.1,131.27,49.89,Completed
ORD-502005,2026-02-23,West,Seattle DC,Consumer,SKU-1009,Apparel,Travel Backpack,2,145.86,81.38,0.05,277.13,114.37,Completed
ORD-502006,2026-02-23,West,Los Angeles DC,Enterprise,SKU-1011,Beauty,Hair Dryer,1,35.1,16.43,0.15,29.84,13.41,Completed
ORD-502007,2026-02-23,Central,Chicago DC,Consumer,SKU-1009,Apparel,Travel Backpack,1,145.86,81.38,0.05,138.57,57.19,Completed
ORD-502008,2026-02-23,Central,Chicago DC,Consumer,SKU-1001,Electronics,Noise-Canceling Headphones,4,202.4,94.45,0,809.6,431.8,Cancelled
ORD-502009,2026-02-23,East,Atlanta DC,Enterprise,SKU-1004,Home,Air Purifier,1,39.43,23.74,0.05,37.46,13.72,Completed
ORD-502010,2026-02-23,Central,Chicago DC,Consumer,SKU-1007,Apparel,Performance Jacket,1,259.88,171.94,0.05,246.89,74.95,Completed
ORD-502011,2026-02-23,West,Denver DC,Enterprise,SKU-1004,Home,Air Purifier,1,39.43,23.74,0,39.43,15.69,Completed
ORD-502012,2026-02-23,East,Miami DC,Enterprise,SKU-1001,Electronics,Noise-Canceling Headphones,1,202.4,94.45,0.15,172.04,77.59,Completed
ORD-502013,2026-02-23,West,Seattle DC,Enterprise,SKU-1004,Home,Air Purifier,1,39.43,23.74,0.1,35.49,11.75,Completed
ORD-502014,2026-02-23,Central,Dallas DC,Consumer,SKU-1006,Home,Kitchen Organizer,2,100.06,51.21,0.05,190.11,87.69,Completed
ORD-502015,2026-02-23,Central,Chicago DC,Consumer,SKU-1010,Beauty,Skin Care Kit,1,212.38,144.24,0,212.38,68.14,Completed
ORD-502016,2026-02-23,West,Los Angeles DC,Enterprise,SKU-1003,Electronics,Portable Charger,3,132.63,59.06,0.15,338.21,161.03,Completed
ORD-502017,2026-02-23,West,Seattle DC,Enterprise,SKU-1003,Electronics,Portable Charger,2,132.63,59.06,0,265.26,147.14,Completed
ORD-502018,2026-02-23,Central,Chicago DC,Consumer,SKU-1010,Beauty,Skin Care Kit,1,212.38,144.24,0,212.38,68.14,Completed
ORD-502019,2026-02-23,West,Denver DC,Consumer,SKU-1012,Beauty,Fragrance Set,1,138.55,68.54,0.1,124.7,56.16,Completed
ORD-502020,2026-02-23,Central,Minneapolis DC,Small Business,SKU-1010,Beauty,Skin Care Kit,2,212.38,144.24,0,424.76,136.28,Completed
ORD-502021,2026-02-23,West,Seattle DC,Consumer,SKU-1009,Apparel,Travel Backpack,1,145.86,81.38,0,145.86,64.48,Completed
ORD-502022,2026-02-23,East,New Jersey DC,Consumer,SKU-1010,Beauty,Skin Care Kit,1,212.38,144.24,0,212.38,68.14,Completed
ORD-502023,2026-02-24,Central,Chicago DC,Small Business,SKU-1007,Apparel,Performance Jacket,1,259.88,171.94,0.05,246.89,74.95,Completed
ORD-502024,2026-02-24,Central,Dallas DC,Consumer,SKU-1003,Electronics,Portable Charger,1,132.63,59.06,0.1,119.37,60.31,Returned
ORD-502025,2026-02-24,West,Los Angeles DC,Small Business,SKU-1010,Beauty,Skin Care Kit,3,212.38,144.24,0,637.14,204.42,Completed
ORD-502026,2026-02-24,Central,Chicago DC,Enterprise,SKU-1006,Home,Kitchen Organizer,1,100.06,51.21,0,100.06,48.85,Completed
ORD-502027,2026-02-24,West,Seattle DC,Consumer,SKU-1001,Electronics,Noise-Canceling Headphones,1,202.4,94.45,0.05,192.28,97.83,Completed
ORD-502028,2026-02-24,West,Los Angeles DC,Enterprise,SKU-1009,Apparel,Travel Backpack,3,145.86,81.38,0.05,415.7,171.56,Completed
ORD-502029,2026-02-24,East,Miami DC,Enterprise,SKU-1012,Beauty,Fragrance Set,2,138.55,68.54,0.05,263.25,126.16,Completed
ORD-502030,2026-02-24,East,New Jersey DC,Small Business,SKU-1008,Apparel,Running Shoes,2,88.43,59.11,0.15,150.33,32.11,Completed
ORD-502031,2026-02-24,East,New Jersey DC,Enterprise,SKU-1011,Beauty,Hair Dryer,1,35.1,16.43,0,35.1,18.67,Completed
ORD-502032,2026-02-24,West,Seattle DC,Enterprise,SKU-1001,Electronics,Noise-Canceling Headphones,4,202.4,94.45,0.05,769.12,391.32,Completed
ORD-502033,2026-02-24,East,New Jersey DC,Small Business,SKU-1003,Electronics,Portable Charger,1,132.63,59.06,0,132.63,73.57,Completed
ORD-502034,2026-02-24,West,Seattle DC,Small Business,SKU-1001,Electronics,Noise-Canceling Headphones,1,202.4,94.45,0.05,192.28,97.83,Completed
ORD-502035,2026-02-24,Central,Minneapolis DC,Small Business,SKU-1010,Beauty,Skin Care Kit,1,212.38,144.24,0.05,201.76,57.52,Completed
ORD-502036,2026-02-24,East,New Jersey DC,Small Business,SKU-1006,Home,Kitchen Organizer,1,100.06,51.21,0.05,95.06,43.85,Completed
ORD-502037,2026-02-24,East,Miami DC,Enterprise,SKU-1005,Home,Bedding Set,2,134.44,81.31,0.05,255.44,92.82,Returned
ORD-502038,2026-02-24,West,Denver DC,Consumer,SKU-1003,Electronics,Portable Charger,3,132.63,59.06,0.1,358.1,180.92,Completed
ORD-502039,2026-02-24,West,Los Angeles DC,Small Business,SKU-1006,Home,Kitchen Organizer,1,100.06,51.21,0.15,85.05,33.84,Completed
ORD-502040,2026-02-24,East,Miami DC,Enterprise,SKU-1002,Electronics,Smart Home Hub,1,202.52,137.45,0.05,192.39,54.94,Completed
ORD-502041,2026-02-24,West,Seattle DC,Consumer,SKU-1008,Apparel,Running Shoes,2,88.43,59.11,0,176.86,58.64,Completed
ORD-502042,2026-02-24,Central,Dallas DC,Enterprise,SKU-1009,Apparel,Travel Backpack,2,145.86,81.38,0.15,247.96,85.2,Completed
ORD-502043,2026-02-24,West,Los Angeles DC,Small Business,SKU-1001,Electronics,Noise-Canceling Headphones,1,202.4,94.45,0.15,172.04,77.59,Completed
ORD-502044,2026-02-24,Central,Chicago DC,Small Business,SKU-1006,Home,Kitchen Organizer,1,100.06,51.21,0,100.06,48.85,Completed
ORD-502045,2026-02-24,East,Miami DC,Small Business,SKU-1009,Apparel,Travel Backpack,4,145.86,81.38,0,583.44,257.92,Returned
ORD-502046,2026-02-24,Central,Minneapolis DC,Consumer,SKU-1001,Electronics,Noise-Canceling Headphones,2,202.4,94.45,0,404.8,215.9,Completed
ORD-502047,2026-02-24,East,New Jersey DC,Small Business,SKU-1002,Electronics,Smart Home Hub,1,202.52,137.45,0.1,182.27,44.82,Completed
ORD-502048,2026-02-24,Central,Chicago DC,Small Business,SKU-1004,Home,Air Purifier,1,39.43,23.74,0,39.43,15.69,Completed
ORD-502049,2026-02-24,West,Seattle DC,Enterprise,SKU-1003,Electronics,Portable Charger,2,132.63,59.06,0,265.26,147.14,Completed
ORD-502050,2026-02-24,West,Seattle DC,Enterprise,SKU-1003,Electronics,Portable Charger,1,132.63,59.06,0,132.63,73.57,Completed
ORD-502051,2026-02-24,East,New Jersey DC,Small Business,SKU-1008,Apparel,Running Shoes,1,88.43,59.11,0,88.43,29.32,Completed
ORD-502052,2026-02-24,West,Denver DC,Consumer,SKU-1009,Apparel,Travel Backpack,1,145.86,81.38,0.15,123.98,42.6,Returned
ORD-502053,2026-02-24,Central,Chicago DC,Consumer,SKU-1002,Electronics,Smart Home Hub,1,202.52,137.45,0,202.52,65.07,Completed
ORD-502054,2026-02-24,East,New Jersey DC,Enterprise,SKU-1003,Electronics,Portable Charger,1,132.63,59.06,0.05,126.0,66.94,Completed
ORD-502055,2026-02-24,Central,Minneapolis DC,Consumer,SKU-1006,Home,Kitchen Organizer,1,100.06,51.21,0.1,90.05,38.84,Completed
ORD-502056,2026-02-24,West,Seattle DC,Enterprise,SKU-1007,Apparel,Performance Jacket,1,259.88,171.94,0.1,233.89,61.95,Completed
ORD-502057,2026-02-24,Central,Minneapolis DC,Consumer,SKU-1008,Apparel,Running Shoes,1,88.43,59.11,0.1,79.59,20.48,Completed
ORD-502058,2026-02-25,Central,Dallas DC,Small Business,SKU-1005,Home,Bedding Set,1,134.44,81.31,0.05,127.72,46.41,Completed
ORD-502059,2026-02-25,East,Atlanta DC,Consumer,SKU-1011,Beauty,Hair Dryer,1,35.1,16.43,0.05,33.34,16.91,Completed
ORD-502060,2026-02-25,Central,Dallas DC,Enterprise,SKU-1007,Apparel,Performance Jacket,1,259.88,171.94,0.15,220.9,48.96,Completed
ORD-502061,2026-02-25,West,Los Angeles DC,Small Business,SKU-1005,Home,Bedding Set,2,134.44,81.31,0,268.88,106.26,Completed
ORD-502062,2026-02-25,East,Miami DC,Enterprise,SKU-1002,Electronics,Smart Home Hub,1,202.52,137.45,0,202.52,65.07,Returned
ORD-502063,2026-02-25,Central,Minneapolis DC,Consumer,SKU-1002,Electronics,Smart Home Hub,3,202.52,137.45,0.05,577.18,164.83,Completed
ORD-502064,2026-02-25,East,New Jersey DC,Enterprise,SKU-1005,Home,Bedding Set,1,134.44,81.31,0.15,114.27,32.96,Completed
ORD-502065,2026-02-25,West,Los Angeles DC,Small Business,SKU-1008,Apparel,Running Shoes,1,88.43,59.11,0,88.43,29.32,Completed
ORD-502066,2026-02-25,West,Seattle DC,Small Business,SKU-1009,Apparel,Travel Backpack,1,145.86,81.38,0.15,123.98,42.6,Completed
ORD-502067,2026-02-25,West,Denver DC,Small Business,SKU-1004,Home,Air Purifier,1,39.43,23.74,0,39.43,15.69,Completed
ORD-502068,2026-02-25,Central,Chicago DC,Consumer,SKU-1008,Apparel,Running Shoes,2,88.43,59.11,0,176.86,58.64,Completed
ORD-502069,2026-02-25,West,Los Angeles DC,Small Business,SKU-1010,Beauty,Skin Care Kit,2,212.38,144.24,0,424.76,136.28,Completed
ORD-502070,2026-02-25,East,Atlanta DC,Consumer,SKU-1008,Apparel,Running Shoes,1,88.43,59.11,0,88.43,29.32,Returned
ORD-502071,2026-02-25,Central,Dallas DC,Enterprise,SKU-1007,Apparel,Performance Jacket,2,259.88,171.94,0,519.76,175.88,Completed
ORD-502072,2026-02-25,East,Miami DC,Small Business,SKU-1006,Home,Kitchen Organizer,1,100.06,51.21,0.1,90.05,38.84,Completed
ORD-502073,2026-02-25,East,Miami DC,Small Business,SKU-1006,Home,Kitchen Organizer,1,100.06,51.21,0.1,90.05,38.84,Completed
ORD-502074,2026-02-25,West,Los Angeles DC,Enterprise,SKU-1005,Home,Bedding Set,1,134.44,81.31,0.05,127.72,46.41,Completed
ORD-502075,2026-02-25,East,Miami DC,Enterprise,SKU-1001,Electronics,Noise-Canceling Headphones,1,202.4,94.45,0,202.4,107.95,Completed
ORD-502076,2026-02-25,East,New Jersey DC,Small Business,SKU-1011,Beauty,Hair Dryer,1,35.1,16.43,0.15,29.84,13.41,Cancelled
ORD-502077,2026-02-25,East,New Jersey DC,Enterprise,SKU-1002,Electronics,Smart Home Hub,2,202.52,137.45,0,405.04,130.14,Completed
ORD-502078,2026-02-25,West,Los Angeles DC,Enterprise,SKU-1007,Apparel,Performance Jacket,1,259.88,171.94,0,259.88,87.94,Completed
ORD-502079,2026-02-25,East,New Jersey DC,Consumer,SKU-1011,Beauty,Hair Dryer,1,35.1,16.43,0.15,29.84,13.41,Completed
ORD-502080,2026-02-25,West,Denver DC,Consumer,SKU-1001,Electronics,Noise-Canceling Headphones,3,202.4,94.45,0,607.2,323.85,Completed
ORD-502081,2026-02-25,West,Los Angeles DC,Small Business,SKU-1005,Home,Bedding Set,1,134.44,81.31,0,134.44,53.13,Completed
ORD-502082,2026-02-25,East,Miami DC,Enterprise,SKU-1004,Home,Air Purifier,1,39.43,23.74,0,39.43,15.69,Completed
ORD-502083,2026-02-25,East,New Jersey DC,Small Business,SKU-1003,Electronics,Portable Charger,3,132.63,59.06,0.05,378.0,200.82,Completed
ORD-502084,2026-02-25,East,Atlanta DC,Enterprise,SKU-1012,Beauty,Fragrance Set,3,138.55,68.54,0,415.65,210.03,Completed
ORD-502085,2026-02-25,Central,Minneapolis DC,Small Business,SKU-1007,Apparel,Performance Jacket,1,259.88,171.94,0.15,220.9,48.96,Completed
ORD-502086,2026-02-25,East,New Jersey DC,Enterprise,SKU-1003,Electronics,Portable Charger,1,132.63,59.06,0,132.63,73.57,Completed
ORD-502087,2026-02-25,East,Atlanta DC,Consumer,SKU-1007,Apparel,Performance Jacket,1,259.88,171.94,0,259.88,87.94,Completed
ORD-502088,2026-02-25,West,Denver DC,Enterprise,SKU-1001,Electronics,Noise-Canceling Headphones,1,202.4,94.45,0,202.4,107.95,Completed
ORD-502089,2026-02-25,West,Seattle DC,Enterprise,SKU-1005,Home,Bedding Set,1,134.44,81.31,0,134.44,53.13,Completed
ORD-502090,2026-02-25,East,New Jersey DC,Enterprise,SKU-1006,Home,Kitchen Organizer,2,100.06,51.21,0.1,180.11,77.69,Completed
ORD-502091,2026-02-25,Central,Minneapolis DC,Small Business,SKU-1012,Beauty,Fragrance Set,2,138.55,68.54,0,277.1,140.02,Completed
ORD-502092,2026-02-25,Central,Dallas DC,Small Business,SKU-1004,Home,Air Purifier,1,39.43,23.74,0.15,33.52,9.78,Completed
ORD-502093,2026-02-25,East,Atlanta DC,Consumer,SKU-1006,Home,Kitchen Organizer,1,100.06,51.21,0.05,95.06,43.85,Completed
ORD-502094,2026-02-25,Central,Dallas DC,Enterprise,SKU-1009,Apparel,Travel Backpack,3,145.86,81.38,0,437.58,193.44,Completed
ORD-502095,2026-02-25,West,Denver DC,Small Business,SKU-1010,Beauty,Skin Care Kit,3,212.38,144.24,0.1,573.43,140.71,Completed
ORD-502096,2026-02-25,West,Los Angeles DC,Small Business,SKU-1001,Electronics,Noise-Canceling Headphones,1,202.4,94.45,0.1,182.16,87.71,Completed
ORD-502097,2026-02-25,Central,Minneapolis DC,Small Business,SKU-1003,Electronics,Portable Charger,1,132.63,59.06,0.1,119.37,60.31,Returned
ORD-502098,2026-02-25,East,Atlanta DC,Enterprise,SKU-1007,Apparel,Performance Jacket,1,259.88,171.94,0,259.88,87.94,Completed
ORD-502099,2026-02-25,West,Denver DC,Consumer,SKU-1006,Home,Kitchen Organizer,2,100.06,51.21,0,200.12,97.7,Completed
ORD-502100,2026-02-25,East,Atlanta DC,Enterprise,SKU-1010,Beauty,Skin Care Kit,1,212.38,144.24,0,212.38,68.14,Completed
ORD-502101,2026-02-25,Central,Minneapolis DC,Consumer,SKU-1009,Apparel,Travel Backpack,1,145.86,81.38,0.15,123.98,42.6,Completed
ORD-502102,2026-02-25,Central,Chicago DC,Consumer,SKU-1011,Beauty,Hair Dryer,2,35.1,16.43,0,70.2,37.34,Completed
ORD-502103,2026-02-25,East,Atlanta DC,Enterprise,SKU-1010,Beauty,Skin Care Kit,1,212.38,144.24,0.15,180.52,36.28,Completed
ORD-502104,2026-02-25,Central,Dallas DC,Consumer,SKU-1009,Apparel,Travel Backpack,2,145.86,81.38,0.15,247.96,85.2,Completed
ORD-502105,2026-02-25,West,Seattle DC,Enterprise,SKU-1004,Home,Air Purifier,1,39.43,23.74,0,39.43,15.69,Completed
ORD-502106,2026-02-26,West,Denver DC,Consumer,SKU-1004,Home,Air Purifier,2,39.43,23.74,0,78.86,31.38,Completed
ORD-502107,2026-02-26,Central,Chicago DC,Enterprise,SKU-1009,Apparel,Travel Backpack,1,145.86,81.38,0.1,131.27,49.89,Completed
ORD-502108,2026-02-26,East,Miami DC,Consumer,SKU-1001,Electronics,Noise-Canceling Headphones,1,202.4,94.45,0.15,172.04,77.59,Returned
ORD-502109,2026-02-26,East,New Jersey DC,Enterprise,SKU-1003,Electronics,Portable Charger,1,132.63,59.06,0.05,126.0,66.94,Completed
ORD-502110,2026-02-26,Central,Chicago DC,Small Business,SKU-1012,Beauty,Fragrance Set,1,138.55,68.54,0.15,117.77,49.23,Completed
ORD-502111,2026-02-26,East,New Jersey DC,Enterprise,SKU-1007,Apparel,Performance Jacket,1,259.88,171.94,0,259.88,87.94,Completed
ORD-502112,2026-02-26,West,Los Angeles DC,Enterprise,SKU-1004,Home,Air Purifier,1,39.43,23.74,0,39.43,15.69,Completed
ORD-502113,2026-02-26,Central,Dallas DC,Small Business,SKU-1011,Beauty,Hair Dryer,1,35.1,16.43,0.15,29.84,13.41,Completed
ORD-502114,2026-02-26,East,New Jersey DC,Small Business,SKU-1007,Apparel,Performance Jacket,2,259.88,171.94,0.15,441.8,97.92,Completed
ORD-502115,2026-02-26,East,Miami DC,Small Business,SKU-1009,Apparel,Travel Backpack,1,145.86,81.38,0.1,131.27,49.89,Completed
ORD-502116,2026-02-26,East,New Jersey DC,Small Business,SKU-1002,Electronics,Smart Home Hub,4,202.52,137.45,0,810.08,260.28,Completed
ORD-502117,2026-02-26,Central,Chicago DC,Enterprise,SKU-1010,Beauty,Skin Care Kit,1,212.38,144.24,0.1,191.14,46.9,Completed
ORD-502118,2026-02-26,Central,Chicago DC,Small Business,SKU-1007,Apparel,Performance Jacket,2,259.88,171.94,0.15,441.8,97.92,Completed
ORD-502119,2026-02-26,East,New Jersey DC,Small Business,SKU-1001,Electronics,Noise-Canceling Headphones,2,202.4,94.45,0.15,344.08,155.18,Completed
ORD-502120,2026-02-26,West,Los Angeles DC,Consumer,SKU-1012,Beauty,Fragrance Set,1,138.55,68.54,0.05,131.62,63.08,Completed
ORD-502121,2026-02-26,Central,Dallas DC,Consumer,SKU-1004,Home,Air Purifier,3,39.43,23.74,0.05,112.38,41.16,Completed
ORD-502122,2026-02-26,West,Denver DC,Enterprise,SKU-1001,Electronics,Noise-Canceling Headphones,2,202.4,94.45,0,404.8,215.9,Completed
ORD-502123,2026-02-26,West,Los Angeles DC,Consumer,SKU-1007,Apparel,Performance Jacket,1,259.88,171.94,0.05,246.89,74.95,Completed
ORD-502124,2026-02-26,Central,Minneapolis DC,Small Business,SKU-1005,Home,Bedding Set,2,134.44,81.31,0.1,241.99,79.37,Completed
ORD-502125,2026-02-26,West,Los Angeles DC,Small Business,SKU-1012,Beauty,Fragrance Set,3,138.55,68.54,0.05,394.87,189.25,Completed
ORD-502126,2026-02-26,Central,Dallas DC,Enterprise,SKU-1007,Apparel,Performance Jacket,1,259.88,171.94,0.1,233.89,61.95,Completed
ORD-502127,2026-02-26,East,New Jersey DC,Consumer,SKU-1007,Apparel,Performance Jacket,2,259.88,171.94,0.15,441.8,97.92,Completed
ORD-502128,2026-02-26,Central,Dallas DC,Small Business,SKU-1001,Electronics,Noise-Canceling Headphones,2,202.4,94.45,0.15,344.08,155.18,Completed
ORD-502129,2026-02-26,West,Los Angeles DC,Enterprise,SKU-1010,Beauty,Skin Care Kit,2,212.38,144.24,0,424.76,136.28,Completed
ORD-502130,2026-02-26,East,Atlanta DC,Consumer,SKU-1011,Beauty,Hair Dryer,2,35.1,16.43,0,70.2,37.34,Completed
ORD-502131,2026-02-26,Central,Minneapolis DC,Consumer,SKU-1011,Beauty,Hair Dryer,2,35.1,16.43,0.1,63.18,30.32,Completed
ORD-502132,2026-02-26,West,Denver DC,Small Business,SKU-1005,Home,Bedding Set,1,134.44,81.31,0,134.44,53.13,Completed
ORD-502133,2026-02-26,Central,Chicago DC,Small Business,SKU-1009,Apparel,Travel Backpack,1,145.86,81.38,0.15,123.98,42.6,Completed
ORD-502134,2026-02-26,West,Seattle DC,Enterprise,SKU-1009,Apparel,Travel Backpack,2,145.86,81.38,0,291.72,128.96,Cancelled
ORD-502135,2026-02-26,West,Seattle DC,Consumer,SKU-1005,Home,Bedding Set,1,134.44,81.31,0.15,114.27,32.96,Returned
ORD-502136,2026-02-26,East,Miami DC,Small Business,SKU-1009,Apparel,Travel Backpack,1,145.86,81.38,0,145.86,64.48,Completed
ORD-502137,2026-02-26,Central,Chicago DC,Small Business,SKU-1011,Beauty,Hair Dryer,1,35.1,16.43,0.05,33.34,16.91,Cancelled
ORD-502138,2026-02-26,Central,Minneapolis DC,Enterprise,SKU-1002,Electronics,Smart Home Hub,3,202.52,137.45,0.05,577.18,164.83,Completed
ORD-502139,2026-02-26,East,Miami DC,Consumer,SKU-1012,Beauty,Fragrance Set,2,138.55,68.54,0.05,263.25,126.16,Completed
ORD-502140,2026-02-26,West,Los Angeles DC,Small Business,SKU-1004,Home,Air Purifier,2,39.43,23.74,0,78.86,31.38,Completed
ORD-502141,2026-02-26,Central,Chicago DC,Consumer,SKU-1006,Home,Kitchen Organizer,2,100.06,51.21,0.15,170.1,67.68,Completed
ORD-502142,2026-02-26,East,Miami DC,Enterprise,SKU-1009,Apparel,Travel Backpack,2,145.86,81.38,0.05,277.13,114.37,Completed
ORD-502143,2026-02-26,West,Los Angeles DC,Small Business,SKU-1004,Home,Air Purifier,1,39.43,23.74,0,39.43,15.69,Completed
ORD-502144,2026-02-26,East,New Jersey DC,Small Business,SKU-1010,Beauty,Skin Care Kit,1,212.38,144.24,0.15,180.52,36.28,Completed
ORD-502145,2026-02-26,Central,Chicago DC,Enterprise,SKU-1004,Home,Air Purifier,3,39.43,23.74,0,118.29,47.07,Completed
ORD-502146,2026-02-26,Central,Chicago DC,Small Business,SKU-1007,Apparel,Performance Jacket,1,259.88,171.94,0.1,233.89,61.95,Completed
ORD-502147,2026-02-27,East,Atlanta DC,Small Business,SKU-1009,Apparel,Travel Backpack,2,145.86,81.38,0.1,262.55,99.79,Completed
ORD-502148,2026-02-27,West,Los Angeles DC,Small Business,SKU-1005,Home,Bedding Set,1,134.44,81.31,0.1,121.0,39.69,Completed
ORD-502149,2026-02-27,East,Atlanta DC,Consumer,SKU-1010,Beauty,Skin Care Kit,1,212.38,144.24,0,212.38,68.14,Completed
ORD-502150,2026-02-27,West,Los Angeles DC,Enterprise,SKU-1008,Apparel,Running Shoes,1,88.43,59.11,0,88.43,29.32,Completed
ORD-502151,2026-02-27,Central,Chicago DC,Small Business,SKU-1012,Beauty,Fragrance Set,1,138.55,68.54,0,138.55,70.01,Completed
ORD-502152,2026-02-27,West,Seattle DC,Small Business,SKU-1009,Apparel,Travel Backpack,3,145.86,81.38,0.05,415.7,171.56,Completed
ORD-502153,2026-02-27,Central,Minneapolis DC,Small Business,SKU-1004,Home,Air Purifier,1,39.43,23.74,0,39.43,15.69,Completed
ORD-502154,2026-02-27,East,Miami DC,Enterprise,SKU-1008,Apparel,Running Shoes,1,88.43,59.11,0.1,79.59,20.48,Completed
ORD-502155,2026-02-27,East,New Jersey DC,Consumer,SKU-1005,Home,Bedding Set,3,134.44,81.31,0.15,342.82,98.89,Completed
ORD-502156,2026-02-27,East,New Jersey DC,Consumer,SKU-1001,Electronics,Noise-Canceling Headphones,1,202.4,94.45,0,202.4,107.95,Completed
ORD-502157,2026-02-27,Central,Chicago DC,Enterprise,SKU-1001,Electronics,Noise-Canceling Headphones,1,202.4,94.45,0.15,172.04,77.59,Completed
ORD-502158,2026-02-27,East,New Jersey DC,Consumer,SKU-1008,Apparel,Running Shoes,1,88.43,59.11,0,88.43,29.32,Completed
ORD-502159,2026-02-27,Central,Minneapolis DC,Enterprise,SKU-1002,Electronics,Smart Home Hub,1,202.52,137.45,0.15,172.14,34.69,Completed
ORD-502160,2026-02-27,Central,Chicago DC,Consumer,SKU-1010,Beauty,Skin Care Kit,3,212.38,144.24,0.1,573.43,140.71,Returned
ORD-502161,2026-02-27,East,New Jersey DC,Consumer,SKU-1006,Home,Kitchen Organizer,1,100.06,51.21,0.15,85.05,33.84,Completed
ORD-502162,2026-02-27,West,Denver DC,Small Business,SKU-1001,Electronics,Noise-Canceling Headphones,1,202.4,94.45,0,202.4,107.95,Completed
ORD-502163,2026-02-27,West,Seattle DC,Enterprise,SKU-1010,Beauty,Skin Care Kit,1,212.38,144.24,0.1,191.14,46.9,Completed
ORD-502164,2026-02-27,West,Denver DC,Consumer,SKU-1004,Home,Air Purifier,1,39.43,23.74,0,39.43,15.69,Returned
ORD-502165,2026-02-27,East,Atlanta DC,Consumer,SKU-1007,Apparel,Performance Jacket,4,259.88,171.94,0,1039.52,351.76,Completed
ORD-502166,2026-02-27,West,Seattle DC,Consumer,SKU-1011,Beauty,Hair Dryer,1,35.1,16.43,0,35.1,18.67,Completed
ORD-502167,2026-02-27,Central,Minneapolis DC,Consumer,SKU-1007,Apparel,Performance Jacket,2,259.88,171.94,0.05,493.77,149.89,Returned
ORD-502168,2026-02-27,East,New Jersey DC,Consumer,SKU-1005,Home,Bedding Set,4,134.44,81.31,0.05,510.87,185.63,Completed
ORD-502169,2026-02-27,West,Los Angeles DC,Small Business,SKU-1006,Home,Kitchen Organizer,1,100.06,51.21,0.15,85.05,33.84,Completed
ORD-502170,2026-02-27,East,New Jersey DC,Consumer,SKU-1001,Electronics,Noise-Canceling Headphones,1,202.4,94.45,0,202.4,107.95,Completed
ORD-502171,2026-02-27,West,Denver DC,Small Business,SKU-1001,Electronics,Noise-Canceling Headphones,3,202.4,94.45,0.15,516.12,232.77,Completed
ORD-502172,2026-02-27,West,Los Angeles DC,Enterprise,SKU-1006,Home,Kitchen Organizer,1,100.06,51.21,0.05,95.06,43.85,Completed
ORD-502173,2026-02-27,East,New Jersey DC,Consumer,SKU-1005,Home,Bedding Set,1,134.44,81.31,0,134.44,53.13,Completed
ORD-502174,2026-02-27,East,Atlanta DC,Enterprise,SKU-1010,Beauty,Skin Care Kit,1,212.38,144.24,0.15,180.52,36.28,Completed
ORD-502175,2026-02-27,West,Seattle DC,Enterprise,SKU-1003,Electronics,Portable Charger,1,132.63,59.06,0,132.63,73.57,Completed
ORD-502176,2026-02-27,West,Seattle DC,Small Business,SKU-1012,Beauty,Fragrance Set,2,138.55,68.54,0.1,249.39,112.31,Completed
ORD-502177,2026-02-27,Central,Minneapolis DC,Consumer,SKU-1011,Beauty,Hair Dryer,2,35.1,16.43,0,70.2,37.34,Returned
ORD-502178,2026-02-27,West,Denver DC,Small Business,SKU-1004,Home,Air Purifier,2,39.43,23.74,0.05,74.92,27.44,Returned
ORD-502179,2026-02-27,East,Atlanta DC,Enterprise,SKU-1009,Apparel,Travel Backpack,1,145.86,81.38,0,145.86,64.48,Completed
ORD-502180,2026-02-27,West,Denver DC,Small Business,SKU-1007,Apparel,Performance Jacket,1,259.88,171.94,0.15,220.9,48.96,Completed
ORD-502181,2026-02-27,West,Los Angeles DC,Consumer,SKU-1008,Apparel,Running Shoes,1,88.43,59.11,0.1,79.59,20.48,Completed
ORD-502182,2026-02-27,East,New Jersey DC,Consumer,SKU-1002,Electronics,Smart Home Hub,2,202.52,137.45,0,405.04,130.14,Completed
ORD-502183,2026-02-28,East,Miami DC,Consumer,SKU-1011,Beauty,Hair Dryer,1,35.1,16.43,0,35.1,18.67,Returned
ORD-502184,2026-02-28,East,Miami DC,Small Business,SKU-1004,Home,Air Purifier,3,39.43,23.74,0,118.29,47.07,Completed
ORD-502185,2026-02-28,East,New Jersey DC,Small Business,SKU-1003,Electronics,Portable Charger,1,132.63,59.06,0,132.63,73.57,Completed
ORD-502186,2026-02-28,East,New Jersey DC,Consumer,SKU-1002,Electronics,Smart Home Hub,3,202.52,137.45,0,607.56,195.21,Completed
ORD-502187,2026-02-28,East,Atlanta DC,Consumer,SKU-1005,Home,Bedding Set,1,134.44,81.31,0.1,121.0,39.69,Cancelled
ORD-502188,2026-02-28,West,Denver DC,Small Business,SKU-1012,Beauty,Fragrance Set,1,138.55,68.54,0,138.55,70.01,Completed
ORD-502189,2026-02-28,West,Los Angeles DC,Enterprise,SKU-1005,Home,Bedding Set,1,134.44,81.31,0.05,127.72,46.41,Returned
ORD-502190,2026-02-28,West,Los Angeles DC,Small Business,SKU-1007,Apparel,Performance Jacket,1,259.88,171.94,0.1,233.89,61.95,Completed
ORD-502191,2026-02-28,Central,Minneapolis DC,Enterprise,SKU-1010,Beauty,Skin Care Kit,1,212.38,144.24,0.05,201.76,57.52,Completed
ORD-502192,2026-02-28,West,Denver DC,Small Business,SKU-1010,Beauty,Skin Care Kit,2,212.38,144.24,0.15,361.05,72.57,Completed
ORD-502193,2026-02-28,East,Miami DC,Enterprise,SKU-1008,Apparel,Running Shoes,3,88.43,59.11,0.05,252.03,74.7,Completed
ORD-502194,2026-02-28,West,Denver DC,Enterprise,SKU-1012,Beauty,Fragrance Set,1,138.55,68.54,0.05,131.62,63.08,Completed
ORD-502195,2026-02-28,Central,Chicago DC,Enterprise,SKU-1007,Apparel,Performance Jacket,1,259.88,171.94,0.15,220.9,48.96,Cancelled
ORD-502196,2026-02-28,West,Seattle DC,Enterprise,SKU-1010,Beauty,Skin Care Kit,1,212.38,144.24,0,212.38,68.14,Completed
ORD-502197,2026-02-28,West,Los Angeles DC,Consumer,SKU-1011,Beauty,Hair Dryer,1,35.1,16.43,0,35.1,18.67,Completed
ORD-502198,2026-02-28,West,Los Angeles DC,Small Business,SKU-1007,Apparel,Performance Jacket,3,259.88,171.94,0,779.64,263.82,Returned
ORD-502199,2026-02-28,Central,Dallas DC,Consumer,SKU-1006,Home,Kitchen Organizer,1,100.06,51.21,0.05,95.06,43.85,Completed
ORD-502200,2026-02-28,East,Atlanta DC,Consumer,SKU-1005,Home,Bedding Set,3,134.44,81.31,0.1,362.99,119.06,Completed
ORD-502201,2026-02-28,East,Miami DC,Consumer,SKU-1003,Electronics,Portable Charger,2,132.63,59.06,0,265.26,147.14,Completed
ORD-502202,2026-02-28,East,Miami DC,Enterprise,SKU-1002,Electronics,Smart Home Hub,1,202.52,137.45,0.05,192.39,54.94,Completed
ORD-502203,2026-02-28,East,Atlanta DC,Small Business,SKU-1001,Electronics,Noise-Canceling Headphones,2,202.4,94.45,0.05,384.56,195.66,Completed
ORD-502204,2026-02-28,Central,Dallas DC,Small Business,SKU-1002,Electronics,Smart Home Hub,2,202.52,137.45,0,405.04,130.14,Completed
ORD-502205,2026-02-28,East,New Jersey DC,Consumer,SKU-1004,Home,Air Purifier,1,39.43,23.74,0.15,33.52,9.78,Completed
ORD-502206,2026-02-28,Central,Chicago DC,Enterprise,SKU-1007,Apparel,Performance Jacket,1,259.88,171.94,0,259.88,87.94,Completed
ORD-502207,2026-02-28,Central,Chicago DC,Small Business,SKU-1006,Home,Kitchen Organizer,1,100.06,51.21,0,100.06,48.85,Completed
ORD-502208,2026-02-28,East,Atlanta DC,Small Business,SKU-1005,Home,Bedding Set,3,134.44,81.31,0.05,383.15,139.22,Completed
ORD-502209,2026-02-28,East,New Jersey DC,Consumer,SKU-1006,Home,Kitchen Organizer,2,100.06,51.21,0.15,170.1,67.68,Completed
ORD-502210,2026-02-28,Central,Dallas DC,Consumer,SKU-1011,Beauty,Hair Dryer,1,35.1,16.43,0,35.1,18.67,Completed
ORD-502211,2026-02-28,Central,Dallas DC,Consumer,SKU-1010,Beauty,Skin Care Kit,1,212.38,144.24,0,212.38,68.14,Completed
ORD-502212,2026-02-28,East,New Jersey DC,Small Business,SKU-1011,Beauty,Hair Dryer,3,35.1,16.43,0.05,100.04,50.75,Returned
ORD-502213,2026-02-28,Central,Minneapolis DC,Consumer,SKU-1012,Beauty,Fragrance Set,1,138.55,68.54,0.1,124.7,56.16,Completed
ORD-502214,2026-02-28,East,Miami DC,Enterprise,SKU-1006,Home,Kitchen Organizer,2,100.06,51.21,0.15,170.1,67.68,Completed
ORD-502215,2026-02-28,Central,Dallas DC,Enterprise,SKU-1012,Beauty,Fragrance Set,1,138.55,68.54,0.15,117.77,49.23,Completed
ORD-502216,2026-02-28,West,Denver DC,Enterprise,SKU-1009,Apparel,Travel Backpack,2,145.86,81.38,0.05,277.13,114.37,Completed
ORD-502217,2026-02-28,East,New Jersey DC,Small Business,SKU-1002,Electronics,Smart Home Hub,3,202.52,137.45,0.15,516.43,104.08,Completed
ORD-502218,2026-02-28,Central,Minneapolis DC,Small Business,SKU-1007,Apparel,Performance Jacket,2,259.88,171.94,0,519.76,175.88,Completed
ORD-502219,2026-02-28,West,Denver DC,Enterprise,SKU-1005,Home,Bedding Set,1,134.44,81.31,0.15,114.27,32.96,Completed
ORD-502220,2026-02-28,East,New Jersey DC,Consumer,SKU-1006,Home,Kitchen Organizer,4,100.06,51.21,0,400.24,195.4,Completed
ORD-502221,2026-02-28,Central,Minneapolis DC,Enterprise,SKU-1007,Apparel,Performance Jacket,1,259.88,171.94,0.15,220.9,48.96,Completed
ORD-502222,2026-02-28,East,New Jersey DC,Consumer,SKU-1011,Beauty,Hair Dryer,2,35.1,16.43,0,70.2,37.34,Completed
ORD-502223,2026-02-28,East,Miami DC,Small Business,SKU-1002,Electronics,Smart Home Hub,1,202.52,137.45,0.05,192.39,54.94,Completed
ORD-502224,2026-02-28,East,Atlanta DC,Small Business,SKU-1004,Home,Air Purifier,1,39.43,23.74,0,39.43,15.69,Completed
ORD-502225,2026-02-28,East,Atlanta DC,Small Business,SKU-1009,Apparel,Travel Backpack,2,145.86,81.38,0.15,247.96,85.2,Completed
ORD-502226,2026-02-28,East,New Jersey DC,Consumer,SKU-1010,Beauty,Skin Care Kit,1,212.38,144.24,0,212.38,68.14,Completed
ORD-502227,2026-02-28,East,Atlanta DC,Consumer,SKU-1009,Apparel,Travel Backpack,1,145.86,81.38,0,145.86,64.48,Completed
ORD-502228,2026-02-28,West,Los Angeles DC,Enterprise,SKU-1012,Beauty,Fragrance Set,1,138.55,68.54,0,138.55,70.01,Completed
ORD-502229,2026-03-01,West,Los Angeles DC,Enterprise,SKU-1012,Beauty,Fragrance Set,2,138.55,68.54,0.1,249.39,112.31,Completed
ORD-502230,2026-03-01,West,Seattle DC,Small Business,SKU-1001,Electronics,Noise-Canceling Headphones,2,202.4,94.45,0,404.8,215.9,Completed
ORD-502231,2026-03-01,Central,Dallas DC,Consumer,SKU-1001,Electronics,Noise-Canceling Headphones,1,202.4,94.45,0.1,182.16,87.71,Completed
ORD-502232,2026-03-01,Central,Chicago DC,Enterprise,SKU-1004,Home,Air Purifier,2,39.43,23.74,0,78.86,31.38,Completed
ORD-502233,2026-03-01,East,Miami DC,Consumer,SKU-1004,Home,Air Purifier,2,39.43,23.74,0.15,67.03,19.55,Completed
ORD-502234,2026-03-01,West,Denver DC,Consumer,SKU-1003,Electronics,Portable Charger,1,132.63,59.06,0.05,126.0,66.94,Completed
ORD-502235,2026-03-01,West,Los Angeles DC,Enterprise,SKU-1008,Apparel,Running Shoes,1,88.43,59.11,0,88.43,29.32,Returned
ORD-502236,2026-03-01,Central,Chicago DC,Enterprise,SKU-1002,Electronics,Smart Home Hub,2,202.52,137.45,0,405.04,130.14,Completed
ORD-502237,2026-03-01,West,Denver DC,Enterprise,SKU-1004,Home,Air Purifier,1,39.43,23.74,0,39.43,15.69,Completed
ORD-502238,2026-03-01,East,Atlanta DC,Enterprise,SKU-1003,Electronics,Portable Charger,1,132.63,59.06,0.15,112.74,53.68,Completed
ORD-502239,2026-03-01,Central,Chicago DC,Small Business,SKU-1003,Electronics,Portable Charger,1,132.63,59.06,0.1,119.37,60.31,Completed
ORD-502240,2026-03-01,West,Denver DC,Small Business,SKU-1004,Home,Air Purifier,1,39.43,23.74,0,39.43,15.69,Completed
ORD-502241,2026-03-01,West,Los Angeles DC,Small Business,SKU-1001,Electronics,Noise-Canceling Headphones,3,202.4,94.45,0.05,576.84,293.49,Completed
ORD-502242,2026-03-01,Central,Dallas DC,Enterprise,SKU-1005,Home,Bedding Set,3,134.44,81.31,0,403.32,159.39,Completed
ORD-502243,2026-03-01,Central,Minneapolis DC,Small Business,SKU-1004,Home,Air Purifier,1,39.43,23.74,0.1,35.49,11.75,Completed
ORD-502244,2026-03-01,Central,Minneapolis DC,Small Business,SKU-1007,Apparel,Performance Jacket,3,259.88,171.94,0.15,662.69,146.87,Completed
ORD-502245,2026-03-01,West,Denver DC,Small Business,SKU-1001,Electronics,Noise-Canceling Headphones,1,202.4,94.45,0,202.4,107.95,Completed
ORD-502246,2026-03-01,Central,Chicago DC,Enterprise,SKU-1002,Electronics,Smart Home Hub,1,202.52,137.45,0,202.52,65.07,Completed
ORD-502247,2026-03-01,West,Los Angeles DC,Enterprise,SKU-1002,Electronics,Smart Home Hub,1,202.52,137.45,0,202.52,65.07,Cancelled
ORD-502248,2026-03-01,Central,Chicago DC,Consumer,SKU-1006,Home,Kitchen Organizer,3,100.06,51.21,0.15,255.15,101.52,Completed
ORD-502249,2026-03-01,East,Miami DC,Enterprise,SKU-1003,Electronics,Portable Charger,1,132.63,59.06,0.05,126.0,66.94,Completed
ORD-502250,2026-03-01,West,Los Angeles DC,Consumer,SKU-1004,Home,Air Purifier,1,39.43,23.74,0,39.43,15.69,Completed
ORD-502251,2026-03-01,Central,Dallas DC,Small Business,SKU-1012,Beauty,Fragrance Set,2,138.55,68.54,0.15,235.54,98.46,Completed
ORD-502252,2026-03-01,West,Seattle DC,Small Business,SKU-1002,Electronics,Smart Home Hub,1,202.52,137.45,0.15,172.14,34.69,Completed
ORD-502253,2026-03-01,East,Atlanta DC,Enterprise,SKU-1004,Home,Air Purifier,2,39.43,23.74,0.1,70.97,23.49,Completed
ORD-502254,2026-03-01,East,Miami DC,Consumer,SKU-1003,Electronics,Portable Charger,1,132.63,59.06,0.05,126.0,66.94,Completed
ORD-502255,2026-03-01,East,Miami DC,Enterprise,SKU-1004,Home,Air Purifier,4,39.43,23.74,0.15,134.06,39.1,Completed
ORD-502256,2026-03-01,Central,Chicago DC,Small Business,SKU-1001,Electronics,Noise-Canceling Headphones,3,202.4,94.45,0.1,546.48,263.13,Completed
ORD-502257,2026-03-01,West,Denver DC,Enterprise,SKU-1011,Beauty,Hair Dryer,1,35.1,16.43,0,35.1,18.67,Completed
ORD-502258,2026-03-01,East,Miami DC,Enterprise,SKU-1011,Beauty,Hair Dryer,1,35.1,16.43,0,35.1,18.67,Completed
ORD-502259,2026-03-01,Central,Chicago DC,Enterprise,SKU-1008,Apparel,Running Shoes,1,88.43,59.11,0,88.43,29.32,Completed
ORD-502260,2026-03-01,East,Atlanta DC,Consumer,SKU-1012,Beauty,Fragrance Set,4,138.55,68.54,0,554.2,280.04,Completed
ORD-502261,2026-03-01,West,Seattle DC,Consumer,SKU-1007,Apparel,Performance Jacket,1,259.88,171.94,0.15,220.9,48.96,Completed
ORD-502262,2026-03-01,West,Los Angeles DC,Enterprise,SKU-1001,Electronics,Noise-Canceling Headphones,2,202.4,94.45,0,404.8,215.9,Completed
ORD-502263,2026-03-01,West,Seattle DC,Consumer,SKU-1010,Beauty,Skin Care Kit,1,212.38,144.24,0.1,191.14,46.9,Completed
ORD-502264,2026-03-01,Central,Chicago DC,Consumer,SKU-1005,Home,Bedding Set,1,134.44,81.31,0.05,127.72,46.41,Completed
ORD-502265,2026-03-01,East,Miami DC,Small Business,SKU-1006,Home,Kitchen Organizer,1,100.06,51.21,0,100.06,48.85,Completed
ORD-502266,2026-03-01,Central,Minneapolis DC,Consumer,SKU-1005,Home,Bedding Set,2,134.44,81.31,0,268.88,106.26,Returned
ORD-502267,2026-03-01,Central,Minneapolis DC,Small Business,SKU-1010,Beauty,Skin Care Kit,2,212.38,144.24,0,424.76,136.28,Completed
ORD-502268,2026-03-01,East,Atlanta DC,Consumer,SKU-1012,Beauty,Fragrance Set,1,138.55,68.54,0.1,124.7,56.16,Completed
ORD-502269,2026-03-01,East,New Jersey DC,Consumer,SKU-1009,Apparel,Travel Backpack,1,145.86,81.38,0.15,123.98,42.6,Completed
ORD-502270,2026-03-01,Central,Dallas DC,Enterprise,SKU-1010,Beauty,Skin Care Kit,2,212.38,144.24,0.15,361.05,72.57,Completed
ORD-502271,2026-03-02,Central,Chicago DC,Small Business,SKU-1009,Apparel,Travel Backpack,2,145.86,81.38,0,291.72,128.96,Completed
ORD-502272,2026-03-02,East,New Jersey DC,Enterprise,SKU-1009,Apparel,Travel Backpack,1,145.86,81.38,0,145.86,64.48,Completed
ORD-502273,2026-03-02,Central,Dallas DC,Small Business,SKU-1004,Home,Air Purifier,2,39.43,23.74,0.1,70.97,23.49,Completed
ORD-502274,2026-03-02,East,Atlanta DC,Small Business,SKU-1004,Home,Air Purifier,1,39.43,23.74,0,39.43,15.69,Completed
ORD-502275,2026-03-02,Central,Dallas DC,Consumer,SKU-1007,Apparel,Performance Jacket,2,259.88,171.94,0.1,467.78,123.9,Completed
ORD-502276,2026-03-02,East,Atlanta DC,Small Business,SKU-1007,Apparel,Performance Jacket,1,259.88,171.94,0.1,233.89,61.95,Completed
ORD-502277,2026-03-02,East,New Jersey DC,Enterprise,SKU-1002,Electronics,Smart Home Hub,1,202.52,137.45,0.15,172.14,34.69,Completed
ORD-502278,2026-03-02,East,Miami DC,Small Business,SKU-1010,Beauty,Skin Care Kit,1,212.38,144.24,0.1,191.14,46.9,Completed
ORD-502279,2026-03-02,Central,Dallas DC,Consumer,SKU-1008,Apparel,Running Shoes,1,88.43,59.11,0,88.43,29.32,Completed
ORD-502280,2026-03-02,Central,Dallas DC,Small Business,SKU-1007,Apparel,Performance Jacket,2,259.88,171.94,0,519.76,175.88,Completed
ORD-502281,2026-03-02,West,Los Angeles DC,Small Business,SKU-1005,Home,Bedding Set,1,134.44,81.31,0,134.44,53.13,Completed
ORD-502282,2026-03-02,East,Miami DC,Small Business,SKU-1002,Electronics,Smart Home Hub,2,202.52,137.45,0.15,344.28,69.38,Completed
ORD-502283,2026-03-02,West,Los Angeles DC,Small Business,SKU-1008,Apparel,Running Shoes,1,88.43,59.11,0,88.43,29.32,Completed
ORD-502284,2026-03-02,Central,Minneapolis DC,Small Business,SKU-1004,Home,Air Purifier,2,39.43,23.74,0,78.86,31.38,Completed
ORD-502285,2026-03-02,West,Denver DC,Consumer,SKU-1002,Electronics,Smart Home Hub,1,202.52,137.45,0.05,192.39,54.94,Completed
ORD-502286,2026-03-02,East,Miami DC,Small Business,SKU-1007,Apparel,Performance Jacket,2,259.88,171.94,0,519.76,175.88,Completed
ORD-502287,2026-03-02,Central,Dallas DC,Consumer,SKU-1004,Home,Air Purifier,2,39.43,23.74,0.15,67.03,19.55,Completed
ORD-502288,2026-03-02,East,Atlanta DC,Small Business,SKU-1009,Apparel,Travel Backpack,1,145.86,81.38,0.05,138.57,57.19,Completed
ORD-502289,2026-03-02,West,Los Angeles DC,Enterprise,SKU-1012,Beauty,Fragrance Set,2,138.55,68.54,0.05,263.25,126.16,Completed
ORD-502290,2026-03-02,East,New Jersey DC,Small Business,SKU-1008,Apparel,Running Shoes,1,88.43,59.11,0,88.43,29.32,Completed
ORD-502291,2026-03-03,East,New Jersey DC,Small Business,SKU-1010,Beauty,Skin Care Kit,1,212.38,144.24,0.1,191.14,46.9,Returned
ORD-502292,2026-03-03,West,Seattle DC,Enterprise,SKU-1003,Electronics,Portable Charger,2,132.63,59.06,0,265.26,147.14,Completed
ORD-502293,2026-03-03,Central,Minneapolis DC,Enterprise,SKU-1001,Electronics,Noise-Canceling Headphones,1,202.4,94.45,0,202.4,107.95,Completed
ORD-502294,2026-03-03,East,New Jersey DC,Small Business,SKU-1012,Beauty,Fragrance Set,2,138.55,68.54,0.15,235.54,98.46,Completed
ORD-502295,2026-03-03,Central,Chicago DC,Enterprise,SKU-1011,Beauty,Hair Dryer,1,35.1,16.43,0.15,29.84,13.41,Completed
ORD-502296,2026-03-03,West,Los Angeles DC,Consumer,SKU-1003,Electronics,Portable Charger,1,132.63,59.06,0.15,112.74,53.68,Completed
ORD-502297,2026-03-03,East,Atlanta DC,Enterprise,SKU-1004,Home,Air Purifier,2,39.43,23.74,0.1,70.97,23.49,Completed
ORD-502298,2026-03-03,Central,Minneapolis DC,Small Business,SKU-1009,Apparel,Travel Backpack,1,145.86,81.38,0,145.86,64.48,Completed
ORD-502299,2026-03-03,West,Seattle DC,Consumer,SKU-1007,Apparel,Performance Jacket,1,259.88,171.94,0,259.88,87.94,Completed
ORD-502300,2026-03-03,East,New Jersey DC,Small Business,SKU-1011,Beauty,Hair Dryer,1,35.1,16.43,0,35.1,18.67,Completed
ORD-502301,2026-03-03,Central,Dallas DC,Small Business,SKU-1007,Apparel,Performance Jacket,1,259.88,171.94,0,259.88,87.94,Completed
ORD-502302,2026-03-03,Central,Dallas DC,Enterprise,SKU-1004,Home,Air Purifier,1,39.43,23.74,0.15,33.52,9.78,Completed
ORD-502303,2026-03-03,West,Denver DC,Small Business,SKU-1005,Home,Bedding Set,1,134.44,81.31,0,134.44,53.13,Completed
ORD-502304,2026-03-03,Central,Chicago DC,Enterprise,SKU-1003,Electronics,Portable Charger,1,132.63,59.06,0.05,126.0,66.94,Completed
ORD-502305,2026-03-03,West,Denver DC,Enterprise,SKU-1010,Beauty,Skin Care Kit,1,212.38,144.24,0.05,201.76,57.52,Completed
ORD-502306,2026-03-03,East,Miami DC,Enterprise,SKU-1003,Electronics,Portable Charger,1,132.63,59.06,0,132.63,73.57,Completed
ORD-502307,2026-03-03,West,Seattle DC,Consumer,SKU-1009,Apparel,Travel Backpack,2,145.86,81.38,0.15,247.96,85.2,Completed
ORD-502308,2026-03-03,West,Denver DC,Small Business,SKU-1003,Electronics,Portable Charger,1,132.63,59.06,0,132.63,73.57,Completed
ORD-502309,2026-03-03,East,Atlanta DC,Enterprise,SKU-1006,Home,Kitchen Organizer,1,100.06,51.21,0.05,95.06,43.85,Completed
ORD-502310,2026-03-03,West,Los Angeles DC,Small Business,SKU-1012,Beauty,Fragrance Set,2,138.55,68.54,0.1,249.39,112.31,Completed
ORD-502311,2026-03-03,Central,Chicago DC,Small Business,SKU-1012,Beauty,Fragrance Set,1,138.55,68.54,0.05,131.62,63.08,Completed
ORD-502312,2026-03-03,West,Seattle DC,Consumer,SKU-1001,Electronics,Noise-Canceling Headphones,4,202.4,94.45,0.15,688.16,310.36,Completed
ORD-502313,2026-03-03,East,New Jersey DC,Consumer,SKU-1010,Beauty,Skin Care Kit,1,212.38,144.24,0.1,191.14,46.9,Completed
ORD-502314,2026-03-03,East,New Jersey DC,Consumer,SKU-1012,Beauty,Fragrance Set,2,138.55,68.54,0,277.1,140.02,Completed
ORD-502315,2026-03-03,Central,Dallas DC,Small Business,SKU-1011,Beauty,Hair Dryer,2,35.1,16.43,0,70.2,37.34,Completed
ORD-502316,2026-03-03,West,Seattle DC,Enterprise,SKU-1004,Home,Air Purifier,1,39.43,23.74,0,39.43,15.69,Completed
ORD-502317,2026-03-03,East,New Jersey DC,Enterprise,SKU-1005,Home,Bedding Set,1,134.44,81.31,0,134.44,53.13,Completed
ORD-502318,2026-03-03,Central,Dallas DC,Consumer,SKU-1007,Apparel,Performance Jacket,1,259.88,171.94,0.05,246.89,74.95,Completed
ORD-502319,2026-03-03,West,Denver DC,Small Business,SKU-1008,Apparel,Running Shoes,1,88.43,59.11,0.15,75.17,16.06,Completed
ORD-502320,2026-03-03,Central,Dallas DC,Enterprise,SKU-1011,Beauty,Hair Dryer,1,35.1,16.43,0.15,29.84,13.41,Completed
ORD-502321,2026-03-03,Central,Chicago DC,Enterprise,SKU-1001,Electronics,Noise-Canceling Headphones,1,202.4,94.45,0.05,192.28,97.83,Completed
ORD-502322,2026-03-03,East,New Jersey DC,Consumer,SKU-1006,Home,Kitchen Organizer,2,100.06,51.21,0,200.12,97.7,Returned
ORD-502323,2026-03-03,East,New Jersey DC,Enterprise,SKU-1012,Beauty,Fragrance Set,3,138.55,68.54,0,415.65,210.03,Returned
ORD-502324,2026-03-03,Central,Minneapolis DC,Small Business,SKU-1002,Electronics,Smart Home Hub,1,202.52,137.45,0.15,172.14,34.69,Completed
ORD-502325,2026-03-03,West,Seattle DC,Consumer,SKU-1010,Beauty,Skin Care Kit,3,212.38,144.24,0.1,573.43,140.71,Completed
ORD-502326,2026-03-03,Central,Dallas DC,Enterprise,SKU-1012,Beauty,Fragrance Set,1,138.55,68.54,0,138.55,70.01,Completed
ORD-502327,2026-03-03,West,Los Angeles DC,Enterprise,SKU-1012,Beauty,Fragrance Set,2,138.55,68.54,0,277.1,140.02,Completed
ORD-502328,2026-03-03,East,Atlanta DC,Small Business,SKU-1012,Beauty,Fragrance Set,2,138.55,68.54,0.05,263.25,126.16,Completed
ORD-502329,2026-03-03,West,Seattle DC,Consumer,SKU-1005,Home,Bedding Set,1,134.44,81.31,0.1,121.0,39.69,Completed
ORD-502330,2026-03-03,East,New Jersey DC,Small Business,SKU-1006,Home,Kitchen Organizer,1,100.06,51.21,0,100.06,48.85,Completed
ORD-502331,2026-03-03,Central,Chicago DC,Small Business,SKU-1005,Home,Bedding Set,1,134.44,81.31,0.15,114.27,32.96,Completed
ORD-502332,2026-03-03,West,Seattle DC,Enterprise,SKU-1011,Beauty,Hair Dryer,1,35.1,16.43,0,35.1,18.67,Completed
ORD-502333,2026-03-03,East,Atlanta DC,Consumer,SKU-1002,Electronics,Smart Home Hub,2,202.52,137.45,0,405.04,130.14,Completed
ORD-502334,2026-03-03,West,Seattle DC,Consumer,SKU-1004,Home,Air Purifier,2,39.43,23.74,0.15,67.03,19.55,Completed
ORD-502335,2026-03-04,East,New Jersey DC,Enterprise,SKU-1003,Electronics,Portable Charger,2,132.63,59.06,0,265.26,147.14,Completed
ORD-502336,2026-03-04,West,Seattle DC,Enterprise,SKU-1005,Home,Bedding Set,1,134.44,81.31,0.05,127.72,46.41,Completed
ORD-502337,2026-03-04,East,Miami DC,Small Business,SKU-1006,Home,Kitchen Organizer,3,100.06,51.21,0,300.18,146.55,Completed
ORD-502338,2026-03-04,East,Miami DC,Consumer,SKU-1011,Beauty,Hair Dryer,2,35.1,16.43,0.1,63.18,30.32,Completed
ORD-502339,2026-03-04,East,New Jersey DC,Small Business,SKU-1002,Electronics,Smart Home Hub,1,202.52,137.45,0.05,192.39,54.94,Completed
ORD-502340,2026-03-04,East,Atlanta DC,Consumer,SKU-1011,Beauty,Hair Dryer,2,35.1,16.43,0.15,59.67,26.81,Completed
ORD-502341,2026-03-04,East,Miami DC,Enterprise,SKU-1005,Home,Bedding Set,1,134.44,81.31,0.1,121.0,39.69,Completed
ORD-502342,2026-03-04,Central,Minneapolis DC,Enterprise,SKU-1007,Apparel,Performance Jacket,1,259.88,171.94,0.15,220.9,48.96,Completed
ORD-502343,2026-03-04,West,Denver DC,Small Business,SKU-1001,Electronics,Noise-Canceling Headphones,2,202.4,94.45,0,404.8,215.9,Returned
ORD-502344,2026-03-04,East,Atlanta DC,Enterprise,SKU-1009,Apparel,Travel Backpack,1,145.86,81.38,0.1,131.27,49.89,Completed
ORD-502345,2026-03-04,West,Denver DC,Small Business,SKU-1001,Electronics,Noise-Canceling Headphones,1,202.4,94.45,0,202.4,107.95,Completed
ORD-502346,2026-03-04,Central,Chicago DC,Consumer,SKU-1011,Beauty,Hair Dryer,1,35.1,16.43,0.05,33.34,16.91,Completed
ORD-502347,2026-03-04,Central,Chicago DC,Consumer,SKU-1003,Electronics,Portable Charger,1,132.63,59.06,0,132.63,73.57,Completed
ORD-502348,2026-03-04,Central,Chicago DC,Small Business,SKU-1005,Home,Bedding Set,2,134.44,81.31,0,268.88,106.26,Completed
ORD-502349,2026-03-04,West,Seattle DC,Enterprise,SKU-1005,Home,Bedding Set,2,134.44,81.31,0.05,255.44,92.82,Completed
ORD-502350,2026-03-04,East,Atlanta DC,Enterprise,SKU-1011,Beauty,Hair Dryer,1,35.1,16.43,0.05,33.34,16.91,Completed
ORD-502351,2026-03-04,West,Seattle DC,Small Business,SKU-1009,Apparel,Travel Backpack,1,145.86,81.38,0.15,123.98,42.6,Completed
ORD-502352,2026-03-04,East,Atlanta DC,Consumer,SKU-1009,Apparel,Travel Backpack,2,145.86,81.38,0,291.72,128.96,Completed
ORD-502353,2026-03-04,East,New Jersey DC,Small Business,SKU-1011,Beauty,Hair Dryer,1,35.1,16.43,0,35.1,18.67,Returned
ORD-502354,2026-03-04,West,Los Angeles DC,Enterprise,SKU-1004,Home,Air Purifier,4,39.43,23.74,0,157.72,62.76,Completed
ORD-502355,2026-03-04,East,Atlanta DC,Enterprise,SKU-1002,Electronics,Smart Home Hub,1,202.52,137.45,0.15,172.14,34.69,Completed
ORD-502356,2026-03-04,Central,Chicago DC,Enterprise,SKU-1002,Electronics,Smart Home Hub,2,202.52,137.45,0.05,384.79,109.89,Completed
ORD-502357,2026-03-04,Central,Dallas DC,Enterprise,SKU-1011,Beauty,Hair Dryer,1,35.1,16.43,0,35.1,18.67,Completed
ORD-502358,2026-03-04,East,Miami DC,Consumer,SKU-1007,Apparel,Performance Jacket,3,259.88,171.94,0,779.64,263.82,Completed
ORD-502359,2026-03-04,West,Los Angeles DC,Consumer,SKU-1010,Beauty,Skin Care Kit,2,212.38,144.24,0.15,361.05,72.57,Completed
ORD-502360,2026-03-04,Central,Dallas DC,Enterprise,SKU-1004,Home,Air Purifier,1,39.43,23.74,0.1,35.49,11.75,Completed
ORD-502361,2026-03-04,Central,Minneapolis DC,Consumer,SKU-1004,Home,Air Purifier,1,39.43,23.74,0,39.43,15.69,Completed
ORD-502362,2026-03-04,East,Miami DC,Small Business,SKU-1012,Beauty,Fragrance Set,2,138.55,68.54,0,277.1,140.02,Completed
ORD-502363,2026-03-04,East,New Jersey DC,Small Business,SKU-1009,Apparel,Travel Backpack,1,145.86,81.38,0,145.86,64.48,Completed
ORD-502364,2026-03-04,East,Atlanta DC,Small Business,SKU-1003,Electronics,Portable Charger,1,132.63,59.06,0.15,112.74,53.68,Completed
ORD-502365,2026-03-04,Central,Dallas DC,Small Business,SKU-1010,Beauty,Skin Care Kit,1,212.38,144.24,0,212.38,68.14,Completed
ORD-502366,2026-03-04,East,New Jersey DC,Enterprise,SKU-1005,Home,Bedding Set,3,134.44,81.31,0,403.32,159.39,Completed
ORD-502367,2026-03-04,East,Atlanta DC,Consumer,SKU-1005,Home,Bedding Set,2,134.44,81.31,0.1,241.99,79.37,Completed
ORD-502368,2026-03-04,West,Seattle DC,Enterprise,SKU-1001,Electronics,Noise-Canceling Headphones,1,202.4,94.45,0,202.4,107.95,Completed
ORD-502369,2026-03-04,Central,Dallas DC,Consumer,SKU-1002,Electronics,Smart Home Hub,1,202.52,137.45,0.15,172.14,34.69,Completed
ORD-502370,2026-03-04,Central,Dallas DC,Small Business,SKU-1012,Beauty,Fragrance Set,1,138.55,68.54,0.15,117.77,49.23,Returned
ORD-502371,2026-03-04,Central,Minneapolis DC,Enterprise,SKU-1002,Electronics,Smart Home Hub,1,202.52,137.45,0.15,172.14,34.69,Completed
ORD-502372,2026-03-04,East,Atlanta DC,Small Business,SKU-1003,Electronics,Portable Charger,1,132.63,59.06,0,132.63,73.57,Completed
ORD-502373,2026-03-05,Central,Dallas DC,Consumer,SKU-1001,Electronics,Noise-Canceling Headphones,1,202.4,94.45,0,202.4,107.95,Completed
ORD-502374,2026-03-05,Central,Dallas DC,Enterprise,SKU-1007,Apparel,Performance Jacket,4,259.88,171.94,0.15,883.59,195.83,Completed
ORD-502375,2026-03-05,West,Seattle DC,Consumer,SKU-1012,Beauty,Fragrance Set,1,138.55,68.54,0.15,117.77,49.23,Completed
ORD-502376,2026-03-05,West,Seattle DC,Small Business,SKU-1007,Apparel,Performance Jacket,1,259.88,171.94,0,259.88,87.94,Completed
ORD-502377,2026-03-05,Central,Minneapolis DC,Enterprise,SKU-1007,Apparel,Performance Jacket,2,259.88,171.94,0.05,493.77,149.89,Returned
ORD-502378,2026-03-05,East,New Jersey DC,Small Business,SKU-1008,Apparel,Running Shoes,1,88.43,59.11,0.1,79.59,20.48,Completed
ORD-502379,2026-03-05,West,Los Angeles DC,Consumer,SKU-1007,Apparel,Performance Jacket,1,259.88,171.94,0.15,220.9,48.96,Completed
ORD-502380,2026-03-05,West,Los Angeles DC,Consumer,SKU-1002,Electronics,Smart Home Hub,2,202.52,137.45,0.05,384.79,109.89,Completed
ORD-502381,2026-03-05,East,Miami DC,Small Business,SKU-1012,Beauty,Fragrance Set,1,138.55,68.54,0,138.55,70.01,Completed
ORD-502382,2026-03-05,East,Miami DC,Enterprise,SKU-1002,Electronics,Smart Home Hub,1,202.52,137.45,0,202.52,65.07,Completed
ORD-502383,2026-03-05,Central,Dallas DC,Enterprise,SKU-1011,Beauty,Hair Dryer,1,35.1,16.43,0,35.1,18.67,Completed
ORD-502384,2026-03-05,Central,Dallas DC,Enterprise,SKU-1003,Electronics,Portable Charger,1,132.63,59.06,0,132.63,73.57,Completed
ORD-502385,2026-03-05,Central,Chicago DC,Consumer,SKU-1012,Beauty,Fragrance Set,2,138.55,68.54,0,277.1,140.02,Completed
ORD-502386,2026-03-05,Central,Chicago DC,Enterprise,SKU-1008,Apparel,Running Shoes,1,88.43,59.11,0,88.43,29.32,Completed
ORD-502387,2026-03-05,West,Denver DC,Consumer,SKU-1003,Electronics,Portable Charger,1,132.63,59.06,0.15,112.74,53.68,Completed
ORD-502388,2026-03-05,East,Atlanta DC,Enterprise,SKU-1011,Beauty,Hair Dryer,3,35.1,16.43,0.05,100.04,50.75,Completed
ORD-502389,2026-03-05,West,Los Angeles DC,Enterprise,SKU-1009,Apparel,Travel Backpack,2,145.86,81.38,0.15,247.96,85.2,Completed
ORD-502390,2026-03-05,Central,Dallas DC,Consumer,SKU-1006,Home,Kitchen Organizer,2,100.06,51.21,0.1,180.11,77.69,Returned
ORD-502391,2026-03-05,East,Miami DC,Consumer,SKU-1010,Beauty,Skin Care Kit,3,212.38,144.24,0,637.14,204.42,Completed
ORD-502392,2026-03-05,East,New Jersey DC,Consumer,SKU-1002,Electronics,Smart Home Hub,2,202.52,137.45,0.05,384.79,109.89,Completed
ORD-502393,2026-03-05,West,Seattle DC,Consumer,SKU-1010,Beauty,Skin Care Kit,1,212.38,144.24,0.15,180.52,36.28,Returned
ORD-502394,2026-03-05,West,Denver DC,Small Business,SKU-1008,Apparel,Running Shoes,1,88.43,59.11,0,88.43,29.32,Completed
ORD-502395,2026-03-05,Central,Minneapolis DC,Enterprise,SKU-1006,Home,Kitchen Organizer,1,100.06,51.21,0.15,85.05,33.84,Completed
ORD-502396,2026-03-05,West,Seattle DC,Consumer,SKU-1011,Beauty,Hair Dryer,2,35.1,16.43,0,70.2,37.34,Cancelled
ORD-502397,2026-03-05,Central,Chicago DC,Consumer,SKU-1003,Electronics,Portable Charger,1,132.63,59.06,0,132.63,73.57,Completed
ORD-502398,2026-03-05,West,Denver DC,Enterprise,SKU-1012,Beauty,Fragrance Set,1,138.55,68.54,0.1,124.7,56.16,Completed
ORD-502399,2026-03-05,West,Los Angeles DC,Small Business,SKU-1007,Apparel,Performance Jacket,1,259.88,171.94,0.1,233.89,61.95,Completed
ORD-502400,2026-03-05,West,Los Angeles DC,Enterprise,SKU-1001,Electronics,Noise-Canceling Headphones,1,202.4,94.45,0,202.4,107.95,Completed
ORD-502401,2026-03-05,West,Los Angeles DC,Consumer,SKU-1006,Home,Kitchen Organizer,2,100.06,51.21,0,200.12,97.7,Completed
ORD-502402,2026-03-05,Central,Minneapolis DC,Consumer,SKU-1008,Apparel,Running Shoes,1,88.43,59.11,0,88.43,29.32,Completed
ORD-502403,2026-03-05,East,Atlanta DC,Enterprise,SKU-1003,Electronics,Portable Charger,1,132.63,59.06,0,132.63,73.57,Completed
ORD-502404,2026-03-05,Central,Dallas DC,Enterprise,SKU-1011,Beauty,Hair Dryer,2,35.1,16.43,0,70.2,37.34,Completed
ORD-502405,2026-03-05,East,Atlanta DC,Enterprise,SKU-1002,Electronics,Smart Home Hub,1,202.52,137.45,0,202.52,65.07,Completed
ORD-502406,2026-03-05,West,Denver DC,Small Business,SKU-1008,Apparel,Running Shoes,1,88.43,59.11,0,88.43,29.32,Completed
ORD-502407,2026-03-05,East,New Jersey DC,Enterprise,SKU-1003,Electronics,Portable Charger,1,132.63,59.06,0.05,126.0,66.94,Completed
ORD-502408,2026-03-05,Central,Minneapolis DC,Small Business,SKU-1006,Home,Kitchen Organizer,1,100.06,51.21,0,100.06,48.85,Completed
ORD-502409,2026-03-05,West,Seattle DC,Enterprise,SKU-1001,Electronics,Noise-Canceling Headphones,1,202.4,94.45,0,202.4,107.95,Completed
ORD-502410,2026-03-05,East,Atlanta DC,Small Business,SKU-1003,Electronics,Portable Charger,1,132.63,59.06,0.15,112.74,53.68,Completed
ORD-502411,2026-03-05,West,Denver DC,Small Business,SKU-1002,Electronics,Smart Home Hub,2,202.52,137.45,0,405.04,130.14,Completed
ORD-502412,2026-03-05,Central,Chicago DC,Small Business,SKU-1006,Home,Kitchen Organizer,1,100.06,51.21,0.15,85.05,33.84,Completed
ORD-502413,2026-03-05,Central,Chicago DC,Small Business,SKU-1007,Apparel,Performance Jacket,2,259.88,171.94,0.05,493.77,149.89,Completed
ORD-502414,2026-03-05,East,Atlanta DC,Enterprise,SKU-1004,Home,Air Purifier,4,39.43,23.74,0,157.72,62.76,Completed
ORD-502415,2026-03-05,West,Seattle DC,Enterprise,SKU-1003,Electronics,Portable Charger,4,132.63,59.06,0.1,477.47,241.23,Completed
ORD-502416,2026-03-05,Central,Minneapolis DC,Small Business,SKU-1008,Apparel,Running Shoes,2,88.43,59.11,0.15,150.33,32.11,Completed
ORD-502417,2026-03-05,Central,Minneapolis DC,Small Business,SKU-1002,Electronics,Smart Home Hub,2,202.52,137.45,0.15,344.28,69.38,Completed
ORD-502418,2026-03-05,West,Denver DC,Consumer,SKU-1008,Apparel,Running Shoes,1,88.43,59.11,0,88.43,29.32,Completed
ORD-502419,2026-03-05,Central,Chicago DC,Consumer,SKU-1009,Apparel,Travel Backpack,4,145.86,81.38,0,583.44,257.92,Completed
ORD-502420,2026-03-05,West,Denver DC,Small Business,SKU-1001,Electronics,Noise-Canceling Headphones,4,202.4,94.45,0.1,728.64,350.84,Completed
ORD-502421,2026-03-05,East,New Jersey DC,Small Business,SKU-1001,Electronics,Noise-Canceling Headphones,1,202.4,94.45,0,202.4,107.95,Completed
ORD-502422,2026-03-05,West,Los Angeles DC,Consumer,SKU-1007,Apparel,Performance Jacket,2,259.88,171.94,0,519.76,175.88,Completed
ORD-502423,2026-03-05,East,New Jersey DC,Enterprise,SKU-1002,Electronics,Smart Home Hub,1,202.52,137.45,0,202.52,65.07,Cancelled
ORD-502424,2026-03-05,East,New Jersey DC,Consumer,SKU-1007,Apparel,Performance Jacket,1,259.88,171.94,0,259.88,87.94,Completed
ORD-502425,2026-03-05,West,Los Angeles DC,Small Business,SKU-1002,Electronics,Smart Home Hub,1,202.52,137.45,0,202.52,65.07,Completed
ORD-502426,2026-03-05,East,New Jersey DC,Consumer,SKU-1001,Electronics,Noise-Canceling Headphones,1,202.4,94.45,0,202.4,107.95,Completed
ORD-502427,2026-03-05,Central,Chicago DC,Consumer,SKU-1008,Apparel,Running Shoes,1,88.43,59.11,0.15,75.17,16.06,Completed
ORD-502428,2026-03-06,West,Denver DC,Enterprise,SKU-1012,Beauty,Fragrance Set,1,138.55,68.54,0,138.55,70.01,Completed
ORD-502429,2026-03-06,West,Los Angeles DC,Consumer,SKU-1005,Home,Bedding Set,1,134.44,81.31,0.05,127.72,46.41,Completed
ORD-502430,2026-03-06,East,Miami DC,Enterprise,SKU-1004,Home,Air Purifier,1,39.43,23.74,0.1,35.49,11.75,Cancelled
ORD-502431,2026-03-06,East,New Jersey DC,Small Business,SKU-1012,Beauty,Fragrance Set,2,138.55,68.54,0.15,235.54,98.46,Completed
ORD-502432,2026-03-06,West,Seattle DC,Consumer,SKU-1006,Home,Kitchen Organizer,2,100.06,51.21,0.05,190.11,87.69,Completed
ORD-502433,2026-03-06,Central,Dallas DC,Enterprise,SKU-1001,Electronics,Noise-Canceling Headphones,2,202.4,94.45,0.05,384.56,195.66,Cancelled
ORD-502434,2026-03-06,East,Atlanta DC,Consumer,SKU-1012,Beauty,Fragrance Set,3,138.55,68.54,0,415.65,210.03,Completed
ORD-502435,2026-03-06,East,Atlanta DC,Enterprise,SKU-1010,Beauty,Skin Care Kit,1,212.38,144.24,0,212.38,68.14,Completed
ORD-502436,2026-03-06,West,Denver DC,Small Business,SKU-1002,Electronics,Smart Home Hub,1,202.52,137.45,0,202.52,65.07,Completed
ORD-502437,2026-03-06,Central,Minneapolis DC,Consumer,SKU-1004,Home,Air Purifier,1,39.43,23.74,0,39.43,15.69,Completed
ORD-502438,2026-03-06,East,New Jersey DC,Small Business,SKU-1001,Electronics,Noise-Canceling Headphones,3,202.4,94.45,0.15,516.12,232.77,Completed
ORD-502439,2026-03-06,East,New Jersey DC,Consumer,SKU-1006,Home,Kitchen Organizer,1,100.06,51.21,0,100.06,48.85,Completed
ORD-502440,2026-03-06,East,Atlanta DC,Enterprise,SKU-1012,Beauty,Fragrance Set,1,138.55,68.54,0,138.55,70.01,Completed
ORD-502441,2026-03-06,Central,Dallas DC,Consumer,SKU-1005,Home,Bedding Set,4,134.44,81.31,0,537.76,212.52,Completed
ORD-502442,2026-03-06,Central,Chicago DC,Enterprise,SKU-1009,Apparel,Travel Backpack,1,145.86,81.38,0,145.86,64.48,Completed
ORD-502443,2026-03-06,West,Seattle DC,Consumer,SKU-1008,Apparel,Running Shoes,1,88.43,59.11,0,88.43,29.32,Returned
ORD-502444,2026-03-06,West,Los Angeles DC,Small Business,SKU-1002,Electronics,Smart Home Hub,1,202.52,137.45,0.15,172.14,34.69,Completed
ORD-502445,2026-03-06,East,Miami DC,Enterprise,SKU-1006,Home,Kitchen Organizer,2,100.06,51.21,0.05,190.11,87.69,Completed
ORD-502446,2026-03-06,Central,Chicago DC,Small Business,SKU-1006,Home,Kitchen Organizer,1,100.06,51.21,0,100.06,48.85,Completed
ORD-502447,2026-03-06,Central,Chicago DC,Enterprise,SKU-1003,Electronics,Portable Charger,2,132.63,59.06,0.1,238.73,120.61,Completed
ORD-502448,2026-03-06,East,Atlanta DC,Enterprise,SKU-1012,Beauty,Fragrance Set,1,138.55,68.54,0.05,131.62,63.08,Completed
ORD-502449,2026-03-06,West,Denver DC,Small Business,SKU-1007,Apparel,Performance Jacket,4,259.88,171.94,0.15,883.59,195.83,Completed
ORD-502450,2026-03-06,East,Atlanta DC,Small Business,SKU-1002,Electronics,Smart Home Hub,1,202.52,137.45,0,202.52,65.07,Completed
ORD-502451,2026-03-06,East,New Jersey DC,Enterprise,SKU-1008,Apparel,Running Shoes,2,88.43,59.11,0,176.86,58.64,Completed
ORD-502452,2026-03-06,East,Atlanta DC,Small Business,SKU-1002,Electronics,Smart Home Hub,3,202.52,137.45,0,607.56,195.21,Completed
ORD-502453,2026-03-06,East,Atlanta DC,Small Business,SKU-1005,Home,Bedding Set,1,134.44,81.31,0,134.44,53.13,Completed
ORD-502454,2026-03-06,Central,Chicago DC,Small Business,SKU-1009,Apparel,Travel Backpack,3,145.86,81.38,0.05,415.7,171.56,Completed
ORD-502455,2026-03-06,Central,Dallas DC,Enterprise,SKU-1008,Apparel,Running Shoes,2,88.43,59.11,0.05,168.02,49.8,Completed
ORD-502456,2026-03-06,East,Miami DC,Consumer,SKU-1009,Apparel,Travel Backpack,3,145.86,81.38,0.05,415.7,171.56,Completed
ORD-502457,2026-03-06,Central,Chicago DC,Small Business,SKU-1002,Electronics,Smart Home Hub,2,202.52,137.45,0,405.04,130.14,Completed
ORD-502458,2026-03-06,West,Seattle DC,Enterprise,SKU-1004,Home,Air Purifier,1,39.43,23.74,0.1,35.49,11.75,Completed
ORD-502459,2026-03-06,East,Atlanta DC,Consumer,SKU-1012,Beauty,Fragrance Set,1,138.55,68.54,0.05,131.62,63.08,Completed
ORD-502460,2026-03-06,East,Miami DC,Consumer,SKU-1001,Electronics,Noise-Canceling Headphones,2,202.4,94.45,0,404.8,215.9,Completed
ORD-502461,2026-03-06,Central,Chicago DC,Small Business,SKU-1012,Beauty,Fragrance Set,2,138.55,68.54,0.1,249.39,112.31,Completed
ORD-502462,2026-03-06,West,Seattle DC,Enterprise,SKU-1005,Home,Bedding Set,2,134.44,81.31,0,268.88,106.26,Completed
ORD-502463,2026-03-06,West,Seattle DC,Consumer,SKU-1008,Apparel,Running Shoes,1,88.43,59.11,0.05,84.01,24.9,Completed
ORD-502464,2026-03-06,East,Miami DC,Enterprise,SKU-1012,Beauty,Fragrance Set,2,138.55,68.54,0,277.1,140.02,Completed
ORD-502465,2026-03-06,Central,Minneapolis DC,Enterprise,SKU-1008,Apparel,Running Shoes,1,88.43,59.11,0,88.43,29.32,Completed
ORD-502466,2026-03-06,East,New Jersey DC,Small Business,SKU-1008,Apparel,Running Shoes,1,88.43,59.11,0,88.43,29.32,Completed
ORD-502467,2026-03-06,Central,Minneapolis DC,Small Business,SKU-1001,Electronics,Noise-Canceling Headphones,1,202.4,94.45,0,202.4,107.95,Completed
ORD-502468,2026-03-06,West,Denver DC,Small Business,SKU-1010,Beauty,Skin Care Kit,1,212.38,144.24,0,212.38,68.14,Completed
ORD-502469,2026-03-06,East,New Jersey DC,Small Business,SKU-1008,Apparel,Running Shoes,1,88.43,59.11,0.05,84.01,24.9,Completed
ORD-502470,2026-03-06,West,Los Angeles DC,Consumer,SKU-1009,Apparel,Travel Backpack,1,145.86,81.38,0,145.86,64.48,Completed
ORD-502471,2026-03-06,Central,Dallas DC,Small Business,SKU-1005,Home,Bedding Set,2,134.44,81.31,0.15,228.55,65.93,Completed
ORD-502472,2026-03-06,West,Seattle DC,Consumer,SKU-1012,Beauty,Fragrance Set,1,138.55,68.54,0.05,131.62,63.08,Completed
ORD-502473,2026-03-06,Central,Dallas DC,Consumer,SKU-1012,Beauty,Fragrance Set,4,138.55,68.54,0.05,526.49,252.33,Completed
ORD-502474,2026-03-06,East,Atlanta DC,Small Business,SKU-1002,Electronics,Smart Home Hub,1,202.52,137.45,0.15,172.14,34.69,Completed
ORD-502475,2026-03-06,West,Seattle DC,Consumer,SKU-1011,Beauty,Hair Dryer,3,35.1,16.43,0,105.3,56.01,Completed
ORD-502476,2026-03-06,East,New Jersey DC,Enterprise,SKU-1010,Beauty,Skin Care Kit,2,212.38,144.24,0,424.76,136.28,Completed
ORD-502477,2026-03-06,East,Miami DC,Consumer,SKU-1010,Beauty,Skin Care Kit,1,212.38,144.24,0.1,191.14,46.9,Completed
ORD-502478,2026-03-06,East,Miami DC,Enterprise,SKU-1006,Home,Kitchen Organizer,2,100.06,51.21,0,200.12,97.7,Completed
ORD-502479,2026-03-06,Central,Chicago DC,Small Business,SKU-1003,Electronics,Portable Charger,2,132.63,59.06,0.15,225.47,107.35,Completed
ORD-502480,2026-03-07,East,Atlanta DC,Small Business,SKU-1005,Home,Bedding Set,1,134.44,81.31,0.15,114.27,32.96,Completed
ORD-502481,2026-03-07,Central,Minneapolis DC,Small Business,SKU-1010,Beauty,Skin Care Kit,1,212.38,144.24,0,212.38,68.14,Completed
ORD-502482,2026-03-07,East,Atlanta DC,Enterprise,SKU-1010,Beauty,Skin Care Kit,1,212.38,144.24,0.1,191.14,46.9,Completed
ORD-502483,2026-03-07,East,New Jersey DC,Small Business,SKU-1001,Electronics,Noise-Canceling Headphones,2,202.4,94.45,0,404.8,215.9,Completed
ORD-502484,2026-03-07,West,Seattle DC,Enterprise,SKU-1008,Apparel,Running Shoes,1,88.43,59.11,0,88.43,29.32,Completed
ORD-502485,2026-03-07,West,Seattle DC,Enterprise,SKU-1001,Electronics,Noise-Canceling Headphones,2,202.4,94.45,0.05,384.56,195.66,Completed
ORD-502486,2026-03-07,Central,Dallas DC,Enterprise,SKU-1006,Home,Kitchen Organizer,1,100.06,51.21,0.15,85.05,33.84,Completed
ORD-502487,2026-03-07,West,Seattle DC,Small Business,SKU-1003,Electronics,Portable Charger,2,132.63,59.06,0.1,238.73,120.61,Completed
ORD-502488,2026-03-07,East,New Jersey DC,Small Business,SKU-1006,Home,Kitchen Organizer,1,100.06,51.21,0,100.06,48.85,Completed
ORD-502489,2026-03-07,East,Miami DC,Small Business,SKU-1011,Beauty,Hair Dryer,3,35.1,16.43,0,105.3,56.01,Completed
ORD-502490,2026-03-07,East,New Jersey DC,Small Business,SKU-1009,Apparel,Travel Backpack,1,145.86,81.38,0.05,138.57,57.19,Completed
ORD-502491,2026-03-07,Central,Minneapolis DC,Enterprise,SKU-1002,Electronics,Smart Home Hub,2,202.52,137.45,0,405.04,130.14,Cancelled
ORD-502492,2026-03-07,Central,Minneapolis DC,Enterprise,SKU-1009,Apparel,Travel Backpack,2,145.86,81.38,0,291.72,128.96,Completed
ORD-502493,2026-03-07,West,Denver DC,Consumer,SKU-1006,Home,Kitchen Organizer,3,100.06,51.21,0.15,255.15,101.52,Completed
ORD-502494,2026-03-07,Central,Dallas DC,Enterprise,SKU-1009,Apparel,Travel Backpack,2,145.86,81.38,0.1,262.55,99.79,Completed
ORD-502495,2026-03-07,Central,Minneapolis DC,Consumer,SKU-1011,Beauty,Hair Dryer,1,35.1,16.43,0.15,29.84,13.41,Completed
ORD-502496,2026-03-07,Central,Chicago DC,Consumer,SKU-1003,Electronics,Portable Charger,2,132.63,59.06,0.05,252.0,133.88,Completed
ORD-502497,2026-03-07,East,Atlanta DC,Enterprise,SKU-1009,Apparel,Travel Backpack,1,145.86,81.38,0.05,138.57,57.19,Completed
ORD-502498,2026-03-07,Central,Minneapolis DC,Small Business,SKU-1001,Electronics,Noise-Canceling Headphones,2,202.4,94.45,0,404.8,215.9,Completed
ORD-502499,2026-03-07,Central,Chicago DC,Enterprise,SKU-1008,Apparel,Running Shoes,3,88.43,59.11,0.1,238.76,61.43,Completed
ORD-502500,2026-03-07,East,Atlanta DC,Small Business,SKU-1007,Apparel,Performance Jacket,1,259.88,171.94,0.1,233.89,61.95,Completed
ORD-502501,2026-03-07,West,Seattle DC,Small Business,SKU-1008,Apparel,Running Shoes,1,88.43,59.11,0.05,84.01,24.9,Completed
ORD-502502,2026-03-07,West,Seattle DC,Enterprise,SKU-1007,Apparel,Performance Jacket,1,259.88,171.94,0.05,246.89,74.95,Completed
ORD-502503,2026-03-07,East,Miami DC,Small Business,SKU-1002,Electronics,Smart Home Hub,2,202.52,137.45,0.05,384.79,109.89,Completed
ORD-502504,2026-03-07,West,Denver DC,Consumer,SKU-1009,Apparel,Travel Backpack,1,145.86,81.38,0.15,123.98,42.6,Completed
ORD-502505,2026-03-07,East,Atlanta DC,Small Business,SKU-1008,Apparel,Running Shoes,1,88.43,59.11,0.15,75.17,16.06,Completed
ORD-502506,2026-03-07,East,Miami DC,Consumer,SKU-1001,Electronics,Noise-Canceling Headphones,1,202.4,94.45,0,202.4,107.95,Completed
ORD-502507,2026-03-07,East,Atlanta DC,Consumer,SKU-1007,Apparel,Performance Jacket,1,259.88,171.94,0.05,246.89,74.95,Completed
ORD-502508,2026-03-07,West,Seattle DC,Small Business,SKU-1011,Beauty,Hair Dryer,1,35.1,16.43,0.15,29.84,13.41,Completed
ORD-502509,2026-03-07,Central,Dallas DC,Small Business,SKU-1010,Beauty,Skin Care Kit,3,212.38,144.24,0.05,605.28,172.56,Completed
ORD-502510,2026-03-07,East,Miami DC,Small Business,SKU-1012,Beauty,Fragrance Set,1,138.55,68.54,0.1,124.7,56.16,Completed
ORD-502511,2026-03-07,West,Denver DC,Enterprise,SKU-1001,Electronics,Noise-Canceling Headphones,2,202.4,94.45,0.05,384.56,195.66,Completed
ORD-502512,2026-03-07,East,Miami DC,Small Business,SKU-1010,Beauty,Skin Care Kit,1,212.38,144.24,0,212.38,68.14,Completed
ORD-502513,2026-03-07,Central,Dallas DC,Small Business,SKU-1007,Apparel,Performance Jacket,1,259.88,171.94,0.05,246.89,74.95,Completed
ORD-502514,2026-03-07,West,Los Angeles DC,Consumer,SKU-1010,Beauty,Skin Care Kit,1,212.38,144.24,0,212.38,68.14,Completed
ORD-502515,2026-03-07,East,New Jersey DC,Consumer,SKU-1006,Home,Kitchen Organizer,3,100.06,51.21,0,300.18,146.55,Returned
ORD-502516,2026-03-07,Central,Minneapolis DC,Consumer,SKU-1003,Electronics,Portable Charger,1,132.63,59.06,0.15,112.74,53.68,Completed
ORD-502517,2026-03-07,Central,Chicago DC,Small Business,SKU-1010,Beauty,Skin Care Kit,1,212.38,144.24,0.05,201.76,57.52,Returned
ORD-502518,2026-03-08,Central,Minneapolis DC,Enterprise,SKU-1012,Beauty,Fragrance Set,2,138.55,68.54,0.05,263.25,126.16,Completed
ORD-502519,2026-03-08,Central,Minneapolis DC,Consumer,SKU-1007,Apparel,Performance Jacket,1,259.88,171.94,0.05,246.89,74.95,Completed
ORD-502520,2026-03-08,East,Atlanta DC,Small Business,SKU-1005,Home,Bedding Set,1,134.44,81.31,0.1,121.0,39.69,Completed
ORD-502521,2026-03-08,East,Atlanta DC,Enterprise,SKU-1002,Electronics,Smart Home Hub,1,202.52,137.45,0,202.52,65.07,Completed
ORD-502522,2026-03-08,West,Los Angeles DC,Consumer,SKU-1001,Electronics,Noise-Canceling Headphones,1,202.4,94.45,0,202.4,107.95,Completed
ORD-502523,2026-03-08,Central,Dallas DC,Small Business,SKU-1002,Electronics,Smart Home Hub,1,202.52,137.45,0,202.52,65.07,Completed
ORD-502524,2026-03-08,West,Denver DC,Enterprise,SKU-1011,Beauty,Hair Dryer,2,35.1,16.43,0.15,59.67,26.81,Completed
ORD-502525,2026-03-08,West,Seattle DC,Consumer,SKU-1005,Home,Bedding Set,1,134.44,81.31,0,134.44,53.13,Returned
ORD-502526,2026-03-08,Central,Minneapolis DC,Enterprise,SKU-1004,Home,Air Purifier,2,39.43,23.74,0,78.86,31.38,Completed
ORD-502527,2026-03-08,East,Miami DC,Small Business,SKU-1012,Beauty,Fragrance Set,1,138.55,68.54,0,138.55,70.01,Completed
ORD-502528,2026-03-08,West,Denver DC,Small Business,SKU-1007,Apparel,Performance Jacket,1,259.88,171.94,0.15,220.9,48.96,Completed
ORD-502529,2026-03-08,East,New Jersey DC,Consumer,SKU-1009,Apparel,Travel Backpack,1,145.86,81.38,0,145.86,64.48,Completed
ORD-502530,2026-03-08,West,Denver DC,Small Business,SKU-1009,Apparel,Travel Backpack,1,145.86,81.38,0,145.86,64.48,Completed
ORD-502531,2026-03-08,Central,Chicago DC,Small Business,SKU-1009,Apparel,Travel Backpack,1,145.86,81.38,0,145.86,64.48,Completed
ORD-502532,2026-03-08,Central,Chicago DC,Consumer,SKU-1003,Electronics,Portable Charger,1,132.63,59.06,0.1,119.37,60.31,Completed
ORD-502533,2026-03-08,East,Miami DC,Small Business,SKU-1004,Home,Air Purifier,1,39.43,23.74,0,39.43,15.69,Completed
ORD-502534,2026-03-08,Central,Chicago DC,Consumer,SKU-1002,Electronics,Smart Home Hub,4,202.52,137.45,0.1,729.07,179.27,Completed
ORD-502535,2026-03-08,Central,Chicago DC,Small Business,SKU-1004,Home,Air Purifier,1,39.43,23.74,0,39.43,15.69,Completed
ORD-502536,2026-03-08,West,Denver DC,Consumer,SKU-1006,Home,Kitchen Organizer,1,100.06,51.21,0.05,95.06,43.85,Completed
ORD-502537,2026-03-08,Central,Dallas DC,Consumer,SKU-1004,Home,Air Purifier,2,39.43,23.74,0.05,74.92,27.44,Returned
ORD-502538,2026-03-08,East,New Jersey DC,Consumer,SKU-1002,Electronics,Smart Home Hub,1,202.52,137.45,0,202.52,65.07,Completed
ORD-502539,2026-03-08,East,Miami DC,Consumer,SKU-1002,Electronics,Smart Home Hub,2,202.52,137.45,0,405.04,130.14,Completed
ORD-502540,2026-03-08,Central,Dallas DC,Consumer,SKU-1012,Beauty,Fragrance Set,1,138.55,68.54,0,138.55,70.01,Completed
ORD-502541,2026-03-08,West,Seattle DC,Small Business,SKU-1004,Home,Air Purifier,1,39.43,23.74,0.15,33.52,9.78,Completed
ORD-502542,2026-03-08,Central,Chicago DC,Consumer,SKU-1012,Beauty,Fragrance Set,1,138.55,68.54,0,138.55,70.01,Completed
ORD-502543,2026-03-08,East,Miami DC,Small Business,SKU-1004,Home,Air Purifier,4,39.43,23.74,0.1,141.95,46.99,Completed
ORD-502544,2026-03-08,East,Atlanta DC,Enterprise,SKU-1007,Apparel,Performance Jacket,3,259.88,171.94,0,779.64,263.82,Completed
ORD-502545,2026-03-08,West,Denver DC,Enterprise,SKU-1007,Apparel,Performance Jacket,1,259.88,171.94,0,259.88,87.94,Completed
ORD-502546,2026-03-08,Central,Chicago DC,Consumer,SKU-1002,Electronics,Smart Home Hub,2,202.52,137.45,0,405.04,130.14,Completed
ORD-502547,2026-03-08,West,Denver DC,Small Business,SKU-1007,Apparel,Performance Jacket,1,259.88,171.94,0,259.88,87.94,Cancelled
ORD-502548,2026-03-08,West,Seattle DC,Consumer,SKU-1001,Electronics,Noise-Canceling Headphones,2,202.4,94.45,0.1,364.32,175.42,Completed
ORD-502549,2026-03-08,East,New Jersey DC,Enterprise,SKU-1012,Beauty,Fragrance Set,1,138.55,68.54,0,138.55,70.01,Completed
ORD-502550,2026-03-08,West,Denver DC,Enterprise,SKU-1001,Electronics,Noise-Canceling Headphones,1,202.4,94.45,0,202.4,107.95,Completed
ORD-502551,2026-03-08,Central,Chicago DC,Consumer,SKU-1012,Beauty,Fragrance Set,1,138.55,68.54,0.15,117.77,49.23,Completed
ORD-502552,2026-03-08,East,Miami DC,Consumer,SKU-1012,Beauty,Fragrance Set,2,138.55,68.54,0.15,235.54,98.46,Returned
ORD-502553,2026-03-08,East,Miami DC,Small Business,SKU-1010,Beauty,Skin Care Kit,1,212.38,144.24,0,212.38,68.14,Returned
ORD-502554,2026-03-08,Central,Chicago DC,Consumer,SKU-1002,Electronics,Smart Home Hub,1,202.52,137.45,0.05,192.39,54.94,Completed
ORD-502555,2026-03-08,Central,Chicago DC,Enterprise,SKU-1003,Electronics,Portable Charger,1,132.63,59.06,0,132.63,73.57,Returned
ORD-502556,2026-03-08,East,Atlanta DC,Enterprise,SKU-1011,Beauty,Hair Dryer,1,35.1,16.43,0,35.1,18.67,Completed
ORD-502557,2026-03-08,East,Miami DC,Small Business,SKU-1008,Apparel,Running Shoes,1,88.43,59.11,0,88.43,29.32,Completed
ORD-502558,2026-03-08,East,Miami DC,Consumer,SKU-1002,Electronics,Smart Home Hub,3,202.52,137.45,0.05,577.18,164.83,Completed
ORD-502559,2026-03-08,West,Seattle DC,Small Business,SKU-1012,Beauty,Fragrance Set,1,138.55,68.54,0.05,131.62,63.08,Completed
ORD-502560,2026-03-08,West,Seattle DC,Small Business,SKU-1011,Beauty,Hair Dryer,1,35.1,16.43,0.15,29.84,13.41,Completed
ORD-502561,2026-03-08,Central,Dallas DC,Small Business,SKU-1003,Electronics,Portable Charger,1,132.63,59.06,0.1,119.37,60.31,Returned
ORD-502562,2026-03-08,Central,Dallas DC,Consumer,SKU-1001,Electronics,Noise-Canceling Headphones,2,202.4,94.45,0,404.8,215.9,Completed
ORD-502563,2026-03-08,East,Miami DC,Small Business,SKU-1006,Home,Kitchen Organizer,1,100.06,51.21,0,100.06,48.85,Completed
ORD-502564,2026-03-08,Central,Chicago DC,Enterprise,SKU-1005,Home,Bedding Set,1,134.44,81.31,0.05,127.72,46.41,Completed
ORD-502565,2026-03-08,West,Los Angeles DC,Small Business,SKU-1001,Electronics,Noise-Canceling Headphones,2,202.4,94.45,0.05,384.56,195.66,Completed
ORD-502566,2026-03-08,Central,Minneapolis DC,Enterprise,SKU-1003,Electronics,Portable Charger,3,132.63,59.06,0,397.89,220.71,Completed
ORD-502567,2026-03-09,East,New Jersey DC,Enterprise,SKU-1009,Apparel,Travel Backpack,1,145.86,81.38,0.15,123.98,42.6,Completed
ORD-502568,2026-03-09,Central,Minneapolis DC,Consumer,SKU-1009,Apparel,Travel Backpack,1,145.86,81.38,0.15,123.98,42.6,Completed
ORD-502569,2026-03-09,East,Atlanta DC,Enterprise,SKU-1009,Apparel,Travel Backpack,1,145.86,81.38,0.15,123.98,42.6,Completed
ORD-502570,2026-03-09,West,Seattle DC,Small Business,SKU-1010,Beauty,Skin Care Kit,1,212.38,144.24,0,212.38,68.14,Completed
ORD-502571,2026-03-09,East,New Jersey DC,Enterprise,SKU-1005,Home,Bedding Set,1,134.44,81.31,0,134.44,53.13,Completed
ORD-502572,2026-03-09,Central,Minneapolis DC,Consumer,SKU-1006,Home,Kitchen Organizer,1,100.06,51.21,0.1,90.05,38.84,Completed
ORD-502573,2026-03-09,Central,Minneapolis DC,Consumer,SKU-1008,Apparel,Running Shoes,1,88.43,59.11,0.15,75.17,16.06,Completed
ORD-502574,2026-03-09,West,Denver DC,Consumer,SKU-1003,Electronics,Portable Charger,3,132.63,59.06,0.15,338.21,161.03,Completed
ORD-502575,2026-03-09,West,Denver DC,Enterprise,SKU-1004,Home,Air Purifier,3,39.43,23.74,0,118.29,47.07,Completed
ORD-502576,2026-03-09,West,Denver DC,Small Business,SKU-1008,Apparel,Running Shoes,2,88.43,59.11,0,176.86,58.64,Completed
ORD-502577,2026-03-09,Central,Dallas DC,Enterprise,SKU-1006,Home,Kitchen Organizer,2,100.06,51.21,0.1,180.11,77.69,Completed
ORD-502578,2026-03-09,Central,Chicago DC,Consumer,SKU-1008,Apparel,Running Shoes,2,88.43,59.11,0,176.86,58.64,Completed
ORD-502579,2026-03-09,West,Seattle DC,Consumer,SKU-1011,Beauty,Hair Dryer,1,35.1,16.43,0,35.1,18.67,Returned
ORD-502580,2026-03-09,Central,Minneapolis DC,Consumer,SKU-1004,Home,Air Purifier,3,39.43,23.74,0.15,100.55,29.33,Completed
ORD-502581,2026-03-09,Central,Minneapolis DC,Consumer,SKU-1012,Beauty,Fragrance Set,1,138.55,68.54,0.1,124.7,56.16,Completed
ORD-502582,2026-03-09,East,Atlanta DC,Enterprise,SKU-1008,Apparel,Running Shoes,2,88.43,59.11,0,176.86,58.64,Completed
ORD-502583,2026-03-09,East,Atlanta DC,Small Business,SKU-1004,Home,Air Purifier,1,39.43,23.74,0.15,33.52,9.78,Completed
ORD-502584,2026-03-09,East,New Jersey DC,Small Business,SKU-1005,Home,Bedding Set,1,134.44,81.31,0,134.44,53.13,Completed
ORD-502585,2026-03-09,West,Seattle DC,Small Business,SKU-1008,Apparel,Running Shoes,4,88.43,59.11,0.05,336.03,99.59,Completed
ORD-502586,2026-03-09,West,Seattle DC,Enterprise,SKU-1007,Apparel,Performance Jacket,1,259.88,171.94,0,259.88,87.94,Completed
ORD-502587,2026-03-09,East,Atlanta DC,Consumer,SKU-1004,Home,Air Purifier,2,39.43,23.74,0,78.86,31.38,Completed
ORD-502588,2026-03-09,Central,Dallas DC,Small Business,SKU-1011,Beauty,Hair Dryer,2,35.1,16.43,0,70.2,37.34,Returned
ORD-502589,2026-03-09,West,Denver DC,Small Business,SKU-1008,Apparel,Running Shoes,1,88.43,59.11,0.05,84.01,24.9,Completed
ORD-502590,2026-03-09,West,Los Angeles DC,Small Business,SKU-1005,Home,Bedding Set,1,134.44,81.31,0.05,127.72,46.41,Completed
ORD-502591,2026-03-09,Central,Chicago DC,Consumer,SKU-1006,Home,Kitchen Organizer,3,100.06,51.21,0,300.18,146.55,Completed
ORD-502592,2026-03-09,Central,Dallas DC,Enterprise,SKU-1008,Apparel,Running Shoes,1,88.43,59.11,0.05,84.01,24.9,Completed
ORD-502593,2026-03-09,Central,Dallas DC,Enterprise,SKU-1009,Apparel,Travel Backpack,2,145.86,81.38,0,291.72,128.96,Completed
ORD-502594,2026-03-09,West,Seattle DC,Consumer,SKU-1008,Apparel,Running Shoes,1,88.43,59.11,0.1,79.59,20.48,Completed
ORD-502595,2026-03-09,Central,Chicago DC,Enterprise,SKU-1001,Electronics,Noise-Canceling Headphones,1,202.4,94.45,0,202.4,107.95,Completed
ORD-502596,2026-03-09,Central,Chicago DC,Small Business,SKU-1009,Apparel,Travel Backpack,1,145.86,81.38,0,145.86,64.48,Completed
ORD-502597,2026-03-09,East,Atlanta DC,Small Business,SKU-1008,Apparel,Running Shoes,2,88.43,59.11,0,176.86,58.64,Completed
ORD-502598,2026-03-09,East,Miami DC,Small Business,SKU-1006,Home,Kitchen Organizer,1,100.06,51.21,0.05,95.06,43.85,Completed
ORD-502599,2026-03-09,West,Denver DC,Consumer,SKU-1005,Home,Bedding Set,2,134.44,81.31,0,268.88,106.26,Completed
ORD-502600,2026-03-09,East,New Jersey DC,Enterprise,SKU-1003,Electronics,Portable Charger,1,132.63,59.06,0.1,119.37,60.31,Completed
ORD-502601,2026-03-09,Central,Chicago DC,Small Business,SKU-1003,Electronics,Portable Charger,1,132.63,59.06,0.1,119.37,60.31,Completed
ORD-502602,2026-03-09,East,Atlanta DC,Small Business,SKU-1001,Electronics,Noise-Canceling Headphones,2,202.4,94.45,0,404.8,215.9,Completed
ORD-502603,2026-03-09,West,Seattle DC,Consumer,SKU-1001,Electronics,Noise-Canceling Headphones,3,202.4,94.45,0.15,516.12,232.77,Completed
ORD-502604,2026-03-09,Central,Chicago DC,Enterprise,SKU-1002,Electronics,Smart Home Hub,2,202.52,137.45,0,405.04,130.14,Cancelled
ORD-502605,2026-03-10,Central,Dallas DC,Consumer,SKU-1008,Apparel,Running Shoes,4,88.43,59.11,0,353.72,117.28,Completed
ORD-502606,2026-03-10,West,Los Angeles DC,Consumer,SKU-1004,Home,Air Purifier,3,39.43,23.74,0,118.29,47.07,Completed
ORD-502607,2026-03-10,West,Denver DC,Enterprise,SKU-1012,Beauty,Fragrance Set,1,138.55,68.54,0,138.55,70.01,Completed
ORD-502608,2026-03-10,East,New Jersey DC,Small Business,SKU-1008,Apparel,Running Shoes,1,88.43,59.11,0.15,75.17,16.06,Completed
ORD-502609,2026-03-10,West,Denver DC,Enterprise,SKU-1010,Beauty,Skin Care Kit,4,212.38,144.24,0,849.52,272.56,Completed
ORD-502610,2026-03-10,Central,Minneapolis DC,Enterprise,SKU-1005,Home,Bedding Set,1,134.44,81.31,0,134.44,53.13,Completed
ORD-502611,2026-03-10,Central,Dallas DC,Enterprise,SKU-1008,Apparel,Running Shoes,2,88.43,59.11,0,176.86,58.64,Completed
ORD-502612,2026-03-10,West,Denver DC,Small Business,SKU-1011,Beauty,Hair Dryer,4,35.1,16.43,0.1,126.36,60.64,Completed
ORD-502613,2026-03-10,Central,Dallas DC,Consumer,SKU-1010,Beauty,Skin Care Kit,2,212.38,144.24,0,424.76,136.28,Completed
ORD-502614,2026-03-10,East,Miami DC,Small Business,SKU-1012,Beauty,Fragrance Set,2,138.55,68.54,0.15,235.54,98.46,Returned
ORD-502615,2026-03-10,West,Los Angeles DC,Small Business,SKU-1012,Beauty,Fragrance Set,2,138.55,68.54,0,277.1,140.02,Completed
ORD-502616,2026-03-10,East,New Jersey DC,Enterprise,SKU-1010,Beauty,Skin Care Kit,1,212.38,144.24,0,212.38,68.14,Completed
ORD-502617,2026-03-10,East,Atlanta DC,Enterprise,SKU-1007,Apparel,Performance Jacket,2,259.88,171.94,0.1,467.78,123.9,Completed
ORD-502618,2026-03-10,Central,Chicago DC,Enterprise,SKU-1004,Home,Air Purifier,1,39.43,23.74,0.1,35.49,11.75,Completed
ORD-502619,2026-03-10,West,Denver DC,Enterprise,SKU-1005,Home,Bedding Set,1,134.44,81.31,0.1,121.0,39.69,Completed
ORD-502620,2026-03-10,West,Seattle DC,Enterprise,SKU-1007,Apparel,Performance Jacket,1,259.88,171.94,0.1,233.89,61.95,Completed
ORD-502621,2026-03-10,Central,Chicago DC,Small Business,SKU-1006,Home,Kitchen Organizer,2,100.06,51.21,0.05,190.11,87.69,Completed
ORD-502622,2026-03-10,West,Denver DC,Enterprise,SKU-1007,Apparel,Performance Jacket,1,259.88,171.94,0.05,246.89,74.95,Completed
ORD-502623,2026-03-10,West,Seattle DC,Consumer,SKU-1005,Home,Bedding Set,1,134.44,81.31,0.1,121.0,39.69,Returned
ORD-502624,2026-03-10,East,Atlanta DC,Small Business,SKU-1007,Apparel,Performance Jacket,1,259.88,171.94,0.15,220.9,48.96,Completed
ORD-502625,2026-03-10,Central,Chicago DC,Small Business,SKU-1012,Beauty,Fragrance Set,1,138.55,68.54,0.05,131.62,63.08,Completed
ORD-502626,2026-03-10,East,Miami DC,Small Business,SKU-1012,Beauty,Fragrance Set,2,138.55,68.54,0,277.1,140.02,Completed
ORD-502627,2026-03-10,West,Denver DC,Enterprise,SKU-1007,Apparel,Performance Jacket,2,259.88,171.94,0.15,441.8,97.92,Completed
ORD-502628,2026-03-10,East,Miami DC,Enterprise,SKU-1001,Electronics,Noise-Canceling Headphones,1,202.4,94.45,0.1,182.16,87.71,Completed
ORD-502629,2026-03-10,Central,Chicago DC,Small Business,SKU-1012,Beauty,Fragrance Set,1,138.55,68.54,0,138.55,70.01,Completed
ORD-502630,2026-03-10,East,Miami DC,Small Business,SKU-1008,Apparel,Running Shoes,1,88.43,59.11,0,88.43,29.32,Completed
ORD-502631,2026-03-10,East,New Jersey DC,Enterprise,SKU-1012,Beauty,Fragrance Set,4,138.55,68.54,0.1,498.78,224.62,Completed
ORD-502632,2026-03-10,West,Los Angeles DC,Small Business,SKU-1001,Electronics,Noise-Canceling Headphones,1,202.4,94.45,0.1,182.16,87.71,Completed
ORD-502633,2026-03-10,West,Denver DC,Enterprise,SKU-1012,Beauty,Fragrance Set,3,138.55,68.54,0.05,394.87,189.25,Completed
ORD-502634,2026-03-10,West,Los Angeles DC,Enterprise,SKU-1003,Electronics,Portable Charger,4,132.63,59.06,0.15,450.94,214.7,Completed
ORD-502635,2026-03-10,East,New Jersey DC,Enterprise,SKU-1003,Electronics,Portable Charger,2,132.63,59.06,0.1,238.73,120.61,Completed
ORD-502636,2026-03-10,West,Seattle DC,Small Business,SKU-1006,Home,Kitchen Organizer,1,100.06,51.21,0.15,85.05,33.84,Completed
ORD-502637,2026-03-10,East,New Jersey DC,Enterprise,SKU-1011,Beauty,Hair Dryer,4,35.1,16.43,0,140.4,74.68,Completed
ORD-502638,2026-03-10,West,Los Angeles DC,Consumer,SKU-1004,Home,Air Purifier,3,39.43,23.74,0,118.29,47.07,Completed
ORD-502639,2026-03-10,West,Los Angeles DC,Small Business,SKU-1007,Apparel,Performance Jacket,1,259.88,171.94,0,259.88,87.94,Completed
ORD-502640,2026-03-10,East,New Jersey DC,Consumer,SKU-1012,Beauty,Fragrance Set,2,138.55,68.54,0,277.1,140.02,Completed
ORD-502641,2026-03-10,Central,Chicago DC,Consumer,SKU-1012,Beauty,Fragrance Set,1,138.55,68.54,0,138.55,70.01,Returned
ORD-502642,2026-03-10,West,Los Angeles DC,Consumer,SKU-1002,Electronics,Smart Home Hub,2,202.52,137.45,0,405.04,130.14,Completed
ORD-502643,2026-03-10,West,Los Angeles DC,Small Business,SKU-1001,Electronics,Noise-Canceling Headphones,1,202.4,94.45,0,202.4,107.95,Completed
ORD-502644,2026-03-10,Central,Chicago DC,Small Business,SKU-1004,Home,Air Purifier,1,39.43,23.74,0.15,33.52,9.78,Completed
ORD-502645,2026-03-10,East,New Jersey DC,Enterprise,SKU-1006,Home,Kitchen Organizer,2,100.06,51.21,0.1,180.11,77.69,Completed
ORD-502646,2026-03-10,Central,Dallas DC,Small Business,SKU-1012,Beauty,Fragrance Set,1,138.55,68.54,0.05,131.62,63.08,Returned
ORD-502647,2026-03-10,West,Seattle DC,Enterprise,SKU-1007,Apparel,Performance Jacket,1,259.88,171.94,0,259.88,87.94,Completed
ORD-502648,2026-03-10,Central,Chicago DC,Enterprise,SKU-1004,Home,Air Purifier,4,39.43,23.74,0.1,141.95,46.99,Completed
ORD-502649,2026-03-10,Central,Minneapolis DC,Enterprise,SKU-1004,Home,Air Purifier,4,39.43,23.74,0.15,134.06,39.1,Completed
ORD-502650,2026-03-10,West,Seattle DC,Consumer,SKU-1009,Apparel,Travel Backpack,1,145.86,81.38,0.1,131.27,49.89,Completed
ORD-502651,2026-03-10,East,New Jersey DC,Enterprise,SKU-1011,Beauty,Hair Dryer,2,35.1,16.43,0,70.2,37.34,Completed
ORD-502652,2026-03-10,Central,Dallas DC,Small Business,SKU-1002,Electronics,Smart Home Hub,1,202.52,137.45,0.1,182.27,44.82,Completed
ORD-502653,2026-03-10,Central,Chicago DC,Consumer,SKU-1002,Electronics,Smart Home Hub,3,202.52,137.45,0,607.56,195.21,Completed
ORD-502654,2026-03-10,East,Miami DC,Enterprise,SKU-1007,Apparel,Performance Jacket,4,259.88,171.94,0.15,883.59,195.83,Returned
ORD-502655,2026-03-11,West,Denver DC,Enterprise,SKU-1004,Home,Air Purifier,1,39.43,23.74,0,39.43,15.69,Completed
ORD-502656,2026-03-11,Central,Minneapolis DC,Consumer,SKU-1005,Home,Bedding Set,3,134.44,81.31,0.15,342.82,98.89,Completed
ORD-502657,2026-03-11,West,Seattle DC,Small Business,SKU-1006,Home,Kitchen Organizer,1,100.06,51.21,0,100.06,48.85,Completed
ORD-502658,2026-03-11,East,Miami DC,Small Business,SKU-1001,Electronics,Noise-Canceling Headphones,1,202.4,94.45,0,202.4,107.95,Returned
ORD-502659,2026-03-11,East,Atlanta DC,Small Business,SKU-1001,Electronics,Noise-Canceling Headphones,4,202.4,94.45,0,809.6,431.8,Completed
ORD-502660,2026-03-11,Central,Chicago DC,Enterprise,SKU-1012,Beauty,Fragrance Set,1,138.55,68.54,0.1,124.7,56.16,Completed
ORD-502661,2026-03-11,West,Seattle DC,Consumer,SKU-1001,Electronics,Noise-Canceling Headphones,1,202.4,94.45,0.15,172.04,77.59,Completed
ORD-502662,2026-03-11,East,Miami DC,Consumer,SKU-1011,Beauty,Hair Dryer,1,35.1,16.43,0.1,31.59,15.16,Completed
ORD-502663,2026-03-11,West,Denver DC,Enterprise,SKU-1002,Electronics,Smart Home Hub,1,202.52,137.45,0.1,182.27,44.82,Completed
ORD-502664,2026-03-11,West,Los Angeles DC,Enterprise,SKU-1001,Electronics,Noise-Canceling Headphones,1,202.4,94.45,0,202.4,107.95,Completed
ORD-502665,2026-03-11,West,Denver DC,Consumer,SKU-1009,Apparel,Travel Backpack,1,145.86,81.38,0.05,138.57,57.19,Completed
ORD-502666,2026-03-11,West,Seattle DC,Small Business,SKU-1006,Home,Kitchen Organizer,1,100.06,51.21,0,100.06,48.85,Completed
ORD-502667,2026-03-11,East,Miami DC,Small Business,SKU-1009,Apparel,Travel Backpack,1,145.86,81.38,0,145.86,64.48,Completed
ORD-502668,2026-03-11,East,Miami DC,Consumer,SKU-1009,Apparel,Travel Backpack,2,145.86,81.38,0,291.72,128.96,Completed
ORD-502669,2026-03-11,West,Denver DC,Consumer,SKU-1011,Beauty,Hair Dryer,3,35.1,16.43,0,105.3,56.01,Completed
ORD-502670,2026-03-11,Central,Dallas DC,Enterprise,SKU-1005,Home,Bedding Set,2,134.44,81.31,0.15,228.55,65.93,Completed
ORD-502671,2026-03-11,Central,Chicago DC,Consumer,SKU-1011,Beauty,Hair Dryer,3,35.1,16.43,0.05,100.04,50.75,Completed
ORD-502672,2026-03-11,East,Atlanta DC,Small Business,SKU-1012,Beauty,Fragrance Set,1,138.55,68.54,0.05,131.62,63.08,Completed
ORD-502673,2026-03-11,West,Denver DC,Enterprise,SKU-1011,Beauty,Hair Dryer,1,35.1,16.43,0,35.1,18.67,Completed
ORD-502674,2026-03-11,East,New Jersey DC,Enterprise,SKU-1002,Electronics,Smart Home Hub,1,202.52,137.45,0.15,172.14,34.69,Completed
ORD-502675,2026-03-11,Central,Dallas DC,Small Business,SKU-1006,Home,Kitchen Organizer,4,100.06,51.21,0,400.24,195.4,Completed
ORD-502676,2026-03-11,West,Denver DC,Consumer,SKU-1001,Electronics,Noise-Canceling Headphones,1,202.4,94.45,0,202.4,107.95,Cancelled
ORD-502677,2026-03-11,Central,Minneapolis DC,Small Business,SKU-1012,Beauty,Fragrance Set,2,138.55,68.54,0,277.1,140.02,Completed
ORD-502678,2026-03-11,Central,Minneapolis DC,Consumer,SKU-1008,Apparel,Running Shoes,1,88.43,59.11,0.05,84.01,24.9,Completed
ORD-502679,2026-03-11,West,Los Angeles DC,Consumer,SKU-1012,Beauty,Fragrance Set,1,138.55,68.54,0.05,131.62,63.08,Completed
ORD-502680,2026-03-11,Central,Chicago DC,Consumer,SKU-1003,Electronics,Portable Charger,1,132.63,59.06,0,132.63,73.57,Completed
ORD-502681,2026-03-11,West,Los Angeles DC,Enterprise,SKU-1002,Electronics,Smart Home Hub,1,202.52,137.45,0,202.52,65.07,Completed
ORD-502682,2026-03-11,East,Atlanta DC,Small Business,SKU-1004,Home,Air Purifier,1,39.43,23.74,0,39.43,15.69,Completed
ORD-502683,2026-03-11,East,Miami DC,Enterprise,SKU-1003,Electronics,Portable Charger,2,132.63,59.06,0,265.26,147.14,Completed
ORD-502684,2026-03-11,West,Los Angeles DC,Enterprise,SKU-1011,Beauty,Hair Dryer,2,35.1,16.43,0,70.2,37.34,Completed
ORD-502685,2026-03-11,Central,Dallas DC,Small Business,SKU-1006,Home,Kitchen Organizer,1,100.06,51.21,0,100.06,48.85,Completed
ORD-502686,2026-03-11,East,Atlanta DC,Consumer,SKU-1012,Beauty,Fragrance Set,2,138.55,68.54,0,277.1,140.02,Completed
ORD-502687,2026-03-11,West,Seattle DC,Consumer,SKU-1004,Home,Air Purifier,2,39.43,23.74,0.05,74.92,27.44,Completed
ORD-502688,2026-03-11,Central,Minneapolis DC,Consumer,SKU-1008,Apparel,Running Shoes,2,88.43,59.11,0.1,159.17,40.95,Completed
ORD-502689,2026-03-11,East,Miami DC,Enterprise,SKU-1004,Home,Air Purifier,3,39.43,23.74,0.1,106.46,35.24,Completed
ORD-502690,2026-03-11,East,New Jersey DC,Small Business,SKU-1010,Beauty,Skin Care Kit,1,212.38,144.24,0,212.38,68.14,Completed
ORD-502691,2026-03-11,West,Los Angeles DC,Enterprise,SKU-1002,Electronics,Smart Home Hub,1,202.52,137.45,0,202.52,65.07,Completed
ORD-502692,2026-03-11,Central,Minneapolis DC,Consumer,SKU-1001,Electronics,Noise-Canceling Headphones,4,202.4,94.45,0,809.6,431.8,Completed
ORD-502693,2026-03-11,East,Atlanta DC,Small Business,SKU-1010,Beauty,Skin Care Kit,1,212.38,144.24,0,212.38,68.14,Completed
ORD-502694,2026-03-11,Central,Chicago DC,Consumer,SKU-1005,Home,Bedding Set,1,134.44,81.31,0,134.44,53.13,Returned
ORD-502695,2026-03-11,East,Miami DC,Small Business,SKU-1002,Electronics,Smart Home Hub,1,202.52,137.45,0.1,182.27,44.82,Completed
ORD-502696,2026-03-11,Central,Dallas DC,Small Business,SKU-1002,Electronics,Smart Home Hub,3,202.52,137.45,0.1,546.8,134.45,Completed
ORD-502697,2026-03-11,West,Denver DC,Enterprise,SKU-1008,Apparel,Running Shoes,2,88.43,59.11,0.15,150.33,32.11,Completed
ORD-502698,2026-03-11,East,Atlanta DC,Small Business,SKU-1008,Apparel,Running Shoes,2,88.43,59.11,0,176.86,58.64,Returned
ORD-502699,2026-03-11,West,Denver DC,Small Business,SKU-1007,Apparel,Performance Jacket,1,259.88,171.94,0,259.88,87.94,Completed
ORD-502700,2026-03-11,West,Los Angeles DC,Enterprise,SKU-1005,Home,Bedding Set,2,134.44,81.31,0.05,255.44,92.82,Completed
ORD-502701,2026-03-12,East,Miami DC,Enterprise,SKU-1002,Electronics,Smart Home Hub,1,202.52,137.45,0,202.52,65.07,Completed
ORD-502702,2026-03-12,West,Seattle DC,Small Business,SKU-1010,Beauty,Skin Care Kit,1,212.38,144.24,0,212.38,68.14,Completed
ORD-502703,2026-03-12,West,Seattle DC,Small Business,SKU-1009,Apparel,Travel Backpack,1,145.86,81.38,0,145.86,64.48,Completed
ORD-502704,2026-03-12,East,Miami DC,Small Business,SKU-1005,Home,Bedding Set,1,134.44,81.31,0.05,127.72,46.41,Completed
ORD-502705,2026-03-12,West,Denver DC,Small Business,SKU-1004,Home,Air Purifier,2,39.43,23.74,0,78.86,31.38,Completed
ORD-502706,2026-03-12,East,New Jersey DC,Small Business,SKU-1011,Beauty,Hair Dryer,2,35.1,16.43,0,70.2,37.34,Completed
ORD-502707,2026-03-12,East,New Jersey DC,Small Business,SKU-1012,Beauty,Fragrance Set,1,138.55,68.54,0.1,124.7,56.16,Completed
ORD-502708,2026-03-12,West,Seattle DC,Consumer,SKU-1010,Beauty,Skin Care Kit,1,212.38,144.24,0.15,180.52,36.28,Completed
ORD-502709,2026-03-12,East,New Jersey DC,Enterprise,SKU-1011,Beauty,Hair Dryer,1,35.1,16.43,0,35.1,18.67,Completed
ORD-502710,2026-03-12,West,Denver DC,Small Business,SKU-1011,Beauty,Hair Dryer,1,35.1,16.43,0,35.1,18.67,Completed
ORD-502711,2026-03-12,East,New Jersey DC,Small Business,SKU-1010,Beauty,Skin Care Kit,2,212.38,144.24,0,424.76,136.28,Completed
ORD-502712,2026-03-12,Central,Chicago DC,Consumer,SKU-1012,Beauty,Fragrance Set,3,138.55,68.54,0,415.65,210.03,Completed
ORD-502713,2026-03-12,West,Los Angeles DC,Small Business,SKU-1008,Apparel,Running Shoes,1,88.43,59.11,0,88.43,29.32,Completed
ORD-502714,2026-03-12,West,Seattle DC,Consumer,SKU-1011,Beauty,Hair Dryer,2,35.1,16.43,0.1,63.18,30.32,Completed
ORD-502715,2026-03-12,Central,Dallas DC,Enterprise,SKU-1005,Home,Bedding Set,2,134.44,81.31,0,268.88,106.26,Completed
ORD-502716,2026-03-12,East,Miami DC,Consumer,SKU-1002,Electronics,Smart Home Hub,3,202.52,137.45,0.1,546.8,134.45,Completed
ORD-502717,2026-03-12,West,Denver DC,Consumer,SKU-1010,Beauty,Skin Care Kit,1,212.38,144.24,0,212.38,68.14,Completed
ORD-502718,2026-03-12,East,New Jersey DC,Small Business,SKU-1002,Electronics,Smart Home Hub,1,202.52,137.45,0,202.52,65.07,Completed
ORD-502719,2026-03-12,Central,Chicago DC,Enterprise,SKU-1009,Apparel,Travel Backpack,1,145.86,81.38,0,145.86,64.48,Returned
ORD-502720,2026-03-12,Central,Chicago DC,Consumer,SKU-1003,Electronics,Portable Charger,2,132.63,59.06,0,265.26,147.14,Completed
ORD-502721,2026-03-12,West,Los Angeles DC,Enterprise,SKU-1006,Home,Kitchen Organizer,1,100.06,51.21,0,100.06,48.85,Completed
ORD-502722,2026-03-12,West,Seattle DC,Enterprise,SKU-1009,Apparel,Travel Backpack,1,145.86,81.38,0.05,138.57,57.19,Completed
ORD-502723,2026-03-12,Central,Dallas DC,Enterprise,SKU-1009,Apparel,Travel Backpack,2,145.86,81.38,0.1,262.55,99.79,Completed
ORD-502724,2026-03-12,West,Los Angeles DC,Small Business,SKU-1008,Apparel,Running Shoes,3,88.43,59.11,0.1,238.76,61.43,Completed
ORD-502725,2026-03-12,Central,Chicago DC,Small Business,SKU-1003,Electronics,Portable Charger,1,132.63,59.06,0.05,126.0,66.94,Completed
ORD-502726,2026-03-12,Central,Chicago DC,Consumer,SKU-1010,Beauty,Skin Care Kit,3,212.38,144.24,0,637.14,204.42,Completed
ORD-502727,2026-03-12,Central,Dallas DC,Enterprise,SKU-1001,Electronics,Noise-Canceling Headphones,2,202.4,94.45,0.15,344.08,155.18,Completed
ORD-502728,2026-03-12,East,Miami DC,Consumer,SKU-1011,Beauty,Hair Dryer,4,35.1,16.43,0.1,126.36,60.64,Completed
ORD-502729,2026-03-12,West,Los Angeles DC,Consumer,SKU-1009,Apparel,Travel Backpack,1,145.86,81.38,0,145.86,64.48,Completed
ORD-502730,2026-03-12,East,Atlanta DC,Enterprise,SKU-1006,Home,Kitchen Organizer,3,100.06,51.21,0.15,255.15,101.52,Completed
ORD-502731,2026-03-12,Central,Chicago DC,Small Business,SKU-1011,Beauty,Hair Dryer,1,35.1,16.43,0.1,31.59,15.16,Completed
ORD-502732,2026-03-12,West,Seattle DC,Small Business,SKU-1006,Home,Kitchen Organizer,1,100.06,51.21,0,100.06,48.85,Completed
ORD-502733,2026-03-12,Central,Chicago DC,Enterprise,SKU-1004,Home,Air Purifier,2,39.43,23.74,0,78.86,31.38,Completed
ORD-502734,2026-03-12,Central,Dallas DC,Enterprise,SKU-1004,Home,Air Purifier,3,39.43,23.74,0.15,100.55,29.33,Completed
ORD-502735,2026-03-12,West,Denver DC,Consumer,SKU-1009,Apparel,Travel Backpack,1,145.86,81.38,0.15,123.98,42.6,Completed
ORD-502736,2026-03-12,West,Seattle DC,Enterprise,SKU-1003,Electronics,Portable Charger,3,132.63,59.06,0,397.89,220.71,Completed
ORD-502737,2026-03-12,West,Denver DC,Enterprise,SKU-1010,Beauty,Skin Care Kit,2,212.38,144.24,0.05,403.52,115.04,Cancelled
ORD-502738,2026-03-12,Central,Dallas DC,Consumer,SKU-1005,Home,Bedding Set,1,134.44,81.31,0,134.44,53.13,Returned
ORD-502739,2026-03-12,Central,Dallas DC,Small Business,SKU-1006,Home,Kitchen Organizer,3,100.06,51.21,0,300.18,146.55,Completed
ORD-502740,2026-03-12,West,Denver DC,Enterprise,SKU-1010,Beauty,Skin Care Kit,1,212.38,144.24,0.05,201.76,57.52,Completed
ORD-502741,2026-03-13,West,Denver DC,Consumer,SKU-1003,Electronics,Portable Charger,1,132.63,59.06,0,132.63,73.57,Completed
ORD-502742,2026-03-13,Central,Dallas DC,Small Business,SKU-1011,Beauty,Hair Dryer,1,35.1,16.43,0.1,31.59,15.16,Completed
ORD-502743,2026-03-13,East,Atlanta DC,Consumer,SKU-1004,Home,Air Purifier,2,39.43,23.74,0.05,74.92,27.44,Completed
ORD-502744,2026-03-13,East,Atlanta DC,Small Business,SKU-1006,Home,Kitchen Organizer,4,100.06,51.21,0,400.24,195.4,Completed
ORD-502745,2026-03-13,East,New Jersey DC,Consumer,SKU-1004,Home,Air Purifier,1,39.43,23.74,0,39.43,15.69,Completed
ORD-502746,2026-03-13,West,Seattle DC,Small Business,SKU-1006,Home,Kitchen Organizer,2,100.06,51.21,0.05,190.11,87.69,Completed
ORD-502747,2026-03-13,West,Denver DC,Enterprise,SKU-1009,Apparel,Travel Backpack,1,145.86,81.38,0,145.86,64.48,Completed
ORD-502748,2026-03-13,East,New Jersey DC,Small Business,SKU-1008,Apparel,Running Shoes,1,88.43,59.11,0.1,79.59,20.48,Cancelled
ORD-502749,2026-03-13,East,New Jersey DC,Small Business,SKU-1001,Electronics,Noise-Canceling Headphones,1,202.4,94.45,0.15,172.04,77.59,Completed
ORD-502750,2026-03-13,Central,Chicago DC,Enterprise,SKU-1005,Home,Bedding Set,1,134.44,81.31,0,134.44,53.13,Completed
ORD-502751,2026-03-13,West,Denver DC,Enterprise,SKU-1006,Home,Kitchen Organizer,3,100.06,51.21,0,300.18,146.55,Completed
ORD-502752,2026-03-13,Central,Minneapolis DC,Enterprise,SKU-1010,Beauty,Skin Care Kit,1,212.38,144.24,0,212.38,68.14,Completed
ORD-502753,2026-03-13,West,Los Angeles DC,Enterprise,SKU-1008,Apparel,Running Shoes,1,88.43,59.11,0.05,84.01,24.9,Completed
ORD-502754,2026-03-13,East,Atlanta DC,Small Business,SKU-1002,Electronics,Smart Home Hub,1,202.52,137.45,0.1,182.27,44.82,Completed
ORD-502755,2026-03-13,West,Seattle DC,Small Business,SKU-1001,Electronics,Noise-Canceling Headphones,1,202.4,94.45,0.1,182.16,87.71,Cancelled
ORD-502756,2026-03-13,West,Los Angeles DC,Enterprise,SKU-1010,Beauty,Skin Care Kit,3,212.38,144.24,0,637.14,204.42,Completed
ORD-502757,2026-03-13,West,Los Angeles DC,Consumer,SKU-1012,Beauty,Fragrance Set,1,138.55,68.54,0.15,117.77,49.23,Completed
ORD-502758,2026-03-13,West,Seattle DC,Consumer,SKU-1001,Electronics,Noise-Canceling Headphones,1,202.4,94.45,0,202.4,107.95,Completed
ORD-502759,2026-03-13,Central,Dallas DC,Consumer,SKU-1003,Electronics,Portable Charger,1,132.63,59.06,0.1,119.37,60.31,Cancelled
ORD-502760,2026-03-13,West,Seattle DC,Consumer,SKU-1003,Electronics,Portable Charger,2,132.63,59.06,0,265.26,147.14,Completed
ORD-502761,2026-03-13,East,Atlanta DC,Consumer,SKU-1002,Electronics,Smart Home Hub,1,202.52,137.45,0.15,172.14,34.69,Returned
ORD-502762,2026-03-13,Central,Chicago DC,Small Business,SKU-1008,Apparel,Running Shoes,2,88.43,59.11,0,176.86,58.64,Completed
ORD-502763,2026-03-13,East,New Jersey DC,Consumer,SKU-1002,Electronics,Smart Home Hub,2,202.52,137.45,0,405.04,130.14,Completed
ORD-502764,2026-03-13,West,Denver DC,Consumer,SKU-1006,Home,Kitchen Organizer,1,100.06,51.21,0.1,90.05,38.84,Completed
ORD-502765,2026-03-13,West,Seattle DC,Enterprise,SKU-1007,Apparel,Performance Jacket,3,259.88,171.94,0,779.64,263.82,Completed
ORD-502766,2026-03-13,East,New Jersey DC,Enterprise,SKU-1010,Beauty,Skin Care Kit,1,212.38,144.24,0.1,191.14,46.9,Completed
ORD-502767,2026-03-13,Central,Chicago DC,Small Business,SKU-1005,Home,Bedding Set,4,134.44,81.31,0,537.76,212.52,Completed
ORD-502768,2026-03-13,West,Los Angeles DC,Consumer,SKU-1007,Apparel,Performance Jacket,3,259.88,171.94,0.05,740.66,224.84,Completed
ORD-502769,2026-03-13,East,Atlanta DC,Small Business,SKU-1006,Home,Kitchen Organizer,2,100.06,51.21,0.15,170.1,67.68,Completed
ORD-502770,2026-03-13,West,Denver DC,Enterprise,SKU-1002,Electronics,Smart Home Hub,2,202.52,137.45,0.1,364.54,89.64,Completed
ORD-502771,2026-03-13,East,Atlanta DC,Enterprise,SKU-1003,Electronics,Portable Charger,1,132.63,59.06,0.1,119.37,60.31,Cancelled
ORD-502772,2026-03-13,West,Denver DC,Consumer,SKU-1005,Home,Bedding Set,1,134.44,81.31,0,134.44,53.13,Completed
ORD-502773,2026-03-13,West,Seattle DC,Enterprise,SKU-1005,Home,Bedding Set,1,134.44,81.31,0,134.44,53.13,Completed
ORD-502774,2026-03-13,East,Atlanta DC,Enterprise,SKU-1007,Apparel,Performance Jacket,1,259.88,171.94,0,259.88,87.94,Completed
ORD-502775,2026-03-13,Central,Minneapolis DC,Consumer,SKU-1012,Beauty,Fragrance Set,1,138.55,68.54,0,138.55,70.01,Completed
ORD-502776,2026-03-13,Central,Minneapolis DC,Enterprise,SKU-1010,Beauty,Skin Care Kit,1,212.38,144.24,0.1,191.14,46.9,Completed
ORD-502777,2026-03-13,West,Seattle DC,Enterprise,SKU-1005,Home,Bedding Set,1,134.44,81.31,0.15,114.27,32.96,Completed
ORD-502778,2026-03-13,Central,Minneapolis DC,Consumer,SKU-1008,Apparel,Running Shoes,1,88.43,59.11,0,88.43,29.32,Completed
ORD-502779,2026-03-13,West,Denver DC,Small Business,SKU-1008,Apparel,Running Shoes,1,88.43,59.11,0,88.43,29.32,Completed
ORD-502780,2026-03-13,West,Denver DC,Consumer,SKU-1006,Home,Kitchen Organizer,3,100.06,51.21,0.05,285.17,131.54,Completed
ORD-502781,2026-03-13,Central,Dallas DC,Consumer,SKU-1012,Beauty,Fragrance Set,1,138.55,68.54,0.1,124.7,56.16,Completed
ORD-502782,2026-03-13,Central,Dallas DC,Small Business,SKU-1005,Home,Bedding Set,1,134.44,81.31,0.1,121.0,39.69,Completed
ORD-502783,2026-03-13,West,Denver DC,Consumer,SKU-1008,Apparel,Running Shoes,1,88.43,59.11,0,88.43,29.32,Completed
ORD-502784,2026-03-14,West,Denver DC,Small Business,SKU-1001,Electronics,Noise-Canceling Headphones,1,202.4,94.45,0.1,182.16,87.71,Completed
ORD-502785,2026-03-14,West,Seattle DC,Small Business,SKU-1007,Apparel,Performance Jacket,1,259.88,171.94,0.1,233.89,61.95,Completed
ORD-502786,2026-03-14,West,Los Angeles DC,Small Business,SKU-1006,Home,Kitchen Organizer,1,100.06,51.21,0.05,95.06,43.85,Completed
ORD-502787,2026-03-14,East,New Jersey DC,Consumer,SKU-1002,Electronics,Smart Home Hub,3,202.52,137.45,0,607.56,195.21,Completed
ORD-502788,2026-03-14,East,Atlanta DC,Small Business,SKU-1005,Home,Bedding Set,1,134.44,81.31,0.15,114.27,32.96,Completed
ORD-502789,2026-03-14,West,Denver DC,Consumer,SKU-1002,Electronics,Smart Home Hub,1,202.52,137.45,0,202.52,65.07,Completed
ORD-502790,2026-03-14,East,Miami DC,Enterprise,SKU-1003,Electronics,Portable Charger,1,132.63,59.06,0.1,119.37,60.31,Completed
ORD-502791,2026-03-14,East,Atlanta DC,Small Business,SKU-1010,Beauty,Skin Care Kit,3,212.38,144.24,0.15,541.57,108.85,Returned
ORD-502792,2026-03-14,Central,Chicago DC,Enterprise,SKU-1004,Home,Air Purifier,4,39.43,23.74,0,157.72,62.76,Completed
ORD-502793,2026-03-14,East,Atlanta DC,Enterprise,SKU-1003,Electronics,Portable Charger,1,132.63,59.06,0.05,126.0,66.94,Completed
ORD-502794,2026-03-14,West,Denver DC,Enterprise,SKU-1012,Beauty,Fragrance Set,1,138.55,68.54,0,138.55,70.01,Completed
ORD-502795,2026-03-14,Central,Dallas DC,Enterprise,SKU-1004,Home,Air Purifier,2,39.43,23.74,0.05,74.92,27.44,Completed
ORD-502796,2026-03-14,West,Denver DC,Consumer,SKU-1006,Home,Kitchen Organizer,1,100.06,51.21,0,100.06,48.85,Completed
ORD-502797,2026-03-14,West,Los Angeles DC,Small Business,SKU-1012,Beauty,Fragrance Set,1,138.55,68.54,0.05,131.62,63.08,Completed
ORD-502798,2026-03-14,East,Miami DC,Consumer,SKU-1006,Home,Kitchen Organizer,2,100.06,51.21,0.05,190.11,87.69,Completed
ORD-502799,2026-03-14,Central,Dallas DC,Consumer,SKU-1007,Apparel,Performance Jacket,1,259.88,171.94,0,259.88,87.94,Completed
ORD-502800,2026-03-14,West,Seattle DC,Consumer,SKU-1007,Apparel,Performance Jacket,2,259.88,171.94,0,519.76,175.88,Completed
ORD-502801,2026-03-14,West,Seattle DC,Small Business,SKU-1006,Home,Kitchen Organizer,2,100.06,51.21,0.15,170.1,67.68,Completed
ORD-502802,2026-03-14,Central,Chicago DC,Enterprise,SKU-1011,Beauty,Hair Dryer,2,35.1,16.43,0,70.2,37.34,Completed
ORD-502803,2026-03-14,Central,Chicago DC,Small Business,SKU-1004,Home,Air Purifier,1,39.43,23.74,0,39.43,15.69,Completed
ORD-502804,2026-03-14,Central,Dallas DC,Enterprise,SKU-1006,Home,Kitchen Organizer,2,100.06,51.21,0,200.12,97.7,Completed
ORD-502805,2026-03-14,East,Miami DC,Consumer,SKU-1007,Apparel,Performance Jacket,1,259.88,171.94,0,259.88,87.94,Completed
ORD-502806,2026-03-14,Central,Minneapolis DC,Consumer,SKU-1011,Beauty,Hair Dryer,1,35.1,16.43,0,35.1,18.67,Completed
ORD-502807,2026-03-14,Central,Minneapolis DC,Consumer,SKU-1005,Home,Bedding Set,1,134.44,81.31,0,134.44,53.13,Completed
ORD-502808,2026-03-14,East,Miami DC,Enterprise,SKU-1006,Home,Kitchen Organizer,1,100.06,51.21,0,100.06,48.85,Completed
ORD-502809,2026-03-14,Central,Dallas DC,Consumer,SKU-1012,Beauty,Fragrance Set,3,138.55,68.54,0,415.65,210.03,Completed
ORD-502810,2026-03-14,East,New Jersey DC,Small Business,SKU-1005,Home,Bedding Set,2,134.44,81.31,0,268.88,106.26,Completed
ORD-502811,2026-03-14,East,Atlanta DC,Consumer,SKU-1006,Home,Kitchen Organizer,1,100.06,51.21,0.15,85.05,33.84,Completed
ORD-502812,2026-03-14,East,Atlanta DC,Enterprise,SKU-1004,Home,Air Purifier,2,39.43,23.74,0,78.86,31.38,Completed
ORD-502813,2026-03-14,Central,Minneapolis DC,Consumer,SKU-1011,Beauty,Hair Dryer,1,35.1,16.43,0,35.1,18.67,Completed
ORD-502814,2026-03-14,Central,Dallas DC,Consumer,SKU-1007,Apparel,Performance Jacket,2,259.88,171.94,0.05,493.77,149.89,Completed
ORD-502815,2026-03-14,West,Denver DC,Consumer,SKU-1010,Beauty,Skin Care Kit,4,212.38,144.24,0.1,764.57,187.61,Completed
ORD-502816,2026-03-14,Central,Chicago DC,Enterprise,SKU-1001,Electronics,Noise-Canceling Headphones,1,202.4,94.45,0,202.4,107.95,Completed
ORD-502817,2026-03-14,East,New Jersey DC,Consumer,SKU-1001,Electronics,Noise-Canceling Headphones,3,202.4,94.45,0.15,516.12,232.77,Completed
ORD-502818,2026-03-14,East,Miami DC,Consumer,SKU-1009,Apparel,Travel Backpack,1,145.86,81.38,0.05,138.57,57.19,Completed
ORD-502819,2026-03-14,Central,Chicago DC,Consumer,SKU-1004,Home,Air Purifier,3,39.43,23.74,0.15,100.55,29.33,Completed
ORD-502820,2026-03-14,West,Los Angeles DC,Enterprise,SKU-1001,Electronics,Noise-Canceling Headphones,3,202.4,94.45,0.05,576.84,293.49,Completed
ORD-502821,2026-03-14,Central,Dallas DC,Enterprise,SKU-1005,Home,Bedding Set,1,134.44,81.31,0,134.44,53.13,Cancelled
ORD-502822,2026-03-14,West,Los Angeles DC,Consumer,SKU-1008,Apparel,Running Shoes,1,88.43,59.11,0.15,75.17,16.06,Completed
ORD-502823,2026-03-14,East,Miami DC,Consumer,SKU-1009,Apparel,Travel Backpack,1,145.86,81.38,0,145.86,64.48,Completed
ORD-502824,2026-03-14,West,Denver DC,Consumer,SKU-1007,Apparel,Performance Jacket,1,259.88,171.94,0.05,246.89,74.95,Completed
ORD-502825,2026-03-15,Central,Dallas DC,Consumer,SKU-1003,Electronics,Portable Charger,2,132.63,59.06,0.1,238.73,120.61,Cancelled
ORD-502826,2026-03-15,Central,Minneapolis DC,Small Business,SKU-1007,Apparel,Performance Jacket,3,259.88,171.94,0.1,701.68,185.86,Completed
ORD-502827,2026-03-15,West,Seattle DC,Enterprise,SKU-1007,Apparel,Performance Jacket,1,259.88,171.94,0,259.88,87.94,Completed
ORD-502828,2026-03-15,West,Los Angeles DC,Consumer,SKU-1012,Beauty,Fragrance Set,1,138.55,68.54,0.05,131.62,63.08,Completed
ORD-502829,2026-03-15,West,Los Angeles DC,Consumer,SKU-1002,Electronics,Smart Home Hub,1,202.52,137.45,0.1,182.27,44.82,Completed
ORD-502830,2026-03-15,West,Denver DC,Consumer,SKU-1005,Home,Bedding Set,1,134.44,81.31,0.15,114.27,32.96,Completed
ORD-502831,2026-03-15,Central,Dallas DC,Enterprise,SKU-1011,Beauty,Hair Dryer,1,35.1,16.43,0.05,33.34,16.91,Cancelled
ORD-502832,2026-03-15,East,Atlanta DC,Small Business,SKU-1002,Electronics,Smart Home Hub,2,202.52,137.45,0,405.04,130.14,Completed
ORD-502833,2026-03-15,West,Los Angeles DC,Enterprise,SKU-1005,Home,Bedding Set,1,134.44,81.31,0,134.44,53.13,Completed
ORD-502834,2026-03-15,Central,Chicago DC,Enterprise,SKU-1003,Electronics,Portable Charger,2,132.63,59.06,0,265.26,147.14,Completed
ORD-502835,2026-03-15,East,Miami DC,Small Business,SKU-1010,Beauty,Skin Care Kit,2,212.38,144.24,0,424.76,136.28,Completed
ORD-502836,2026-03-15,East,Atlanta DC,Small Business,SKU-1002,Electronics,Smart Home Hub,3,202.52,137.45,0.05,577.18,164.83,Completed
ORD-502837,2026-03-15,Central,Chicago DC,Small Business,SKU-1003,Electronics,Portable Charger,1,132.63,59.06,0,132.63,73.57,Completed
ORD-502838,2026-03-15,Central,Dallas DC,Consumer,SKU-1007,Apparel,Performance Jacket,2,259.88,171.94,0.05,493.77,149.89,Completed
ORD-502839,2026-03-15,Central,Minneapolis DC,Consumer,SKU-1008,Apparel,Running Shoes,1,88.43,59.11,0.1,79.59,20.48,Completed
ORD-502840,2026-03-15,Central,Dallas DC,Small Business,SKU-1004,Home,Air Purifier,2,39.43,23.74,0,78.86,31.38,Returned
ORD-502841,2026-03-15,West,Denver DC,Small Business,SKU-1002,Electronics,Smart Home Hub,2,202.52,137.45,0,405.04,130.14,Completed
ORD-502842,2026-03-15,West,Los Angeles DC,Consumer,SKU-1012,Beauty,Fragrance Set,1,138.55,68.54,0,138.55,70.01,Completed
ORD-502843,2026-03-15,Central,Minneapolis DC,Enterprise,SKU-1009,Apparel,Travel Backpack,3,145.86,81.38,0.1,393.82,149.68,Completed
ORD-502844,2026-03-15,West,Seattle DC,Consumer,SKU-1003,Electronics,Portable Charger,1,132.63,59.06,0,132.63,73.57,Completed
ORD-502845,2026-03-15,East,Atlanta DC,Enterprise,SKU-1002,Electronics,Smart Home Hub,1,202.52,137.45,0.05,192.39,54.94,Completed
ORD-502846,2026-03-15,Central,Chicago DC,Small Business,SKU-1001,Electronics,Noise-Canceling Headphones,1,202.4,94.45,0.15,172.04,77.59,Completed
ORD-502847,2026-03-15,West,Seattle DC,Small Business,SKU-1008,Apparel,Running Shoes,4,88.43,59.11,0,353.72,117.28,Completed
ORD-502848,2026-03-15,East,New Jersey DC,Small Business,SKU-1007,Apparel,Performance Jacket,1,259.88,171.94,0.05,246.89,74.95,Completed
ORD-502849,2026-03-15,East,Atlanta DC,Enterprise,SKU-1010,Beauty,Skin Care Kit,1,212.38,144.24,0.15,180.52,36.28,Completed
ORD-502850,2026-03-15,East,Atlanta DC,Enterprise,SKU-1008,Apparel,Running Shoes,1,88.43,59.11,0.15,75.17,16.06,Completed
ORD-502851,2026-03-15,East,Miami DC,Small Business,SKU-1004,Home,Air Purifier,1,39.43,23.74,0,39.43,15.69,Completed
ORD-502852,2026-03-15,Central,Minneapolis DC,Small Business,SKU-1012,Beauty,Fragrance Set,3,138.55,68.54,0,415.65,210.03,Completed
ORD-502853,2026-03-15,West,Los Angeles DC,Consumer,SKU-1002,Electronics,Smart Home Hub,2,202.52,137.45,0,405.04,130.14,Completed
ORD-502854,2026-03-15,Central,Chicago DC,Small Business,SKU-1002,Electronics,Smart Home Hub,3,202.52,137.45,0,607.56,195.21,Completed
ORD-502855,2026-03-15,West,Denver DC,Enterprise,SKU-1005,Home,Bedding Set,1,134.44,81.31,0,134.44,53.13,Completed
ORD-502856,2026-03-15,West,Denver DC,Consumer,SKU-1010,Beauty,Skin Care Kit,1,212.38,144.24,0.1,191.14,46.9,Completed
ORD-502857,2026-03-15,Central,Minneapolis DC,Enterprise,SKU-1008,Apparel,Running Shoes,3,88.43,59.11,0.15,225.5,48.17,Completed
ORD-502858,2026-03-15,West,Los Angeles DC,Small Business,SKU-1012,Beauty,Fragrance Set,4,138.55,68.54,0,554.2,280.04,Completed
ORD-502859,2026-03-15,West,Seattle DC,Small Business,SKU-1007,Apparel,Performance Jacket,2,259.88,171.94,0,519.76,175.88,Completed
ORD-502860,2026-03-15,West,Seattle DC,Consumer,SKU-1003,Electronics,Portable Charger,1,132.63,59.06,0.1,119.37,60.31,Completed
ORD-502861,2026-03-15,West,Denver DC,Enterprise,SKU-1002,Electronics,Smart Home Hub,2,202.52,137.45,0.05,384.79,109.89,Completed
ORD-502862,2026-03-15,West,Seattle DC,Small Business,SKU-1004,Home,Air Purifier,3,39.43,23.74,0,118.29,47.07,Completed
ORD-502863,2026-03-15,East,Atlanta DC,Small Business,SKU-1005,Home,Bedding Set,1,134.44,81.31,0.15,114.27,32.96,Completed
ORD-502864,2026-03-15,West,Los Angeles DC,Small Business,SKU-1004,Home,Air Purifier,1,39.43,23.74,0.1,35.49,11.75,Completed
ORD-502865,2026-03-15,Central,Dallas DC,Consumer,SKU-1008,Apparel,Running Shoes,2,88.43,59.11,0.15,150.33,32.11,Cancelled
ORD-502866,2026-03-15,Central,Chicago DC,Small Business,SKU-1006,Home,Kitchen Organizer,1,100.06,51.21,0,100.06,48.85,Completed
ORD-502867,2026-03-15,West,Seattle DC,Consumer,SKU-1002,Electronics,Smart Home Hub,1,202.52,137.45,0,202.52,65.07,Completed
ORD-502868,2026-03-15,Central,Dallas DC,Enterprise,SKU-1008,Apparel,Running Shoes,3,88.43,59.11,0.05,252.03,74.7,Completed
ORD-502869,2026-03-15,Central,Minneapolis DC,Small Business,SKU-1011,Beauty,Hair Dryer,1,35.1,16.43,0.05,33.34,16.91,Completed
ORD-502870,2026-03-15,East,Atlanta DC,Enterprise,SKU-1010,Beauty,Skin Care Kit,1,212.38,144.24,0.1,191.14,46.9,Completed
ORD-502871,2026-03-15,East,Miami DC,Consumer,SKU-1009,Apparel,Travel Backpack,3,145.86,81.38,0,437.58,193.44,Completed
ORD-502872,2026-03-15,West,Los Angeles DC,Small Business,SKU-1003,Electronics,Portable Charger,3,132.63,59.06,0,397.89,220.71,Completed
ORD-502873,2026-03-16,East,Miami DC,Small Business,SKU-1004,Home,Air Purifier,2,39.43,23.74,0.1,70.97,23.49,Completed
ORD-502874,2026-03-16,Central,Minneapolis DC,Consumer,SKU-1003,Electronics,Portable Charger,3,132.63,59.06,0.15,338.21,161.03,Cancelled
ORD-502875,2026-03-16,East,Atlanta DC,Small Business,SKU-1002,Electronics,Smart Home Hub,2,202.52,137.45,0,405.04,130.14,Completed
ORD-502876,2026-03-16,Central,Minneapolis DC,Consumer,SKU-1007,Apparel,Performance Jacket,3,259.88,171.94,0,779.64,263.82,Completed
ORD-502877,2026-03-16,Central,Chicago DC,Consumer,SKU-1004,Home,Air Purifier,3,39.43,23.74,0,118.29,47.07,Completed
ORD-502878,2026-03-16,East,Miami DC,Enterprise,SKU-1009,Apparel,Travel Backpack,1,145.86,81.38,0.05,138.57,57.19,Completed
ORD-502879,2026-03-16,Central,Chicago DC,Enterprise,SKU-1006,Home,Kitchen Organizer,2,100.06,51.21,0,200.12,97.7,Completed
ORD-502880,2026-03-16,East,New Jersey DC,Enterprise,SKU-1005,Home,Bedding Set,1,134.44,81.31,0,134.44,53.13,Completed
ORD-502881,2026-03-16,West,Seattle DC,Consumer,SKU-1005,Home,Bedding Set,1,134.44,81.31,0.05,127.72,46.41,Cancelled
ORD-502882,2026-03-16,Central,Dallas DC,Small Business,SKU-1008,Apparel,Running Shoes,2,88.43,59.11,0.05,168.02,49.8,Completed
ORD-502883,2026-03-16,Central,Minneapolis DC,Consumer,SKU-1012,Beauty,Fragrance Set,3,138.55,68.54,0.15,353.3,147.68,Completed
ORD-502884,2026-03-16,Central,Minneapolis DC,Small Business,SKU-1008,Apparel,Running Shoes,4,88.43,59.11,0,353.72,117.28,Completed
ORD-502885,2026-03-16,West,Seattle DC,Small Business,SKU-1001,Electronics,Noise-Canceling Headphones,2,202.4,94.45,0.1,364.32,175.42,Completed
ORD-502886,2026-03-16,Central,Dallas DC,Small Business,SKU-1009,Apparel,Travel Backpack,2,145.86,81.38,0,291.72,128.96,Completed
ORD-502887,2026-03-16,Central,Minneapolis DC,Small Business,SKU-1004,Home,Air Purifier,2,39.43,23.74,0,78.86,31.38,Completed
ORD-502888,2026-03-16,Central,Chicago DC,Enterprise,SKU-1004,Home,Air Purifier,2,39.43,23.74,0.1,70.97,23.49,Completed
ORD-502889,2026-03-16,East,Atlanta DC,Enterprise,SKU-1012,Beauty,Fragrance Set,3,138.55,68.54,0,415.65,210.03,Completed
ORD-502890,2026-03-16,East,New Jersey DC,Consumer,SKU-1003,Electronics,Portable Charger,2,132.63,59.06,0.05,252.0,133.88,Completed
ORD-502891,2026-03-16,East,Miami DC,Consumer,SKU-1010,Beauty,Skin Care Kit,3,212.38,144.24,0.05,605.28,172.56,Completed
ORD-502892,2026-03-16,West,Denver DC,Enterprise,SKU-1009,Apparel,Travel Backpack,1,145.86,81.38,0,145.86,64.48,Completed
ORD-502893,2026-03-16,East,Atlanta DC,Enterprise,SKU-1008,Apparel,Running Shoes,1,88.43,59.11,0,88.43,29.32,Completed
ORD-502894,2026-03-16,Central,Dallas DC,Consumer,SKU-1005,Home,Bedding Set,1,134.44,81.31,0.1,121.0,39.69,Completed
ORD-502895,2026-03-16,Central,Minneapolis DC,Consumer,SKU-1010,Beauty,Skin Care Kit,1,212.38,144.24,0,212.38,68.14,Completed
ORD-502896,2026-03-16,East,Atlanta DC,Enterprise,SKU-1002,Electronics,Smart Home Hub,2,202.52,137.45,0.05,384.79,109.89,Completed
ORD-502897,2026-03-16,Central,Minneapolis DC,Enterprise,SKU-1002,Electronics,Smart Home Hub,1,202.52,137.45,0,202.52,65.07,Completed
ORD-502898,2026-03-16,East,Atlanta DC,Enterprise,SKU-1004,Home,Air Purifier,2,39.43,23.74,0,78.86,31.38,Completed
ORD-502899,2026-03-16,East,Miami DC,Enterprise,SKU-1001,Electronics,Noise-Canceling Headphones,3,202.4,94.45,0.1,546.48,263.13,Completed
ORD-502900,2026-03-16,East,Miami DC,Enterprise,SKU-1007,Apparel,Performance Jacket,1,259.88,171.94,0.15,220.9,48.96,Completed
ORD-502901,2026-03-16,East,Atlanta DC,Consumer,SKU-1008,Apparel,Running Shoes,1,88.43,59.11,0.05,84.01,24.9,Completed
ORD-502902,2026-03-16,East,Atlanta DC,Enterprise,SKU-1008,Apparel,Running Shoes,1,88.43,59.11,0.1,79.59,20.48,Completed
ORD-502903,2026-03-16,East,New Jersey DC,Consumer,SKU-1010,Beauty,Skin Care Kit,1,212.38,144.24,0,212.38,68.14,Completed
ORD-502904,2026-03-16,Central,Dallas DC,Consumer,SKU-1011,Beauty,Hair Dryer,3,35.1,16.43,0,105.3,56.01,Completed
ORD-502905,2026-03-16,West,Denver DC,Enterprise,SKU-1011,Beauty,Hair Dryer,3,35.1,16.43,0.15,89.51,40.22,Completed
ORD-502906,2026-03-16,Central,Minneapolis DC,Small Business,SKU-1011,Beauty,Hair Dryer,2,35.1,16.43,0.15,59.67,26.81,Completed
ORD-502907,2026-03-16,West,Los Angeles DC,Small Business,SKU-1005,Home,Bedding Set,1,134.44,81.31,0.15,114.27,32.96,Returned
ORD-502908,2026-03-16,East,New Jersey DC,Consumer,SKU-1009,Apparel,Travel Backpack,4,145.86,81.38,0.1,525.1,199.58,Returned
ORD-502909,2026-03-16,West,Denver DC,Enterprise,SKU-1002,Electronics,Smart Home Hub,1,202.52,137.45,0,202.52,65.07,Completed
ORD-502910,2026-03-16,West,Los Angeles DC,Enterprise,SKU-1001,Electronics,Noise-Canceling Headphones,1,202.4,94.45,0.05,192.28,97.83,Completed
ORD-502911,2026-03-16,West,Seattle DC,Small Business,SKU-1005,Home,Bedding Set,3,134.44,81.31,0,403.32,159.39,Completed
ORD-502912,2026-03-17,Central,Chicago DC,Enterprise,SKU-1010,Beauty,Skin Care Kit,2,212.38,144.24,0,424.76,136.28,Completed
ORD-502913,2026-03-17,East,Atlanta DC,Enterprise,SKU-1003,Electronics,Portable Charger,1,132.63,59.06,0,132.63,73.57,Completed
ORD-502914,2026-03-17,West,Seattle DC,Enterprise,SKU-1010,Beauty,Skin Care Kit,1,212.38,144.24,0.15,180.52,36.28,Completed
ORD-502915,2026-03-17,Central,Minneapolis DC,Enterprise,SKU-1010,Beauty,Skin Care Kit,1,212.38,144.24,0,212.38,68.14,Completed
ORD-502916,2026-03-17,West,Los Angeles DC,Small Business,SKU-1006,Home,Kitchen Organizer,1,100.06,51.21,0.15,85.05,33.84,Completed
ORD-502917,2026-03-17,Central,Dallas DC,Enterprise,SKU-1004,Home,Air Purifier,2,39.43,23.74,0,78.86,31.38,Completed
ORD-502918,2026-03-17,East,Miami DC,Small Business,SKU-1011,Beauty,Hair Dryer,1,35.1,16.43,0,35.1,18.67,Completed
ORD-502919,2026-03-17,Central,Dallas DC,Small Business,SKU-1004,Home,Air Purifier,1,39.43,23.74,0,39.43,15.69,Completed
ORD-502920,2026-03-17,West,Denver DC,Consumer,SKU-1011,Beauty,Hair Dryer,2,35.1,16.43,0,70.2,37.34,Completed
ORD-502921,2026-03-17,Central,Dallas DC,Consumer,SKU-1005,Home,Bedding Set,2,134.44,81.31,0.15,228.55,65.93,Completed
ORD-502922,2026-03-17,Central,Minneapolis DC,Enterprise,SKU-1009,Apparel,Travel Backpack,1,145.86,81.38,0.1,131.27,49.89,Completed
ORD-502923,2026-03-17,West,Denver DC,Consumer,SKU-1009,Apparel,Travel Backpack,3,145.86,81.38,0,437.58,193.44,Completed
ORD-502924,2026-03-17,West,Los Angeles DC,Enterprise,SKU-1007,Apparel,Performance Jacket,2,259.88,171.94,0.05,493.77,149.89,Completed
ORD-502925,2026-03-17,Central,Dallas DC,Consumer,SKU-1007,Apparel,Performance Jacket,1,259.88,171.94,0.05,246.89,74.95,Completed
ORD-502926,2026-03-17,East,Atlanta DC,Enterprise,SKU-1009,Apparel,Travel Backpack,1,145.86,81.38,0,145.86,64.48,Completed
ORD-502927,2026-03-17,Central,Dallas DC,Consumer,SKU-1006,Home,Kitchen Organizer,1,100.06,51.21,0,100.06,48.85,Completed
ORD-502928,2026-03-17,West,Seattle DC,Consumer,SKU-1009,Apparel,Travel Backpack,1,145.86,81.38,0,145.86,64.48,Completed
ORD-502929,2026-03-17,Central,Minneapolis DC,Consumer,SKU-1004,Home,Air Purifier,1,39.43,23.74,0,39.43,15.69,Returned
ORD-502930,2026-03-17,Central,Dallas DC,Enterprise,SKU-1011,Beauty,Hair Dryer,2,35.1,16.43,0.1,63.18,30.32,Completed
ORD-502931,2026-03-17,East,Atlanta DC,Small Business,SKU-1002,Electronics,Smart Home Hub,1,202.52,137.45,0.1,182.27,44.82,Returned
ORD-502932,2026-03-17,East,Atlanta DC,Small Business,SKU-1006,Home,Kitchen Organizer,2,100.06,51.21,0.15,170.1,67.68,Completed
ORD-502933,2026-03-17,Central,Chicago DC,Small Business,SKU-1007,Apparel,Performance Jacket,2,259.88,171.94,0.1,467.78,123.9,Completed
ORD-502934,2026-03-17,West,Los Angeles DC,Small Business,SKU-1007,Apparel,Performance Jacket,1,259.88,171.94,0,259.88,87.94,Completed
ORD-502935,2026-03-17,Central,Minneapolis DC,Consumer,SKU-1012,Beauty,Fragrance Set,2,138.55,68.54,0.05,263.25,126.16,Completed
ORD-502936,2026-03-17,Central,Minneapolis DC,Enterprise,SKU-1011,Beauty,Hair Dryer,2,35.1,16.43,0,70.2,37.34,Completed
ORD-502937,2026-03-17,East,Miami DC,Consumer,SKU-1012,Beauty,Fragrance Set,2,138.55,68.54,0.05,263.25,126.16,Completed
ORD-502938,2026-03-17,East,Miami DC,Consumer,SKU-1011,Beauty,Hair Dryer,1,35.1,16.43,0.05,33.34,16.91,Completed
ORD-502939,2026-03-17,Central,Dallas DC,Enterprise,SKU-1008,Apparel,Running Shoes,4,88.43,59.11,0,353.72,117.28,Completed
ORD-502940,2026-03-17,Central,Chicago DC,Small Business,SKU-1007,Apparel,Performance Jacket,2,259.88,171.94,0,519.76,175.88,Completed
ORD-502941,2026-03-17,East,Miami DC,Small Business,SKU-1008,Apparel,Running Shoes,3,88.43,59.11,0,265.29,87.96,Completed
ORD-502942,2026-03-17,West,Seattle DC,Small Business,SKU-1012,Beauty,Fragrance Set,1,138.55,68.54,0.15,117.77,49.23,Completed
ORD-502943,2026-03-17,West,Denver DC,Consumer,SKU-1012,Beauty,Fragrance Set,2,138.55,68.54,0,277.1,140.02,Completed
ORD-502944,2026-03-17,East,Atlanta DC,Enterprise,SKU-1004,Home,Air Purifier,3,39.43,23.74,0.1,106.46,35.24,Completed
ORD-502945,2026-03-17,Central,Chicago DC,Consumer,SKU-1004,Home,Air Purifier,1,39.43,23.74,0,39.43,15.69,Completed
ORD-502946,2026-03-17,East,Atlanta DC,Small Business,SKU-1012,Beauty,Fragrance Set,3,138.55,68.54,0.15,353.3,147.68,Completed
ORD-502947,2026-03-17,Central,Chicago DC,Small Business,SKU-1008,Apparel,Running Shoes,1,88.43,59.11,0,88.43,29.32,Cancelled
ORD-502948,2026-03-17,West,Seattle DC,Consumer,SKU-1003,Electronics,Portable Charger,1,132.63,59.06,0,132.63,73.57,Completed
ORD-502949,2026-03-17,Central,Chicago DC,Small Business,SKU-1001,Electronics,Noise-Canceling Headphones,1,202.4,94.45,0.15,172.04,77.59,Completed
ORD-502950,2026-03-17,Central,Chicago DC,Enterprise,SKU-1002,Electronics,Smart Home Hub,2,202.52,137.45,0,405.04,130.14,Completed
ORD-502951,2026-03-17,West,Denver DC,Enterprise,SKU-1005,Home,Bedding Set,1,134.44,81.31,0,134.44,53.13,Completed
ORD-502952,2026-03-17,Central,Dallas DC,Consumer,SKU-1003,Electronics,Portable Charger,3,132.63,59.06,0,397.89,220.71,Completed
ORD-502953,2026-03-17,West,Denver DC,Enterprise,SKU-1003,Electronics,Portable Charger,3,132.63,59.06,0,397.89,220.71,Completed
ORD-502954,2026-03-17,Central,Dallas DC,Small Business,SKU-1002,Electronics,Smart Home Hub,1,202.52,137.45,0,202.52,65.07,Completed
ORD-502955,2026-03-17,Central,Chicago DC,Small Business,SKU-1002,Electronics,Smart Home Hub,1,202.52,137.45,0.15,172.14,34.69,Completed
ORD-502956,2026-03-17,Central,Minneapolis DC,Enterprise,SKU-1010,Beauty,Skin Care Kit,1,212.38,144.24,0.05,201.76,57.52,Completed
ORD-502957,2026-03-17,Central,Minneapolis DC,Consumer,SKU-1005,Home,Bedding Set,1,134.44,81.31,0.05,127.72,46.41,Completed
ORD-502958,2026-03-18,Central,Minneapolis DC,Small Business,SKU-1001,Electronics,Noise-Canceling Headphones,1,202.4,94.45,0.15,172.04,77.59,Completed
ORD-502959,2026-03-18,Central,Chicago DC,Enterprise,SKU-1003,Electronics,Portable Charger,1,132.63,59.06,0,132.63,73.57,Completed
ORD-502960,2026-03-18,East,Miami DC,Consumer,SKU-1006,Home,Kitchen Organizer,2,100.06,51.21,0.15,170.1,67.68,Completed
ORD-502961,2026-03-18,West,Seattle DC,Consumer,SKU-1011,Beauty,Hair Dryer,2,35.1,16.43,0.15,59.67,26.81,Completed
ORD-502962,2026-03-18,East,New Jersey DC,Enterprise,SKU-1008,Apparel,Running Shoes,1,88.43,59.11,0.1,79.59,20.48,Completed
ORD-502963,2026-03-18,West,Denver DC,Small Business,SKU-1009,Apparel,Travel Backpack,2,145.86,81.38,0,291.72,128.96,Completed
ORD-502964,2026-03-18,East,New Jersey DC,Consumer,SKU-1009,Apparel,Travel Backpack,3,145.86,81.38,0.1,393.82,149.68,Completed
ORD-502965,2026-03-18,West,Los Angeles DC,Small Business,SKU-1008,Apparel,Running Shoes,1,88.43,59.11,0,88.43,29.32,Completed
ORD-502966,2026-03-18,West,Denver DC,Enterprise,SKU-1006,Home,Kitchen Organizer,1,100.06,51.21,0.1,90.05,38.84,Completed
ORD-502967,2026-03-18,Central,Chicago DC,Enterprise,SKU-1008,Apparel,Running Shoes,1,88.43,59.11,0.05,84.01,24.9,Completed
ORD-502968,2026-03-18,East,New Jersey DC,Small Business,SKU-1008,Apparel,Running Shoes,1,88.43,59.11,0,88.43,29.32,Completed
ORD-502969,2026-03-18,Central,Dallas DC,Small Business,SKU-1007,Apparel,Performance Jacket,1,259.88,171.94,0,259.88,87.94,Completed
ORD-502970,2026-03-18,West,Los Angeles DC,Enterprise,SKU-1010,Beauty,Skin Care Kit,3,212.38,144.24,0.05,605.28,172.56,Completed
ORD-502971,2026-03-18,East,New Jersey DC,Small Business,SKU-1010,Beauty,Skin Care Kit,2,212.38,144.24,0,424.76,136.28,Completed
ORD-502972,2026-03-18,West,Seattle DC,Small Business,SKU-1005,Home,Bedding Set,1,134.44,81.31,0.15,114.27,32.96,Completed
ORD-502973,2026-03-18,East,Atlanta DC,Small Business,SKU-1001,Electronics,Noise-Canceling Headphones,1,202.4,94.45,0.1,182.16,87.71,Completed
ORD-502974,2026-03-18,East,Miami DC,Enterprise,SKU-1001,Electronics,Noise-Canceling Headphones,4,202.4,94.45,0,809.6,431.8,Completed
ORD-502975,2026-03-18,West,Denver DC,Small Business,SKU-1007,Apparel,Performance Jacket,1,259.88,171.94,0,259.88,87.94,Completed
ORD-502976,2026-03-18,Central,Minneapolis DC,Small Business,SKU-1003,Electronics,Portable Charger,1,132.63,59.06,0.05,126.0,66.94,Completed
ORD-502977,2026-03-18,West,Denver DC,Consumer,SKU-1010,Beauty,Skin Care Kit,2,212.38,144.24,0,424.76,136.28,Completed
ORD-502978,2026-03-18,East,Miami DC,Small Business,SKU-1011,Beauty,Hair Dryer,1,35.1,16.43,0,35.1,18.67,Completed
ORD-502979,2026-03-18,West,Denver DC,Consumer,SKU-1002,Electronics,Smart Home Hub,3,202.52,137.45,0.05,577.18,164.83,Completed
ORD-502980,2026-03-18,West,Los Angeles DC,Consumer,SKU-1008,Apparel,Running Shoes,2,88.43,59.11,0,176.86,58.64,Completed
ORD-502981,2026-03-18,West,Denver DC,Enterprise,SKU-1003,Electronics,Portable Charger,3,132.63,59.06,0.15,338.21,161.03,Completed
ORD-502982,2026-03-18,East,New Jersey DC,Enterprise,SKU-1001,Electronics,Noise-Canceling Headphones,3,202.4,94.45,0.1,546.48,263.13,Completed
ORD-502983,2026-03-18,Central,Chicago DC,Small Business,SKU-1003,Electronics,Portable Charger,4,132.63,59.06,0.1,477.47,241.23,Completed
ORD-502984,2026-03-18,Central,Dallas DC,Small Business,SKU-1011,Beauty,Hair Dryer,1,35.1,16.43,0,35.1,18.67,Completed
ORD-502985,2026-03-18,West,Seattle DC,Enterprise,SKU-1011,Beauty,Hair Dryer,3,35.1,16.43,0.1,94.77,45.48,Cancelled
ORD-502986,2026-03-18,East,New Jersey DC,Consumer,SKU-1001,Electronics,Noise-Canceling Headphones,1,202.4,94.45,0.15,172.04,77.59,Completed
ORD-502987,2026-03-18,East,New Jersey DC,Small Business,SKU-1012,Beauty,Fragrance Set,1,138.55,68.54,0,138.55,70.01,Completed
ORD-502988,2026-03-18,East,Atlanta DC,Small Business,SKU-1012,Beauty,Fragrance Set,1,138.55,68.54,0.15,117.77,49.23,Completed
ORD-502989,2026-03-18,East,Miami DC,Consumer,SKU-1012,Beauty,Fragrance Set,3,138.55,68.54,0.05,394.87,189.25,Completed
ORD-502990,2026-03-18,East,Miami DC,Consumer,SKU-1007,Apparel,Performance Jacket,3,259.88,171.94,0.1,701.68,185.86,Completed
ORD-502991,2026-03-18,Central,Chicago DC,Small Business,SKU-1002,Electronics,Smart Home Hub,1,202.52,137.45,0,202.52,65.07,Completed
ORD-502992,2026-03-18,East,Miami DC,Small Business,SKU-1008,Apparel,Running Shoes,2,88.43,59.11,0.1,159.17,40.95,Completed
ORD-502993,2026-03-18,West,Los Angeles DC,Enterprise,SKU-1001,Electronics,Noise-Canceling Headphones,2,202.4,94.45,0.1,364.32,175.42,Completed
ORD-502994,2026-03-18,Central,Dallas DC,Enterprise,SKU-1012,Beauty,Fragrance Set,1,138.55,68.54,0,138.55,70.01,Completed
ORD-502995,2026-03-18,Central,Dallas DC,Small Business,SKU-1009,Apparel,Travel Backpack,1,145.86,81.38,0.1,131.27,49.89,Completed
ORD-502996,2026-03-19,West,Denver DC,Small Business,SKU-1012,Beauty,Fragrance Set,1,138.55,68.54,0,138.55,70.01,Completed
ORD-502997,2026-03-19,Central,Dallas DC,Small Business,SKU-1010,Beauty,Skin Care Kit,1,212.38,144.24,0,212.38,68.14,Completed
ORD-502998,2026-03-19,East,Miami DC,Enterprise,SKU-1007,Apparel,Performance Jacket,3,259.88,171.94,0,779.64,263.82,Completed
ORD-502999,2026-03-19,Central,Chicago DC,Small Business,SKU-1005,Home,Bedding Set,1,134.44,81.31,0.05,127.72,46.41,Completed
ORD-503000,2026-03-19,West,Denver DC,Small Business,SKU-1009,Apparel,Travel Backpack,1,145.86,81.38,0.05,138.57,57.19,Completed
ORD-503001,2026-03-19,Central,Dallas DC,Small Business,SKU-1006,Home,Kitchen Organizer,1,100.06,51.21,0,100.06,48.85,Completed
ORD-503002,2026-03-19,East,New Jersey DC,Consumer,SKU-1008,Apparel,Running Shoes,1,88.43,59.11,0,88.43,29.32,Completed
ORD-503003,2026-03-19,West,Los Angeles DC,Consumer,SKU-1007,Apparel,Performance Jacket,3,259.88,171.94,0.15,662.69,146.87,Completed
ORD-503004,2026-03-19,East,New Jersey DC,Small Business,SKU-1007,Apparel,Performance Jacket,1,259.88,171.94,0,259.88,87.94,Completed
ORD-503005,2026-03-19,East,New Jersey DC,Consumer,SKU-1011,Beauty,Hair Dryer,1,35.1,16.43,0.1,31.59,15.16,Completed
ORD-503006,2026-03-19,East,Miami DC,Small Business,SKU-1003,Electronics,Portable Charger,1,132.63,59.06,0.1,119.37,60.31,Completed
ORD-503007,2026-03-19,East,Atlanta DC,Consumer,SKU-1004,Home,Air Purifier,2,39.43,23.74,0.1,70.97,23.49,Completed
ORD-503008,2026-03-19,Central,Minneapolis DC,Consumer,SKU-1010,Beauty,Skin Care Kit,1,212.38,144.24,0,212.38,68.14,Completed
ORD-503009,2026-03-19,West,Los Angeles DC,Consumer,SKU-1011,Beauty,Hair Dryer,1,35.1,16.43,0.1,31.59,15.16,Completed
ORD-503010,2026-03-19,West,Los Angeles DC,Enterprise,SKU-1011,Beauty,Hair Dryer,2,35.1,16.43,0,70.2,37.34,Completed
ORD-503011,2026-03-19,Central,Minneapolis DC,Consumer,SKU-1006,Home,Kitchen Organizer,1,100.06,51.21,0.1,90.05,38.84,Completed
ORD-503012,2026-03-19,East,Miami DC,Enterprise,SKU-1005,Home,Bedding Set,4,134.44,81.31,0.05,510.87,185.63,Completed
ORD-503013,2026-03-19,West,Seattle DC,Small Business,SKU-1005,Home,Bedding Set,1,134.44,81.31,0,134.44,53.13,Completed
ORD-503014,2026-03-19,East,Atlanta DC,Small Business,SKU-1009,Apparel,Travel Backpack,1,145.86,81.38,0.15,123.98,42.6,Completed
ORD-503015,2026-03-19,East,Atlanta DC,Consumer,SKU-1006,Home,Kitchen Organizer,1,100.06,51.21,0,100.06,48.85,Completed
ORD-503016,2026-03-19,East,Miami DC,Consumer,SKU-1011,Beauty,Hair Dryer,3,35.1,16.43,0.1,94.77,45.48,Completed
ORD-503017,2026-03-19,Central,Minneapolis DC,Small Business,SKU-1011,Beauty,Hair Dryer,1,35.1,16.43,0,35.1,18.67,Completed
ORD-503018,2026-03-19,West,Seattle DC,Consumer,SKU-1002,Electronics,Smart Home Hub,3,202.52,137.45,0,607.56,195.21,Completed
ORD-503019,2026-03-19,Central,Chicago DC,Consumer,SKU-1012,Beauty,Fragrance Set,1,138.55,68.54,0.15,117.77,49.23,Completed
ORD-503020,2026-03-19,East,Atlanta DC,Small Business,SKU-1005,Home,Bedding Set,1,134.44,81.31,0.1,121.0,39.69,Completed
ORD-503021,2026-03-19,East,Miami DC,Small Business,SKU-1001,Electronics,Noise-Canceling Headphones,1,202.4,94.45,0,202.4,107.95,Completed
ORD-503022,2026-03-19,Central,Minneapolis DC,Consumer,SKU-1009,Apparel,Travel Backpack,1,145.86,81.38,0,145.86,64.48,Completed
ORD-503023,2026-03-19,East,Atlanta DC,Enterprise,SKU-1012,Beauty,Fragrance Set,1,138.55,68.54,0,138.55,70.01,Completed
ORD-503024,2026-03-19,East,Atlanta DC,Small Business,SKU-1007,Apparel,Performance Jacket,1,259.88,171.94,0,259.88,87.94,Completed
ORD-503025,2026-03-19,West,Los Angeles DC,Enterprise,SKU-1003,Electronics,Portable Charger,2,132.63,59.06,0.05,252.0,133.88,Completed
ORD-503026,2026-03-19,Central,Minneapolis DC,Small Business,SKU-1003,Electronics,Portable Charger,1,132.63,59.06,0,132.63,73.57,Completed
ORD-503027,2026-03-19,East,Miami DC,Enterprise,SKU-1008,Apparel,Running Shoes,1,88.43,59.11,0.15,75.17,16.06,Completed
ORD-503028,2026-03-19,Central,Chicago DC,Enterprise,SKU-1008,Apparel,Running Shoes,1,88.43,59.11,0.1,79.59,20.48,Completed
ORD-503029,2026-03-19,West,Seattle DC,Consumer,SKU-1004,Home,Air Purifier,4,39.43,23.74,0,157.72,62.76,Completed
ORD-503030,2026-03-19,Central,Chicago DC,Enterprise,SKU-1010,Beauty,Skin Care Kit,1,212.38,144.24,0.15,180.52,36.28,Completed
ORD-503031,2026-03-19,West,Seattle DC,Enterprise,SKU-1007,Apparel,Performance Jacket,1,259.88,171.94,0,259.88,87.94,Completed
ORD-503032,2026-03-19,West,Los Angeles DC,Enterprise,SKU-1001,Electronics,Noise-Canceling Headphones,1,202.4,94.45,0.05,192.28,97.83,Completed
ORD-503033,2026-03-20,West,Seattle DC,Small Business,SKU-1011,Beauty,Hair Dryer,1,35.1,16.43,0,35.1,18.67,Completed
ORD-503034,2026-03-20,West,Seattle DC,Small Business,SKU-1001,Electronics,Noise-Canceling Headphones,2,202.4,94.45,0.15,344.08,155.18,Completed
ORD-503035,2026-03-20,Central,Minneapolis DC,Small Business,SKU-1008,Apparel,Running Shoes,3,88.43,59.11,0,265.29,87.96,Completed
ORD-503036,2026-03-20,East,Miami DC,Enterprise,SKU-1007,Apparel,Performance Jacket,1,259.88,171.94,0.05,246.89,74.95,Completed
ORD-503037,2026-03-20,East,Atlanta DC,Consumer,SKU-1007,Apparel,Performance Jacket,1,259.88,171.94,0.15,220.9,48.96,Completed
ORD-503038,2026-03-20,West,Seattle DC,Consumer,SKU-1009,Apparel,Travel Backpack,3,145.86,81.38,0.05,415.7,171.56,Completed
ORD-503039,2026-03-20,Central,Minneapolis DC,Consumer,SKU-1012,Beauty,Fragrance Set,1,138.55,68.54,0.15,117.77,49.23,Completed
ORD-503040,2026-03-20,West,Los Angeles DC,Small Business,SKU-1011,Beauty,Hair Dryer,1,35.1,16.43,0,35.1,18.67,Completed
ORD-503041,2026-03-20,Central,Dallas DC,Enterprise,SKU-1008,Apparel,Running Shoes,1,88.43,59.11,0,88.43,29.32,Completed
ORD-503042,2026-03-20,East,Miami DC,Enterprise,SKU-1006,Home,Kitchen Organizer,3,100.06,51.21,0.1,270.16,116.53,Completed
ORD-503043,2026-03-20,Central,Dallas DC,Small Business,SKU-1008,Apparel,Running Shoes,1,88.43,59.11,0.05,84.01,24.9,Completed
ORD-503044,2026-03-20,West,Los Angeles DC,Consumer,SKU-1001,Electronics,Noise-Canceling Headphones,3,202.4,94.45,0,607.2,323.85,Completed
ORD-503045,2026-03-20,East,Miami DC,Consumer,SKU-1010,Beauty,Skin Care Kit,1,212.38,144.24,0,212.38,68.14,Completed
ORD-503046,2026-03-20,Central,Chicago DC,Small Business,SKU-1008,Apparel,Running Shoes,1,88.43,59.11,0.1,79.59,20.48,Completed
ORD-503047,2026-03-20,West,Seattle DC,Consumer,SKU-1003,Electronics,Portable Charger,1,132.63,59.06,0.1,119.37,60.31,Completed
ORD-503048,2026-03-20,East,Miami DC,Consumer,SKU-1010,Beauty,Skin Care Kit,1,212.38,144.24,0.1,191.14,46.9,Completed
ORD-503049,2026-03-20,West,Seattle DC,Enterprise,SKU-1006,Home,Kitchen Organizer,1,100.06,51.21,0.15,85.05,33.84,Completed
ORD-503050,2026-03-20,Central,Dallas DC,Enterprise,SKU-1003,Electronics,Portable Charger,1,132.63,59.06,0,132.63,73.57,Returned
ORD-503051,2026-03-20,East,New Jersey DC,Small Business,SKU-1005,Home,Bedding Set,1,134.44,81.31,0.05,127.72,46.41,Completed
ORD-503052,2026-03-20,Central,Minneapolis DC,Consumer,SKU-1002,Electronics,Smart Home Hub,3,202.52,137.45,0.15,516.43,104.08,Completed
ORD-503053,2026-03-20,West,Seattle DC,Enterprise,SKU-1006,Home,Kitchen Organizer,1,100.06,51.21,0.05,95.06,43.85,Completed
ORD-503054,2026-03-20,East,Atlanta DC,Small Business,SKU-1006,Home,Kitchen Organizer,1,100.06,51.21,0.1,90.05,38.84,Completed
ORD-503055,2026-03-20,West,Seattle DC,Enterprise,SKU-1008,Apparel,Running Shoes,1,88.43,59.11,0,88.43,29.32,Completed
ORD-503056,2026-03-20,East,Atlanta DC,Consumer,SKU-1011,Beauty,Hair Dryer,1,35.1,16.43,0.15,29.84,13.41,Completed
ORD-503057,2026-03-20,West,Denver DC,Small Business,SKU-1008,Apparel,Running Shoes,1,88.43,59.11,0,88.43,29.32,Completed
ORD-503058,2026-03-20,East,Atlanta DC,Enterprise,SKU-1009,Apparel,Travel Backpack,1,145.86,81.38,0.15,123.98,42.6,Returned
ORD-503059,2026-03-20,East,New Jersey DC,Consumer,SKU-1003,Electronics,Portable Charger,1,132.63,59.06,0.05,126.0,66.94,Completed
ORD-503060,2026-03-20,West,Los Angeles DC,Enterprise,SKU-1010,Beauty,Skin Care Kit,1,212.38,144.24,0,212.38,68.14,Cancelled
ORD-503061,2026-03-20,Central,Dallas DC,Small Business,SKU-1004,Home,Air Purifier,1,39.43,23.74,0,39.43,15.69,Completed
ORD-503062,2026-03-20,West,Denver DC,Small Business,SKU-1002,Electronics,Smart Home Hub,1,202.52,137.45,0,202.52,65.07,Completed
ORD-503063,2026-03-20,East,Miami DC,Consumer,SKU-1005,Home,Bedding Set,1,134.44,81.31,0,134.44,53.13,Cancelled
ORD-503064,2026-03-20,East,Miami DC,Small Business,SKU-1001,Electronics,Noise-Canceling Headphones,2,202.4,94.45,0.05,384.56,195.66,Completed
ORD-503065,2026-03-20,Central,Minneapolis DC,Consumer,SKU-1007,Apparel,Performance Jacket,1,259.88,171.94,0.1,233.89,61.95,Completed
ORD-503066,2026-03-20,West,Los Angeles DC,Enterprise,SKU-1011,Beauty,Hair Dryer,4,35.1,16.43,0,140.4,74.68,Completed
ORD-503067,2026-03-20,East,Miami DC,Enterprise,SKU-1011,Beauty,Hair Dryer,1,35.1,16.43,0,35.1,18.67,Completed
ORD-503068,2026-03-20,East,New Jersey DC,Small Business,SKU-1001,Electronics,Noise-Canceling Headphones,3,202.4,94.45,0.15,516.12,232.77,Completed
ORD-503069,2026-03-20,East,Miami DC,Enterprise,SKU-1004,Home,Air Purifier,1,39.43,23.74,0,39.43,15.69,Completed
ORD-503070,2026-03-20,West,Denver DC,Enterprise,SKU-1008,Apparel,Running Shoes,1,88.43,59.11,0,88.43,29.32,Completed
ORD-503071,2026-03-20,Central,Chicago DC,Small Business,SKU-1007,Apparel,Performance Jacket,1,259.88,171.94,0.15,220.9,48.96,Completed
ORD-503072,2026-03-21,West,Denver DC,Small Business,SKU-1002,Electronics,Smart Home Hub,1,202.52,137.45,0,202.52,65.07,Completed
ORD-503073,2026-03-21,East,Atlanta DC,Enterprise,SKU-1010,Beauty,Skin Care Kit,1,212.38,144.24,0,212.38,68.14,Completed
ORD-503074,2026-03-21,Central,Dallas DC,Consumer,SKU-1012,Beauty,Fragrance Set,2,138.55,68.54,0,277.1,140.02,Completed
ORD-503075,2026-03-21,Central,Minneapolis DC,Enterprise,SKU-1009,Apparel,Travel Backpack,3,145.86,81.38,0,437.58,193.44,Returned
ORD-503076,2026-03-21,East,Atlanta DC,Small Business,SKU-1009,Apparel,Travel Backpack,2,145.86,81.38,0.1,262.55,99.79,Completed
ORD-503077,2026-03-21,Central,Dallas DC,Small Business,SKU-1005,Home,Bedding Set,1,134.44,81.31,0.05,127.72,46.41,Completed
ORD-503078,2026-03-21,West,Seattle DC,Enterprise,SKU-1001,Electronics,Noise-Canceling Headphones,2,202.4,94.45,0,404.8,215.9,Completed
ORD-503079,2026-03-21,East,Miami DC,Consumer,SKU-1006,Home,Kitchen Organizer,2,100.06,51.21,0.15,170.1,67.68,Completed
ORD-503080,2026-03-21,West,Los Angeles DC,Small Business,SKU-1007,Apparel,Performance Jacket,2,259.88,171.94,0,519.76,175.88,Returned
ORD-503081,2026-03-21,Central,Chicago DC,Consumer,SKU-1001,Electronics,Noise-Canceling Headphones,1,202.4,94.45,0.1,182.16,87.71,Completed
ORD-503082,2026-03-21,East,Atlanta DC,Enterprise,SKU-1003,Electronics,Portable Charger,1,132.63,59.06,0.1,119.37,60.31,Completed
ORD-503083,2026-03-21,West,Seattle DC,Enterprise,SKU-1003,Electronics,Portable Charger,1,132.63,59.06,0.05,126.0,66.94,Completed
ORD-503084,2026-03-21,West,Los Angeles DC,Small Business,SKU-1001,Electronics,Noise-Canceling Headphones,1,202.4,94.45,0.1,182.16,87.71,Returned
ORD-503085,2026-03-21,East,New Jersey DC,Consumer,SKU-1009,Apparel,Travel Backpack,1,145.86,81.38,0.1,131.27,49.89,Completed
ORD-503086,2026-03-21,West,Denver DC,Consumer,SKU-1010,Beauty,Skin Care Kit,1,212.38,144.24,0.15,180.52,36.28,Completed
ORD-503087,2026-03-21,West,Los Angeles DC,Small Business,SKU-1006,Home,Kitchen Organizer,2,100.06,51.21,0,200.12,97.7,Completed
ORD-503088,2026-03-21,Central,Dallas DC,Consumer,SKU-1008,Apparel,Running Shoes,1,88.43,59.11,0.1,79.59,20.48,Completed
ORD-503089,2026-03-21,East,New Jersey DC,Enterprise,SKU-1010,Beauty,Skin Care Kit,2,212.38,144.24,0,424.76,136.28,Completed
ORD-503090,2026-03-21,East,Atlanta DC,Small Business,SKU-1012,Beauty,Fragrance Set,1,138.55,68.54,0,138.55,70.01,Completed
ORD-503091,2026-03-21,East,New Jersey DC,Consumer,SKU-1001,Electronics,Noise-Canceling Headphones,1,202.4,94.45,0,202.4,107.95,Completed
ORD-503092,2026-03-21,Central,Minneapolis DC,Consumer,SKU-1008,Apparel,Running Shoes,1,88.43,59.11,0.15,75.17,16.06,Completed
ORD-503093,2026-03-21,East,Miami DC,Enterprise,SKU-1002,Electronics,Smart Home Hub,2,202.52,137.45,0,405.04,130.14,Completed
ORD-503094,2026-03-21,Central,Dallas DC,Enterprise,SKU-1008,Apparel,Running Shoes,4,88.43,59.11,0,353.72,117.28,Completed
ORD-503095,2026-03-21,West,Denver DC,Consumer,SKU-1001,Electronics,Noise-Canceling Headphones,1,202.4,94.45,0.1,182.16,87.71,Completed
ORD-503096,2026-03-21,West,Los Angeles DC,Small Business,SKU-1009,Apparel,Travel Backpack,3,145.86,81.38,0.05,415.7,171.56,Completed
ORD-503097,2026-03-21,Central,Minneapolis DC,Small Business,SKU-1009,Apparel,Travel Backpack,1,145.86,81.38,0.1,131.27,49.89,Completed
ORD-503098,2026-03-21,East,Miami DC,Consumer,SKU-1006,Home,Kitchen Organizer,1,100.06,51.21,0,100.06,48.85,Completed
ORD-503099,2026-03-21,East,Atlanta DC,Small Business,SKU-1007,Apparel,Performance Jacket,2,259.88,171.94,0.1,467.78,123.9,Completed
ORD-503100,2026-03-21,East,Miami DC,Small Business,SKU-1001,Electronics,Noise-Canceling Headphones,1,202.4,94.45,0,202.4,107.95,Completed
ORD-503101,2026-03-21,West,Los Angeles DC,Small Business,SKU-1005,Home,Bedding Set,2,134.44,81.31,0.15,228.55,65.93,Completed
ORD-503102,2026-03-21,West,Los Angeles DC,Small Business,SKU-1004,Home,Air Purifier,2,39.43,23.74,0,78.86,31.38,Completed
ORD-503103,2026-03-21,East,Atlanta DC,Small Business,SKU-1011,Beauty,Hair Dryer,3,35.1,16.43,0,105.3,56.01,Completed
ORD-503104,2026-03-21,West,Los Angeles DC,Small Business,SKU-1009,Apparel,Travel Backpack,1,145.86,81.38,0.15,123.98,42.6,Completed
ORD-503105,2026-03-21,Central,Chicago DC,Enterprise,SKU-1010,Beauty,Skin Care Kit,1,212.38,144.24,0,212.38,68.14,Returned
ORD-503106,2026-03-21,East,New Jersey DC,Enterprise,SKU-1003,Electronics,Portable Charger,1,132.63,59.06,0,132.63,73.57,Completed
ORD-503107,2026-03-21,East,New Jersey DC,Consumer,SKU-1005,Home,Bedding Set,3,134.44,81.31,0,403.32,159.39,Completed
ORD-503108,2026-03-21,West,Denver DC,Small Business,SKU-1003,Electronics,Portable Charger,2,132.63,59.06,0.05,252.0,133.88,Completed
ORD-503109,2026-03-21,Central,Minneapolis DC,Enterprise,SKU-1007,Apparel,Performance Jacket,1,259.88,171.94,0,259.88,87.94,Completed
ORD-503110,2026-03-21,West,Seattle DC,Enterprise,SKU-1011,Beauty,Hair Dryer,2,35.1,16.43,0,70.2,37.34,Completed
ORD-503111,2026-03-21,West,Denver DC,Small Business,SKU-1010,Beauty,Skin Care Kit,1,212.38,144.24,0.05,201.76,57.52,Completed
ORD-503112,2026-03-21,East,Atlanta DC,Consumer,SKU-1008,Apparel,Running Shoes,1,88.43,59.11,0,88.43,29.32,Completed
ORD-503113,2026-03-21,West,Los Angeles DC,Small Business,SKU-1004,Home,Air Purifier,1,39.43,23.74,0,39.43,15.69,Completed
ORD-503114,2026-03-21,East,Miami DC,Small Business,SKU-1009,Apparel,Travel Backpack,1,145.86,81.38,0.1,131.27,49.89,Completed
ORD-503115,2026-03-21,East,New Jersey DC,Small Business,SKU-1011,Beauty,Hair Dryer,3,35.1,16.43,0,105.3,56.01,Completed
ORD-503116,2026-03-21,Central,Dallas DC,Enterprise,SKU-1009,Apparel,Travel Backpack,2,145.86,81.38,0.1,262.55,99.79,Completed
ORD-503117,2026-03-21,Central,Dallas DC,Consumer,SKU-1001,Electronics,Noise-Canceling Headphones,1,202.4,94.45,0,202.4,107.95,Completed
ORD-503118,2026-03-21,East,New Jersey DC,Small Business,SKU-1009,Apparel,Travel Backpack,2,145.86,81.38,0,291.72,128.96,Completed
ORD-503119,2026-03-21,East,New Jersey DC,Consumer,SKU-1003,Electronics,Portable Charger,4,132.63,59.06,0,530.52,294.28,Completed
ORD-503120,2026-03-21,East,New Jersey DC,Enterprise,SKU-1008,Apparel,Running Shoes,1,88.43,59.11,0.1,79.59,20.48,Completed
ORD-503121,2026-03-21,Central,Minneapolis DC,Enterprise,SKU-1006,Home,Kitchen Organizer,1,100.06,51.21,0.1,90.05,38.84,Completed
ORD-503122,2026-03-22,East,Atlanta DC,Small Business,SKU-1009,Apparel,Travel Backpack,3,145.86,81.38,0,437.58,193.44,Returned
ORD-503123,2026-03-22,East,Atlanta DC,Small Business,SKU-1002,Electronics,Smart Home Hub,4,202.52,137.45,0,810.08,260.28,Completed
ORD-503124,2026-03-22,Central,Dallas DC,Enterprise,SKU-1001,Electronics,Noise-Canceling Headphones,1,202.4,94.45,0.05,192.28,97.83,Completed
ORD-503125,2026-03-22,East,New Jersey DC,Consumer,SKU-1010,Beauty,Skin Care Kit,1,212.38,144.24,0,212.38,68.14,Completed
ORD-503126,2026-03-22,West,Seattle DC,Small Business,SKU-1003,Electronics,Portable Charger,1,132.63,59.06,0.05,126.0,66.94,Completed
ORD-503127,2026-03-22,East,Atlanta DC,Consumer,SKU-1005,Home,Bedding Set,1,134.44,81.31,0.15,114.27,32.96,Completed
ORD-503128,2026-03-22,Central,Minneapolis DC,Small Business,SKU-1011,Beauty,Hair Dryer,1,35.1,16.43,0.1,31.59,15.16,Completed
ORD-503129,2026-03-22,West,Los Angeles DC,Enterprise,SKU-1006,Home,Kitchen Organizer,1,100.06,51.21,0.05,95.06,43.85,Completed
ORD-503130,2026-03-22,West,Denver DC,Consumer,SKU-1011,Beauty,Hair Dryer,2,35.1,16.43,0,70.2,37.34,Completed
ORD-503131,2026-03-22,Central,Dallas DC,Consumer,SKU-1001,Electronics,Noise-Canceling Headphones,2,202.4,94.45,0.05,384.56,195.66,Cancelled
ORD-503132,2026-03-22,West,Seattle DC,Enterprise,SKU-1004,Home,Air Purifier,2,39.43,23.74,0.1,70.97,23.49,Completed
ORD-503133,2026-03-22,West,Los Angeles DC,Small Business,SKU-1001,Electronics,Noise-Canceling Headphones,3,202.4,94.45,0.1,546.48,263.13,Completed
ORD-503134,2026-03-22,West,Los Angeles DC,Consumer,SKU-1001,Electronics,Noise-Canceling Headphones,2,202.4,94.45,0.1,364.32,175.42,Completed
ORD-503135,2026-03-22,West,Denver DC,Consumer,SKU-1002,Electronics,Smart Home Hub,2,202.52,137.45,0.15,344.28,69.38,Completed
ORD-503136,2026-03-22,East,Atlanta DC,Enterprise,SKU-1003,Electronics,Portable Charger,1,132.63,59.06,0.05,126.0,66.94,Completed
ORD-503137,2026-03-22,West,Los Angeles DC,Small Business,SKU-1003,Electronics,Portable Charger,2,132.63,59.06,0.1,238.73,120.61,Completed
ORD-503138,2026-03-22,Central,Chicago DC,Consumer,SKU-1011,Beauty,Hair Dryer,1,35.1,16.43,0,35.1,18.67,Completed
ORD-503139,2026-03-22,East,Atlanta DC,Small Business,SKU-1004,Home,Air Purifier,1,39.43,23.74,0.15,33.52,9.78,Completed
ORD-503140,2026-03-22,East,Miami DC,Consumer,SKU-1008,Apparel,Running Shoes,2,88.43,59.11,0.15,150.33,32.11,Cancelled
ORD-503141,2026-03-22,West,Seattle DC,Small Business,SKU-1004,Home,Air Purifier,1,39.43,23.74,0,39.43,15.69,Completed
ORD-503142,2026-03-22,West,Denver DC,Small Business,SKU-1006,Home,Kitchen Organizer,2,100.06,51.21,0,200.12,97.7,Completed
ORD-503143,2026-03-22,East,Atlanta DC,Enterprise,SKU-1001,Electronics,Noise-Canceling Headphones,4,202.4,94.45,0.05,769.12,391.32,Completed
ORD-503144,2026-03-22,East,Miami DC,Enterprise,SKU-1002,Electronics,Smart Home Hub,2,202.52,137.45,0.1,364.54,89.64,Returned
ORD-503145,2026-03-22,Central,Minneapolis DC,Enterprise,SKU-1003,Electronics,Portable Charger,4,132.63,59.06,0,530.52,294.28,Completed
ORD-503146,2026-03-22,Central,Minneapolis DC,Consumer,SKU-1008,Apparel,Running Shoes,1,88.43,59.11,0,88.43,29.32,Completed
ORD-503147,2026-03-22,West,Los Angeles DC,Small Business,SKU-1004,Home,Air Purifier,2,39.43,23.74,0.05,74.92,27.44,Completed
ORD-503148,2026-03-22,West,Seattle DC,Consumer,SKU-1003,Electronics,Portable Charger,1,132.63,59.06,0.05,126.0,66.94,Completed
ORD-503149,2026-03-22,East,Atlanta DC,Consumer,SKU-1003,Electronics,Portable Charger,1,132.63,59.06,0,132.63,73.57,Completed
ORD-503150,2026-03-22,West,Denver DC,Enterprise,SKU-1010,Beauty,Skin Care Kit,1,212.38,144.24,0,212.38,68.14,Completed
ORD-503151,2026-03-22,East,Atlanta DC,Small Business,SKU-1008,Apparel,Running Shoes,1,88.43,59.11,0,88.43,29.32,Completed
ORD-503152,2026-03-22,East,Atlanta DC,Consumer,SKU-1009,Apparel,Travel Backpack,3,145.86,81.38,0.05,415.7,171.56,Completed
ORD-503153,2026-03-22,West,Seattle DC,Small Business,SKU-1006,Home,Kitchen Organizer,1,100.06,51.21,0,100.06,48.85,Completed
ORD-503154,2026-03-22,East,Miami DC,Enterprise,SKU-1012,Beauty,Fragrance Set,2,138.55,68.54,0.15,235.54,98.46,Returned
ORD-503155,2026-03-22,East,Atlanta DC,Consumer,SKU-1010,Beauty,Skin Care Kit,4,212.38,144.24,0.15,722.09,145.13,Completed
ORD-503156,2026-03-22,West,Denver DC,Enterprise,SKU-1001,Electronics,Noise-Canceling Headphones,1,202.4,94.45,0,202.4,107.95,Completed
ORD-503157,2026-03-22,East,New Jersey DC,Small Business,SKU-1009,Apparel,Travel Backpack,2,145.86,81.38,0.05,277.13,114.37,Completed
ORD-503158,2026-03-22,Central,Minneapolis DC,Consumer,SKU-1010,Beauty,Skin Care Kit,2,212.38,144.24,0,424.76,136.28,Completed
ORD-503159,2026-03-22,Central,Chicago DC,Enterprise,SKU-1008,Apparel,Running Shoes,1,88.43,59.11,0.1,79.59,20.48,Completed
ORD-503160,2026-03-22,West,Seattle DC,Small Business,SKU-1006,Home,Kitchen Organizer,1,100.06,51.21,0,100.06,48.85,Completed
ORD-503161,2026-03-22,Central,Chicago DC,Small Business,SKU-1010,Beauty,Skin Care Kit,1,212.38,144.24,0,212.38,68.14,Completed
ORD-503162,2026-03-22,West,Denver DC,Enterprise,SKU-1005,Home,Bedding Set,1,134.44,81.31,0.15,114.27,32.96,Completed
ORD-503163,2026-03-23,West,Seattle DC,Enterprise,SKU-1011,Beauty,Hair Dryer,1,35.1,16.43,0.05,33.34,16.91,Completed
ORD-503164,2026-03-23,Central,Dallas DC,Enterprise,SKU-1001,Electronics,Noise-Canceling Headphones,3,202.4,94.45,0.1,546.48,263.13,Completed
ORD-503165,2026-03-23,West,Los Angeles DC,Consumer,SKU-1012,Beauty,Fragrance Set,2,138.55,68.54,0,277.1,140.02,Completed
ORD-503166,2026-03-23,East,New Jersey DC,Small Business,SKU-1003,Electronics,Portable Charger,1,132.63,59.06,0,132.63,73.57,Completed
ORD-503167,2026-03-23,Central,Dallas DC,Enterprise,SKU-1009,Apparel,Travel Backpack,1,145.86,81.38,0,145.86,64.48,Completed
ORD-503168,2026-03-23,West,Los Angeles DC,Small Business,SKU-1008,Apparel,Running Shoes,2,88.43,59.11,0.1,159.17,40.95,Completed
ORD-503169,2026-03-23,East,Miami DC,Enterprise,SKU-1004,Home,Air Purifier,1,39.43,23.74,0.15,33.52,9.78,Completed
ORD-503170,2026-03-23,Central,Dallas DC,Consumer,SKU-1005,Home,Bedding Set,2,134.44,81.31,0.15,228.55,65.93,Completed
ORD-503171,2026-03-23,East,Atlanta DC,Enterprise,SKU-1002,Electronics,Smart Home Hub,1,202.52,137.45,0.1,182.27,44.82,Completed
ORD-503172,2026-03-23,Central,Minneapolis DC,Enterprise,SKU-1008,Apparel,Running Shoes,1,88.43,59.11,0.05,84.01,24.9,Completed
ORD-503173,2026-03-23,East,Atlanta DC,Enterprise,SKU-1005,Home,Bedding Set,1,134.44,81.31,0,134.44,53.13,Completed
ORD-503174,2026-03-23,Central,Chicago DC,Enterprise,SKU-1009,Apparel,Travel Backpack,2,145.86,81.38,0.15,247.96,85.2,Completed
ORD-503175,2026-03-23,West,Seattle DC,Consumer,SKU-1007,Apparel,Performance Jacket,1,259.88,171.94,0.15,220.9,48.96,Completed
ORD-503176,2026-03-23,East,Atlanta DC,Consumer,SKU-1011,Beauty,Hair Dryer,1,35.1,16.43,0,35.1,18.67,Completed
ORD-503177,2026-03-23,East,Atlanta DC,Enterprise,SKU-1003,Electronics,Portable Charger,1,132.63,59.06,0,132.63,73.57,Completed
ORD-503178,2026-03-23,West,Seattle DC,Consumer,SKU-1002,Electronics,Smart Home Hub,3,202.52,137.45,0.05,577.18,164.83,Completed
ORD-503179,2026-03-23,West,Denver DC,Enterprise,SKU-1008,Apparel,Running Shoes,1,88.43,59.11,0,88.43,29.32,Completed
ORD-503180,2026-03-23,Central,Minneapolis DC,Consumer,SKU-1010,Beauty,Skin Care Kit,1,212.38,144.24,0.15,180.52,36.28,Completed
ORD-503181,2026-03-23,Central,Dallas DC,Small Business,SKU-1010,Beauty,Skin Care Kit,1,212.38,144.24,0,212.38,68.14,Completed
ORD-503182,2026-03-23,East,New Jersey DC,Small Business,SKU-1004,Home,Air Purifier,1,39.43,23.74,0.15,33.52,9.78,Completed
ORD-503183,2026-03-23,West,Seattle DC,Small Business,SKU-1010,Beauty,Skin Care Kit,1,212.38,144.24,0.05,201.76,57.52,Completed
ORD-503184,2026-03-23,West,Seattle DC,Consumer,SKU-1011,Beauty,Hair Dryer,4,35.1,16.43,0,140.4,74.68,Completed
ORD-503185,2026-03-23,East,Miami DC,Enterprise,SKU-1011,Beauty,Hair Dryer,2,35.1,16.43,0,70.2,37.34,Completed
ORD-503186,2026-03-23,East,Miami DC,Enterprise,SKU-1001,Electronics,Noise-Canceling Headphones,3,202.4,94.45,0.05,576.84,293.49,Completed
ORD-503187,2026-03-23,Central,Chicago DC,Small Business,SKU-1002,Electronics,Smart Home Hub,3,202.52,137.45,0.05,577.18,164.83,Completed
ORD-503188,2026-03-23,Central,Chicago DC,Enterprise,SKU-1007,Apparel,Performance Jacket,1,259.88,171.94,0.1,233.89,61.95,Completed
ORD-503189,2026-03-23,West,Denver DC,Enterprise,SKU-1004,Home,Air Purifier,1,39.43,23.74,0.15,33.52,9.78,Completed
ORD-503190,2026-03-23,East,Atlanta DC,Enterprise,SKU-1001,Electronics,Noise-Canceling Headphones,1,202.4,94.45,0,202.4,107.95,Completed
ORD-503191,2026-03-23,East,Atlanta DC,Enterprise,SKU-1004,Home,Air Purifier,2,39.43,23.74,0,78.86,31.38,Completed
ORD-503192,2026-03-23,Central,Dallas DC,Enterprise,SKU-1001,Electronics,Noise-Canceling Headphones,1,202.4,94.45,0,202.4,107.95,Completed
ORD-503193,2026-03-23,Central,Chicago DC,Consumer,SKU-1003,Electronics,Portable Charger,1,132.63,59.06,0.05,126.0,66.94,Completed
ORD-503194,2026-03-23,West,Los Angeles DC,Enterprise,SKU-1007,Apparel,Performance Jacket,1,259.88,171.94,0,259.88,87.94,Returned
ORD-503195,2026-03-23,East,Miami DC,Small Business,SKU-1005,Home,Bedding Set,2,134.44,81.31,0,268.88,106.26,Completed
ORD-503196,2026-03-23,Central,Dallas DC,Enterprise,SKU-1007,Apparel,Performance Jacket,1,259.88,171.94,0,259.88,87.94,Completed
ORD-503197,2026-03-23,Central,Chicago DC,Small Business,SKU-1012,Beauty,Fragrance Set,3,138.55,68.54,0.1,374.09,168.47,Completed
ORD-503198,2026-03-23,Central,Dallas DC,Small Business,SKU-1010,Beauty,Skin Care Kit,1,212.38,144.24,0.15,180.52,36.28,Returned
ORD-503199,2026-03-23,East,Miami DC,Consumer,SKU-1012,Beauty,Fragrance Set,1,138.55,68.54,0.15,117.77,49.23,Completed
ORD-503200,2026-03-23,West,Los Angeles DC,Enterprise,SKU-1006,Home,Kitchen Organizer,1,100.06,51.21,0.15,85.05,33.84,Completed
ORD-503201,2026-03-23,East,Miami DC,Enterprise,SKU-1009,Apparel,Travel Backpack,1,145.86,81.38,0.1,131.27,49.89,Completed
ORD-503202,2026-03-23,Central,Chicago DC,Consumer,SKU-1009,Apparel,Travel Backpack,2,145.86,81.38,0,291.72,128.96,Completed
ORD-503203,2026-03-23,East,New Jersey DC,Consumer,SKU-1006,Home,Kitchen Organizer,1,100.06,51.21,0.15,85.05,33.84,Completed
ORD-503204,2026-03-23,West,Seattle DC,Small Business,SKU-1006,Home,Kitchen Organizer,2,100.06,51.21,0.15,170.1,67.68,Completed
ORD-503205,2026-03-23,West,Seattle DC,Consumer,SKU-1002,Electronics,Smart Home Hub,4,202.52,137.45,0,810.08,260.28,Completed
ORD-503206,2026-03-23,Central,Chicago DC,Enterprise,SKU-1009,Apparel,Travel Backpack,2,145.86,81.38,0.15,247.96,85.2,Returned
ORD-503207,2026-03-24,Central,Chicago DC,Enterprise,SKU-1009,Apparel,Travel Backpack,1,145.86,81.38,0,145.86,64.48,Completed
ORD-503208,2026-03-24,East,New Jersey DC,Enterprise,SKU-1011,Beauty,Hair Dryer,2,35.1,16.43,0,70.2,37.34,Completed
ORD-503209,2026-03-24,Central,Minneapolis DC,Consumer,SKU-1007,Apparel,Performance Jacket,1,259.88,171.94,0.15,220.9,48.96,Completed
ORD-503210,2026-03-24,East,New Jersey DC,Enterprise,SKU-1009,Apparel,Travel Backpack,1,145.86,81.38,0.15,123.98,42.6,Completed
ORD-503211,2026-03-24,West,Seattle DC,Consumer,SKU-1003,Electronics,Portable Charger,1,132.63,59.06,0,132.63,73.57,Completed
ORD-503212,2026-03-24,Central,Minneapolis DC,Small Business,SKU-1007,Apparel,Performance Jacket,1,259.88,171.94,0,259.88,87.94,Completed
ORD-503213,2026-03-24,Central,Chicago DC,Consumer,SKU-1004,Home,Air Purifier,2,39.43,23.74,0,78.86,31.38,Completed
ORD-503214,2026-03-24,East,Atlanta DC,Consumer,SKU-1011,Beauty,Hair Dryer,2,35.1,16.43,0,70.2,37.34,Completed
ORD-503215,2026-03-24,West,Denver DC,Enterprise,SKU-1010,Beauty,Skin Care Kit,1,212.38,144.24,0.15,180.52,36.28,Returned
ORD-503216,2026-03-24,Central,Chicago DC,Small Business,SKU-1009,Apparel,Travel Backpack,2,145.86,81.38,0.1,262.55,99.79,Completed
ORD-503217,2026-03-24,East,Miami DC,Small Business,SKU-1005,Home,Bedding Set,1,134.44,81.31,0,134.44,53.13,Completed
ORD-503218,2026-03-24,Central,Minneapolis DC,Enterprise,SKU-1007,Apparel,Performance Jacket,1,259.88,171.94,0.1,233.89,61.95,Completed
ORD-503219,2026-03-24,Central,Dallas DC,Small Business,SKU-1009,Apparel,Travel Backpack,2,145.86,81.38,0.1,262.55,99.79,Completed
ORD-503220,2026-03-24,West,Denver DC,Small Business,SKU-1011,Beauty,Hair Dryer,3,35.1,16.43,0.1,94.77,45.48,Completed
ORD-503221,2026-03-24,Central,Minneapolis DC,Enterprise,SKU-1007,Apparel,Performance Jacket,1,259.88,171.94,0.15,220.9,48.96,Returned
ORD-503222,2026-03-24,West,Denver DC,Small Business,SKU-1004,Home,Air Purifier,3,39.43,23.74,0.1,106.46,35.24,Completed
ORD-503223,2026-03-24,East,Miami DC,Enterprise,SKU-1005,Home,Bedding Set,2,134.44,81.31,0.1,241.99,79.37,Completed
ORD-503224,2026-03-24,East,New Jersey DC,Small Business,SKU-1002,Electronics,Smart Home Hub,2,202.52,137.45,0.05,384.79,109.89,Completed
ORD-503225,2026-03-24,East,New Jersey DC,Consumer,SKU-1010,Beauty,Skin Care Kit,2,212.38,144.24,0,424.76,136.28,Completed
ORD-503226,2026-03-24,Central,Chicago DC,Small Business,SKU-1002,Electronics,Smart Home Hub,1,202.52,137.45,0,202.52,65.07,Completed
ORD-503227,2026-03-24,Central,Dallas DC,Enterprise,SKU-1007,Apparel,Performance Jacket,2,259.88,171.94,0.15,441.8,97.92,Completed
ORD-503228,2026-03-24,Central,Chicago DC,Enterprise,SKU-1008,Apparel,Running Shoes,1,88.43,59.11,0.15,75.17,16.06,Completed
ORD-503229,2026-03-24,West,Denver DC,Enterprise,SKU-1001,Electronics,Noise-Canceling Headphones,2,202.4,94.45,0,404.8,215.9,Completed
ORD-503230,2026-03-24,Central,Chicago DC,Small Business,SKU-1003,Electronics,Portable Charger,2,132.63,59.06,0,265.26,147.14,Completed
ORD-503231,2026-03-24,East,Miami DC,Enterprise,SKU-1010,Beauty,Skin Care Kit,1,212.38,144.24,0,212.38,68.14,Completed
ORD-503232,2026-03-24,Central,Dallas DC,Enterprise,SKU-1005,Home,Bedding Set,1,134.44,81.31,0.15,114.27,32.96,Completed
ORD-503233,2026-03-24,East,Miami DC,Small Business,SKU-1012,Beauty,Fragrance Set,2,138.55,68.54,0,277.1,140.02,Completed
ORD-503234,2026-03-24,West,Los Angeles DC,Enterprise,SKU-1009,Apparel,Travel Backpack,2,145.86,81.38,0,291.72,128.96,Completed
ORD-503235,2026-03-24,East,Atlanta DC,Enterprise,SKU-1012,Beauty,Fragrance Set,1,138.55,68.54,0.1,124.7,56.16,Completed
ORD-503236,2026-03-24,Central,Minneapolis DC,Enterprise,SKU-1012,Beauty,Fragrance Set,1,138.55,68.54,0.15,117.77,49.23,Completed
ORD-503237,2026-03-24,East,Miami DC,Small Business,SKU-1001,Electronics,Noise-Canceling Headphones,1,202.4,94.45,0,202.4,107.95,Completed
ORD-503238,2026-03-24,East,Miami DC,Consumer,SKU-1001,Electronics,Noise-Canceling Headphones,3,202.4,94.45,0,607.2,323.85,Completed
ORD-503239,2026-03-24,West,Los Angeles DC,Small Business,SKU-1001,Electronics,Noise-Canceling Headphones,1,202.4,94.45,0,202.4,107.95,Completed
ORD-503240,2026-03-24,West,Los Angeles DC,Small Business,SKU-1007,Apparel,Performance Jacket,2,259.88,171.94,0,519.76,175.88,Completed
ORD-503241,2026-03-24,East,New Jersey DC,Consumer,SKU-1004,Home,Air Purifier,1,39.43,23.74,0,39.43,15.69,Completed
ORD-503242,2026-03-24,East,Miami DC,Consumer,SKU-1002,Electronics,Smart Home Hub,1,202.52,137.45,0.05,192.39,54.94,Completed
ORD-503243,2026-03-24,East,Miami DC,Enterprise,SKU-1006,Home,Kitchen Organizer,1,100.06,51.21,0.15,85.05,33.84,Completed
ORD-503244,2026-03-24,East,New Jersey DC,Enterprise,SKU-1009,Apparel,Travel Backpack,1,145.86,81.38,0.1,131.27,49.89,Completed
ORD-503245,2026-03-24,East,New Jersey DC,Small Business,SKU-1007,Apparel,Performance Jacket,1,259.88,171.94,0.05,246.89,74.95,Completed
ORD-503246,2026-03-24,East,New Jersey DC,Consumer,SKU-1005,Home,Bedding Set,1,134.44,81.31,0,134.44,53.13,Cancelled
ORD-503247,2026-03-24,West,Denver DC,Enterprise,SKU-1005,Home,Bedding Set,2,134.44,81.31,0,268.88,106.26,Completed
ORD-503248,2026-03-24,East,Atlanta DC,Consumer,SKU-1011,Beauty,Hair Dryer,1,35.1,16.43,0.05,33.34,16.91,Completed
ORD-503249,2026-03-24,West,Denver DC,Enterprise,SKU-1004,Home,Air Purifier,1,39.43,23.74,0,39.43,15.69,Completed
ORD-503250,2026-03-24,West,Denver DC,Consumer,SKU-1012,Beauty,Fragrance Set,2,138.55,68.54,0,277.1,140.02,Completed
ORD-503251,2026-03-24,Central,Dallas DC,Enterprise,SKU-1011,Beauty,Hair Dryer,2,35.1,16.43,0.1,63.18,30.32,Completed
ORD-503252,2026-03-25,West,Denver DC,Small Business,SKU-1002,Electronics,Smart Home Hub,1,202.52,137.45,0.05,192.39,54.94,Completed
ORD-503253,2026-03-25,East,Miami DC,Consumer,SKU-1009,Apparel,Travel Backpack,1,145.86,81.38,0.05,138.57,57.19,Completed
ORD-503254,2026-03-25,West,Los Angeles DC,Small Business,SKU-1010,Beauty,Skin Care Kit,1,212.38,144.24,0,212.38,68.14,Completed
ORD-503255,2026-03-25,Central,Minneapolis DC,Small Business,SKU-1008,Apparel,Running Shoes,2,88.43,59.11,0,176.86,58.64,Completed
ORD-503256,2026-03-25,East,Atlanta DC,Small Business,SKU-1002,Electronics,Smart Home Hub,1,202.52,137.45,0,202.52,65.07,Returned
ORD-503257,2026-03-25,West,Seattle DC,Consumer,SKU-1012,Beauty,Fragrance Set,3,138.55,68.54,0,415.65,210.03,Completed
ORD-503258,2026-03-25,East,Miami DC,Small Business,SKU-1003,Electronics,Portable Charger,2,132.63,59.06,0.15,225.47,107.35,Completed
ORD-503259,2026-03-25,West,Denver DC,Consumer,SKU-1008,Apparel,Running Shoes,1,88.43,59.11,0,88.43,29.32,Completed
ORD-503260,2026-03-25,Central,Chicago DC,Enterprise,SKU-1005,Home,Bedding Set,1,134.44,81.31,0.1,121.0,39.69,Completed
ORD-503261,2026-03-25,West,Denver DC,Small Business,SKU-1012,Beauty,Fragrance Set,3,138.55,68.54,0.05,394.87,189.25,Completed
ORD-503262,2026-03-25,West,Seattle DC,Enterprise,SKU-1004,Home,Air Purifier,1,39.43,23.74,0,39.43,15.69,Completed
ORD-503263,2026-03-25,East,Miami DC,Enterprise,SKU-1002,Electronics,Smart Home Hub,1,202.52,137.45,0,202.52,65.07,Completed
ORD-503264,2026-03-25,Central,Minneapolis DC,Consumer,SKU-1009,Apparel,Travel Backpack,1,145.86,81.38,0.15,123.98,42.6,Completed
ORD-503265,2026-03-25,West,Los Angeles DC,Small Business,SKU-1006,Home,Kitchen Organizer,2,100.06,51.21,0,200.12,97.7,Completed
ORD-503266,2026-03-25,East,New Jersey DC,Enterprise,SKU-1001,Electronics,Noise-Canceling Headphones,1,202.4,94.45,0,202.4,107.95,Returned
ORD-503267,2026-03-25,West,Seattle DC,Small Business,SKU-1010,Beauty,Skin Care Kit,2,212.38,144.24,0,424.76,136.28,Completed
ORD-503268,2026-03-25,East,New Jersey DC,Enterprise,SKU-1007,Apparel,Performance Jacket,2,259.88,171.94,0,519.76,175.88,Completed
ORD-503269,2026-03-25,West,Los Angeles DC,Consumer,SKU-1011,Beauty,Hair Dryer,1,35.1,16.43,0.1,31.59,15.16,Returned
ORD-503270,2026-03-25,West,Los Angeles DC,Consumer,SKU-1008,Apparel,Running Shoes,2,88.43,59.11,0.1,159.17,40.95,Completed
ORD-503271,2026-03-25,West,Seattle DC,Consumer,SKU-1005,Home,Bedding Set,2,134.44,81.31,0,268.88,106.26,Completed
ORD-503272,2026-03-25,West,Denver DC,Enterprise,SKU-1009,Apparel,Travel Backpack,1,145.86,81.38,0,145.86,64.48,Completed
ORD-503273,2026-03-25,West,Seattle DC,Small Business,SKU-1004,Home,Air Purifier,3,39.43,23.74,0.05,112.38,41.16,Completed
ORD-503274,2026-03-25,East,Miami DC,Consumer,SKU-1006,Home,Kitchen Organizer,1,100.06,51.21,0.05,95.06,43.85,Completed
ORD-503275,2026-03-25,East,Atlanta DC,Consumer,SKU-1006,Home,Kitchen Organizer,3,100.06,51.21,0,300.18,146.55,Completed
ORD-503276,2026-03-25,East,New Jersey DC,Small Business,SKU-1004,Home,Air Purifier,2,39.43,23.74,0,78.86,31.38,Completed
ORD-503277,2026-03-25,West,Seattle DC,Small Business,SKU-1008,Apparel,Running Shoes,2,88.43,59.11,0,176.86,58.64,Completed
ORD-503278,2026-03-25,West,Denver DC,Enterprise,SKU-1004,Home,Air Purifier,1,39.43,23.74,0,39.43,15.69,Cancelled
ORD-503279,2026-03-25,Central,Dallas DC,Consumer,SKU-1012,Beauty,Fragrance Set,1,138.55,68.54,0,138.55,70.01,Completed
ORD-503280,2026-03-25,East,Miami DC,Enterprise,SKU-1009,Apparel,Travel Backpack,3,145.86,81.38,0.05,415.7,171.56,Completed
ORD-503281,2026-03-25,East,New Jersey DC,Enterprise,SKU-1012,Beauty,Fragrance Set,3,138.55,68.54,0,415.65,210.03,Completed
ORD-503282,2026-03-25,West,Seattle DC,Enterprise,SKU-1010,Beauty,Skin Care Kit,2,212.38,144.24,0,424.76,136.28,Completed
ORD-503283,2026-03-25,Central,Chicago DC,Consumer,SKU-1001,Electronics,Noise-Canceling Headphones,1,202.4,94.45,0,202.4,107.95,Completed
ORD-503284,2026-03-25,East,Miami DC,Consumer,SKU-1012,Beauty,Fragrance Set,2,138.55,68.54,0.05,263.25,126.16,Completed
ORD-503285,2026-03-25,West,Denver DC,Small Business,SKU-1004,Home,Air Purifier,3,39.43,23.74,0.05,112.38,41.16,Completed
ORD-503286,2026-03-25,East,New Jersey DC,Enterprise,SKU-1002,Electronics,Smart Home Hub,1,202.52,137.45,0.1,182.27,44.82,Completed
ORD-503287,2026-03-25,West,Seattle DC,Enterprise,SKU-1005,Home,Bedding Set,1,134.44,81.31,0,134.44,53.13,Returned
ORD-503288,2026-03-25,West,Denver DC,Small Business,SKU-1004,Home,Air Purifier,2,39.43,23.74,0,78.86,31.38,Completed
ORD-503289,2026-03-25,Central,Chicago DC,Enterprise,SKU-1007,Apparel,Performance Jacket,2,259.88,171.94,0.15,441.8,97.92,Completed
ORD-503290,2026-03-25,Central,Dallas DC,Enterprise,SKU-1003,Electronics,Portable Charger,3,132.63,59.06,0.05,378.0,200.82,Completed
ORD-503291,2026-03-25,Central,Dallas DC,Small Business,SKU-1004,Home,Air Purifier,1,39.43,23.74,0.05,37.46,13.72,Completed
ORD-503292,2026-03-25,Central,Dallas DC,Consumer,SKU-1005,Home,Bedding Set,4,134.44,81.31,0,537.76,212.52,Completed
ORD-503293,2026-03-25,East,New Jersey DC,Small Business,SKU-1007,Apparel,Performance Jacket,2,259.88,171.94,0.15,441.8,97.92,Completed
ORD-503294,2026-03-25,East,New Jersey DC,Consumer,SKU-1002,Electronics,Smart Home Hub,1,202.52,137.45,0.05,192.39,54.94,Completed
ORD-503295,2026-03-25,Central,Dallas DC,Small Business,SKU-1006,Home,Kitchen Organizer,2,100.06,51.21,0,200.12,97.7,Completed
ORD-503296,2026-03-25,Central,Dallas DC,Enterprise,SKU-1012,Beauty,Fragrance Set,2,138.55,68.54,0.05,263.25,126.16,Completed
ORD-503297,2026-03-25,East,Atlanta DC,Small Business,SKU-1009,Apparel,Travel Backpack,1,145.86,81.38,0,145.86,64.48,Completed
ORD-503298,2026-03-25,East,Atlanta DC,Enterprise,SKU-1011,Beauty,Hair Dryer,1,35.1,16.43,0.15,29.84,13.41,Completed
ORD-503299,2026-03-25,East,New Jersey DC,Enterprise,SKU-1005,Home,Bedding Set,1,134.44,81.31,0.1,121.0,39.69,Completed
ORD-503300,2026-03-25,East,New Jersey DC,Consumer,SKU-1002,Electronics,Smart Home Hub,1,202.52,137.45,0.1,182.27,44.82,Completed
ORD-503301,2026-03-25,East,Atlanta DC,Consumer,SKU-1001,Electronics,Noise-Canceling Headphones,1,202.4,94.45,0,202.4,107.95,Completed
ORD-503302,2026-03-25,Central,Dallas DC,Small Business,SKU-1003,Electronics,Portable Charger,1,132.63,59.06,0,132.63,73.57,Completed
ORD-503303,2026-03-25,Central,Minneapolis DC,Enterprise,SKU-1007,Apparel,Performance Jacket,3,259.88,171.94,0.05,740.66,224.84,Completed
ORD-503304,2026-03-25,West,Seattle DC,Small Business,SKU-1012,Beauty,Fragrance Set,1,138.55,68.54,0.15,117.77,49.23,Completed
ORD-503305,2026-03-25,East,Atlanta DC,Small Business,SKU-1012,Beauty,Fragrance Set,2,138.55,68.54,0,277.1,140.02,Returned
ORD-503306,2026-03-25,West,Los Angeles DC,Enterprise,SKU-1005,Home,Bedding Set,1,134.44,81.31,0.05,127.72,46.41,Completed
ORD-503307,2026-03-25,Central,Chicago DC,Consumer,SKU-1010,Beauty,Skin Care Kit,1,212.38,144.24,0.15,180.52,36.28,Completed
ORD-503308,2026-03-25,Central,Chicago DC,Enterprise,SKU-1012,Beauty,Fragrance Set,2,138.55,68.54,0,277.1,140.02,Completed
ORD-503309,2026-03-25,East,New Jersey DC,Enterprise,SKU-1006,Home,Kitchen Organizer,1,100.06,51.21,0,100.06,48.85,Completed
ORD-503310,2026-03-25,East,New Jersey DC,Enterprise,SKU-1007,Apparel,Performance Jacket,3,259.88,171.94,0,779.64,263.82,Completed
ORD-503311,2026-03-25,Central,Chicago DC,Enterprise,SKU-1002,Electronics,Smart Home Hub,2,202.52,137.45,0,405.04,130.14,Completed
ORD-503312,2026-03-25,Central,Dallas DC,Consumer,SKU-1009,Apparel,Travel Backpack,3,145.86,81.38,0.1,393.82,149.68,Completed
ORD-503313,2026-03-25,East,Atlanta DC,Small Business,SKU-1001,Electronics,Noise-Canceling Headphones,1,202.4,94.45,0,202.4,107.95,Completed
ORD-503314,2026-03-25,West,Denver DC,Enterprise,SKU-1012,Beauty,Fragrance Set,1,138.55,68.54,0,138.55,70.01,Returned
ORD-503315,2026-03-25,Central,Chicago DC,Consumer,SKU-1003,Electronics,Portable Charger,4,132.63,59.06,0.15,450.94,214.7,Completed
ORD-503316,2026-03-26,East,New Jersey DC,Enterprise,SKU-1011,Beauty,Hair Dryer,4,35.1,16.43,0.05,133.38,67.66,Completed
ORD-503317,2026-03-26,West,Los Angeles DC,Enterprise,SKU-1009,Apparel,Travel Backpack,2,145.86,81.38,0.05,277.13,114.37,Completed
ORD-503318,2026-03-26,East,Atlanta DC,Enterprise,SKU-1006,Home,Kitchen Organizer,2,100.06,51.21,0.1,180.11,77.69,Completed
ORD-503319,2026-03-26,East,Miami DC,Small Business,SKU-1010,Beauty,Skin Care Kit,2,212.38,144.24,0,424.76,136.28,Completed
ORD-503320,2026-03-26,East,New Jersey DC,Consumer,SKU-1009,Apparel,Travel Backpack,3,145.86,81.38,0.05,415.7,171.56,Cancelled
ORD-503321,2026-03-26,East,Atlanta DC,Enterprise,SKU-1012,Beauty,Fragrance Set,4,138.55,68.54,0.15,471.07,196.91,Completed
ORD-503322,2026-03-26,Central,Dallas DC,Consumer,SKU-1005,Home,Bedding Set,1,134.44,81.31,0.15,114.27,32.96,Completed
ORD-503323,2026-03-26,Central,Chicago DC,Consumer,SKU-1001,Electronics,Noise-Canceling Headphones,1,202.4,94.45,0,202.4,107.95,Completed
ORD-503324,2026-03-26,East,Miami DC,Consumer,SKU-1012,Beauty,Fragrance Set,1,138.55,68.54,0.15,117.77,49.23,Completed
ORD-503325,2026-03-26,East,New Jersey DC,Small Business,SKU-1009,Apparel,Travel Backpack,3,145.86,81.38,0.1,393.82,149.68,Completed
ORD-503326,2026-03-26,West,Denver DC,Small Business,SKU-1003,Electronics,Portable Charger,1,132.63,59.06,0.1,119.37,60.31,Completed
ORD-503327,2026-03-26,East,Atlanta DC,Consumer,SKU-1011,Beauty,Hair Dryer,1,35.1,16.43,0.05,33.34,16.91,Completed
ORD-503328,2026-03-26,Central,Chicago DC,Small Business,SKU-1001,Electronics,Noise-Canceling Headphones,1,202.4,94.45,0.15,172.04,77.59,Completed
ORD-503329,2026-03-26,East,New Jersey DC,Consumer,SKU-1011,Beauty,Hair Dryer,1,35.1,16.43,0.1,31.59,15.16,Completed
ORD-503330,2026-03-26,Central,Minneapolis DC,Enterprise,SKU-1012,Beauty,Fragrance Set,2,138.55,68.54,0,277.1,140.02,Completed
ORD-503331,2026-03-26,West,Denver DC,Consumer,SKU-1011,Beauty,Hair Dryer,3,35.1,16.43,0,105.3,56.01,Returned
ORD-503332,2026-03-26,Central,Dallas DC,Small Business,SKU-1005,Home,Bedding Set,1,134.44,81.31,0,134.44,53.13,Completed
ORD-503333,2026-03-26,Central,Minneapolis DC,Enterprise,SKU-1006,Home,Kitchen Organizer,1,100.06,51.21,0.1,90.05,38.84,Completed
ORD-503334,2026-03-26,East,New Jersey DC,Enterprise,SKU-1007,Apparel,Performance Jacket,1,259.88,171.94,0.15,220.9,48.96,Completed
ORD-503335,2026-03-26,East,Atlanta DC,Enterprise,SKU-1005,Home,Bedding Set,1,134.44,81.31,0,134.44,53.13,Completed
ORD-503336,2026-03-26,East,Atlanta DC,Consumer,SKU-1001,Electronics,Noise-Canceling Headphones,2,202.4,94.45,0.1,364.32,175.42,Returned
ORD-503337,2026-03-26,West,Los Angeles DC,Enterprise,SKU-1010,Beauty,Skin Care Kit,1,212.38,144.24,0.15,180.52,36.28,Completed
ORD-503338,2026-03-26,West,Los Angeles DC,Enterprise,SKU-1004,Home,Air Purifier,2,39.43,23.74,0,78.86,31.38,Completed
ORD-503339,2026-03-26,West,Denver DC,Consumer,SKU-1006,Home,Kitchen Organizer,1,100.06,51.21,0.05,95.06,43.85,Completed
ORD-503340,2026-03-26,East,New Jersey DC,Consumer,SKU-1003,Electronics,Portable Charger,4,132.63,59.06,0,530.52,294.28,Completed
ORD-503341,2026-03-26,West,Seattle DC,Small Business,SKU-1009,Apparel,Travel Backpack,1,145.86,81.38,0,145.86,64.48,Completed
ORD-503342,2026-03-26,Central,Chicago DC,Small Business,SKU-1007,Apparel,Performance Jacket,1,259.88,171.94,0.1,233.89,61.95,Completed
ORD-503343,2026-03-26,Central,Chicago DC,Consumer,SKU-1005,Home,Bedding Set,1,134.44,81.31,0.05,127.72,46.41,Completed
ORD-503344,2026-03-26,East,New Jersey DC,Consumer,SKU-1012,Beauty,Fragrance Set,1,138.55,68.54,0,138.55,70.01,Returned
ORD-503345,2026-03-26,West,Denver DC,Small Business,SKU-1003,Electronics,Portable Charger,1,132.63,59.06,0.05,126.0,66.94,Completed
ORD-503346,2026-03-26,East,New Jersey DC,Consumer,SKU-1001,Electronics,Noise-Canceling Headphones,3,202.4,94.45,0,607.2,323.85,Completed
ORD-503347,2026-03-26,West,Denver DC,Consumer,SKU-1010,Beauty,Skin Care Kit,3,212.38,144.24,0,637.14,204.42,Completed
ORD-503348,2026-03-26,West,Denver DC,Small Business,SKU-1005,Home,Bedding Set,3,134.44,81.31,0,403.32,159.39,Completed
ORD-503349,2026-03-26,East,Miami DC,Enterprise,SKU-1001,Electronics,Noise-Canceling Headphones,1,202.4,94.45,0.1,182.16,87.71,Completed
ORD-503350,2026-03-26,West,Los Angeles DC,Small Business,SKU-1007,Apparel,Performance Jacket,2,259.88,171.94,0,519.76,175.88,Completed
ORD-503351,2026-03-26,East,New Jersey DC,Consumer,SKU-1005,Home,Bedding Set,2,134.44,81.31,0.15,228.55,65.93,Completed
ORD-503352,2026-03-26,Central,Dallas DC,Enterprise,SKU-1009,Apparel,Travel Backpack,1,145.86,81.38,0,145.86,64.48,Cancelled
ORD-503353,2026-03-26,West,Los Angeles DC,Enterprise,SKU-1006,Home,Kitchen Organizer,1,100.06,51.21,0.05,95.06,43.85,Completed
ORD-503354,2026-03-26,East,New Jersey DC,Consumer,SKU-1004,Home,Air Purifier,2,39.43,23.74,0.1,70.97,23.49,Completed
ORD-503355,2026-03-26,West,Los Angeles DC,Enterprise,SKU-1012,Beauty,Fragrance Set,1,138.55,68.54,0.15,117.77,49.23,Completed
ORD-503356,2026-03-26,East,Atlanta DC,Enterprise,SKU-1009,Apparel,Travel Backpack,1,145.86,81.38,0,145.86,64.48,Completed
ORD-503357,2026-03-27,East,Miami DC,Enterprise,SKU-1006,Home,Kitchen Organizer,1,100.06,51.21,0.15,85.05,33.84,Completed
ORD-503358,2026-03-27,East,New Jersey DC,Consumer,SKU-1003,Electronics,Portable Charger,1,132.63,59.06,0.1,119.37,60.31,Completed
ORD-503359,2026-03-27,East,New Jersey DC,Small Business,SKU-1011,Beauty,Hair Dryer,1,35.1,16.43,0.05,33.34,16.91,Completed
ORD-503360,2026-03-27,East,New Jersey DC,Small Business,SKU-1008,Apparel,Running Shoes,1,88.43,59.11,0.05,84.01,24.9,Returned
ORD-503361,2026-03-27,East,Miami DC,Enterprise,SKU-1002,Electronics,Smart Home Hub,1,202.52,137.45,0,202.52,65.07,Completed
ORD-503362,2026-03-27,East,New Jersey DC,Small Business,SKU-1001,Electronics,Noise-Canceling Headphones,1,202.4,94.45,0,202.4,107.95,Completed
ORD-503363,2026-03-27,East,Atlanta DC,Small Business,SKU-1006,Home,Kitchen Organizer,2,100.06,51.21,0,200.12,97.7,Completed
ORD-503364,2026-03-27,Central,Dallas DC,Small Business,SKU-1011,Beauty,Hair Dryer,1,35.1,16.43,0.05,33.34,16.91,Completed
ORD-503365,2026-03-27,West,Denver DC,Small Business,SKU-1009,Apparel,Travel Backpack,1,145.86,81.38,0.1,131.27,49.89,Completed
ORD-503366,2026-03-27,East,New Jersey DC,Enterprise,SKU-1004,Home,Air Purifier,4,39.43,23.74,0.05,149.83,54.87,Completed
ORD-503367,2026-03-27,East,Atlanta DC,Small Business,SKU-1007,Apparel,Performance Jacket,1,259.88,171.94,0,259.88,87.94,Completed
ORD-503368,2026-03-27,West,Los Angeles DC,Enterprise,SKU-1012,Beauty,Fragrance Set,2,138.55,68.54,0.15,235.54,98.46,Completed
ORD-503369,2026-03-27,Central,Chicago DC,Enterprise,SKU-1002,Electronics,Smart Home Hub,2,202.52,137.45,0.1,364.54,89.64,Cancelled
ORD-503370,2026-03-27,Central,Minneapolis DC,Consumer,SKU-1001,Electronics,Noise-Canceling Headphones,2,202.4,94.45,0,404.8,215.9,Returned
ORD-503371,2026-03-27,East,Atlanta DC,Enterprise,SKU-1003,Electronics,Portable Charger,1,132.63,59.06,0.1,119.37,60.31,Completed
ORD-503372,2026-03-27,West,Seattle DC,Consumer,SKU-1005,Home,Bedding Set,2,134.44,81.31,0.15,228.55,65.93,Completed
ORD-503373,2026-03-27,East,New Jersey DC,Consumer,SKU-1008,Apparel,Running Shoes,3,88.43,59.11,0.15,225.5,48.17,Completed
ORD-503374,2026-03-27,West,Los Angeles DC,Enterprise,SKU-1003,Electronics,Portable Charger,1,132.63,59.06,0,132.63,73.57,Completed
ORD-503375,2026-03-27,Central,Chicago DC,Small Business,SKU-1010,Beauty,Skin Care Kit,4,212.38,144.24,0.1,764.57,187.61,Completed
ORD-503376,2026-03-27,West,Seattle DC,Consumer,SKU-1011,Beauty,Hair Dryer,1,35.1,16.43,0.15,29.84,13.41,Completed
ORD-503377,2026-03-27,West,Los Angeles DC,Small Business,SKU-1010,Beauty,Skin Care Kit,1,212.38,144.24,0.1,191.14,46.9,Completed
ORD-503378,2026-03-27,Central,Chicago DC,Consumer,SKU-1001,Electronics,Noise-Canceling Headphones,2,202.4,94.45,0.15,344.08,155.18,Completed
ORD-503379,2026-03-27,West,Los Angeles DC,Small Business,SKU-1003,Electronics,Portable Charger,1,132.63,59.06,0,132.63,73.57,Completed
ORD-503380,2026-03-27,West,Denver DC,Consumer,SKU-1003,Electronics,Portable Charger,2,132.63,59.06,0.15,225.47,107.35,Completed
ORD-503381,2026-03-27,East,Miami DC,Consumer,SKU-1002,Electronics,Smart Home Hub,1,202.52,137.45,0,202.52,65.07,Completed
ORD-503382,2026-03-27,East,New Jersey DC,Consumer,SKU-1002,Electronics,Smart Home Hub,2,202.52,137.45,0,405.04,130.14,Completed
ORD-503383,2026-03-27,Central,Dallas DC,Enterprise,SKU-1006,Home,Kitchen Organizer,1,100.06,51.21,0,100.06,48.85,Completed
ORD-503384,2026-03-27,Central,Chicago DC,Consumer,SKU-1007,Apparel,Performance Jacket,1,259.88,171.94,0.1,233.89,61.95,Completed
ORD-503385,2026-03-27,East,Atlanta DC,Small Business,SKU-1008,Apparel,Running Shoes,1,88.43,59.11,0.1,79.59,20.48,Completed
ORD-503386,2026-03-27,East,New Jersey DC,Small Business,SKU-1011,Beauty,Hair Dryer,1,35.1,16.43,0,35.1,18.67,Completed
ORD-503387,2026-03-27,Central,Chicago DC,Consumer,SKU-1005,Home,Bedding Set,2,134.44,81.31,0,268.88,106.26,Completed
ORD-503388,2026-03-27,West,Seattle DC,Consumer,SKU-1012,Beauty,Fragrance Set,3,138.55,68.54,0,415.65,210.03,Completed
ORD-503389,2026-03-27,East,New Jersey DC,Small Business,SKU-1003,Electronics,Portable Charger,3,132.63,59.06,0.05,378.0,200.82,Completed
ORD-503390,2026-03-27,West,Los Angeles DC,Enterprise,SKU-1005,Home,Bedding Set,2,134.44,81.31,0.1,241.99,79.37,Completed
ORD-503391,2026-03-27,West,Denver DC,Small Business,SKU-1003,Electronics,Portable Charger,1,132.63,59.06,0,132.63,73.57,Completed
ORD-503392,2026-03-27,West,Seattle DC,Enterprise,SKU-1002,Electronics,Smart Home Hub,2,202.52,137.45,0.1,364.54,89.64,Completed
ORD-503393,2026-03-27,Central,Chicago DC,Small Business,SKU-1007,Apparel,Performance Jacket,1,259.88,171.94,0,259.88,87.94,Completed
ORD-503394,2026-03-27,East,New Jersey DC,Consumer,SKU-1012,Beauty,Fragrance Set,1,138.55,68.54,0.15,117.77,49.23,Returned
ORD-503395,2026-03-27,East,Atlanta DC,Enterprise,SKU-1004,Home,Air Purifier,1,39.43,23.74,0,39.43,15.69,Completed
ORD-503396,2026-03-27,East,Miami DC,Consumer,SKU-1006,Home,Kitchen Organizer,1,100.06,51.21,0,100.06,48.85,Completed
ORD-503397,2026-03-27,Central,Minneapolis DC,Consumer,SKU-1006,Home,Kitchen Organizer,1,100.06,51.21,0,100.06,48.85,Returned
ORD-503398,2026-03-27,West,Denver DC,Consumer,SKU-1001,Electronics,Noise-Canceling Headphones,3,202.4,94.45,0.15,516.12,232.77,Returned
ORD-503399,2026-03-27,West,Seattle DC,Enterprise,SKU-1011,Beauty,Hair Dryer,2,35.1,16.43,0.05,66.69,33.83,Completed
ORD-503400,2026-03-27,Central,Dallas DC,Small Business,SKU-1007,Apparel,Performance Jacket,1,259.88,171.94,0.1,233.89,61.95,Completed
ORD-503401,2026-03-27,Central,Chicago DC,Small Business,SKU-1007,Apparel,Performance Jacket,1,259.88,171.94,0.05,246.89,74.95,Completed
ORD-503402,2026-03-28,Central,Minneapolis DC,Consumer,SKU-1005,Home,Bedding Set,2,134.44,81.31,0.1,241.99,79.37,Completed
ORD-503403,2026-03-28,East,Miami DC,Small Business,SKU-1003,Electronics,Portable Charger,1,132.63,59.06,0.1,119.37,60.31,Completed
ORD-503404,2026-03-28,East,New Jersey DC,Small Business,SKU-1006,Home,Kitchen Organizer,1,100.06,51.21,0.05,95.06,43.85,Completed
ORD-503405,2026-03-28,East,Miami DC,Enterprise,SKU-1001,Electronics,Noise-Canceling Headphones,1,202.4,94.45,0,202.4,107.95,Completed
ORD-503406,2026-03-28,West,Los Angeles DC,Consumer,SKU-1003,Electronics,Portable Charger,1,132.63,59.06,0,132.63,73.57,Completed
ORD-503407,2026-03-28,West,Denver DC,Small Business,SKU-1006,Home,Kitchen Organizer,2,100.06,51.21,0,200.12,97.7,Completed
ORD-503408,2026-03-28,East,Miami DC,Consumer,SKU-1003,Electronics,Portable Charger,2,132.63,59.06,0.05,252.0,133.88,Completed
ORD-503409,2026-03-28,West,Denver DC,Enterprise,SKU-1002,Electronics,Smart Home Hub,1,202.52,137.45,0,202.52,65.07,Completed
ORD-503410,2026-03-28,East,Miami DC,Enterprise,SKU-1001,Electronics,Noise-Canceling Headphones,2,202.4,94.45,0,404.8,215.9,Completed
ORD-503411,2026-03-28,West,Los Angeles DC,Small Business,SKU-1011,Beauty,Hair Dryer,1,35.1,16.43,0.15,29.84,13.41,Completed
ORD-503412,2026-03-28,East,New Jersey DC,Consumer,SKU-1001,Electronics,Noise-Canceling Headphones,2,202.4,94.45,0,404.8,215.9,Completed
ORD-503413,2026-03-28,East,Miami DC,Enterprise,SKU-1011,Beauty,Hair Dryer,1,35.1,16.43,0.05,33.34,16.91,Completed
ORD-503414,2026-03-28,West,Denver DC,Consumer,SKU-1006,Home,Kitchen Organizer,4,100.06,51.21,0,400.24,195.4,Completed
ORD-503415,2026-03-28,West,Denver DC,Consumer,SKU-1010,Beauty,Skin Care Kit,2,212.38,144.24,0,424.76,136.28,Completed
ORD-503416,2026-03-28,West,Denver DC,Small Business,SKU-1010,Beauty,Skin Care Kit,2,212.38,144.24,0,424.76,136.28,Completed
ORD-503417,2026-03-28,East,New Jersey DC,Enterprise,SKU-1004,Home,Air Purifier,3,39.43,23.74,0,118.29,47.07,Returned
ORD-503418,2026-03-28,East,New Jersey DC,Small Business,SKU-1005,Home,Bedding Set,1,134.44,81.31,0.15,114.27,32.96,Completed
ORD-503419,2026-03-28,East,New Jersey DC,Enterprise,SKU-1009,Apparel,Travel Backpack,1,145.86,81.38,0.05,138.57,57.19,Completed
ORD-503420,2026-03-28,East,Atlanta DC,Small Business,SKU-1007,Apparel,Performance Jacket,1,259.88,171.94,0,259.88,87.94,Completed
ORD-503421,2026-03-28,West,Denver DC,Consumer,SKU-1001,Electronics,Noise-Canceling Headphones,2,202.4,94.45,0,404.8,215.9,Completed
ORD-503422,2026-03-28,Central,Chicago DC,Enterprise,SKU-1010,Beauty,Skin Care Kit,3,212.38,144.24,0,637.14,204.42,Completed
ORD-503423,2026-03-28,Central,Dallas DC,Enterprise,SKU-1007,Apparel,Performance Jacket,1,259.88,171.94,0,259.88,87.94,Completed
ORD-503424,2026-03-28,Central,Chicago DC,Enterprise,SKU-1003,Electronics,Portable Charger,2,132.63,59.06,0,265.26,147.14,Completed
ORD-503425,2026-03-28,Central,Minneapolis DC,Consumer,SKU-1009,Apparel,Travel Backpack,1,145.86,81.38,0,145.86,64.48,Completed
ORD-503426,2026-03-28,East,New Jersey DC,Enterprise,SKU-1006,Home,Kitchen Organizer,1,100.06,51.21,0.05,95.06,43.85,Completed
ORD-503427,2026-03-28,West,Los Angeles DC,Small Business,SKU-1012,Beauty,Fragrance Set,1,138.55,68.54,0.05,131.62,63.08,Completed
ORD-503428,2026-03-28,East,Miami DC,Small Business,SKU-1008,Apparel,Running Shoes,1,88.43,59.11,0,88.43,29.32,Completed
ORD-503429,2026-03-28,Central,Minneapolis DC,Small Business,SKU-1007,Apparel,Performance Jacket,2,259.88,171.94,0.1,467.78,123.9,Completed
ORD-503430,2026-03-28,East,Miami DC,Small Business,SKU-1002,Electronics,Smart Home Hub,1,202.52,137.45,0,202.52,65.07,Completed
ORD-503431,2026-03-28,Central,Chicago DC,Consumer,SKU-1009,Apparel,Travel Backpack,1,145.86,81.38,0.1,131.27,49.89,Completed
ORD-503432,2026-03-28,East,New Jersey DC,Enterprise,SKU-1002,Electronics,Smart Home Hub,1,202.52,137.45,0,202.52,65.07,Completed
ORD-503433,2026-03-28,East,New Jersey DC,Enterprise,SKU-1010,Beauty,Skin Care Kit,1,212.38,144.24,0.1,191.14,46.9,Returned
ORD-503434,2026-03-28,West,Denver DC,Small Business,SKU-1003,Electronics,Portable Charger,1,132.63,59.06,0,132.63,73.57,Completed
ORD-503435,2026-03-28,Central,Chicago DC,Enterprise,SKU-1002,Electronics,Smart Home Hub,1,202.52,137.45,0,202.52,65.07,Completed
ORD-503436,2026-03-29,West,Seattle DC,Consumer,SKU-1001,Electronics,Noise-Canceling Headphones,2,202.4,94.45,0,404.8,215.9,Completed
ORD-503437,2026-03-29,East,New Jersey DC,Small Business,SKU-1004,Home,Air Purifier,2,39.43,23.74,0,78.86,31.38,Completed
ORD-503438,2026-03-29,East,Miami DC,Consumer,SKU-1004,Home,Air Purifier,1,39.43,23.74,0,39.43,15.69,Completed
ORD-503439,2026-03-29,Central,Chicago DC,Consumer,SKU-1002,Electronics,Smart Home Hub,1,202.52,137.45,0.1,182.27,44.82,Completed
ORD-503440,2026-03-29,East,Miami DC,Small Business,SKU-1005,Home,Bedding Set,1,134.44,81.31,0,134.44,53.13,Completed
ORD-503441,2026-03-29,Central,Minneapolis DC,Small Business,SKU-1010,Beauty,Skin Care Kit,1,212.38,144.24,0,212.38,68.14,Completed
ORD-503442,2026-03-29,West,Denver DC,Consumer,SKU-1006,Home,Kitchen Organizer,3,100.06,51.21,0.1,270.16,116.53,Completed
ORD-503443,2026-03-29,West,Denver DC,Consumer,SKU-1012,Beauty,Fragrance Set,1,138.55,68.54,0.05,131.62,63.08,Completed
ORD-503444,2026-03-29,East,Miami DC,Small Business,SKU-1008,Apparel,Running Shoes,1,88.43,59.11,0,88.43,29.32,Completed
ORD-503445,2026-03-29,West,Los Angeles DC,Small Business,SKU-1006,Home,Kitchen Organizer,1,100.06,51.21,0.1,90.05,38.84,Completed
ORD-503446,2026-03-29,East,Atlanta DC,Enterprise,SKU-1010,Beauty,Skin Care Kit,1,212.38,144.24,0.15,180.52,36.28,Returned
ORD-503447,2026-03-29,East,Miami DC,Enterprise,SKU-1008,Apparel,Running Shoes,1,88.43,59.11,0.05,84.01,24.9,Completed
ORD-503448,2026-03-29,East,Miami DC,Enterprise,SKU-1001,Electronics,Noise-Canceling Headphones,1,202.4,94.45,0.05,192.28,97.83,Completed
ORD-503449,2026-03-29,East,Atlanta DC,Small Business,SKU-1009,Apparel,Travel Backpack,1,145.86,81.38,0,145.86,64.48,Completed
ORD-503450,2026-03-29,Central,Dallas DC,Small Business,SKU-1011,Beauty,Hair Dryer,1,35.1,16.43,0.15,29.84,13.41,Completed
ORD-503451,2026-03-29,Central,Minneapolis DC,Enterprise,SKU-1001,Electronics,Noise-Canceling Headphones,1,202.4,94.45,0.15,172.04,77.59,Completed
ORD-503452,2026-03-29,West,Seattle DC,Small Business,SKU-1010,Beauty,Skin Care Kit,1,212.38,144.24,0,212.38,68.14,Completed
ORD-503453,2026-03-29,Central,Minneapolis DC,Small Business,SKU-1004,Home,Air Purifier,1,39.43,23.74,0,39.43,15.69,Completed
ORD-503454,2026-03-29,Central,Minneapolis DC,Consumer,SKU-1005,Home,Bedding Set,1,134.44,81.31,0.1,121.0,39.69,Cancelled
ORD-503455,2026-03-29,West,Seattle DC,Small Business,SKU-1005,Home,Bedding Set,1,134.44,81.31,0,134.44,53.13,Completed
ORD-503456,2026-03-29,Central,Chicago DC,Enterprise,SKU-1009,Apparel,Travel Backpack,3,145.86,81.38,0.05,415.7,171.56,Completed
ORD-503457,2026-03-29,West,Seattle DC,Small Business,SKU-1010,Beauty,Skin Care Kit,3,212.38,144.24,0,637.14,204.42,Completed
ORD-503458,2026-03-29,East,New Jersey DC,Enterprise,SKU-1012,Beauty,Fragrance Set,1,138.55,68.54,0,138.55,70.01,Completed
ORD-503459,2026-03-29,West,Los Angeles DC,Enterprise,SKU-1012,Beauty,Fragrance Set,1,138.55,68.54,0.15,117.77,49.23,Completed
ORD-503460,2026-03-29,West,Los Angeles DC,Enterprise,SKU-1012,Beauty,Fragrance Set,1,138.55,68.54,0,138.55,70.01,Completed
ORD-503461,2026-03-29,Central,Chicago DC,Consumer,SKU-1003,Electronics,Portable Charger,1,132.63,59.06,0,132.63,73.57,Completed
ORD-503462,2026-03-29,Central,Chicago DC,Consumer,SKU-1009,Apparel,Travel Backpack,1,145.86,81.38,0,145.86,64.48,Cancelled
ORD-503463,2026-03-29,Central,Dallas DC,Small Business,SKU-1002,Electronics,Smart Home Hub,3,202.52,137.45,0.15,516.43,104.08,Completed
ORD-503464,2026-03-29,West,Denver DC,Enterprise,SKU-1008,Apparel,Running Shoes,1,88.43,59.11,0,88.43,29.32,Cancelled
ORD-503465,2026-03-29,West,Denver DC,Small Business,SKU-1006,Home,Kitchen Organizer,2,100.06,51.21,0.05,190.11,87.69,Completed
ORD-503466,2026-03-29,East,Miami DC,Consumer,SKU-1002,Electronics,Smart Home Hub,1,202.52,137.45,0,202.52,65.07,Completed
ORD-503467,2026-03-29,East,New Jersey DC,Consumer,SKU-1002,Electronics,Smart Home Hub,1,202.52,137.45,0,202.52,65.07,Completed
ORD-503468,2026-03-29,West,Denver DC,Enterprise,SKU-1008,Apparel,Running Shoes,1,88.43,59.11,0,88.43,29.32,Completed
ORD-503469,2026-03-29,Central,Minneapolis DC,Enterprise,SKU-1003,Electronics,Portable Charger,1,132.63,59.06,0.1,119.37,60.31,Completed
ORD-503470,2026-03-29,East,New Jersey DC,Consumer,SKU-1009,Apparel,Travel Backpack,1,145.86,81.38,0,145.86,64.48,Completed
ORD-503471,2026-03-29,West,Denver DC,Small Business,SKU-1003,Electronics,Portable Charger,2,132.63,59.06,0,265.26,147.14,Completed
ORD-503472,2026-03-29,Central,Chicago DC,Enterprise,SKU-1010,Beauty,Skin Care Kit,2,212.38,144.24,0,424.76,136.28,Completed
ORD-503473,2026-03-29,West,Seattle DC,Enterprise,SKU-1005,Home,Bedding Set,1,134.44,81.31,0.15,114.27,32.96,Completed
ORD-503474,2026-03-29,Central,Chicago DC,Consumer,SKU-1007,Apparel,Performance Jacket,1,259.88,171.94,0,259.88,87.94,Completed
ORD-503475,2026-03-29,East,Atlanta DC,Enterprise,SKU-1008,Apparel,Running Shoes,1,88.43,59.11,0.1,79.59,20.48,Completed
ORD-503476,2026-03-29,West,Denver DC,Enterprise,SKU-1005,Home,Bedding Set,2,134.44,81.31,0,268.88,106.26,Completed
ORD-503477,2026-03-29,Central,Minneapolis DC,Consumer,SKU-1012,Beauty,Fragrance Set,3,138.55,68.54,0,415.65,210.03,Completed
ORD-503478,2026-03-29,West,Denver DC,Consumer,SKU-1011,Beauty,Hair Dryer,1,35.1,16.43,0.15,29.84,13.41,Completed
ORD-503479,2026-03-29,Central,Minneapolis DC,Small Business,SKU-1005,Home,Bedding Set,1,134.44,81.31,0.15,114.27,32.96,Completed
ORD-503480,2026-03-29,Central,Minneapolis DC,Small Business,SKU-1002,Electronics,Smart Home Hub,1,202.52,137.45,0.05,192.39,54.94,Completed
ORD-503481,2026-03-29,Central,Minneapolis DC,Consumer,SKU-1009,Apparel,Travel Backpack,3,145.86,81.38,0.15,371.94,127.8,Completed
ORD-503482,2026-03-29,Central,Dallas DC,Enterprise,SKU-1003,Electronics,Portable Charger,2,132.63,59.06,0,265.26,147.14,Completed
ORD-503483,2026-03-29,West,Los Angeles DC,Enterprise,SKU-1012,Beauty,Fragrance Set,2,138.55,68.54,0.05,263.25,126.16,Completed
ORD-503484,2026-03-29,Central,Minneapolis DC,Consumer,SKU-1005,Home,Bedding Set,2,134.44,81.31,0.15,228.55,65.93,Completed
ORD-503485,2026-03-29,West,Los Angeles DC,Consumer,SKU-1003,Electronics,Portable Charger,3,132.63,59.06,0.15,338.21,161.03,Completed
ORD-503486,2026-03-29,West,Denver DC,Small Business,SKU-1002,Electronics,Smart Home Hub,4,202.52,137.45,0.15,688.57,138.77,Completed
ORD-503487,2026-03-29,West,Los Angeles DC,Enterprise,SKU-1010,Beauty,Skin Care Kit,1,212.38,144.24,0.05,201.76,57.52,Completed
ORD-503488,2026-03-30,West,Seattle DC,Small Business,SKU-1006,Home,Kitchen Organizer,1,100.06,51.21,0.1,90.05,38.84,Completed
ORD-503489,2026-03-30,East,New Jersey DC,Consumer,SKU-1008,Apparel,Running Shoes,1,88.43,59.11,0,88.43,29.32,Completed
ORD-503490,2026-03-30,East,Atlanta DC,Small Business,SKU-1002,Electronics,Smart Home Hub,1,202.52,137.45,0,202.52,65.07,Completed
ORD-503491,2026-03-30,Central,Minneapolis DC,Consumer,SKU-1003,Electronics,Portable Charger,3,132.63,59.06,0.05,378.0,200.82,Completed
ORD-503492,2026-03-30,East,Miami DC,Small Business,SKU-1003,Electronics,Portable Charger,2,132.63,59.06,0,265.26,147.14,Completed
ORD-503493,2026-03-30,West,Seattle DC,Enterprise,SKU-1002,Electronics,Smart Home Hub,1,202.52,137.45,0,202.52,65.07,Completed
ORD-503494,2026-03-30,West,Los Angeles DC,Consumer,SKU-1008,Apparel,Running Shoes,1,88.43,59.11,0.05,84.01,24.9,Completed
ORD-503495,2026-03-30,Central,Minneapolis DC,Small Business,SKU-1006,Home,Kitchen Organizer,2,100.06,51.21,0.05,190.11,87.69,Completed
ORD-503496,2026-03-30,East,Miami DC,Consumer,SKU-1002,Electronics,Smart Home Hub,2,202.52,137.45,0.15,344.28,69.38,Completed
ORD-503497,2026-03-30,East,New Jersey DC,Consumer,SKU-1008,Apparel,Running Shoes,1,88.43,59.11,0.15,75.17,16.06,Completed
ORD-503498,2026-03-30,West,Los Angeles DC,Enterprise,SKU-1004,Home,Air Purifier,4,39.43,23.74,0,157.72,62.76,Completed
ORD-503499,2026-03-30,West,Seattle DC,Consumer,SKU-1005,Home,Bedding Set,3,134.44,81.31,0,403.32,159.39,Completed
ORD-503500,2026-03-30,West,Los Angeles DC,Consumer,SKU-1011,Beauty,Hair Dryer,2,35.1,16.43,0,70.2,37.34,Completed
ORD-503501,2026-03-30,West,Los Angeles DC,Small Business,SKU-1003,Electronics,Portable Charger,2,132.63,59.06,0.1,238.73,120.61,Completed
ORD-503502,2026-03-30,East,New Jersey DC,Enterprise,SKU-1003,Electronics,Portable Charger,2,132.63,59.06,0.05,252.0,133.88,Completed
ORD-503503,2026-03-30,Central,Minneapolis DC,Consumer,SKU-1007,Apparel,Performance Jacket,3,259.88,171.94,0,779.64,263.82,Completed
ORD-503504,2026-03-30,East,Miami DC,Enterprise,SKU-1007,Apparel,Performance Jacket,2,259.88,171.94,0.05,493.77,149.89,Completed
ORD-503505,2026-03-30,Central,Chicago DC,Enterprise,SKU-1003,Electronics,Portable Charger,2,132.63,59.06,0.1,238.73,120.61,Completed
ORD-503506,2026-03-30,West,Seattle DC,Consumer,SKU-1006,Home,Kitchen Organizer,3,100.06,51.21,0.1,270.16,116.53,Returned
ORD-503507,2026-03-30,East,Miami DC,Enterprise,SKU-1006,Home,Kitchen Organizer,1,100.06,51.21,0.15,85.05,33.84,Completed
ORD-503508,2026-03-30,East,Miami DC,Consumer,SKU-1007,Apparel,Performance Jacket,1,259.88,171.94,0.1,233.89,61.95,Returned
ORD-503509,2026-03-30,East,Atlanta DC,Small Business,SKU-1012,Beauty,Fragrance Set,2,138.55,68.54,0,277.1,140.02,Completed
ORD-503510,2026-03-30,Central,Minneapolis DC,Consumer,SKU-1003,Electronics,Portable Charger,1,132.63,59.06,0,132.63,73.57,Completed
ORD-503511,2026-03-30,Central,Minneapolis DC,Enterprise,SKU-1012,Beauty,Fragrance Set,1,138.55,68.54,0.15,117.77,49.23,Completed
ORD-503512,2026-03-30,West,Denver DC,Small Business,SKU-1005,Home,Bedding Set,1,134.44,81.31,0.1,121.0,39.69,Completed
ORD-503513,2026-03-30,West,Seattle DC,Consumer,SKU-1003,Electronics,Portable Charger,1,132.63,59.06,0.1,119.37,60.31,Completed
ORD-503514,2026-03-30,West,Seattle DC,Consumer,SKU-1002,Electronics,Smart Home Hub,1,202.52,137.45,0,202.52,65.07,Completed
ORD-503515,2026-03-30,West,Los Angeles DC,Consumer,SKU-1012,Beauty,Fragrance Set,1,138.55,68.54,0,138.55,70.01,Completed
ORD-503516,2026-03-30,West,Denver DC,Enterprise,SKU-1007,Apparel,Performance Jacket,1,259.88,171.94,0,259.88,87.94,Completed
ORD-503517,2026-03-30,West,Denver DC,Small Business,SKU-1007,Apparel,Performance Jacket,1,259.88,171.94,0,259.88,87.94,Completed
ORD-503518,2026-03-30,West,Los Angeles DC,Consumer,SKU-1002,Electronics,Smart Home Hub,2,202.52,137.45,0,405.04,130.14,Completed
ORD-503519,2026-03-30,East,Miami DC,Consumer,SKU-1007,Apparel,Performance Jacket,1,259.88,171.94,0,259.88,87.94,Cancelled
ORD-503520,2026-03-30,West,Denver DC,Small Business,SKU-1002,Electronics,Smart Home Hub,2,202.52,137.45,0,405.04,130.14,Completed
ORD-503521,2026-03-30,West,Seattle DC,Small Business,SKU-1001,Electronics,Noise-Canceling Headphones,1,202.4,94.45,0,202.4,107.95,Completed
ORD-503522,2026-03-30,West,Los Angeles DC,Small Business,SKU-1009,Apparel,Travel Backpack,2,145.86,81.38,0,291.72,128.96,Completed
ORD-503523,2026-03-30,East,Atlanta DC,Small Business,SKU-1007,Apparel,Performance Jacket,3,259.88,171.94,0.15,662.69,146.87,Completed
ORD-503524,2026-03-30,East,New Jersey DC,Enterprise,SKU-1003,Electronics,Portable Charger,2,132.63,59.06,0,265.26,147.14,Completed
ORD-503525,2026-03-30,East,Atlanta DC,Small Business,SKU-1012,Beauty,Fragrance Set,1,138.55,68.54,0.1,124.7,56.16,Completed
ORD-503526,2026-03-30,Central,Chicago DC,Consumer,SKU-1011,Beauty,Hair Dryer,1,35.1,16.43,0.1,31.59,15.16,Completed
ORD-503527,2026-03-30,West,Seattle DC,Consumer,SKU-1002,Electronics,Smart Home Hub,1,202.52,137.45,0,202.52,65.07,Completed
ORD-503528,2026-03-30,West,Denver DC,Consumer,SKU-1006,Home,Kitchen Organizer,1,100.06,51.21,0,100.06,48.85,Completed
ORD-503529,2026-03-30,Central,Dallas DC,Consumer,SKU-1011,Beauty,Hair Dryer,1,35.1,16.43,0.05,33.34,16.91,Completed
ORD-503530,2026-03-30,West,Seattle DC,Consumer,SKU-1011,Beauty,Hair Dryer,1,35.1,16.43,0.1,31.59,15.16,Completed
ORD-503531,2026-03-30,West,Los Angeles DC,Consumer,SKU-1003,Electronics,Portable Charger,4,132.63,59.06,0,530.52,294.28,Completed
ORD-503532,2026-03-30,Central,Chicago DC,Consumer,SKU-1011,Beauty,Hair Dryer,1,35.1,16.43,0,35.1,18.67,Completed
ORD-503533,2026-03-30,East,Miami DC,Consumer,SKU-1007,Apparel,Performance Jacket,2,259.88,171.94,0.05,493.77,149.89,Completed
ORD-503534,2026-03-30,West,Los Angeles DC,Consumer,SKU-1001,Electronics,Noise-Canceling Headphones,1,202.4,94.45,0.1,182.16,87.71,Completed
ORD-503535,2026-03-31,West,Los Angeles DC,Consumer,SKU-1004,Home,Air Purifier,1,39.43,23.74,0.1,35.49,11.75,Cancelled
ORD-503536,2026-03-31,West,Seattle DC,Enterprise,SKU-1010,Beauty,Skin Care Kit,3,212.38,144.24,0.05,605.28,172.56,Completed
ORD-503537,2026-03-31,West,Denver DC,Consumer,SKU-1006,Home,Kitchen Organizer,3,100.06,51.21,0,300.18,146.55,Completed
ORD-503538,2026-03-31,East,Miami DC,Enterprise,SKU-1004,Home,Air Purifier,1,39.43,23.74,0.1,35.49,11.75,Completed
ORD-503539,2026-03-31,East,New Jersey DC,Small Business,SKU-1004,Home,Air Purifier,3,39.43,23.74,0,118.29,47.07,Completed
ORD-503540,2026-03-31,West,Denver DC,Small Business,SKU-1001,Electronics,Noise-Canceling Headphones,2,202.4,94.45,0,404.8,215.9,Completed
ORD-503541,2026-03-31,East,Atlanta DC,Consumer,SKU-1010,Beauty,Skin Care Kit,3,212.38,144.24,0.05,605.28,172.56,Completed
ORD-503542,2026-03-31,West,Denver DC,Consumer,SKU-1006,Home,Kitchen Organizer,2,100.06,51.21,0,200.12,97.7,Completed
ORD-503543,2026-03-31,East,Atlanta DC,Consumer,SKU-1005,Home,Bedding Set,1,134.44,81.31,0.15,114.27,32.96,Completed
ORD-503544,2026-03-31,West,Seattle DC,Small Business,SKU-1005,Home,Bedding Set,1,134.44,81.31,0.05,127.72,46.41,Completed
ORD-503545,2026-03-31,Central,Minneapolis DC,Enterprise,SKU-1009,Apparel,Travel Backpack,2,145.86,81.38,0,291.72,128.96,Completed
ORD-503546,2026-03-31,West,Los Angeles DC,Small Business,SKU-1004,Home,Air Purifier,3,39.43,23.74,0.1,106.46,35.24,Completed
ORD-503547,2026-03-31,Central,Chicago DC,Consumer,SKU-1001,Electronics,Noise-Canceling Headphones,3,202.4,94.45,0,607.2,323.85,Completed
ORD-503548,2026-03-31,West,Los Angeles DC,Consumer,SKU-1008,Apparel,Running Shoes,1,88.43,59.11,0.1,79.59,20.48,Completed
ORD-503549,2026-03-31,East,Miami DC,Consumer,SKU-1010,Beauty,Skin Care Kit,2,212.38,144.24,0.15,361.05,72.57,Returned
ORD-503550,2026-03-31,West,Los Angeles DC,Enterprise,SKU-1001,Electronics,Noise-Canceling Headphones,1,202.4,94.45,0.05,192.28,97.83,Completed
ORD-503551,2026-03-31,East,Miami DC,Consumer,SKU-1010,Beauty,Skin Care Kit,1,212.38,144.24,0,212.38,68.14,Completed
ORD-503552,2026-03-31,East,Miami DC,Small Business,SKU-1005,Home,Bedding Set,2,134.44,81.31,0.1,241.99,79.37,Completed
ORD-503553,2026-03-31,Central,Dallas DC,Consumer,SKU-1003,Electronics,Portable Charger,1,132.63,59.06,0.15,112.74,53.68,Returned
ORD-503554,2026-03-31,East,Atlanta DC,Consumer,SKU-1002,Electronics,Smart Home Hub,1,202.52,137.45,0.15,172.14,34.69,Completed
ORD-503555,2026-03-31,East,Miami DC,Enterprise,SKU-1010,Beauty,Skin Care Kit,2,212.38,144.24,0,424.76,136.28,Completed
ORD-503556,2026-03-31,West,Los Angeles DC,Consumer,SKU-1009,Apparel,Travel Backpack,1,145.86,81.38,0.1,131.27,49.89,Completed
ORD-503557,2026-03-31,East,Miami DC,Enterprise,SKU-1012,Beauty,Fragrance Set,3,138.55,68.54,0,415.65,210.03,Completed
ORD-503558,2026-03-31,East,New Jersey DC,Small Business,SKU-1012,Beauty,Fragrance Set,1,138.55,68.54,0,138.55,70.01,Completed
ORD-503559,2026-03-31,East,New Jersey DC,Enterprise,SKU-1012,Beauty,Fragrance Set,1,138.55,68.54,0.05,131.62,63.08,Completed
ORD-503560,2026-03-31,Central,Dallas DC,Small Business,SKU-1011,Beauty,Hair Dryer,1,35.1,16.43,0,35.1,18.67,Returned
ORD-503561,2026-03-31,West,Denver DC,Enterprise,SKU-1012,Beauty,Fragrance Set,1,138.55,68.54,0.15,117.77,49.23,Completed
ORD-503562,2026-03-31,West,Seattle DC,Enterprise,SKU-1005,Home,Bedding Set,4,134.44,81.31,0,537.76,212.52,Completed
ORD-503563,2026-03-31,West,Los Angeles DC,Consumer,SKU-1001,Electronics,Noise-Canceling Headphones,3,202.4,94.45,0.05,576.84,293.49,Returned
ORD-503564,2026-03-31,Central,Chicago DC,Enterprise,SKU-1003,Electronics,Portable Charger,4,132.63,59.06,0,530.52,294.28,Completed
ORD-503565,2026-03-31,East,Atlanta DC,Enterprise,SKU-1002,Electronics,Smart Home Hub,1,202.52,137.45,0,202.52,65.07,Completed
ORD-503566,2026-03-31,East,Atlanta DC,Enterprise,SKU-1011,Beauty,Hair Dryer,1,35.1,16.43,0.05,33.34,16.91,Completed
ORD-503567,2026-03-31,Central,Dallas DC,Enterprise,SKU-1001,Electronics,Noise-Canceling Headphones,3,202.4,94.45,0,607.2,323.85,Completed
ORD-503568,2026-03-31,East,Miami DC,Consumer,SKU-1006,Home,Kitchen Organizer,2,100.06,51.21,0.1,180.11,77.69,Completed
ORD-503569,2026-03-31,Central,Chicago DC,Consumer,SKU-1004,Home,Air Purifier,1,39.43,23.74,0.15,33.52,9.78,Completed
ORD-503570,2026-03-31,East,Atlanta DC,Enterprise,SKU-1007,Apparel,Performance Jacket,1,259.88,171.94,0.05,246.89,74.95,Completed
ORD-503571,2026-03-31,East,New Jersey DC,Small Business,SKU-1001,Electronics,Noise-Canceling Headphones,3,202.4,94.45,0.1,546.48,263.13,Completed
ORD-503572,2026-03-31,Central,Minneapolis DC,Consumer,SKU-1009,Apparel,Travel Backpack,2,145.86,81.38,0.1,262.55,99.79,Completed
ORD-503573,2026-03-31,East,Miami DC,Enterprise,SKU-1003,Electronics,Portable Charger,2,132.63,59.06,0,265.26,147.14,Completed
ORD-503574,2026-03-31,East,New Jersey DC,Enterprise,SKU-1003,Electronics,Portable Charger,1,132.63,59.06,0,132.63,73.57,Completed
ORD-503575,2026-03-31,Central,Chicago DC,Enterprise,SKU-1007,Apparel,Performance Jacket,1,259.88,171.94,0.15,220.9,48.96,Completed
ORD-503576,2026-03-31,East,New Jersey DC,Small Business,SKU-1003,Electronics,Portable Charger,1,132.63,59.06,0,132.63,73.57,Cancelled
ORD-503577,2026-03-31,Central,Minneapolis DC,Small Business,SKU-1005,Home,Bedding Set,1,134.44,81.31,0,134.44,53.13,Completed
ORD-503578,2026-04-01,Central,Chicago DC,Consumer,SKU-1010,Beauty,Skin Care Kit,3,212.38,144.24,0,637.14,204.42,Completed
ORD-503579,2026-04-01,West,Denver DC,Enterprise,SKU-1002,Electronics,Smart Home Hub,1,202.52,137.45,0.15,172.14,34.69,Completed
ORD-503580,2026-04-01,West,Denver DC,Small Business,SKU-1003,Electronics,Portable Charger,1,132.63,59.06,0,132.63,73.57,Completed
ORD-503581,2026-04-01,West,Los Angeles DC,Consumer,SKU-1008,Apparel,Running Shoes,2,88.43,59.11,0,176.86,58.64,Completed
ORD-503582,2026-04-01,East,New Jersey DC,Small Business,SKU-1011,Beauty,Hair Dryer,1,35.1,16.43,0,35.1,18.67,Completed
ORD-503583,2026-04-01,West,Los Angeles DC,Enterprise,SKU-1006,Home,Kitchen Organizer,1,100.06,51.21,0.15,85.05,33.84,Completed
ORD-503584,2026-04-01,Central,Chicago DC,Small Business,SKU-1004,Home,Air Purifier,1,39.43,23.74,0,39.43,15.69,Completed
ORD-503585,2026-04-01,East,New Jersey DC,Small Business,SKU-1007,Apparel,Performance Jacket,4,259.88,171.94,0,1039.52,351.76,Completed
ORD-503586,2026-04-01,East,New Jersey DC,Small Business,SKU-1001,Electronics,Noise-Canceling Headphones,1,202.4,94.45,0,202.4,107.95,Completed
ORD-503587,2026-04-01,Central,Dallas DC,Enterprise,SKU-1002,Electronics,Smart Home Hub,3,202.52,137.45,0.1,546.8,134.45,Completed
ORD-503588,2026-04-01,Central,Chicago DC,Small Business,SKU-1003,Electronics,Portable Charger,1,132.63,59.06,0,132.63,73.57,Completed
ORD-503589,2026-04-01,West,Seattle DC,Consumer,SKU-1006,Home,Kitchen Organizer,1,100.06,51.21,0,100.06,48.85,Completed
ORD-503590,2026-04-01,West,Denver DC,Small Business,SKU-1002,Electronics,Smart Home Hub,1,202.52,137.45,0.15,172.14,34.69,Completed
ORD-503591,2026-04-01,Central,Dallas DC,Small Business,SKU-1009,Apparel,Travel Backpack,3,145.86,81.38,0,437.58,193.44,Completed
ORD-503592,2026-04-01,East,New Jersey DC,Small Business,SKU-1005,Home,Bedding Set,1,134.44,81.31,0.1,121.0,39.69,Completed
ORD-503593,2026-04-01,West,Denver DC,Small Business,SKU-1005,Home,Bedding Set,1,134.44,81.31,0.1,121.0,39.69,Completed
ORD-503594,2026-04-01,East,Atlanta DC,Small Business,SKU-1010,Beauty,Skin Care Kit,1,212.38,144.24,0.05,201.76,57.52,Completed
ORD-503595,2026-04-01,West,Seattle DC,Consumer,SKU-1006,Home,Kitchen Organizer,1,100.06,51.21,0.15,85.05,33.84,Completed
ORD-503596,2026-04-01,Central,Dallas DC,Consumer,SKU-1011,Beauty,Hair Dryer,1,35.1,16.43,0.15,29.84,13.41,Completed
ORD-503597,2026-04-01,Central,Chicago DC,Consumer,SKU-1008,Apparel,Running Shoes,1,88.43,59.11,0,88.43,29.32,Completed
ORD-503598,2026-04-01,West,Seattle DC,Small Business,SKU-1002,Electronics,Smart Home Hub,1,202.52,137.45,0.05,192.39,54.94,Completed
ORD-503599,2026-04-01,East,Atlanta DC,Consumer,SKU-1008,Apparel,Running Shoes,2,88.43,59.11,0,176.86,58.64,Completed
ORD-503600,2026-04-01,East,New Jersey DC,Consumer,SKU-1001,Electronics,Noise-Canceling Headphones,2,202.4,94.45,0,404.8,215.9,Completed
ORD-503601,2026-04-01,West,Los Angeles DC,Consumer,SKU-1004,Home,Air Purifier,1,39.43,23.74,0.1,35.49,11.75,Completed
ORD-503602,2026-04-01,West,Seattle DC,Consumer,SKU-1012,Beauty,Fragrance Set,1,138.55,68.54,0.15,117.77,49.23,Completed
ORD-503603,2026-04-01,East,Miami DC,Consumer,SKU-1012,Beauty,Fragrance Set,1,138.55,68.54,0.15,117.77,49.23,Completed
ORD-503604,2026-04-01,West,Denver DC,Consumer,SKU-1002,Electronics,Smart Home Hub,1,202.52,137.45,0.05,192.39,54.94,Completed
ORD-503605,2026-04-01,East,New Jersey DC,Consumer,SKU-1003,Electronics,Portable Charger,1,132.63,59.06,0,132.63,73.57,Completed
ORD-503606,2026-04-01,Central,Chicago DC,Consumer,SKU-1010,Beauty,Skin Care Kit,1,212.38,144.24,0.15,180.52,36.28,Completed
ORD-503607,2026-04-01,West,Los Angeles DC,Small Business,SKU-1012,Beauty,Fragrance Set,1,138.55,68.54,0,138.55,70.01,Completed
ORD-503608,2026-04-01,East,Atlanta DC,Small Business,SKU-1011,Beauty,Hair Dryer,2,35.1,16.43,0.1,63.18,30.32,Completed
ORD-503609,2026-04-01,West,Los Angeles DC,Enterprise,SKU-1003,Electronics,Portable Charger,2,132.63,59.06,0,265.26,147.14,Completed
ORD-503610,2026-04-01,Central,Dallas DC,Enterprise,SKU-1003,Electronics,Portable Charger,1,132.63,59.06,0,132.63,73.57,Completed
ORD-503611,2026-04-01,Central,Minneapolis DC,Enterprise,SKU-1010,Beauty,Skin Care Kit,1,212.38,144.24,0,212.38,68.14,Returned
ORD-503612,2026-04-01,East,Miami DC,Enterprise,SKU-1006,Home,Kitchen Organizer,2,100.06,51.21,0,200.12,97.7,Completed
ORD-503613,2026-04-01,Central,Minneapolis DC,Consumer,SKU-1010,Beauty,Skin Care Kit,3,212.38,144.24,0,637.14,204.42,Completed
ORD-503614,2026-04-01,East,New Jersey DC,Consumer,SKU-1010,Beauty,Skin Care Kit,2,212.38,144.24,0.1,382.28,93.8,Completed
ORD-503615,2026-04-01,East,Miami DC,Enterprise,SKU-1006,Home,Kitchen Organizer,4,100.06,51.21,0,400.24,195.4,Completed
ORD-503616,2026-04-01,East,Atlanta DC,Enterprise,SKU-1002,Electronics,Smart Home Hub,1,202.52,137.45,0,202.52,65.07,Completed
ORD-503617,2026-04-01,West,Los Angeles DC,Consumer,SKU-1010,Beauty,Skin Care Kit,1,212.38,144.24,0,212.38,68.14,Completed
ORD-503618,2026-04-01,West,Los Angeles DC,Consumer,SKU-1008,Apparel,Running Shoes,3,88.43,59.11,0.05,252.03,74.7,Completed
ORD-503619,2026-04-01,Central,Minneapolis DC,Consumer,SKU-1005,Home,Bedding Set,1,134.44,81.31,0,134.44,53.13,Completed
ORD-503620,2026-04-01,West,Los Angeles DC,Consumer,SKU-1009,Apparel,Travel Backpack,1,145.86,81.38,0.15,123.98,42.6,Completed
ORD-503621,2026-04-01,East,Miami DC,Consumer,SKU-1007,Apparel,Performance Jacket,1,259.88,171.94,0.1,233.89,61.95,Completed
ORD-503622,2026-04-01,East,Miami DC,Small Business,SKU-1001,Electronics,Noise-Canceling Headphones,1,202.4,94.45,0,202.4,107.95,Completed
ORD-503623,2026-04-02,East,Miami DC,Enterprise,SKU-1003,Electronics,Portable Charger,1,132.63,59.06,0.05,126.0,66.94,Completed
ORD-503624,2026-04-02,East,Miami DC,Consumer,SKU-1008,Apparel,Running Shoes,1,88.43,59.11,0,88.43,29.32,Completed
ORD-503625,2026-04-02,West,Denver DC,Consumer,SKU-1012,Beauty,Fragrance Set,1,138.55,68.54,0,138.55,70.01,Cancelled
ORD-503626,2026-04-02,West,Los Angeles DC,Small Business,SKU-1004,Home,Air Purifier,1,39.43,23.74,0,39.43,15.69,Completed
ORD-503627,2026-04-02,East,New Jersey DC,Enterprise,SKU-1001,Electronics,Noise-Canceling Headphones,2,202.4,94.45,0,404.8,215.9,Completed
ORD-503628,2026-04-02,Central,Chicago DC,Small Business,SKU-1004,Home,Air Purifier,1,39.43,23.74,0,39.43,15.69,Returned
ORD-503629,2026-04-02,Central,Dallas DC,Enterprise,SKU-1002,Electronics,Smart Home Hub,1,202.52,137.45,0.1,182.27,44.82,Completed
ORD-503630,2026-04-02,East,Atlanta DC,Enterprise,SKU-1003,Electronics,Portable Charger,1,132.63,59.06,0,132.63,73.57,Completed
ORD-503631,2026-04-02,West,Seattle DC,Consumer,SKU-1004,Home,Air Purifier,2,39.43,23.74,0.1,70.97,23.49,Completed
ORD-503632,2026-04-02,Central,Dallas DC,Small Business,SKU-1010,Beauty,Skin Care Kit,2,212.38,144.24,0.05,403.52,115.04,Completed
ORD-503633,2026-04-02,West,Denver DC,Consumer,SKU-1001,Electronics,Noise-Canceling Headphones,1,202.4,94.45,0.15,172.04,77.59,Completed
ORD-503634,2026-04-02,West,Seattle DC,Small Business,SKU-1012,Beauty,Fragrance Set,2,138.55,68.54,0,277.1,140.02,Completed
ORD-503635,2026-04-02,Central,Chicago DC,Small Business,SKU-1005,Home,Bedding Set,2,134.44,81.31,0.05,255.44,92.82,Completed
ORD-503636,2026-04-02,East,New Jersey DC,Small Business,SKU-1010,Beauty,Skin Care Kit,1,212.38,144.24,0.05,201.76,57.52,Completed
ORD-503637,2026-04-02,East,Miami DC,Consumer,SKU-1001,Electronics,Noise-Canceling Headphones,1,202.4,94.45,0.15,172.04,77.59,Completed
ORD-503638,2026-04-02,West,Denver DC,Consumer,SKU-1011,Beauty,Hair Dryer,1,35.1,16.43,0,35.1,18.67,Completed
ORD-503639,2026-04-02,East,Miami DC,Small Business,SKU-1001,Electronics,Noise-Canceling Headphones,1,202.4,94.45,0.1,182.16,87.71,Completed
ORD-503640,2026-04-02,West,Los Angeles DC,Small Business,SKU-1011,Beauty,Hair Dryer,1,35.1,16.43,0.15,29.84,13.41,Completed
ORD-503641,2026-04-02,Central,Minneapolis DC,Enterprise,SKU-1003,Electronics,Portable Charger,2,132.63,59.06,0,265.26,147.14,Completed
ORD-503642,2026-04-02,East,Atlanta DC,Consumer,SKU-1007,Apparel,Performance Jacket,1,259.88,171.94,0.05,246.89,74.95,Completed
ORD-503643,2026-04-02,East,Miami DC,Small Business,SKU-1008,Apparel,Running Shoes,1,88.43,59.11,0.15,75.17,16.06,Completed
ORD-503644,2026-04-02,West,Denver DC,Small Business,SKU-1012,Beauty,Fragrance Set,1,138.55,68.54,0.05,131.62,63.08,Completed
ORD-503645,2026-04-02,West,Denver DC,Enterprise,SKU-1001,Electronics,Noise-Canceling Headphones,3,202.4,94.45,0,607.2,323.85,Completed
ORD-503646,2026-04-02,Central,Dallas DC,Small Business,SKU-1003,Electronics,Portable Charger,1,132.63,59.06,0.05,126.0,66.94,Completed
ORD-503647,2026-04-02,Central,Dallas DC,Consumer,SKU-1005,Home,Bedding Set,2,134.44,81.31,0,268.88,106.26,Completed
ORD-503648,2026-04-02,West,Los Angeles DC,Small Business,SKU-1010,Beauty,Skin Care Kit,1,212.38,144.24,0.1,191.14,46.9,Completed
ORD-503649,2026-04-02,West,Seattle DC,Enterprise,SKU-1007,Apparel,Performance Jacket,1,259.88,171.94,0.1,233.89,61.95,Completed
ORD-503650,2026-04-02,Central,Dallas DC,Small Business,SKU-1001,Electronics,Noise-Canceling Headphones,2,202.4,94.45,0.1,364.32,175.42,Cancelled
ORD-503651,2026-04-02,West,Denver DC,Enterprise,SKU-1008,Apparel,Running Shoes,4,88.43,59.11,0,353.72,117.28,Completed
ORD-503652,2026-04-02,East,Atlanta DC,Small Business,SKU-1010,Beauty,Skin Care Kit,4,212.38,144.24,0,849.52,272.56,Completed
ORD-503653,2026-04-02,Central,Dallas DC,Enterprise,SKU-1002,Electronics,Smart Home Hub,2,202.52,137.45,0.15,344.28,69.38,Completed
ORD-503654,2026-04-02,West,Los Angeles DC,Consumer,SKU-1011,Beauty,Hair Dryer,2,35.1,16.43,0.05,66.69,33.83,Completed
ORD-503655,2026-04-02,Central,Dallas DC,Small Business,SKU-1009,Apparel,Travel Backpack,2,145.86,81.38,0,291.72,128.96,Completed
ORD-503656,2026-04-02,East,Atlanta DC,Consumer,SKU-1011,Beauty,Hair Dryer,1,35.1,16.43,0,35.1,18.67,Completed
ORD-503657,2026-04-02,West,Seattle DC,Consumer,SKU-1008,Apparel,Running Shoes,1,88.43,59.11,0.1,79.59,20.48,Completed
ORD-503658,2026-04-02,Central,Minneapolis DC,Consumer,SKU-1001,Electronics,Noise-Canceling Headphones,1,202.4,94.45,0.15,172.04,77.59,Cancelled
ORD-503659,2026-04-02,Central,Chicago DC,Consumer,SKU-1003,Electronics,Portable Charger,1,132.63,59.06,0.15,112.74,53.68,Completed
ORD-503660,2026-04-02,West,Denver DC,Consumer,SKU-1005,Home,Bedding Set,2,134.44,81.31,0,268.88,106.26,Completed
ORD-503661,2026-04-02,West,Seattle DC,Enterprise,SKU-1005,Home,Bedding Set,2,134.44,81.31,0.1,241.99,79.37,Completed
ORD-503662,2026-04-03,East,Atlanta DC,Consumer,SKU-1006,Home,Kitchen Organizer,2,100.06,51.21,0.15,170.1,67.68,Completed
ORD-503663,2026-04-03,West,Seattle DC,Small Business,SKU-1012,Beauty,Fragrance Set,2,138.55,68.54,0,277.1,140.02,Completed
ORD-503664,2026-04-03,West,Los Angeles DC,Enterprise,SKU-1005,Home,Bedding Set,4,134.44,81.31,0,537.76,212.52,Completed
ORD-503665,2026-04-03,East,New Jersey DC,Small Business,SKU-1001,Electronics,Noise-Canceling Headphones,1,202.4,94.45,0,202.4,107.95,Completed
ORD-503666,2026-04-03,East,Miami DC,Small Business,SKU-1012,Beauty,Fragrance Set,4,138.55,68.54,0,554.2,280.04,Completed
ORD-503667,2026-04-03,East,New Jersey DC,Enterprise,SKU-1011,Beauty,Hair Dryer,2,35.1,16.43,0,70.2,37.34,Completed
ORD-503668,2026-04-03,Central,Minneapolis DC,Consumer,SKU-1011,Beauty,Hair Dryer,1,35.1,16.43,0,35.1,18.67,Completed
ORD-503669,2026-04-03,East,New Jersey DC,Small Business,SKU-1012,Beauty,Fragrance Set,1,138.55,68.54,0,138.55,70.01,Completed
ORD-503670,2026-04-03,West,Los Angeles DC,Consumer,SKU-1004,Home,Air Purifier,1,39.43,23.74,0.1,35.49,11.75,Completed
ORD-503671,2026-04-03,Central,Minneapolis DC,Enterprise,SKU-1001,Electronics,Noise-Canceling Headphones,2,202.4,94.45,0,404.8,215.9,Completed
ORD-503672,2026-04-03,East,Atlanta DC,Small Business,SKU-1008,Apparel,Running Shoes,1,88.43,59.11,0,88.43,29.32,Completed
ORD-503673,2026-04-03,Central,Minneapolis DC,Small Business,SKU-1008,Apparel,Running Shoes,2,88.43,59.11,0.15,150.33,32.11,Completed
ORD-503674,2026-04-03,East,New Jersey DC,Enterprise,SKU-1002,Electronics,Smart Home Hub,1,202.52,137.45,0.1,182.27,44.82,Completed
ORD-503675,2026-04-03,East,Atlanta DC,Enterprise,SKU-1005,Home,Bedding Set,1,134.44,81.31,0,134.44,53.13,Cancelled
ORD-503676,2026-04-03,East,Atlanta DC,Consumer,SKU-1009,Apparel,Travel Backpack,1,145.86,81.38,0,145.86,64.48,Completed
ORD-503677,2026-04-03,Central,Chicago DC,Small Business,SKU-1006,Home,Kitchen Organizer,1,100.06,51.21,0,100.06,48.85,Returned
ORD-503678,2026-04-03,West,Los Angeles DC,Enterprise,SKU-1009,Apparel,Travel Backpack,1,145.86,81.38,0.1,131.27,49.89,Completed
ORD-503679,2026-04-03,East,New Jersey DC,Small Business,SKU-1012,Beauty,Fragrance Set,2,138.55,68.54,0,277.1,140.02,Completed
ORD-503680,2026-04-03,Central,Dallas DC,Enterprise,SKU-1004,Home,Air Purifier,1,39.43,23.74,0.15,33.52,9.78,Completed
ORD-503681,2026-04-03,West,Seattle DC,Consumer,SKU-1009,Apparel,Travel Backpack,1,145.86,81.38,0.1,131.27,49.89,Completed
ORD-503682,2026-04-03,East,Atlanta DC,Enterprise,SKU-1010,Beauty,Skin Care Kit,1,212.38,144.24,0.1,191.14,46.9,Completed
ORD-503683,2026-04-03,West,Los Angeles DC,Enterprise,SKU-1008,Apparel,Running Shoes,2,88.43,59.11,0.1,159.17,40.95,Completed
ORD-503684,2026-04-03,East,New Jersey DC,Consumer,SKU-1011,Beauty,Hair Dryer,2,35.1,16.43,0.1,63.18,30.32,Completed
ORD-503685,2026-04-03,Central,Minneapolis DC,Enterprise,SKU-1002,Electronics,Smart Home Hub,1,202.52,137.45,0.15,172.14,34.69,Completed
ORD-503686,2026-04-03,Central,Chicago DC,Consumer,SKU-1008,Apparel,Running Shoes,3,88.43,59.11,0,265.29,87.96,Completed
ORD-503687,2026-04-03,East,Atlanta DC,Enterprise,SKU-1008,Apparel,Running Shoes,3,88.43,59.11,0,265.29,87.96,Completed
ORD-503688,2026-04-03,Central,Minneapolis DC,Small Business,SKU-1005,Home,Bedding Set,2,134.44,81.31,0.15,228.55,65.93,Completed
ORD-503689,2026-04-03,East,New Jersey DC,Small Business,SKU-1005,Home,Bedding Set,4,134.44,81.31,0,537.76,212.52,Completed
ORD-503690,2026-04-03,Central,Dallas DC,Enterprise,SKU-1011,Beauty,Hair Dryer,3,35.1,16.43,0.1,94.77,45.48,Completed
ORD-503691,2026-04-03,Central,Dallas DC,Enterprise,SKU-1005,Home,Bedding Set,2,134.44,81.31,0.05,255.44,92.82,Completed
ORD-503692,2026-04-03,East,Atlanta DC,Enterprise,SKU-1002,Electronics,Smart Home Hub,1,202.52,137.45,0.15,172.14,34.69,Completed
ORD-503693,2026-04-03,East,Atlanta DC,Small Business,SKU-1012,Beauty,Fragrance Set,2,138.55,68.54,0.1,249.39,112.31,Completed
ORD-503694,2026-04-03,East,New Jersey DC,Consumer,SKU-1002,Electronics,Smart Home Hub,3,202.52,137.45,0,607.56,195.21,Completed
ORD-503695,2026-04-03,Central,Minneapolis DC,Consumer,SKU-1001,Electronics,Noise-Canceling Headphones,2,202.4,94.45,0.1,364.32,175.42,Completed
ORD-503696,2026-04-03,Central,Dallas DC,Enterprise,SKU-1004,Home,Air Purifier,2,39.43,23.74,0,78.86,31.38,Completed
ORD-503697,2026-04-03,East,New Jersey DC,Small Business,SKU-1012,Beauty,Fragrance Set,2,138.55,68.54,0,277.1,140.02,Completed
ORD-503698,2026-04-03,West,Seattle DC,Consumer,SKU-1005,Home,Bedding Set,1,134.44,81.31,0.15,114.27,32.96,Completed
ORD-503699,2026-04-03,West,Seattle DC,Small Business,SKU-1004,Home,Air Purifier,1,39.43,23.74,0.15,33.52,9.78,Completed
ORD-503700,2026-04-03,East,New Jersey DC,Consumer,SKU-1006,Home,Kitchen Organizer,2,100.06,51.21,0.15,170.1,67.68,Completed
ORD-503701,2026-04-03,West,Los Angeles DC,Enterprise,SKU-1002,Electronics,Smart Home Hub,3,202.52,137.45,0,607.56,195.21,Completed
ORD-503702,2026-04-03,East,Miami DC,Consumer,SKU-1009,Apparel,Travel Backpack,3,145.86,81.38,0.05,415.7,171.56,Completed
ORD-503703,2026-04-04,East,Atlanta DC,Consumer,SKU-1004,Home,Air Purifier,2,39.43,23.74,0,78.86,31.38,Completed
ORD-503704,2026-04-04,West,Los Angeles DC,Enterprise,SKU-1010,Beauty,Skin Care Kit,1,212.38,144.24,0,212.38,68.14,Returned
ORD-503705,2026-04-04,East,New Jersey DC,Small Business,SKU-1011,Beauty,Hair Dryer,1,35.1,16.43,0,35.1,18.67,Returned
ORD-503706,2026-04-04,Central,Chicago DC,Enterprise,SKU-1010,Beauty,Skin Care Kit,1,212.38,144.24,0,212.38,68.14,Completed
ORD-503707,2026-04-04,West,Los Angeles DC,Enterprise,SKU-1005,Home,Bedding Set,3,134.44,81.31,0.15,342.82,98.89,Completed
ORD-503708,2026-04-04,East,Atlanta DC,Enterprise,SKU-1012,Beauty,Fragrance Set,2,138.55,68.54,0.05,263.25,126.16,Completed
ORD-503709,2026-04-04,Central,Chicago DC,Consumer,SKU-1005,Home,Bedding Set,2,134.44,81.31,0,268.88,106.26,Completed
ORD-503710,2026-04-04,West,Seattle DC,Consumer,SKU-1003,Electronics,Portable Charger,1,132.63,59.06,0,132.63,73.57,Returned
ORD-503711,2026-04-04,Central,Chicago DC,Small Business,SKU-1008,Apparel,Running Shoes,1,88.43,59.11,0.15,75.17,16.06,Completed
ORD-503712,2026-04-04,East,Miami DC,Small Business,SKU-1006,Home,Kitchen Organizer,1,100.06,51.21,0.1,90.05,38.84,Completed
ORD-503713,2026-04-04,Central,Minneapolis DC,Small Business,SKU-1010,Beauty,Skin Care Kit,3,212.38,144.24,0.05,605.28,172.56,Returned
ORD-503714,2026-04-04,West,Denver DC,Small Business,SKU-1011,Beauty,Hair Dryer,3,35.1,16.43,0.15,89.51,40.22,Completed
ORD-503715,2026-04-04,West,Seattle DC,Enterprise,SKU-1010,Beauty,Skin Care Kit,3,212.38,144.24,0,637.14,204.42,Completed
ORD-503716,2026-04-04,East,New Jersey DC,Consumer,SKU-1001,Electronics,Noise-Canceling Headphones,1,202.4,94.45,0,202.4,107.95,Completed
ORD-503717,2026-04-04,East,New Jersey DC,Enterprise,SKU-1006,Home,Kitchen Organizer,1,100.06,51.21,0.1,90.05,38.84,Completed
ORD-503718,2026-04-04,Central,Dallas DC,Consumer,SKU-1004,Home,Air Purifier,1,39.43,23.74,0.05,37.46,13.72,Completed
ORD-503719,2026-04-04,West,Seattle DC,Enterprise,SKU-1010,Beauty,Skin Care Kit,1,212.38,144.24,0,212.38,68.14,Completed
ORD-503720,2026-04-04,West,Denver DC,Consumer,SKU-1012,Beauty,Fragrance Set,3,138.55,68.54,0.05,394.87,189.25,Returned
ORD-503721,2026-04-04,East,Atlanta DC,Enterprise,SKU-1006,Home,Kitchen Organizer,1,100.06,51.21,0.15,85.05,33.84,Completed
ORD-503722,2026-04-04,East,New Jersey DC,Enterprise,SKU-1001,Electronics,Noise-Canceling Headphones,1,202.4,94.45,0,202.4,107.95,Completed
ORD-503723,2026-04-04,Central,Chicago DC,Consumer,SKU-1004,Home,Air Purifier,1,39.43,23.74,0,39.43,15.69,Completed
ORD-503724,2026-04-04,Central,Chicago DC,Small Business,SKU-1004,Home,Air Purifier,1,39.43,23.74,0.05,37.46,13.72,Completed
ORD-503725,2026-04-04,Central,Minneapolis DC,Small Business,SKU-1006,Home,Kitchen Organizer,3,100.06,51.21,0,300.18,146.55,Cancelled
ORD-503726,2026-04-04,East,Miami DC,Small Business,SKU-1004,Home,Air Purifier,3,39.43,23.74,0,118.29,47.07,Returned
ORD-503727,2026-04-04,West,Los Angeles DC,Enterprise,SKU-1012,Beauty,Fragrance Set,1,138.55,68.54,0,138.55,70.01,Completed
ORD-503728,2026-04-04,West,Seattle DC,Consumer,SKU-1003,Electronics,Portable Charger,1,132.63,59.06,0.15,112.74,53.68,Completed
ORD-503729,2026-04-04,East,New Jersey DC,Enterprise,SKU-1005,Home,Bedding Set,1,134.44,81.31,0.1,121.0,39.69,Completed
ORD-503730,2026-04-04,East,New Jersey DC,Consumer,SKU-1009,Apparel,Travel Backpack,2,145.86,81.38,0.1,262.55,99.79,Completed
ORD-503731,2026-04-04,West,Denver DC,Consumer,SKU-1003,Electronics,Portable Charger,3,132.63,59.06,0.15,338.21,161.03,Completed
ORD-503732,2026-04-04,East,Miami DC,Consumer,SKU-1003,Electronics,Portable Charger,1,132.63,59.06,0,132.63,73.57,Completed
ORD-503733,2026-04-04,East,Atlanta DC,Small Business,SKU-1008,Apparel,Running Shoes,2,88.43,59.11,0,176.86,58.64,Completed
ORD-503734,2026-04-04,East,New Jersey DC,Enterprise,SKU-1002,Electronics,Smart Home Hub,1,202.52,137.45,0,202.52,65.07,Completed
ORD-503735,2026-04-04,West,Seattle DC,Consumer,SKU-1001,Electronics,Noise-Canceling Headphones,2,202.4,94.45,0.1,364.32,175.42,Completed
ORD-503736,2026-04-04,Central,Dallas DC,Small Business,SKU-1012,Beauty,Fragrance Set,1,138.55,68.54,0,138.55,70.01,Completed
ORD-503737,2026-04-04,Central,Chicago DC,Consumer,SKU-1004,Home,Air Purifier,1,39.43,23.74,0.15,33.52,9.78,Completed
ORD-503738,2026-04-04,East,New Jersey DC,Consumer,SKU-1001,Electronics,Noise-Canceling Headphones,1,202.4,94.45,0.1,182.16,87.71,Completed
ORD-503739,2026-04-04,East,Miami DC,Small Business,SKU-1010,Beauty,Skin Care Kit,1,212.38,144.24,0,212.38,68.14,Completed
ORD-503740,2026-04-04,Central,Chicago DC,Small Business,SKU-1009,Apparel,Travel Backpack,2,145.86,81.38,0.15,247.96,85.2,Completed
ORD-503741,2026-04-04,West,Los Angeles DC,Consumer,SKU-1002,Electronics,Smart Home Hub,2,202.52,137.45,0.05,384.79,109.89,Completed
ORD-503742,2026-04-04,West,Seattle DC,Consumer,SKU-1003,Electronics,Portable Charger,1,132.63,59.06,0.05,126.0,66.94,Completed
ORD-503743,2026-04-04,West,Los Angeles DC,Consumer,SKU-1006,Home,Kitchen Organizer,1,100.06,51.21,0,100.06,48.85,Completed
ORD-503744,2026-04-04,West,Denver DC,Enterprise,SKU-1010,Beauty,Skin Care Kit,1,212.38,144.24,0.15,180.52,36.28,Completed
ORD-503745,2026-04-04,Central,Chicago DC,Enterprise,SKU-1001,Electronics,Noise-Canceling Headphones,3,202.4,94.45,0.1,546.48,263.13,Completed
ORD-503746,2026-04-04,West,Los Angeles DC,Consumer,SKU-1007,Apparel,Performance Jacket,2,259.88,171.94,0.15,441.8,97.92,Completed
ORD-503747,2026-04-04,Central,Dallas DC,Enterprise,SKU-1003,Electronics,Portable Charger,2,132.63,59.06,0.1,238.73,120.61,Completed
ORD-503748,2026-04-04,East,Miami DC,Consumer,SKU-1002,Electronics,Smart Home Hub,1,202.52,137.45,0.05,192.39,54.94,Completed
ORD-503749,2026-04-04,East,New Jersey DC,Consumer,SKU-1003,Electronics,Portable Charger,2,132.63,59.06,0,265.26,147.14,Completed
ORD-503750,2026-04-05,West,Seattle DC,Small Business,SKU-1006,Home,Kitchen Organizer,2,100.06,51.21,0.1,180.11,77.69,Completed
ORD-503751,2026-04-05,East,Miami DC,Consumer,SKU-1008,Apparel,Running Shoes,1,88.43,59.11,0,88.43,29.32,Completed
ORD-503752,2026-04-05,West,Los Angeles DC,Consumer,SKU-1008,Apparel,Running Shoes,1,88.43,59.11,0.05,84.01,24.9,Completed
ORD-503753,2026-04-05,Central,Chicago DC,Enterprise,SKU-1012,Beauty,Fragrance Set,1,138.55,68.54,0,138.55,70.01,Completed
ORD-503754,2026-04-05,Central,Minneapolis DC,Small Business,SKU-1010,Beauty,Skin Care Kit,1,212.38,144.24,0,212.38,68.14,Completed
ORD-503755,2026-04-05,West,Seattle DC,Small Business,SKU-1008,Apparel,Running Shoes,4,88.43,59.11,0.15,300.66,64.22,Completed
ORD-503756,2026-04-05,West,Seattle DC,Consumer,SKU-1003,Electronics,Portable Charger,1,132.63,59.06,0.1,119.37,60.31,Completed
ORD-503757,2026-04-05,Central,Chicago DC,Consumer,SKU-1002,Electronics,Smart Home Hub,1,202.52,137.45,0,202.52,65.07,Completed
ORD-503758,2026-04-05,Central,Chicago DC,Consumer,SKU-1003,Electronics,Portable Charger,1,132.63,59.06,0.1,119.37,60.31,Completed
ORD-503759,2026-04-05,Central,Dallas DC,Consumer,SKU-1006,Home,Kitchen Organizer,2,100.06,51.21,0,200.12,97.7,Completed
ORD-503760,2026-04-05,East,Atlanta DC,Consumer,SKU-1006,Home,Kitchen Organizer,1,100.06,51.21,0,100.06,48.85,Cancelled
ORD-503761,2026-04-05,West,Los Angeles DC,Enterprise,SKU-1007,Apparel,Performance Jacket,1,259.88,171.94,0,259.88,87.94,Returned
ORD-503762,2026-04-05,West,Seattle DC,Small Business,SKU-1007,Apparel,Performance Jacket,1,259.88,171.94,0,259.88,87.94,Completed
ORD-503763,2026-04-05,Central,Chicago DC,Small Business,SKU-1004,Home,Air Purifier,2,39.43,23.74,0.1,70.97,23.49,Completed
ORD-503764,2026-04-05,Central,Chicago DC,Enterprise,SKU-1009,Apparel,Travel Backpack,1,145.86,81.38,0,145.86,64.48,Completed
ORD-503765,2026-04-05,Central,Dallas DC,Consumer,SKU-1007,Apparel,Performance Jacket,1,259.88,171.94,0,259.88,87.94,Completed
ORD-503766,2026-04-05,Central,Dallas DC,Small Business,SKU-1004,Home,Air Purifier,1,39.43,23.74,0.15,33.52,9.78,Completed
ORD-503767,2026-04-05,West,Denver DC,Consumer,SKU-1011,Beauty,Hair Dryer,3,35.1,16.43,0.15,89.51,40.22,Completed
ORD-503768,2026-04-05,West,Denver DC,Consumer,SKU-1003,Electronics,Portable Charger,1,132.63,59.06,0.1,119.37,60.31,Completed
ORD-503769,2026-04-05,Central,Dallas DC,Consumer,SKU-1012,Beauty,Fragrance Set,2,138.55,68.54,0,277.1,140.02,Completed
ORD-503770,2026-04-05,East,Atlanta DC,Consumer,SKU-1008,Apparel,Running Shoes,2,88.43,59.11,0.15,150.33,32.11,Completed
ORD-503771,2026-04-05,Central,Chicago DC,Small Business,SKU-1003,Electronics,Portable Charger,1,132.63,59.06,0,132.63,73.57,Completed
ORD-503772,2026-04-05,West,Los Angeles DC,Small Business,SKU-1011,Beauty,Hair Dryer,1,35.1,16.43,0.05,33.34,16.91,Completed
ORD-503773,2026-04-05,East,Miami DC,Small Business,SKU-1010,Beauty,Skin Care Kit,2,212.38,144.24,0,424.76,136.28,Completed
ORD-503774,2026-04-05,East,New Jersey DC,Consumer,SKU-1003,Electronics,Portable Charger,3,132.63,59.06,0,397.89,220.71,Completed
ORD-503775,2026-04-05,Central,Dallas DC,Enterprise,SKU-1011,Beauty,Hair Dryer,2,35.1,16.43,0.05,66.69,33.83,Completed
ORD-503776,2026-04-05,West,Seattle DC,Enterprise,SKU-1011,Beauty,Hair Dryer,1,35.1,16.43,0.15,29.84,13.41,Completed
ORD-503777,2026-04-05,West,Denver DC,Small Business,SKU-1004,Home,Air Purifier,1,39.43,23.74,0.1,35.49,11.75,Completed
ORD-503778,2026-04-05,Central,Minneapolis DC,Small Business,SKU-1006,Home,Kitchen Organizer,2,100.06,51.21,0,200.12,97.7,Completed
ORD-503779,2026-04-05,West,Los Angeles DC,Consumer,SKU-1009,Apparel,Travel Backpack,1,145.86,81.38,0,145.86,64.48,Completed
ORD-503780,2026-04-05,East,Miami DC,Small Business,SKU-1006,Home,Kitchen Organizer,1,100.06,51.21,0.05,95.06,43.85,Completed
ORD-503781,2026-04-05,West,Seattle DC,Consumer,SKU-1007,Apparel,Performance Jacket,3,259.88,171.94,0.1,701.68,185.86,Completed
ORD-503782,2026-04-06,East,Miami DC,Enterprise,SKU-1004,Home,Air Purifier,3,39.43,23.74,0,118.29,47.07,Completed
ORD-503783,2026-04-06,East,Miami DC,Enterprise,SKU-1004,Home,Air Purifier,1,39.43,23.74,0,39.43,15.69,Completed
ORD-503784,2026-04-06,West,Denver DC,Consumer,SKU-1003,Electronics,Portable Charger,2,132.63,59.06,0,265.26,147.14,Completed
ORD-503785,2026-04-06,Central,Dallas DC,Small Business,SKU-1012,Beauty,Fragrance Set,2,138.55,68.54,0,277.1,140.02,Completed
ORD-503786,2026-04-06,Central,Chicago DC,Enterprise,SKU-1011,Beauty,Hair Dryer,1,35.1,16.43,0.05,33.34,16.91,Completed
ORD-503787,2026-04-06,Central,Chicago DC,Enterprise,SKU-1002,Electronics,Smart Home Hub,3,202.52,137.45,0,607.56,195.21,Returned
ORD-503788,2026-04-06,East,New Jersey DC,Consumer,SKU-1005,Home,Bedding Set,1,134.44,81.31,0,134.44,53.13,Completed
ORD-503789,2026-04-06,Central,Minneapolis DC,Small Business,SKU-1006,Home,Kitchen Organizer,1,100.06,51.21,0,100.06,48.85,Completed
ORD-503790,2026-04-06,East,Atlanta DC,Small Business,SKU-1009,Apparel,Travel Backpack,1,145.86,81.38,0,145.86,64.48,Completed
ORD-503791,2026-04-06,East,Miami DC,Consumer,SKU-1003,Electronics,Portable Charger,1,132.63,59.06,0,132.63,73.57,Completed
ORD-503792,2026-04-06,West,Seattle DC,Consumer,SKU-1010,Beauty,Skin Care Kit,1,212.38,144.24,0.1,191.14,46.9,Completed
ORD-503793,2026-04-06,East,Atlanta DC,Consumer,SKU-1006,Home,Kitchen Organizer,1,100.06,51.21,0,100.06,48.85,Completed
ORD-503794,2026-04-06,East,Miami DC,Small Business,SKU-1009,Apparel,Travel Backpack,1,145.86,81.38,0,145.86,64.48,Completed
ORD-503795,2026-04-06,East,Miami DC,Consumer,SKU-1003,Electronics,Portable Charger,3,132.63,59.06,0,397.89,220.71,Completed
ORD-503796,2026-04-06,West,Seattle DC,Consumer,SKU-1005,Home,Bedding Set,2,134.44,81.31,0,268.88,106.26,Completed
ORD-503797,2026-04-06,West,Los Angeles DC,Consumer,SKU-1006,Home,Kitchen Organizer,1,100.06,51.21,0,100.06,48.85,Completed
ORD-503798,2026-04-06,East,New Jersey DC,Enterprise,SKU-1003,Electronics,Portable Charger,1,132.63,59.06,0,132.63,73.57,Completed
ORD-503799,2026-04-06,East,New Jersey DC,Enterprise,SKU-1001,Electronics,Noise-Canceling Headphones,1,202.4,94.45,0.05,192.28,97.83,Completed
ORD-503800,2026-04-06,West,Los Angeles DC,Small Business,SKU-1012,Beauty,Fragrance Set,1,138.55,68.54,0,138.55,70.01,Completed
ORD-503801,2026-04-06,Central,Dallas DC,Consumer,SKU-1010,Beauty,Skin Care Kit,2,212.38,144.24,0,424.76,136.28,Completed
ORD-503802,2026-04-06,West,Seattle DC,Consumer,SKU-1007,Apparel,Performance Jacket,1,259.88,171.94,0,259.88,87.94,Completed
ORD-503803,2026-04-06,Central,Dallas DC,Consumer,SKU-1012,Beauty,Fragrance Set,1,138.55,68.54,0.15,117.77,49.23,Completed
ORD-503804,2026-04-06,West,Denver DC,Consumer,SKU-1001,Electronics,Noise-Canceling Headphones,2,202.4,94.45,0.1,364.32,175.42,Completed
ORD-503805,2026-04-06,East,Atlanta DC,Enterprise,SKU-1009,Apparel,Travel Backpack,1,145.86,81.38,0.1,131.27,49.89,Completed
ORD-503806,2026-04-06,East,Miami DC,Small Business,SKU-1006,Home,Kitchen Organizer,1,100.06,51.21,0,100.06,48.85,Completed
ORD-503807,2026-04-06,East,Miami DC,Consumer,SKU-1012,Beauty,Fragrance Set,1,138.55,68.54,0.15,117.77,49.23,Cancelled
ORD-503808,2026-04-06,East,Atlanta DC,Small Business,SKU-1005,Home,Bedding Set,1,134.44,81.31,0,134.44,53.13,Completed
ORD-503809,2026-04-06,East,Atlanta DC,Small Business,SKU-1009,Apparel,Travel Backpack,1,145.86,81.38,0,145.86,64.48,Returned
ORD-503810,2026-04-06,West,Los Angeles DC,Small Business,SKU-1011,Beauty,Hair Dryer,2,35.1,16.43,0,70.2,37.34,Completed
ORD-503811,2026-04-06,West,Seattle DC,Small Business,SKU-1011,Beauty,Hair Dryer,1,35.1,16.43,0,35.1,18.67,Completed
ORD-503812,2026-04-06,Central,Chicago DC,Enterprise,SKU-1005,Home,Bedding Set,2,134.44,81.31,0,268.88,106.26,Completed
ORD-503813,2026-04-06,West,Denver DC,Consumer,SKU-1011,Beauty,Hair Dryer,1,35.1,16.43,0.05,33.34,16.91,Completed
ORD-503814,2026-04-06,West,Los Angeles DC,Enterprise,SKU-1009,Apparel,Travel Backpack,2,145.86,81.38,0.15,247.96,85.2,Completed
ORD-503815,2026-04-06,Central,Chicago DC,Consumer,SKU-1012,Beauty,Fragrance Set,2,138.55,68.54,0,277.1,140.02,Completed
ORD-503816,2026-04-06,East,Atlanta DC,Small Business,SKU-1012,Beauty,Fragrance Set,3,138.55,68.54,0,415.65,210.03,Completed
ORD-503817,2026-04-06,West,Denver DC,Small Business,SKU-1012,Beauty,Fragrance Set,1,138.55,68.54,0.05,131.62,63.08,Completed
ORD-503818,2026-04-06,Central,Chicago DC,Consumer,SKU-1010,Beauty,Skin Care Kit,1,212.38,144.24,0,212.38,68.14,Completed
ORD-503819,2026-04-06,East,Miami DC,Small Business,SKU-1002,Electronics,Smart Home Hub,1,202.52,137.45,0,202.52,65.07,Completed
ORD-503820,2026-04-06,East,Miami DC,Small Business,SKU-1009,Apparel,Travel Backpack,4,145.86,81.38,0.15,495.92,170.4,Returned
ORD-503821,2026-04-06,East,Miami DC,Consumer,SKU-1004,Home,Air Purifier,1,39.43,23.74,0,39.43,15.69,Completed
ORD-503822,2026-04-06,Central,Chicago DC,Consumer,SKU-1009,Apparel,Travel Backpack,1,145.86,81.38,0.1,131.27,49.89,Completed
ORD-503823,2026-04-06,East,Miami DC,Enterprise,SKU-1011,Beauty,Hair Dryer,1,35.1,16.43,0.1,31.59,15.16,Completed
ORD-503824,2026-04-06,West,Seattle DC,Enterprise,SKU-1007,Apparel,Performance Jacket,2,259.88,171.94,0.05,493.77,149.89,Completed
ORD-503825,2026-04-06,West,Denver DC,Consumer,SKU-1011,Beauty,Hair Dryer,1,35.1,16.43,0,35.1,18.67,Completed
ORD-503826,2026-04-06,Central,Minneapolis DC,Consumer,SKU-1009,Apparel,Travel Backpack,1,145.86,81.38,0,145.86,64.48,Completed
ORD-503827,2026-04-06,Central,Chicago DC,Small Business,SKU-1011,Beauty,Hair Dryer,3,35.1,16.43,0.1,94.77,45.48,Completed
ORD-503828,2026-04-07,Central,Chicago DC,Small Business,SKU-1006,Home,Kitchen Organizer,2,100.06,51.21,0.1,180.11,77.69,Completed
ORD-503829,2026-04-07,West,Denver DC,Enterprise,SKU-1006,Home,Kitchen Organizer,1,100.06,51.21,0.1,90.05,38.84,Completed
ORD-503830,2026-04-07,East,New Jersey DC,Enterprise,SKU-1012,Beauty,Fragrance Set,3,138.55,68.54,0,415.65,210.03,Completed
ORD-503831,2026-04-07,East,Miami DC,Small Business,SKU-1003,Electronics,Portable Charger,1,132.63,59.06,0,132.63,73.57,Completed
ORD-503832,2026-04-07,Central,Dallas DC,Consumer,SKU-1005,Home,Bedding Set,1,134.44,81.31,0.15,114.27,32.96,Completed
ORD-503833,2026-04-07,East,Miami DC,Enterprise,SKU-1005,Home,Bedding Set,2,134.44,81.31,0.15,228.55,65.93,Completed
ORD-503834,2026-04-07,East,New Jersey DC,Small Business,SKU-1001,Electronics,Noise-Canceling Headphones,1,202.4,94.45,0,202.4,107.95,Completed
ORD-503835,2026-04-07,East,Miami DC,Consumer,SKU-1007,Apparel,Performance Jacket,1,259.88,171.94,0,259.88,87.94,Completed
ORD-503836,2026-04-07,West,Seattle DC,Consumer,SKU-1006,Home,Kitchen Organizer,1,100.06,51.21,0,100.06,48.85,Completed
ORD-503837,2026-04-07,East,Miami DC,Small Business,SKU-1001,Electronics,Noise-Canceling Headphones,2,202.4,94.45,0,404.8,215.9,Completed
ORD-503838,2026-04-07,East,Atlanta DC,Enterprise,SKU-1009,Apparel,Travel Backpack,4,145.86,81.38,0.1,525.1,199.58,Completed
ORD-503839,2026-04-07,Central,Dallas DC,Consumer,SKU-1010,Beauty,Skin Care Kit,1,212.38,144.24,0.1,191.14,46.9,Completed
ORD-503840,2026-04-07,West,Los Angeles DC,Enterprise,SKU-1001,Electronics,Noise-Canceling Headphones,3,202.4,94.45,0,607.2,323.85,Completed
ORD-503841,2026-04-07,East,Miami DC,Small Business,SKU-1001,Electronics,Noise-Canceling Headphones,1,202.4,94.45,0.05,192.28,97.83,Completed
ORD-503842,2026-04-07,West,Denver DC,Enterprise,SKU-1003,Electronics,Portable Charger,1,132.63,59.06,0.1,119.37,60.31,Completed
ORD-503843,2026-04-07,East,Miami DC,Small Business,SKU-1006,Home,Kitchen Organizer,2,100.06,51.21,0.15,170.1,67.68,Completed
ORD-503844,2026-04-07,West,Los Angeles DC,Enterprise,SKU-1006,Home,Kitchen Organizer,2,100.06,51.21,0,200.12,97.7,Completed
ORD-503845,2026-04-07,West,Denver DC,Enterprise,SKU-1008,Apparel,Running Shoes,1,88.43,59.11,0,88.43,29.32,Completed
ORD-503846,2026-04-07,West,Denver DC,Small Business,SKU-1011,Beauty,Hair Dryer,1,35.1,16.43,0.1,31.59,15.16,Completed
ORD-503847,2026-04-07,Central,Dallas DC,Consumer,SKU-1003,Electronics,Portable Charger,2,132.63,59.06,0.1,238.73,120.61,Completed
ORD-503848,2026-04-07,Central,Chicago DC,Consumer,SKU-1011,Beauty,Hair Dryer,1,35.1,16.43,0.15,29.84,13.41,Completed
ORD-503849,2026-04-07,East,Atlanta DC,Consumer,SKU-1006,Home,Kitchen Organizer,3,100.06,51.21,0,300.18,146.55,Completed
ORD-503850,2026-04-07,Central,Chicago DC,Small Business,SKU-1007,Apparel,Performance Jacket,3,259.88,171.94,0.1,701.68,185.86,Completed
ORD-503851,2026-04-07,Central,Minneapolis DC,Small Business,SKU-1003,Electronics,Portable Charger,1,132.63,59.06,0,132.63,73.57,Completed
ORD-503852,2026-04-07,Central,Minneapolis DC,Consumer,SKU-1003,Electronics,Portable Charger,1,132.63,59.06,0.1,119.37,60.31,Completed
ORD-503853,2026-04-07,West,Denver DC,Small Business,SKU-1002,Electronics,Smart Home Hub,4,202.52,137.45,0,810.08,260.28,Completed
ORD-503854,2026-04-07,East,Miami DC,Enterprise,SKU-1003,Electronics,Portable Charger,1,132.63,59.06,0.05,126.0,66.94,Completed
ORD-503855,2026-04-07,Central,Dallas DC,Consumer,SKU-1007,Apparel,Performance Jacket,1,259.88,171.94,0,259.88,87.94,Completed
ORD-503856,2026-04-07,West,Seattle DC,Enterprise,SKU-1007,Apparel,Performance Jacket,2,259.88,171.94,0.1,467.78,123.9,Completed
ORD-503857,2026-04-07,East,Miami DC,Small Business,SKU-1008,Apparel,Running Shoes,4,88.43,59.11,0.05,336.03,99.59,Completed
ORD-503858,2026-04-07,West,Los Angeles DC,Consumer,SKU-1003,Electronics,Portable Charger,3,132.63,59.06,0.05,378.0,200.82,Completed
ORD-503859,2026-04-07,West,Seattle DC,Small Business,SKU-1011,Beauty,Hair Dryer,1,35.1,16.43,0.15,29.84,13.41,Returned
ORD-503860,2026-04-07,East,Miami DC,Enterprise,SKU-1010,Beauty,Skin Care Kit,1,212.38,144.24,0,212.38,68.14,Completed
ORD-503861,2026-04-07,East,New Jersey DC,Small Business,SKU-1005,Home,Bedding Set,1,134.44,81.31,0,134.44,53.13,Completed
ORD-503862,2026-04-07,West,Los Angeles DC,Small Business,SKU-1011,Beauty,Hair Dryer,1,35.1,16.43,0.1,31.59,15.16,Cancelled
ORD-503863,2026-04-07,West,Denver DC,Enterprise,SKU-1005,Home,Bedding Set,2,134.44,81.31,0,268.88,106.26,Completed
ORD-503864,2026-04-07,West,Seattle DC,Consumer,SKU-1002,Electronics,Smart Home Hub,2,202.52,137.45,0.1,364.54,89.64,Completed
ORD-503865,2026-04-08,West,Los Angeles DC,Small Business,SKU-1005,Home,Bedding Set,2,134.44,81.31,0.15,228.55,65.93,Returned
ORD-503866,2026-04-08,Central,Chicago DC,Small Business,SKU-1006,Home,Kitchen Organizer,2,100.06,51.21,0,200.12,97.7,Returned
ORD-503867,2026-04-08,Central,Minneapolis DC,Consumer,SKU-1012,Beauty,Fragrance Set,1,138.55,68.54,0,138.55,70.01,Returned
ORD-503868,2026-04-08,West,Los Angeles DC,Enterprise,SKU-1006,Home,Kitchen Organizer,1,100.06,51.21,0,100.06,48.85,Completed
ORD-503869,2026-04-08,West,Denver DC,Enterprise,SKU-1004,Home,Air Purifier,2,39.43,23.74,0.15,67.03,19.55,Completed
ORD-503870,2026-04-08,West,Los Angeles DC,Small Business,SKU-1004,Home,Air Purifier,1,39.43,23.74,0.1,35.49,11.75,Completed
ORD-503871,2026-04-08,East,Miami DC,Consumer,SKU-1008,Apparel,Running Shoes,1,88.43,59.11,0,88.43,29.32,Completed
ORD-503872,2026-04-08,West,Denver DC,Small Business,SKU-1006,Home,Kitchen Organizer,3,100.06,51.21,0.1,270.16,116.53,Completed
ORD-503873,2026-04-08,West,Los Angeles DC,Enterprise,SKU-1006,Home,Kitchen Organizer,4,100.06,51.21,0,400.24,195.4,Completed
ORD-503874,2026-04-08,Central,Dallas DC,Small Business,SKU-1004,Home,Air Purifier,3,39.43,23.74,0,118.29,47.07,Completed
ORD-503875,2026-04-08,East,Atlanta DC,Enterprise,SKU-1001,Electronics,Noise-Canceling Headphones,1,202.4,94.45,0,202.4,107.95,Completed
ORD-503876,2026-04-08,East,New Jersey DC,Small Business,SKU-1010,Beauty,Skin Care Kit,2,212.38,144.24,0,424.76,136.28,Completed
ORD-503877,2026-04-08,East,New Jersey DC,Enterprise,SKU-1007,Apparel,Performance Jacket,1,259.88,171.94,0,259.88,87.94,Completed
ORD-503878,2026-04-08,East,New Jersey DC,Small Business,SKU-1004,Home,Air Purifier,2,39.43,23.74,0.1,70.97,23.49,Completed
ORD-503879,2026-04-08,Central,Minneapolis DC,Small Business,SKU-1009,Apparel,Travel Backpack,1,145.86,81.38,0,145.86,64.48,Completed
ORD-503880,2026-04-08,East,Atlanta DC,Enterprise,SKU-1010,Beauty,Skin Care Kit,2,212.38,144.24,0,424.76,136.28,Completed
ORD-503881,2026-04-08,West,Denver DC,Consumer,SKU-1009,Apparel,Travel Backpack,1,145.86,81.38,0,145.86,64.48,Completed
ORD-503882,2026-04-08,Central,Chicago DC,Small Business,SKU-1010,Beauty,Skin Care Kit,3,212.38,144.24,0,637.14,204.42,Completed
ORD-503883,2026-04-08,East,Atlanta DC,Consumer,SKU-1011,Beauty,Hair Dryer,1,35.1,16.43,0.15,29.84,13.41,Completed
ORD-503884,2026-04-08,Central,Minneapolis DC,Small Business,SKU-1002,Electronics,Smart Home Hub,1,202.52,137.45,0,202.52,65.07,Completed
ORD-503885,2026-04-08,West,Seattle DC,Enterprise,SKU-1002,Electronics,Smart Home Hub,1,202.52,137.45,0,202.52,65.07,Completed
ORD-503886,2026-04-08,East,Atlanta DC,Enterprise,SKU-1009,Apparel,Travel Backpack,1,145.86,81.38,0.1,131.27,49.89,Completed
ORD-503887,2026-04-08,West,Los Angeles DC,Enterprise,SKU-1007,Apparel,Performance Jacket,1,259.88,171.94,0.1,233.89,61.95,Completed
ORD-503888,2026-04-08,Central,Chicago DC,Small Business,SKU-1005,Home,Bedding Set,4,134.44,81.31,0,537.76,212.52,Completed
ORD-503889,2026-04-08,East,Miami DC,Enterprise,SKU-1006,Home,Kitchen Organizer,2,100.06,51.21,0.15,170.1,67.68,Completed
ORD-503890,2026-04-08,East,Miami DC,Consumer,SKU-1012,Beauty,Fragrance Set,1,138.55,68.54,0.15,117.77,49.23,Completed
ORD-503891,2026-04-08,Central,Chicago DC,Enterprise,SKU-1003,Electronics,Portable Charger,1,132.63,59.06,0,132.63,73.57,Completed
ORD-503892,2026-04-08,East,New Jersey DC,Consumer,SKU-1010,Beauty,Skin Care Kit,1,212.38,144.24,0.1,191.14,46.9,Completed
ORD-503893,2026-04-08,West,Denver DC,Consumer,SKU-1005,Home,Bedding Set,1,134.44,81.31,0.15,114.27,32.96,Completed
ORD-503894,2026-04-08,West,Denver DC,Consumer,SKU-1009,Apparel,Travel Backpack,1,145.86,81.38,0.15,123.98,42.6,Completed
ORD-503895,2026-04-09,Central,Minneapolis DC,Consumer,SKU-1006,Home,Kitchen Organizer,2,100.06,51.21,0,200.12,97.7,Completed
ORD-503896,2026-04-09,Central,Minneapolis DC,Enterprise,SKU-1005,Home,Bedding Set,1,134.44,81.31,0.1,121.0,39.69,Completed
ORD-503897,2026-04-09,East,New Jersey DC,Small Business,SKU-1005,Home,Bedding Set,1,134.44,81.31,0,134.44,53.13,Completed
ORD-503898,2026-04-09,East,Atlanta DC,Consumer,SKU-1006,Home,Kitchen Organizer,3,100.06,51.21,0,300.18,146.55,Completed
ORD-503899,2026-04-09,Central,Minneapolis DC,Enterprise,SKU-1006,Home,Kitchen Organizer,3,100.06,51.21,0,300.18,146.55,Completed
ORD-503900,2026-04-09,West,Denver DC,Enterprise,SKU-1007,Apparel,Performance Jacket,1,259.88,171.94,0.1,233.89,61.95,Completed
ORD-503901,2026-04-09,Central,Minneapolis DC,Small Business,SKU-1007,Apparel,Performance Jacket,1,259.88,171.94,0.1,233.89,61.95,Completed
ORD-503902,2026-04-09,West,Los Angeles DC,Enterprise,SKU-1012,Beauty,Fragrance Set,2,138.55,68.54,0,277.1,140.02,Completed
ORD-503903,2026-04-09,East,Atlanta DC,Small Business,SKU-1002,Electronics,Smart Home Hub,1,202.52,137.45,0.15,172.14,34.69,Completed
ORD-503904,2026-04-09,West,Denver DC,Consumer,SKU-1005,Home,Bedding Set,1,134.44,81.31,0.05,127.72,46.41,Completed
ORD-503905,2026-04-09,Central,Minneapolis DC,Consumer,SKU-1004,Home,Air Purifier,1,39.43,23.74,0,39.43,15.69,Completed
ORD-503906,2026-04-09,Central,Dallas DC,Small Business,SKU-1009,Apparel,Travel Backpack,2,145.86,81.38,0.05,277.13,114.37,Completed
ORD-503907,2026-04-09,West,Los Angeles DC,Small Business,SKU-1002,Electronics,Smart Home Hub,4,202.52,137.45,0,810.08,260.28,Completed
ORD-503908,2026-04-09,Central,Minneapolis DC,Enterprise,SKU-1009,Apparel,Travel Backpack,1,145.86,81.38,0,145.86,64.48,Completed
ORD-503909,2026-04-09,East,New Jersey DC,Small Business,SKU-1004,Home,Air Purifier,1,39.43,23.74,0.15,33.52,9.78,Completed
ORD-503910,2026-04-09,Central,Dallas DC,Small Business,SKU-1001,Electronics,Noise-Canceling Headphones,1,202.4,94.45,0,202.4,107.95,Completed
ORD-503911,2026-04-09,West,Los Angeles DC,Small Business,SKU-1009,Apparel,Travel Backpack,3,145.86,81.38,0.15,371.94,127.8,Completed
ORD-503912,2026-04-09,West,Los Angeles DC,Enterprise,SKU-1008,Apparel,Running Shoes,2,88.43,59.11,0,176.86,58.64,Cancelled
ORD-503913,2026-04-09,East,Miami DC,Small Business,SKU-1002,Electronics,Smart Home Hub,1,202.52,137.45,0,202.52,65.07,Completed
ORD-503914,2026-04-09,Central,Chicago DC,Consumer,SKU-1011,Beauty,Hair Dryer,1,35.1,16.43,0,35.1,18.67,Completed
ORD-503915,2026-04-09,Central,Minneapolis DC,Small Business,SKU-1003,Electronics,Portable Charger,1,132.63,59.06,0.15,112.74,53.68,Completed
ORD-503916,2026-04-09,Central,Dallas DC,Consumer,SKU-1008,Apparel,Running Shoes,4,88.43,59.11,0,353.72,117.28,Completed
ORD-503917,2026-04-09,East,New Jersey DC,Enterprise,SKU-1005,Home,Bedding Set,2,134.44,81.31,0,268.88,106.26,Completed
ORD-503918,2026-04-09,West,Los Angeles DC,Consumer,SKU-1012,Beauty,Fragrance Set,1,138.55,68.54,0,138.55,70.01,Completed
ORD-503919,2026-04-09,East,Miami DC,Enterprise,SKU-1001,Electronics,Noise-Canceling Headphones,1,202.4,94.45,0.1,182.16,87.71,Completed
ORD-503920,2026-04-09,West,Seattle DC,Small Business,SKU-1001,Electronics,Noise-Canceling Headphones,1,202.4,94.45,0,202.4,107.95,Completed
ORD-503921,2026-04-09,West,Seattle DC,Enterprise,SKU-1009,Apparel,Travel Backpack,3,145.86,81.38,0,437.58,193.44,Completed
ORD-503922,2026-04-09,East,Miami DC,Enterprise,SKU-1001,Electronics,Noise-Canceling Headphones,1,202.4,94.45,0,202.4,107.95,Completed
ORD-503923,2026-04-09,Central,Minneapolis DC,Enterprise,SKU-1012,Beauty,Fragrance Set,2,138.55,68.54,0,277.1,140.02,Completed
ORD-503924,2026-04-09,Central,Chicago DC,Consumer,SKU-1010,Beauty,Skin Care Kit,2,212.38,144.24,0,424.76,136.28,Completed
ORD-503925,2026-04-09,Central,Minneapolis DC,Enterprise,SKU-1011,Beauty,Hair Dryer,3,35.1,16.43,0.15,89.51,40.22,Completed
ORD-503926,2026-04-09,East,Atlanta DC,Consumer,SKU-1007,Apparel,Performance Jacket,1,259.88,171.94,0,259.88,87.94,Completed
ORD-503927,2026-04-09,Central,Chicago DC,Consumer,SKU-1002,Electronics,Smart Home Hub,4,202.52,137.45,0,810.08,260.28,Completed
ORD-503928,2026-04-09,Central,Dallas DC,Enterprise,SKU-1010,Beauty,Skin Care Kit,3,212.38,144.24,0,637.14,204.42,Completed
ORD-503929,2026-04-09,West,Seattle DC,Consumer,SKU-1010,Beauty,Skin Care Kit,1,212.38,144.24,0,212.38,68.14,Completed
ORD-503930,2026-04-09,West,Los Angeles DC,Consumer,SKU-1009,Apparel,Travel Backpack,1,145.86,81.38,0,145.86,64.48,Completed
ORD-503931,2026-04-10,East,Atlanta DC,Consumer,SKU-1010,Beauty,Skin Care Kit,1,212.38,144.24,0.15,180.52,36.28,Completed
ORD-503932,2026-04-10,East,Miami DC,Consumer,SKU-1009,Apparel,Travel Backpack,3,145.86,81.38,0,437.58,193.44,Completed
ORD-503933,2026-04-10,East,Atlanta DC,Small Business,SKU-1002,Electronics,Smart Home Hub,1,202.52,137.45,0.15,172.14,34.69,Completed
ORD-503934,2026-04-10,East,Miami DC,Small Business,SKU-1010,Beauty,Skin Care Kit,2,212.38,144.24,0,424.76,136.28,Returned
ORD-503935,2026-04-10,East,Miami DC,Small Business,SKU-1010,Beauty,Skin Care Kit,2,212.38,144.24,0.1,382.28,93.8,Completed
ORD-503936,2026-04-10,Central,Chicago DC,Enterprise,SKU-1006,Home,Kitchen Organizer,1,100.06,51.21,0,100.06,48.85,Completed
ORD-503937,2026-04-10,West,Seattle DC,Enterprise,SKU-1012,Beauty,Fragrance Set,1,138.55,68.54,0.1,124.7,56.16,Completed
ORD-503938,2026-04-10,West,Seattle DC,Enterprise,SKU-1006,Home,Kitchen Organizer,2,100.06,51.21,0,200.12,97.7,Completed
ORD-503939,2026-04-10,Central,Dallas DC,Consumer,SKU-1005,Home,Bedding Set,3,134.44,81.31,0.15,342.82,98.89,Returned
ORD-503940,2026-04-10,West,Los Angeles DC,Enterprise,SKU-1001,Electronics,Noise-Canceling Headphones,2,202.4,94.45,0.15,344.08,155.18,Completed
ORD-503941,2026-04-10,West,Denver DC,Consumer,SKU-1004,Home,Air Purifier,4,39.43,23.74,0,157.72,62.76,Completed
ORD-503942,2026-04-10,Central,Dallas DC,Small Business,SKU-1003,Electronics,Portable Charger,3,132.63,59.06,0,397.89,220.71,Completed
ORD-503943,2026-04-10,West,Los Angeles DC,Enterprise,SKU-1010,Beauty,Skin Care Kit,1,212.38,144.24,0,212.38,68.14,Completed
ORD-503944,2026-04-10,East,Miami DC,Enterprise,SKU-1004,Home,Air Purifier,1,39.43,23.74,0.1,35.49,11.75,Cancelled
ORD-503945,2026-04-10,Central,Minneapolis DC,Consumer,SKU-1004,Home,Air Purifier,1,39.43,23.74,0.05,37.46,13.72,Completed
ORD-503946,2026-04-10,Central,Chicago DC,Enterprise,SKU-1008,Apparel,Running Shoes,3,88.43,59.11,0.15,225.5,48.17,Completed
ORD-503947,2026-04-10,West,Los Angeles DC,Enterprise,SKU-1011,Beauty,Hair Dryer,1,35.1,16.43,0,35.1,18.67,Completed
ORD-503948,2026-04-10,East,Miami DC,Enterprise,SKU-1002,Electronics,Smart Home Hub,1,202.52,137.45,0,202.52,65.07,Completed
ORD-503949,2026-04-10,West,Seattle DC,Enterprise,SKU-1007,Apparel,Performance Jacket,1,259.88,171.94,0.05,246.89,74.95,Completed
ORD-503950,2026-04-10,West,Denver DC,Enterprise,SKU-1007,Apparel,Performance Jacket,1,259.88,171.94,0.1,233.89,61.95,Returned
ORD-503951,2026-04-10,Central,Dallas DC,Consumer,SKU-1002,Electronics,Smart Home Hub,2,202.52,137.45,0.1,364.54,89.64,Completed
ORD-503952,2026-04-10,West,Seattle DC,Small Business,SKU-1007,Apparel,Performance Jacket,4,259.88,171.94,0.1,935.57,247.81,Completed
ORD-503953,2026-04-10,East,New Jersey DC,Small Business,SKU-1009,Apparel,Travel Backpack,1,145.86,81.38,0,145.86,64.48,Completed
ORD-503954,2026-04-10,East,Atlanta DC,Enterprise,SKU-1012,Beauty,Fragrance Set,1,138.55,68.54,0,138.55,70.01,Completed
ORD-503955,2026-04-10,East,Miami DC,Enterprise,SKU-1009,Apparel,Travel Backpack,1,145.86,81.38,0.05,138.57,57.19,Completed
ORD-503956,2026-04-10,Central,Dallas DC,Small Business,SKU-1004,Home,Air Purifier,1,39.43,23.74,0,39.43,15.69,Completed
ORD-503957,2026-04-10,Central,Chicago DC,Consumer,SKU-1009,Apparel,Travel Backpack,1,145.86,81.38,0,145.86,64.48,Completed
ORD-503958,2026-04-10,West,Los Angeles DC,Consumer,SKU-1002,Electronics,Smart Home Hub,2,202.52,137.45,0.05,384.79,109.89,Returned
ORD-503959,2026-04-10,East,Atlanta DC,Enterprise,SKU-1005,Home,Bedding Set,2,134.44,81.31,0,268.88,106.26,Completed
ORD-503960,2026-04-10,Central,Chicago DC,Small Business,SKU-1007,Apparel,Performance Jacket,1,259.88,171.94,0.1,233.89,61.95,Completed
ORD-503961,2026-04-10,East,New Jersey DC,Small Business,SKU-1012,Beauty,Fragrance Set,1,138.55,68.54,0,138.55,70.01,Completed
ORD-503962,2026-04-10,West,Seattle DC,Enterprise,SKU-1008,Apparel,Running Shoes,2,88.43,59.11,0.05,168.02,49.8,Completed
ORD-503963,2026-04-10,Central,Chicago DC,Consumer,SKU-1009,Apparel,Travel Backpack,1,145.86,81.38,0.05,138.57,57.19,Completed
ORD-503964,2026-04-10,East,Atlanta DC,Small Business,SKU-1009,Apparel,Travel Backpack,1,145.86,81.38,0.05,138.57,57.19,Completed
ORD-503965,2026-04-10,Central,Chicago DC,Enterprise,SKU-1001,Electronics,Noise-Canceling Headphones,4,202.4,94.45,0.05,769.12,391.32,Completed
ORD-503966,2026-04-10,Central,Minneapolis DC,Consumer,SKU-1003,Electronics,Portable Charger,1,132.63,59.06,0,132.63,73.57,Completed
ORD-503967,2026-04-10,West,Seattle DC,Consumer,SKU-1010,Beauty,Skin Care Kit,1,212.38,144.24,0.15,180.52,36.28,Completed
ORD-503968,2026-04-10,West,Seattle DC,Small Business,SKU-1009,Apparel,Travel Backpack,2,145.86,81.38,0,291.72,128.96,Completed
ORD-503969,2026-04-10,West,Seattle DC,Enterprise,SKU-1011,Beauty,Hair Dryer,3,35.1,16.43,0,105.3,56.01,Completed
ORD-503970,2026-04-10,East,Miami DC,Enterprise,SKU-1004,Home,Air Purifier,4,39.43,23.74,0.1,141.95,46.99,Completed
ORD-503971,2026-04-10,East,New Jersey DC,Small Business,SKU-1007,Apparel,Performance Jacket,2,259.88,171.94,0.15,441.8,97.92,Completed
ORD-503972,2026-04-11,East,Atlanta DC,Consumer,SKU-1009,Apparel,Travel Backpack,2,145.86,81.38,0,291.72,128.96,Completed
ORD-503973,2026-04-11,East,New Jersey DC,Enterprise,SKU-1005,Home,Bedding Set,1,134.44,81.31,0.05,127.72,46.41,Completed
ORD-503974,2026-04-11,West,Denver DC,Enterprise,SKU-1002,Electronics,Smart Home Hub,1,202.52,137.45,0.05,192.39,54.94,Completed
ORD-503975,2026-04-11,Central,Dallas DC,Small Business,SKU-1006,Home,Kitchen Organizer,1,100.06,51.21,0,100.06,48.85,Returned
ORD-503976,2026-04-11,East,Miami DC,Consumer,SKU-1007,Apparel,Performance Jacket,3,259.88,171.94,0.1,701.68,185.86,Completed
ORD-503977,2026-04-11,East,Atlanta DC,Consumer,SKU-1012,Beauty,Fragrance Set,1,138.55,68.54,0.1,124.7,56.16,Returned
ORD-503978,2026-04-11,East,Miami DC,Small Business,SKU-1004,Home,Air Purifier,1,39.43,23.74,0.05,37.46,13.72,Completed
ORD-503979,2026-04-11,West,Los Angeles DC,Enterprise,SKU-1012,Beauty,Fragrance Set,2,138.55,68.54,0,277.1,140.02,Completed
ORD-503980,2026-04-11,West,Los Angeles DC,Enterprise,SKU-1008,Apparel,Running Shoes,1,88.43,59.11,0,88.43,29.32,Completed
ORD-503981,2026-04-11,Central,Dallas DC,Consumer,SKU-1012,Beauty,Fragrance Set,1,138.55,68.54,0.1,124.7,56.16,Completed
ORD-503982,2026-04-11,East,Atlanta DC,Consumer,SKU-1002,Electronics,Smart Home Hub,1,202.52,137.45,0,202.52,65.07,Completed
ORD-503983,2026-04-11,East,Miami DC,Enterprise,SKU-1001,Electronics,Noise-Canceling Headphones,1,202.4,94.45,0,202.4,107.95,Completed
ORD-503984,2026-04-11,West,Denver DC,Enterprise,SKU-1007,Apparel,Performance Jacket,1,259.88,171.94,0,259.88,87.94,Completed
ORD-503985,2026-04-11,West,Seattle DC,Enterprise,SKU-1001,Electronics,Noise-Canceling Headphones,2,202.4,94.45,0,404.8,215.9,Completed
ORD-503986,2026-04-11,East,Atlanta DC,Consumer,SKU-1007,Apparel,Performance Jacket,1,259.88,171.94,0.15,220.9,48.96,Completed
ORD-503987,2026-04-11,Central,Minneapolis DC,Enterprise,SKU-1007,Apparel,Performance Jacket,1,259.88,171.94,0.15,220.9,48.96,Completed
ORD-503988,2026-04-11,East,New Jersey DC,Small Business,SKU-1007,Apparel,Performance Jacket,1,259.88,171.94,0,259.88,87.94,Completed
ORD-503989,2026-04-11,West,Los Angeles DC,Consumer,SKU-1012,Beauty,Fragrance Set,1,138.55,68.54,0.1,124.7,56.16,Completed
ORD-503990,2026-04-11,East,Miami DC,Small Business,SKU-1006,Home,Kitchen Organizer,2,100.06,51.21,0.05,190.11,87.69,Completed
ORD-503991,2026-04-11,East,New Jersey DC,Enterprise,SKU-1010,Beauty,Skin Care Kit,2,212.38,144.24,0.15,361.05,72.57,Completed
ORD-503992,2026-04-11,East,Miami DC,Consumer,SKU-1007,Apparel,Performance Jacket,1,259.88,171.94,0.15,220.9,48.96,Completed
ORD-503993,2026-04-11,West,Los Angeles DC,Consumer,SKU-1005,Home,Bedding Set,1,134.44,81.31,0,134.44,53.13,Completed
ORD-503994,2026-04-11,East,New Jersey DC,Enterprise,SKU-1004,Home,Air Purifier,1,39.43,23.74,0.15,33.52,9.78,Completed
ORD-503995,2026-04-11,West,Denver DC,Small Business,SKU-1007,Apparel,Performance Jacket,1,259.88,171.94,0.15,220.9,48.96,Completed
ORD-503996,2026-04-11,West,Los Angeles DC,Enterprise,SKU-1004,Home,Air Purifier,1,39.43,23.74,0,39.43,15.69,Completed
ORD-503997,2026-04-11,Central,Chicago DC,Enterprise,SKU-1011,Beauty,Hair Dryer,2,35.1,16.43,0.15,59.67,26.81,Completed
ORD-503998,2026-04-11,Central,Minneapolis DC,Consumer,SKU-1009,Apparel,Travel Backpack,3,145.86,81.38,0,437.58,193.44,Completed
ORD-503999,2026-04-11,West,Los Angeles DC,Consumer,SKU-1003,Electronics,Portable Charger,2,132.63,59.06,0.1,238.73,120.61,Completed
ORD-504000,2026-04-11,East,Miami DC,Enterprise,SKU-1001,Electronics,Noise-Canceling Headphones,1,202.4,94.45,0,202.4,107.95,Completed
ORD-504001,2026-04-11,East,New Jersey DC,Consumer,SKU-1003,Electronics,Portable Charger,2,132.63,59.06,0,265.26,147.14,Completed
ORD-504002,2026-04-11,East,New Jersey DC,Enterprise,SKU-1006,Home,Kitchen Organizer,4,100.06,51.21,0,400.24,195.4,Completed
ORD-504003,2026-04-11,East,Atlanta DC,Small Business,SKU-1001,Electronics,Noise-Canceling Headphones,3,202.4,94.45,0,607.2,323.85,Completed
ORD-504004,2026-04-11,Central,Dallas DC,Consumer,SKU-1009,Apparel,Travel Backpack,1,145.86,81.38,0,145.86,64.48,Completed
ORD-504005,2026-04-11,West,Los Angeles DC,Enterprise,SKU-1003,Electronics,Portable Charger,1,132.63,59.06,0.15,112.74,53.68,Completed
ORD-504006,2026-04-11,West,Seattle DC,Small Business,SKU-1008,Apparel,Running Shoes,2,88.43,59.11,0,176.86,58.64,Completed
ORD-504007,2026-04-11,West,Denver DC,Consumer,SKU-1006,Home,Kitchen Organizer,2,100.06,51.21,0,200.12,97.7,Completed
ORD-504008,2026-04-11,East,New Jersey DC,Consumer,SKU-1001,Electronics,Noise-Canceling Headphones,2,202.4,94.45,0.1,364.32,175.42,Completed
ORD-504009,2026-04-11,East,Atlanta DC,Enterprise,SKU-1008,Apparel,Running Shoes,1,88.43,59.11,0.05,84.01,24.9,Completed
ORD-504010,2026-04-11,East,New Jersey DC,Consumer,SKU-1012,Beauty,Fragrance Set,1,138.55,68.54,0.05,131.62,63.08,Completed
ORD-504011,2026-04-11,Central,Dallas DC,Enterprise,SKU-1004,Home,Air Purifier,1,39.43,23.74,0,39.43,15.69,Completed
ORD-504012,2026-04-11,Central,Chicago DC,Small Business,SKU-1012,Beauty,Fragrance Set,1,138.55,68.54,0.1,124.7,56.16,Completed
ORD-504013,2026-04-12,Central,Dallas DC,Consumer,SKU-1003,Electronics,Portable Charger,3,132.63,59.06,0.15,338.21,161.03,Completed
ORD-504014,2026-04-12,Central,Dallas DC,Small Business,SKU-1007,Apparel,Performance Jacket,1,259.88,171.94,0.15,220.9,48.96,Completed
ORD-504015,2026-04-12,West,Los Angeles DC,Enterprise,SKU-1003,Electronics,Portable Charger,1,132.63,59.06,0,132.63,73.57,Completed
ORD-504016,2026-04-12,West,Denver DC,Enterprise,SKU-1006,Home,Kitchen Organizer,1,100.06,51.21,0.15,85.05,33.84,Completed
ORD-504017,2026-04-12,West,Denver DC,Enterprise,SKU-1003,Electronics,Portable Charger,1,132.63,59.06,0.15,112.74,53.68,Completed
ORD-504018,2026-04-12,West,Denver DC,Small Business,SKU-1006,Home,Kitchen Organizer,3,100.06,51.21,0.15,255.15,101.52,Completed
ORD-504019,2026-04-12,East,Atlanta DC,Consumer,SKU-1002,Electronics,Smart Home Hub,2,202.52,137.45,0,405.04,130.14,Completed
ORD-504020,2026-04-12,West,Los Angeles DC,Small Business,SKU-1009,Apparel,Travel Backpack,1,145.86,81.38,0,145.86,64.48,Completed
ORD-504021,2026-04-12,West,Seattle DC,Consumer,SKU-1004,Home,Air Purifier,1,39.43,23.74,0,39.43,15.69,Completed
ORD-504022,2026-04-12,East,Miami DC,Enterprise,SKU-1010,Beauty,Skin Care Kit,1,212.38,144.24,0.05,201.76,57.52,Completed
ORD-504023,2026-04-12,Central,Chicago DC,Small Business,SKU-1012,Beauty,Fragrance Set,1,138.55,68.54,0,138.55,70.01,Returned
ORD-504024,2026-04-12,West,Denver DC,Small Business,SKU-1010,Beauty,Skin Care Kit,1,212.38,144.24,0,212.38,68.14,Completed
ORD-504025,2026-04-12,West,Seattle DC,Consumer,SKU-1001,Electronics,Noise-Canceling Headphones,3,202.4,94.45,0,607.2,323.85,Completed
ORD-504026,2026-04-12,East,New Jersey DC,Enterprise,SKU-1002,Electronics,Smart Home Hub,1,202.52,137.45,0.05,192.39,54.94,Completed
ORD-504027,2026-04-12,East,Miami DC,Enterprise,SKU-1002,Electronics,Smart Home Hub,4,202.52,137.45,0,810.08,260.28,Completed
ORD-504028,2026-04-12,West,Los Angeles DC,Small Business,SKU-1011,Beauty,Hair Dryer,4,35.1,16.43,0.1,126.36,60.64,Completed
ORD-504029,2026-04-12,West,Seattle DC,Small Business,SKU-1010,Beauty,Skin Care Kit,1,212.38,144.24,0.1,191.14,46.9,Completed
ORD-504030,2026-04-12,Central,Dallas DC,Enterprise,SKU-1004,Home,Air Purifier,4,39.43,23.74,0,157.72,62.76,Completed
ORD-504031,2026-04-12,East,New Jersey DC,Small Business,SKU-1007,Apparel,Performance Jacket,1,259.88,171.94,0,259.88,87.94,Completed
ORD-504032,2026-04-12,Central,Dallas DC,Consumer,SKU-1009,Apparel,Travel Backpack,2,145.86,81.38,0,291.72,128.96,Completed
ORD-504033,2026-04-12,West,Denver DC,Small Business,SKU-1008,Apparel,Running Shoes,1,88.43,59.11,0.15,75.17,16.06,Completed
ORD-504034,2026-04-12,East,New Jersey DC,Consumer,SKU-1002,Electronics,Smart Home Hub,2,202.52,137.45,0,405.04,130.14,Completed
ORD-504035,2026-04-12,East,Atlanta DC,Small Business,SKU-1006,Home,Kitchen Organizer,1,100.06,51.21,0,100.06,48.85,Completed
ORD-504036,2026-04-12,Central,Chicago DC,Consumer,SKU-1011,Beauty,Hair Dryer,1,35.1,16.43,0.15,29.84,13.41,Completed
ORD-504037,2026-04-12,West,Seattle DC,Enterprise,SKU-1008,Apparel,Running Shoes,1,88.43,59.11,0.05,84.01,24.9,Returned
ORD-504038,2026-04-12,East,Miami DC,Enterprise,SKU-1003,Electronics,Portable Charger,2,132.63,59.06,0.1,238.73,120.61,Completed
ORD-504039,2026-04-12,East,Miami DC,Consumer,SKU-1006,Home,Kitchen Organizer,1,100.06,51.21,0,100.06,48.85,Completed
ORD-504040,2026-04-12,West,Seattle DC,Small Business,SKU-1005,Home,Bedding Set,3,134.44,81.31,0,403.32,159.39,Completed
ORD-504041,2026-04-12,Central,Dallas DC,Small Business,SKU-1004,Home,Air Purifier,1,39.43,23.74,0.1,35.49,11.75,Completed
ORD-504042,2026-04-12,Central,Chicago DC,Consumer,SKU-1004,Home,Air Purifier,1,39.43,23.74,0.15,33.52,9.78,Completed
ORD-504043,2026-04-12,West,Los Angeles DC,Consumer,SKU-1002,Electronics,Smart Home Hub,2,202.52,137.45,0.05,384.79,109.89,Completed
ORD-504044,2026-04-12,East,Atlanta DC,Small Business,SKU-1010,Beauty,Skin Care Kit,3,212.38,144.24,0,637.14,204.42,Returned
ORD-504045,2026-04-12,West,Denver DC,Enterprise,SKU-1006,Home,Kitchen Organizer,2,100.06,51.21,0.15,170.1,67.68,Returned
ORD-504046,2026-04-12,West,Seattle DC,Small Business,SKU-1010,Beauty,Skin Care Kit,2,212.38,144.24,0,424.76,136.28,Completed
ORD-504047,2026-04-12,West,Denver DC,Small Business,SKU-1003,Electronics,Portable Charger,1,132.63,59.06,0.1,119.37,60.31,Completed
ORD-504048,2026-04-12,West,Denver DC,Enterprise,SKU-1004,Home,Air Purifier,1,39.43,23.74,0,39.43,15.69,Completed
ORD-504049,2026-04-12,West,Denver DC,Enterprise,SKU-1009,Apparel,Travel Backpack,2,145.86,81.38,0,291.72,128.96,Completed
ORD-504050,2026-04-12,Central,Chicago DC,Consumer,SKU-1003,Electronics,Portable Charger,1,132.63,59.06,0.15,112.74,53.68,Returned
ORD-504051,2026-04-12,East,Atlanta DC,Small Business,SKU-1001,Electronics,Noise-Canceling Headphones,2,202.4,94.45,0,404.8,215.9,Completed
ORD-504052,2026-04-12,Central,Chicago DC,Enterprise,SKU-1002,Electronics,Smart Home Hub,1,202.52,137.45,0,202.52,65.07,Completed
ORD-504053,2026-04-12,West,Los Angeles DC,Enterprise,SKU-1003,Electronics,Portable Charger,1,132.63,59.06,0,132.63,73.57,Completed
ORD-504054,2026-04-12,Central,Minneapolis DC,Consumer,SKU-1008,Apparel,Running Shoes,2,88.43,59.11,0,176.86,58.64,Completed
ORD-504055,2026-04-13,West,Denver DC,Small Business,SKU-1010,Beauty,Skin Care Kit,2,212.38,144.24,0.1,382.28,93.8,Completed
ORD-504056,2026-04-13,Central,Dallas DC,Enterprise,SKU-1008,Apparel,Running Shoes,1,88.43,59.11,0,88.43,29.32,Completed
ORD-504057,2026-04-13,West,Denver DC,Enterprise,SKU-1009,Apparel,Travel Backpack,1,145.86,81.38,0.1,131.27,49.89,Completed
ORD-504058,2026-04-13,East,Atlanta DC,Enterprise,SKU-1006,Home,Kitchen Organizer,2,100.06,51.21,0.15,170.1,67.68,Completed
ORD-504059,2026-04-13,East,New Jersey DC,Small Business,SKU-1007,Apparel,Performance Jacket,4,259.88,171.94,0.1,935.57,247.81,Completed
ORD-504060,2026-04-13,West,Denver DC,Enterprise,SKU-1002,Electronics,Smart Home Hub,1,202.52,137.45,0.05,192.39,54.94,Completed
ORD-504061,2026-04-13,West,Denver DC,Small Business,SKU-1012,Beauty,Fragrance Set,1,138.55,68.54,0.1,124.7,56.16,Completed
ORD-504062,2026-04-13,Central,Chicago DC,Enterprise,SKU-1006,Home,Kitchen Organizer,2,100.06,51.21,0,200.12,97.7,Completed
ORD-504063,2026-04-13,West,Los Angeles DC,Small Business,SKU-1003,Electronics,Portable Charger,1,132.63,59.06,0.05,126.0,66.94,Completed
ORD-504064,2026-04-13,East,Miami DC,Consumer,SKU-1002,Electronics,Smart Home Hub,1,202.52,137.45,0.15,172.14,34.69,Completed
ORD-504065,2026-04-13,West,Los Angeles DC,Small Business,SKU-1012,Beauty,Fragrance Set,2,138.55,68.54,0,277.1,140.02,Completed
ORD-504066,2026-04-13,Central,Dallas DC,Consumer,SKU-1009,Apparel,Travel Backpack,1,145.86,81.38,0.05,138.57,57.19,Completed
ORD-504067,2026-04-13,Central,Chicago DC,Small Business,SKU-1009,Apparel,Travel Backpack,1,145.86,81.38,0,145.86,64.48,Completed
ORD-504068,2026-04-13,West,Seattle DC,Small Business,SKU-1010,Beauty,Skin Care Kit,1,212.38,144.24,0.1,191.14,46.9,Completed
ORD-504069,2026-04-13,West,Seattle DC,Consumer,SKU-1003,Electronics,Portable Charger,1,132.63,59.06,0.05,126.0,66.94,Completed
ORD-504070,2026-04-13,West,Denver DC,Consumer,SKU-1006,Home,Kitchen Organizer,1,100.06,51.21,0,100.06,48.85,Completed
ORD-504071,2026-04-13,West,Denver DC,Small Business,SKU-1012,Beauty,Fragrance Set,1,138.55,68.54,0,138.55,70.01,Completed
ORD-504072,2026-04-13,East,New Jersey DC,Enterprise,SKU-1008,Apparel,Running Shoes,1,88.43,59.11,0.15,75.17,16.06,Completed
ORD-504073,2026-04-13,East,Atlanta DC,Enterprise,SKU-1001,Electronics,Noise-Canceling Headphones,1,202.4,94.45,0,202.4,107.95,Completed
ORD-504074,2026-04-13,West,Los Angeles DC,Consumer,SKU-1008,Apparel,Running Shoes,1,88.43,59.11,0.1,79.59,20.48,Completed
ORD-504075,2026-04-13,West,Los Angeles DC,Small Business,SKU-1010,Beauty,Skin Care Kit,1,212.38,144.24,0.05,201.76,57.52,Completed
ORD-504076,2026-04-13,West,Denver DC,Consumer,SKU-1004,Home,Air Purifier,2,39.43,23.74,0.05,74.92,27.44,Completed
ORD-504077,2026-04-13,West,Seattle DC,Small Business,SKU-1007,Apparel,Performance Jacket,1,259.88,171.94,0,259.88,87.94,Completed
ORD-504078,2026-04-13,East,Atlanta DC,Small Business,SKU-1003,Electronics,Portable Charger,3,132.63,59.06,0,397.89,220.71,Cancelled
ORD-504079,2026-04-13,West,Denver DC,Enterprise,SKU-1004,Home,Air Purifier,1,39.43,23.74,0,39.43,15.69,Completed
ORD-504080,2026-04-13,West,Seattle DC,Enterprise,SKU-1010,Beauty,Skin Care Kit,3,212.38,144.24,0,637.14,204.42,Completed
ORD-504081,2026-04-13,West,Seattle DC,Enterprise,SKU-1010,Beauty,Skin Care Kit,1,212.38,144.24,0.15,180.52,36.28,Cancelled
ORD-504082,2026-04-13,West,Seattle DC,Enterprise,SKU-1004,Home,Air Purifier,1,39.43,23.74,0,39.43,15.69,Completed
ORD-504083,2026-04-13,West,Denver DC,Consumer,SKU-1010,Beauty,Skin Care Kit,2,212.38,144.24,0,424.76,136.28,Completed
ORD-504084,2026-04-13,Central,Chicago DC,Consumer,SKU-1006,Home,Kitchen Organizer,1,100.06,51.21,0.05,95.06,43.85,Completed
ORD-504085,2026-04-13,West,Los Angeles DC,Consumer,SKU-1001,Electronics,Noise-Canceling Headphones,4,202.4,94.45,0.15,688.16,310.36,Completed
ORD-504086,2026-04-13,East,Miami DC,Enterprise,SKU-1003,Electronics,Portable Charger,1,132.63,59.06,0.1,119.37,60.31,Completed
ORD-504087,2026-04-13,Central,Minneapolis DC,Small Business,SKU-1004,Home,Air Purifier,3,39.43,23.74,0,118.29,47.07,Completed
ORD-504088,2026-04-13,West,Los Angeles DC,Enterprise,SKU-1001,Electronics,Noise-Canceling Headphones,1,202.4,94.45,0.15,172.04,77.59,Completed
ORD-504089,2026-04-13,Central,Dallas DC,Small Business,SKU-1011,Beauty,Hair Dryer,1,35.1,16.43,0,35.1,18.67,Completed
ORD-504090,2026-04-13,East,Miami DC,Consumer,SKU-1003,Electronics,Portable Charger,2,132.63,59.06,0.1,238.73,120.61,Completed
ORD-504091,2026-04-13,Central,Chicago DC,Small Business,SKU-1010,Beauty,Skin Care Kit,2,212.38,144.24,0,424.76,136.28,Completed
ORD-504092,2026-04-13,West,Denver DC,Consumer,SKU-1009,Apparel,Travel Backpack,1,145.86,81.38,0,145.86,64.48,Completed
ORD-504093,2026-04-13,West,Seattle DC,Enterprise,SKU-1010,Beauty,Skin Care Kit,3,212.38,144.24,0,637.14,204.42,Completed
ORD-504094,2026-04-14,Central,Minneapolis DC,Small Business,SKU-1001,Electronics,Noise-Canceling Headphones,1,202.4,94.45,0.15,172.04,77.59,Completed
ORD-504095,2026-04-14,West,Los Angeles DC,Enterprise,SKU-1007,Apparel,Performance Jacket,1,259.88,171.94,0.15,220.9,48.96,Completed
ORD-504096,2026-04-14,East,Atlanta DC,Enterprise,SKU-1006,Home,Kitchen Organizer,1,100.06,51.21,0.05,95.06,43.85,Completed
ORD-504097,2026-04-14,West,Los Angeles DC,Enterprise,SKU-1001,Electronics,Noise-Canceling Headphones,1,202.4,94.45,0,202.4,107.95,Completed
ORD-504098,2026-04-14,West,Los Angeles DC,Enterprise,SKU-1003,Electronics,Portable Charger,1,132.63,59.06,0,132.63,73.57,Completed
ORD-504099,2026-04-14,West,Seattle DC,Small Business,SKU-1001,Electronics,Noise-Canceling Headphones,1,202.4,94.45,0.05,192.28,97.83,Completed
ORD-504100,2026-04-14,East,Miami DC,Consumer,SKU-1011,Beauty,Hair Dryer,1,35.1,16.43,0,35.1,18.67,Completed
ORD-504101,2026-04-14,East,Atlanta DC,Small Business,SKU-1006,Home,Kitchen Organizer,1,100.06,51.21,0,100.06,48.85,Completed
ORD-504102,2026-04-14,West,Denver DC,Enterprise,SKU-1009,Apparel,Travel Backpack,2,145.86,81.38,0.1,262.55,99.79,Completed
ORD-504103,2026-04-14,East,New Jersey DC,Small Business,SKU-1003,Electronics,Portable Charger,1,132.63,59.06,0,132.63,73.57,Completed
ORD-504104,2026-04-14,Central,Dallas DC,Enterprise,SKU-1005,Home,Bedding Set,4,134.44,81.31,0,537.76,212.52,Returned
ORD-504105,2026-04-14,West,Seattle DC,Small Business,SKU-1012,Beauty,Fragrance Set,1,138.55,68.54,0.15,117.77,49.23,Returned
ORD-504106,2026-04-14,West,Los Angeles DC,Small Business,SKU-1010,Beauty,Skin Care Kit,2,212.38,144.24,0.15,361.05,72.57,Completed
ORD-504107,2026-04-14,East,Atlanta DC,Enterprise,SKU-1010,Beauty,Skin Care Kit,1,212.38,144.24,0,212.38,68.14,Returned
ORD-504108,2026-04-14,Central,Minneapolis DC,Small Business,SKU-1012,Beauty,Fragrance Set,1,138.55,68.54,0,138.55,70.01,Completed
ORD-504109,2026-04-14,Central,Dallas DC,Enterprise,SKU-1005,Home,Bedding Set,1,134.44,81.31,0.1,121.0,39.69,Completed
ORD-504110,2026-04-14,East,Miami DC,Small Business,SKU-1010,Beauty,Skin Care Kit,1,212.38,144.24,0,212.38,68.14,Completed
ORD-504111,2026-04-14,East,New Jersey DC,Consumer,SKU-1012,Beauty,Fragrance Set,2,138.55,68.54,0.05,263.25,126.16,Completed
ORD-504112,2026-04-14,East,New Jersey DC,Consumer,SKU-1009,Apparel,Travel Backpack,1,145.86,81.38,0.15,123.98,42.6,Completed
ORD-504113,2026-04-14,East,Miami DC,Enterprise,SKU-1006,Home,Kitchen Organizer,2,100.06,51.21,0,200.12,97.7,Completed
ORD-504114,2026-04-14,West,Denver DC,Consumer,SKU-1007,Apparel,Performance Jacket,1,259.88,171.94,0,259.88,87.94,Completed
ORD-504115,2026-04-14,Central,Dallas DC,Enterprise,SKU-1004,Home,Air Purifier,1,39.43,23.74,0.05,37.46,13.72,Completed
ORD-504116,2026-04-14,West,Seattle DC,Enterprise,SKU-1004,Home,Air Purifier,1,39.43,23.74,0,39.43,15.69,Completed
ORD-504117,2026-04-14,Central,Dallas DC,Small Business,SKU-1010,Beauty,Skin Care Kit,2,212.38,144.24,0.15,361.05,72.57,Completed
ORD-504118,2026-04-14,West,Seattle DC,Consumer,SKU-1001,Electronics,Noise-Canceling Headphones,2,202.4,94.45,0,404.8,215.9,Completed
ORD-504119,2026-04-14,East,New Jersey DC,Consumer,SKU-1002,Electronics,Smart Home Hub,3,202.52,137.45,0.1,546.8,134.45,Completed
ORD-504120,2026-04-14,West,Seattle DC,Consumer,SKU-1005,Home,Bedding Set,1,134.44,81.31,0,134.44,53.13,Completed
ORD-504121,2026-04-14,Central,Chicago DC,Small Business,SKU-1001,Electronics,Noise-Canceling Headphones,2,202.4,94.45,0.15,344.08,155.18,Completed
ORD-504122,2026-04-14,Central,Dallas DC,Consumer,SKU-1009,Apparel,Travel Backpack,1,145.86,81.38,0.05,138.57,57.19,Completed
ORD-504123,2026-04-14,East,Atlanta DC,Small Business,SKU-1001,Electronics,Noise-Canceling Headphones,1,202.4,94.45,0,202.4,107.95,Completed
ORD-504124,2026-04-14,East,Atlanta DC,Enterprise,SKU-1008,Apparel,Running Shoes,2,88.43,59.11,0,176.86,58.64,Completed
ORD-504125,2026-04-14,East,Atlanta DC,Consumer,SKU-1001,Electronics,Noise-Canceling Headphones,3,202.4,94.45,0,607.2,323.85,Completed
ORD-504126,2026-04-14,West,Denver DC,Consumer,SKU-1012,Beauty,Fragrance Set,1,138.55,68.54,0.1,124.7,56.16,Completed
ORD-504127,2026-04-14,Central,Dallas DC,Consumer,SKU-1007,Apparel,Performance Jacket,2,259.88,171.94,0.05,493.77,149.89,Returned
ORD-504128,2026-04-14,East,Miami DC,Enterprise,SKU-1005,Home,Bedding Set,2,134.44,81.31,0,268.88,106.26,Completed
ORD-504129,2026-04-14,Central,Chicago DC,Consumer,SKU-1005,Home,Bedding Set,1,134.44,81.31,0,134.44,53.13,Completed
ORD-504130,2026-04-14,West,Los Angeles DC,Small Business,SKU-1012,Beauty,Fragrance Set,1,138.55,68.54,0,138.55,70.01,Completed
ORD-504131,2026-04-14,West,Los Angeles DC,Small Business,SKU-1006,Home,Kitchen Organizer,3,100.06,51.21,0.15,255.15,101.52,Completed
ORD-504132,2026-04-14,East,New Jersey DC,Enterprise,SKU-1010,Beauty,Skin Care Kit,1,212.38,144.24,0,212.38,68.14,Completed
ORD-504133,2026-04-14,West,Denver DC,Enterprise,SKU-1008,Apparel,Running Shoes,1,88.43,59.11,0.1,79.59,20.48,Completed
ORD-504134,2026-04-15,East,Miami DC,Enterprise,SKU-1009,Apparel,Travel Backpack,1,145.86,81.38,0.1,131.27,49.89,Completed
ORD-504135,2026-04-15,Central,Minneapolis DC,Consumer,SKU-1004,Home,Air Purifier,3,39.43,23.74,0.15,100.55,29.33,Completed
ORD-504136,2026-04-15,Central,Chicago DC,Consumer,SKU-1001,Electronics,Noise-Canceling Headphones,3,202.4,94.45,0.1,546.48,263.13,Completed
ORD-504137,2026-04-15,East,New Jersey DC,Enterprise,SKU-1005,Home,Bedding Set,1,134.44,81.31,0,134.44,53.13,Completed
ORD-504138,2026-04-15,Central,Minneapolis DC,Small Business,SKU-1005,Home,Bedding Set,1,134.44,81.31,0.15,114.27,32.96,Completed
ORD-504139,2026-04-15,East,New Jersey DC,Consumer,SKU-1001,Electronics,Noise-Canceling Headphones,2,202.4,94.45,0,404.8,215.9,Completed
ORD-504140,2026-04-15,West,Seattle DC,Small Business,SKU-1002,Electronics,Smart Home Hub,1,202.52,137.45,0.05,192.39,54.94,Completed
ORD-504141,2026-04-15,West,Denver DC,Consumer,SKU-1002,Electronics,Smart Home Hub,1,202.52,137.45,0.05,192.39,54.94,Completed
ORD-504142,2026-04-15,Central,Dallas DC,Consumer,SKU-1002,Electronics,Smart Home Hub,4,202.52,137.45,0.1,729.07,179.27,Completed
ORD-504143,2026-04-15,Central,Minneapolis DC,Enterprise,SKU-1009,Apparel,Travel Backpack,1,145.86,81.38,0,145.86,64.48,Completed
ORD-504144,2026-04-15,West,Seattle DC,Enterprise,SKU-1004,Home,Air Purifier,1,39.43,23.74,0.05,37.46,13.72,Completed
ORD-504145,2026-04-15,Central,Dallas DC,Small Business,SKU-1006,Home,Kitchen Organizer,1,100.06,51.21,0.1,90.05,38.84,Returned
ORD-504146,2026-04-15,East,New Jersey DC,Small Business,SKU-1002,Electronics,Smart Home Hub,4,202.52,137.45,0,810.08,260.28,Completed
ORD-504147,2026-04-15,East,Miami DC,Enterprise,SKU-1004,Home,Air Purifier,1,39.43,23.74,0.05,37.46,13.72,Completed
ORD-504148,2026-04-15,Central,Minneapolis DC,Consumer,SKU-1001,Electronics,Noise-Canceling Headphones,1,202.4,94.45,0,202.4,107.95,Completed
ORD-504149,2026-04-15,West,Los Angeles DC,Enterprise,SKU-1008,Apparel,Running Shoes,1,88.43,59.11,0.05,84.01,24.9,Completed
ORD-504150,2026-04-15,West,Denver DC,Consumer,SKU-1009,Apparel,Travel Backpack,1,145.86,81.38,0,145.86,64.48,Completed
ORD-504151,2026-04-15,West,Seattle DC,Enterprise,SKU-1001,Electronics,Noise-Canceling Headphones,1,202.4,94.45,0.1,182.16,87.71,Completed
ORD-504152,2026-04-15,West,Los Angeles DC,Consumer,SKU-1004,Home,Air Purifier,1,39.43,23.74,0.05,37.46,13.72,Completed
ORD-504153,2026-04-15,West,Los Angeles DC,Consumer,SKU-1011,Beauty,Hair Dryer,3,35.1,16.43,0.15,89.51,40.22,Completed
ORD-504154,2026-04-15,West,Seattle DC,Consumer,SKU-1008,Apparel,Running Shoes,1,88.43,59.11,0.1,79.59,20.48,Completed
ORD-504155,2026-04-15,West,Denver DC,Small Business,SKU-1011,Beauty,Hair Dryer,1,35.1,16.43,0,35.1,18.67,Completed
ORD-504156,2026-04-15,East,Miami DC,Small Business,SKU-1003,Electronics,Portable Charger,1,132.63,59.06,0.1,119.37,60.31,Completed
ORD-504157,2026-04-15,West,Seattle DC,Small Business,SKU-1008,Apparel,Running Shoes,3,88.43,59.11,0,265.29,87.96,Returned
ORD-504158,2026-04-15,West,Seattle DC,Consumer,SKU-1004,Home,Air Purifier,1,39.43,23.74,0.15,33.52,9.78,Completed
ORD-504159,2026-04-15,West,Denver DC,Enterprise,SKU-1008,Apparel,Running Shoes,4,88.43,59.11,0.05,336.03,99.59,Completed
ORD-504160,2026-04-15,East,New Jersey DC,Consumer,SKU-1011,Beauty,Hair Dryer,2,35.1,16.43,0,70.2,37.34,Completed
ORD-504161,2026-04-15,East,Atlanta DC,Small Business,SKU-1003,Electronics,Portable Charger,1,132.63,59.06,0,132.63,73.57,Completed
ORD-504162,2026-04-15,Central,Chicago DC,Consumer,SKU-1007,Apparel,Performance Jacket,1,259.88,171.94,0,259.88,87.94,Completed
ORD-504163,2026-04-15,West,Los Angeles DC,Consumer,SKU-1001,Electronics,Noise-Canceling Headphones,1,202.4,94.45,0,202.4,107.95,Completed
ORD-504164,2026-04-15,West,Denver DC,Enterprise,SKU-1012,Beauty,Fragrance Set,1,138.55,68.54,0.05,131.62,63.08,Returned
ORD-504165,2026-04-15,East,Miami DC,Small Business,SKU-1009,Apparel,Travel Backpack,1,145.86,81.38,0.15,123.98,42.6,Completed
ORD-504166,2026-04-15,West,Seattle DC,Consumer,SKU-1003,Electronics,Portable Charger,1,132.63,59.06,0.05,126.0,66.94,Completed
ORD-504167,2026-04-15,West,Los Angeles DC,Small Business,SKU-1006,Home,Kitchen Organizer,1,100.06,51.21,0,100.06,48.85,Returned
ORD-504168,2026-04-16,West,Denver DC,Consumer,SKU-1003,Electronics,Portable Charger,2,132.63,59.06,0.15,225.47,107.35,Completed
ORD-504169,2026-04-16,East,Atlanta DC,Small Business,SKU-1002,Electronics,Smart Home Hub,1,202.52,137.45,0.1,182.27,44.82,Returned
ORD-504170,2026-04-16,West,Denver DC,Small Business,SKU-1012,Beauty,Fragrance Set,1,138.55,68.54,0.15,117.77,49.23,Completed
ORD-504171,2026-04-16,East,New Jersey DC,Enterprise,SKU-1010,Beauty,Skin Care Kit,1,212.38,144.24,0.15,180.52,36.28,Completed
ORD-504172,2026-04-16,East,Atlanta DC,Small Business,SKU-1002,Electronics,Smart Home Hub,2,202.52,137.45,0.05,384.79,109.89,Completed
ORD-504173,2026-04-16,West,Seattle DC,Small Business,SKU-1009,Apparel,Travel Backpack,1,145.86,81.38,0,145.86,64.48,Completed
ORD-504174,2026-04-16,East,Miami DC,Enterprise,SKU-1004,Home,Air Purifier,3,39.43,23.74,0.1,106.46,35.24,Completed
ORD-504175,2026-04-16,West,Seattle DC,Consumer,SKU-1002,Electronics,Smart Home Hub,2,202.52,137.45,0,405.04,130.14,Completed
ORD-504176,2026-04-16,Central,Dallas DC,Small Business,SKU-1009,Apparel,Travel Backpack,3,145.86,81.38,0.1,393.82,149.68,Returned
ORD-504177,2026-04-16,East,Miami DC,Enterprise,SKU-1003,Electronics,Portable Charger,1,132.63,59.06,0.1,119.37,60.31,Completed
ORD-504178,2026-04-16,East,Atlanta DC,Enterprise,SKU-1010,Beauty,Skin Care Kit,1,212.38,144.24,0,212.38,68.14,Completed
ORD-504179,2026-04-16,Central,Chicago DC,Small Business,SKU-1007,Apparel,Performance Jacket,1,259.88,171.94,0.05,246.89,74.95,Completed
ORD-504180,2026-04-16,East,Atlanta DC,Enterprise,SKU-1006,Home,Kitchen Organizer,3,100.06,51.21,0.05,285.17,131.54,Completed
ORD-504181,2026-04-16,East,Miami DC,Small Business,SKU-1011,Beauty,Hair Dryer,2,35.1,16.43,0.1,63.18,30.32,Completed
ORD-504182,2026-04-16,East,Atlanta DC,Consumer,SKU-1011,Beauty,Hair Dryer,2,35.1,16.43,0.1,63.18,30.32,Completed
ORD-504183,2026-04-16,Central,Minneapolis DC,Consumer,SKU-1007,Apparel,Performance Jacket,1,259.88,171.94,0,259.88,87.94,Completed
ORD-504184,2026-04-16,East,Atlanta DC,Consumer,SKU-1009,Apparel,Travel Backpack,1,145.86,81.38,0,145.86,64.48,Completed
ORD-504185,2026-04-16,Central,Chicago DC,Enterprise,SKU-1001,Electronics,Noise-Canceling Headphones,1,202.4,94.45,0,202.4,107.95,Completed
ORD-504186,2026-04-16,East,New Jersey DC,Consumer,SKU-1004,Home,Air Purifier,2,39.43,23.74,0.15,67.03,19.55,Completed
ORD-504187,2026-04-16,West,Denver DC,Small Business,SKU-1007,Apparel,Performance Jacket,1,259.88,171.94,0,259.88,87.94,Completed
ORD-504188,2026-04-16,Central,Minneapolis DC,Enterprise,SKU-1006,Home,Kitchen Organizer,1,100.06,51.21,0.15,85.05,33.84,Completed
ORD-504189,2026-04-16,West,Los Angeles DC,Small Business,SKU-1010,Beauty,Skin Care Kit,2,212.38,144.24,0.05,403.52,115.04,Completed
ORD-504190,2026-04-16,East,Atlanta DC,Enterprise,SKU-1011,Beauty,Hair Dryer,1,35.1,16.43,0,35.1,18.67,Completed
ORD-504191,2026-04-16,West,Denver DC,Consumer,SKU-1010,Beauty,Skin Care Kit,1,212.38,144.24,0,212.38,68.14,Cancelled
ORD-504192,2026-04-16,West,Los Angeles DC,Enterprise,SKU-1001,Electronics,Noise-Canceling Headphones,1,202.4,94.45,0,202.4,107.95,Completed
ORD-504193,2026-04-16,West,Los Angeles DC,Consumer,SKU-1002,Electronics,Smart Home Hub,2,202.52,137.45,0,405.04,130.14,Completed
ORD-504194,2026-04-16,East,New Jersey DC,Enterprise,SKU-1006,Home,Kitchen Organizer,1,100.06,51.21,0,100.06,48.85,Completed
ORD-504195,2026-04-16,East,New Jersey DC,Small Business,SKU-1006,Home,Kitchen Organizer,1,100.06,51.21,0,100.06,48.85,Completed
ORD-504196,2026-04-16,West,Los Angeles DC,Enterprise,SKU-1008,Apparel,Running Shoes,1,88.43,59.11,0,88.43,29.32,Completed
ORD-504197,2026-04-16,West,Denver DC,Consumer,SKU-1010,Beauty,Skin Care Kit,1,212.38,144.24,0.1,191.14,46.9,Completed
ORD-504198,2026-04-16,West,Los Angeles DC,Enterprise,SKU-1002,Electronics,Smart Home Hub,1,202.52,137.45,0,202.52,65.07,Completed
ORD-504199,2026-04-16,Central,Minneapolis DC,Small Business,SKU-1002,Electronics,Smart Home Hub,1,202.52,137.45,0.1,182.27,44.82,Completed
ORD-504200,2026-04-16,West,Seattle DC,Enterprise,SKU-1003,Electronics,Portable Charger,1,132.63,59.06,0,132.63,73.57,Completed
ORD-504201,2026-04-16,East,Miami DC,Small Business,SKU-1003,Electronics,Portable Charger,1,132.63,59.06,0,132.63,73.57,Completed
ORD-504202,2026-04-16,West,Denver DC,Enterprise,SKU-1009,Apparel,Travel Backpack,4,145.86,81.38,0.05,554.27,228.75,Completed
ORD-504203,2026-04-16,Central,Dallas DC,Enterprise,SKU-1001,Electronics,Noise-Canceling Headphones,3,202.4,94.45,0.1,546.48,263.13,Completed
ORD-504204,2026-04-16,Central,Chicago DC,Enterprise,SKU-1006,Home,Kitchen Organizer,2,100.06,51.21,0,200.12,97.7,Completed
ORD-504205,2026-04-16,East,Atlanta DC,Enterprise,SKU-1001,Electronics,Noise-Canceling Headphones,3,202.4,94.45,0,607.2,323.85,Completed
ORD-504206,2026-04-16,Central,Chicago DC,Small Business,SKU-1011,Beauty,Hair Dryer,1,35.1,16.43,0,35.1,18.67,Completed
ORD-504207,2026-04-16,Central,Minneapolis DC,Consumer,SKU-1007,Apparel,Performance Jacket,2,259.88,171.94,0.15,441.8,97.92,Completed
ORD-504208,2026-04-16,West,Denver DC,Small Business,SKU-1008,Apparel,Running Shoes,1,88.43,59.11,0.1,79.59,20.48,Returned
ORD-504209,2026-04-16,East,Miami DC,Enterprise,SKU-1009,Apparel,Travel Backpack,1,145.86,81.38,0.05,138.57,57.19,Completed
ORD-504210,2026-04-16,East,New Jersey DC,Small Business,SKU-1007,Apparel,Performance Jacket,1,259.88,171.94,0.05,246.89,74.95,Completed
ORD-504211,2026-04-16,West,Seattle DC,Small Business,SKU-1003,Electronics,Portable Charger,1,132.63,59.06,0,132.63,73.57,Completed
ORD-504212,2026-04-16,West,Denver DC,Enterprise,SKU-1010,Beauty,Skin Care Kit,1,212.38,144.24,0.05,201.76,57.52,Completed
ORD-504213,2026-04-16,West,Seattle DC,Consumer,SKU-1004,Home,Air Purifier,1,39.43,23.74,0,39.43,15.69,Completed
ORD-504214,2026-04-16,Central,Minneapolis DC,Small Business,SKU-1009,Apparel,Travel Backpack,1,145.86,81.38,0,145.86,64.48,Completed
ORD-504215,2026-04-16,Central,Chicago DC,Small Business,SKU-1011,Beauty,Hair Dryer,1,35.1,16.43,0,35.1,18.67,Completed
ORD-504216,2026-04-16,Central,Dallas DC,Small Business,SKU-1006,Home,Kitchen Organizer,2,100.06,51.21,0.05,190.11,87.69,Cancelled
ORD-504217,2026-04-17,West,Seattle DC,Enterprise,SKU-1012,Beauty,Fragrance Set,3,138.55,68.54,0.1,374.09,168.47,Completed
ORD-504218,2026-04-17,West,Los Angeles DC,Enterprise,SKU-1010,Beauty,Skin Care Kit,3,212.38,144.24,0.1,573.43,140.71,Completed
ORD-504219,2026-04-17,Central,Dallas DC,Enterprise,SKU-1008,Apparel,Running Shoes,1,88.43,59.11,0.1,79.59,20.48,Completed
ORD-504220,2026-04-17,West,Los Angeles DC,Enterprise,SKU-1001,Electronics,Noise-Canceling Headphones,1,202.4,94.45,0,202.4,107.95,Completed
ORD-504221,2026-04-17,East,Atlanta DC,Enterprise,SKU-1009,Apparel,Travel Backpack,3,145.86,81.38,0.1,393.82,149.68,Returned
ORD-504222,2026-04-17,East,Atlanta DC,Enterprise,SKU-1011,Beauty,Hair Dryer,1,35.1,16.43,0,35.1,18.67,Completed
ORD-504223,2026-04-17,Central,Dallas DC,Consumer,SKU-1005,Home,Bedding Set,1,134.44,81.31,0.15,114.27,32.96,Completed
ORD-504224,2026-04-17,East,Atlanta DC,Enterprise,SKU-1007,Apparel,Performance Jacket,1,259.88,171.94,0,259.88,87.94,Completed
ORD-504225,2026-04-17,East,New Jersey DC,Consumer,SKU-1011,Beauty,Hair Dryer,2,35.1,16.43,0.05,66.69,33.83,Completed
ORD-504226,2026-04-17,East,Miami DC,Enterprise,SKU-1001,Electronics,Noise-Canceling Headphones,2,202.4,94.45,0.1,364.32,175.42,Completed
ORD-504227,2026-04-17,West,Seattle DC,Small Business,SKU-1007,Apparel,Performance Jacket,4,259.88,171.94,0,1039.52,351.76,Completed
ORD-504228,2026-04-17,West,Los Angeles DC,Enterprise,SKU-1009,Apparel,Travel Backpack,3,145.86,81.38,0,437.58,193.44,Completed
ORD-504229,2026-04-17,Central,Dallas DC,Small Business,SKU-1008,Apparel,Running Shoes,2,88.43,59.11,0,176.86,58.64,Completed
ORD-504230,2026-04-17,West,Los Angeles DC,Consumer,SKU-1001,Electronics,Noise-Canceling Headphones,2,202.4,94.45,0,404.8,215.9,Completed
ORD-504231,2026-04-17,Central,Minneapolis DC,Enterprise,SKU-1002,Electronics,Smart Home Hub,1,202.52,137.45,0,202.52,65.07,Completed
ORD-504232,2026-04-17,West,Denver DC,Small Business,SKU-1008,Apparel,Running Shoes,1,88.43,59.11,0,88.43,29.32,Completed
ORD-504233,2026-04-17,West,Seattle DC,Enterprise,SKU-1004,Home,Air Purifier,3,39.43,23.74,0.05,112.38,41.16,Completed
ORD-504234,2026-04-17,Central,Chicago DC,Enterprise,SKU-1010,Beauty,Skin Care Kit,1,212.38,144.24,0.1,191.14,46.9,Completed
ORD-504235,2026-04-17,West,Denver DC,Enterprise,SKU-1001,Electronics,Noise-Canceling Headphones,1,202.4,94.45,0,202.4,107.95,Completed
ORD-504236,2026-04-17,Central,Chicago DC,Enterprise,SKU-1005,Home,Bedding Set,1,134.44,81.31,0.05,127.72,46.41,Completed
ORD-504237,2026-04-17,Central,Minneapolis DC,Enterprise,SKU-1008,Apparel,Running Shoes,1,88.43,59.11,0.05,84.01,24.9,Completed
ORD-504238,2026-04-17,Central,Dallas DC,Enterprise,SKU-1008,Apparel,Running Shoes,1,88.43,59.11,0,88.43,29.32,Completed
ORD-504239,2026-04-17,East,Miami DC,Enterprise,SKU-1005,Home,Bedding Set,1,134.44,81.31,0.05,127.72,46.41,Completed
ORD-504240,2026-04-17,East,Atlanta DC,Small Business,SKU-1001,Electronics,Noise-Canceling Headphones,1,202.4,94.45,0,202.4,107.95,Completed
ORD-504241,2026-04-17,East,New Jersey DC,Enterprise,SKU-1004,Home,Air Purifier,2,39.43,23.74,0,78.86,31.38,Completed
ORD-504242,2026-04-17,West,Denver DC,Small Business,SKU-1005,Home,Bedding Set,1,134.44,81.31,0.05,127.72,46.41,Completed
ORD-504243,2026-04-17,East,New Jersey DC,Enterprise,SKU-1011,Beauty,Hair Dryer,1,35.1,16.43,0,35.1,18.67,Completed
ORD-504244,2026-04-17,East,Atlanta DC,Consumer,SKU-1010,Beauty,Skin Care Kit,3,212.38,144.24,0.15,541.57,108.85,Completed
ORD-504245,2026-04-17,West,Denver DC,Small Business,SKU-1011,Beauty,Hair Dryer,2,35.1,16.43,0.05,66.69,33.83,Returned
ORD-504246,2026-04-17,West,Los Angeles DC,Consumer,SKU-1003,Electronics,Portable Charger,1,132.63,59.06,0.15,112.74,53.68,Completed
ORD-504247,2026-04-17,West,Los Angeles DC,Enterprise,SKU-1008,Apparel,Running Shoes,1,88.43,59.11,0.15,75.17,16.06,Returned
ORD-504248,2026-04-17,East,Miami DC,Small Business,SKU-1001,Electronics,Noise-Canceling Headphones,2,202.4,94.45,0.05,384.56,195.66,Completed
ORD-504249,2026-04-17,Central,Chicago DC,Enterprise,SKU-1012,Beauty,Fragrance Set,1,138.55,68.54,0.15,117.77,49.23,Completed
ORD-504250,2026-04-17,Central,Minneapolis DC,Consumer,SKU-1009,Apparel,Travel Backpack,2,145.86,81.38,0,291.72,128.96,Returned
ORD-504251,2026-04-17,Central,Dallas DC,Small Business,SKU-1002,Electronics,Smart Home Hub,1,202.52,137.45,0,202.52,65.07,Completed
ORD-504252,2026-04-17,West,Seattle DC,Small Business,SKU-1004,Home,Air Purifier,2,39.43,23.74,0,78.86,31.38,Completed
ORD-504253,2026-04-17,Central,Chicago DC,Enterprise,SKU-1003,Electronics,Portable Charger,2,132.63,59.06,0.1,238.73,120.61,Completed
ORD-504254,2026-04-17,West,Los Angeles DC,Small Business,SKU-1003,Electronics,Portable Charger,1,132.63,59.06,0.15,112.74,53.68,Completed
ORD-504255,2026-04-17,West,Denver DC,Small Business,SKU-1005,Home,Bedding Set,3,134.44,81.31,0.15,342.82,98.89,Completed
ORD-504256,2026-04-17,Central,Chicago DC,Enterprise,SKU-1008,Apparel,Running Shoes,4,88.43,59.11,0,353.72,117.28,Completed
ORD-504257,2026-04-17,West,Los Angeles DC,Small Business,SKU-1005,Home,Bedding Set,2,134.44,81.31,0.05,255.44,92.82,Cancelled
ORD-504258,2026-04-17,West,Seattle DC,Consumer,SKU-1008,Apparel,Running Shoes,1,88.43,59.11,0.15,75.17,16.06,Completed
ORD-504259,2026-04-17,Central,Chicago DC,Enterprise,SKU-1012,Beauty,Fragrance Set,4,138.55,68.54,0,554.2,280.04,Completed
ORD-504260,2026-04-17,West,Seattle DC,Consumer,SKU-1001,Electronics,Noise-Canceling Headphones,1,202.4,94.45,0.1,182.16,87.71,Completed
ORD-504261,2026-04-17,East,New Jersey DC,Small Business,SKU-1007,Apparel,Performance Jacket,2,259.88,171.94,0.05,493.77,149.89,Completed
ORD-504262,2026-04-18,West,Seattle DC,Consumer,SKU-1007,Apparel,Performance Jacket,1,259.88,171.94,0.05,246.89,74.95,Completed
ORD-504263,2026-04-18,Central,Chicago DC,Small Business,SKU-1011,Beauty,Hair Dryer,1,35.1,16.43,0,35.1,18.67,Completed
ORD-504264,2026-04-18,West,Seattle DC,Consumer,SKU-1001,Electronics,Noise-Canceling Headphones,1,202.4,94.45,0.05,192.28,97.83,Completed
ORD-504265,2026-04-18,West,Denver DC,Small Business,SKU-1003,Electronics,Portable Charger,1,132.63,59.06,0.05,126.0,66.94,Completed
ORD-504266,2026-04-18,Central,Dallas DC,Consumer,SKU-1004,Home,Air Purifier,1,39.43,23.74,0.05,37.46,13.72,Completed
ORD-504267,2026-04-18,East,Miami DC,Small Business,SKU-1007,Apparel,Performance Jacket,1,259.88,171.94,0,259.88,87.94,Completed
ORD-504268,2026-04-18,Central,Minneapolis DC,Small Business,SKU-1007,Apparel,Performance Jacket,1,259.88,171.94,0,259.88,87.94,Completed
ORD-504269,2026-04-18,East,New Jersey DC,Small Business,SKU-1001,Electronics,Noise-Canceling Headphones,2,202.4,94.45,0,404.8,215.9,Completed
ORD-504270,2026-04-18,Central,Chicago DC,Consumer,SKU-1004,Home,Air Purifier,2,39.43,23.74,0.15,67.03,19.55,Completed
ORD-504271,2026-04-18,West,Los Angeles DC,Enterprise,SKU-1005,Home,Bedding Set,2,134.44,81.31,0.15,228.55,65.93,Completed
ORD-504272,2026-04-18,East,New Jersey DC,Enterprise,SKU-1003,Electronics,Portable Charger,2,132.63,59.06,0.1,238.73,120.61,Completed
ORD-504273,2026-04-18,West,Denver DC,Small Business,SKU-1005,Home,Bedding Set,1,134.44,81.31,0.15,114.27,32.96,Completed
ORD-504274,2026-04-18,Central,Chicago DC,Enterprise,SKU-1010,Beauty,Skin Care Kit,2,212.38,144.24,0.05,403.52,115.04,Completed
ORD-504275,2026-04-18,West,Seattle DC,Consumer,SKU-1008,Apparel,Running Shoes,1,88.43,59.11,0,88.43,29.32,Completed
ORD-504276,2026-04-18,West,Denver DC,Consumer,SKU-1002,Electronics,Smart Home Hub,1,202.52,137.45,0,202.52,65.07,Completed
ORD-504277,2026-04-18,East,Miami DC,Small Business,SKU-1003,Electronics,Portable Charger,1,132.63,59.06,0,132.63,73.57,Completed
ORD-504278,2026-04-18,West,Los Angeles DC,Consumer,SKU-1009,Apparel,Travel Backpack,2,145.86,81.38,0,291.72,128.96,Completed
ORD-504279,2026-04-18,Central,Chicago DC,Enterprise,SKU-1005,Home,Bedding Set,1,134.44,81.31,0.05,127.72,46.41,Completed
ORD-504280,2026-04-18,West,Seattle DC,Consumer,SKU-1010,Beauty,Skin Care Kit,1,212.38,144.24,0.1,191.14,46.9,Completed
ORD-504281,2026-04-18,East,Atlanta DC,Small Business,SKU-1005,Home,Bedding Set,4,134.44,81.31,0.05,510.87,185.63,Completed
ORD-504282,2026-04-18,West,Los Angeles DC,Consumer,SKU-1003,Electronics,Portable Charger,1,132.63,59.06,0.1,119.37,60.31,Completed
ORD-504283,2026-04-18,West,Seattle DC,Consumer,SKU-1011,Beauty,Hair Dryer,4,35.1,16.43,0.1,126.36,60.64,Completed
ORD-504284,2026-04-18,Central,Dallas DC,Consumer,SKU-1012,Beauty,Fragrance Set,1,138.55,68.54,0.05,131.62,63.08,Completed
ORD-504285,2026-04-18,West,Denver DC,Consumer,SKU-1009,Apparel,Travel Backpack,1,145.86,81.38,0,145.86,64.48,Completed
ORD-504286,2026-04-18,West,Los Angeles DC,Consumer,SKU-1008,Apparel,Running Shoes,1,88.43,59.11,0,88.43,29.32,Completed
ORD-504287,2026-04-18,Central,Chicago DC,Consumer,SKU-1008,Apparel,Running Shoes,4,88.43,59.11,0,353.72,117.28,Completed
ORD-504288,2026-04-18,West,Denver DC,Small Business,SKU-1002,Electronics,Smart Home Hub,3,202.52,137.45,0,607.56,195.21,Completed
ORD-504289,2026-04-18,West,Seattle DC,Enterprise,SKU-1010,Beauty,Skin Care Kit,1,212.38,144.24,0,212.38,68.14,Completed
ORD-504290,2026-04-18,East,New Jersey DC,Small Business,SKU-1003,Electronics,Portable Charger,1,132.63,59.06,0.15,112.74,53.68,Completed
ORD-504291,2026-04-18,East,New Jersey DC,Consumer,SKU-1001,Electronics,Noise-Canceling Headphones,1,202.4,94.45,0,202.4,107.95,Completed
ORD-504292,2026-04-18,East,New Jersey DC,Small Business,SKU-1010,Beauty,Skin Care Kit,1,212.38,144.24,0.1,191.14,46.9,Cancelled
ORD-504293,2026-04-18,West,Los Angeles DC,Enterprise,SKU-1002,Electronics,Smart Home Hub,1,202.52,137.45,0.15,172.14,34.69,Completed
ORD-504294,2026-04-18,West,Seattle DC,Small Business,SKU-1004,Home,Air Purifier,1,39.43,23.74,0,39.43,15.69,Completed
ORD-504295,2026-04-18,West,Denver DC,Consumer,SKU-1004,Home,Air Purifier,1,39.43,23.74,0.05,37.46,13.72,Completed
ORD-504296,2026-04-18,Central,Minneapolis DC,Consumer,SKU-1009,Apparel,Travel Backpack,2,145.86,81.38,0,291.72,128.96,Completed
ORD-504297,2026-04-18,West,Seattle DC,Consumer,SKU-1012,Beauty,Fragrance Set,2,138.55,68.54,0.15,235.54,98.46,Completed
ORD-504298,2026-04-18,East,Miami DC,Small Business,SKU-1005,Home,Bedding Set,1,134.44,81.31,0.05,127.72,46.41,Completed
ORD-504299,2026-04-18,Central,Dallas DC,Enterprise,SKU-1005,Home,Bedding Set,1,134.44,81.31,0.15,114.27,32.96,Completed
ORD-504300,2026-04-18,West,Denver DC,Small Business,SKU-1009,Apparel,Travel Backpack,1,145.86,81.38,0,145.86,64.48,Completed
ORD-504301,2026-04-18,East,Miami DC,Consumer,SKU-1003,Electronics,Portable Charger,1,132.63,59.06,0.15,112.74,53.68,Completed
ORD-504302,2026-04-18,East,Atlanta DC,Enterprise,SKU-1003,Electronics,Portable Charger,2,132.63,59.06,0.15,225.47,107.35,Completed
ORD-504303,2026-04-18,Central,Chicago DC,Consumer,SKU-1003,Electronics,Portable Charger,1,132.63,59.06,0.05,126.0,66.94,Completed
ORD-504304,2026-04-18,West,Denver DC,Enterprise,SKU-1004,Home,Air Purifier,1,39.43,23.74,0,39.43,15.69,Completed
ORD-504305,2026-04-18,West,Los Angeles DC,Enterprise,SKU-1012,Beauty,Fragrance Set,3,138.55,68.54,0,415.65,210.03,Completed
ORD-504306,2026-04-18,East,Atlanta DC,Consumer,SKU-1005,Home,Bedding Set,1,134.44,81.31,0,134.44,53.13,Returned
ORD-504307,2026-04-18,East,Atlanta DC,Small Business,SKU-1006,Home,Kitchen Organizer,1,100.06,51.21,0.05,95.06,43.85,Completed
ORD-504308,2026-04-19,West,Denver DC,Small Business,SKU-1003,Electronics,Portable Charger,1,132.63,59.06,0,132.63,73.57,Completed
ORD-504309,2026-04-19,West,Los Angeles DC,Consumer,SKU-1005,Home,Bedding Set,3,134.44,81.31,0,403.32,159.39,Completed
ORD-504310,2026-04-19,East,Miami DC,Small Business,SKU-1008,Apparel,Running Shoes,1,88.43,59.11,0,88.43,29.32,Completed
ORD-504311,2026-04-19,East,Miami DC,Consumer,SKU-1006,Home,Kitchen Organizer,1,100.06,51.21,0.15,85.05,33.84,Completed
ORD-504312,2026-04-19,East,Atlanta DC,Enterprise,SKU-1003,Electronics,Portable Charger,2,132.63,59.06,0,265.26,147.14,Completed
ORD-504313,2026-04-19,East,Atlanta DC,Enterprise,SKU-1001,Electronics,Noise-Canceling Headphones,3,202.4,94.45,0,607.2,323.85,Completed
ORD-504314,2026-04-19,Central,Chicago DC,Consumer,SKU-1008,Apparel,Running Shoes,1,88.43,59.11,0.1,79.59,20.48,Completed
ORD-504315,2026-04-19,Central,Chicago DC,Enterprise,SKU-1010,Beauty,Skin Care Kit,1,212.38,144.24,0.05,201.76,57.52,Completed
ORD-504316,2026-04-19,Central,Minneapolis DC,Small Business,SKU-1005,Home,Bedding Set,4,134.44,81.31,0,537.76,212.52,Completed
ORD-504317,2026-04-19,East,New Jersey DC,Small Business,SKU-1005,Home,Bedding Set,1,134.44,81.31,0,134.44,53.13,Completed
ORD-504318,2026-04-19,West,Seattle DC,Consumer,SKU-1009,Apparel,Travel Backpack,1,145.86,81.38,0.05,138.57,57.19,Completed
ORD-504319,2026-04-19,Central,Chicago DC,Small Business,SKU-1003,Electronics,Portable Charger,4,132.63,59.06,0.05,503.99,267.75,Completed
ORD-504320,2026-04-19,East,Miami DC,Consumer,SKU-1005,Home,Bedding Set,1,134.44,81.31,0.15,114.27,32.96,Completed
ORD-504321,2026-04-19,West,Seattle DC,Consumer,SKU-1011,Beauty,Hair Dryer,1,35.1,16.43,0,35.1,18.67,Completed
ORD-504322,2026-04-19,West,Seattle DC,Enterprise,SKU-1010,Beauty,Skin Care Kit,1,212.38,144.24,0,212.38,68.14,Completed
ORD-504323,2026-04-19,Central,Minneapolis DC,Small Business,SKU-1011,Beauty,Hair Dryer,2,35.1,16.43,0,70.2,37.34,Completed
ORD-504324,2026-04-19,East,New Jersey DC,Enterprise,SKU-1011,Beauty,Hair Dryer,1,35.1,16.43,0.1,31.59,15.16,Completed
ORD-504325,2026-04-19,Central,Dallas DC,Enterprise,SKU-1003,Electronics,Portable Charger,1,132.63,59.06,0.05,126.0,66.94,Cancelled
ORD-504326,2026-04-19,West,Seattle DC,Enterprise,SKU-1004,Home,Air Purifier,2,39.43,23.74,0.05,74.92,27.44,Completed
ORD-504327,2026-04-19,West,Seattle DC,Consumer,SKU-1011,Beauty,Hair Dryer,2,35.1,16.43,0,70.2,37.34,Completed
ORD-504328,2026-04-19,West,Los Angeles DC,Small Business,SKU-1001,Electronics,Noise-Canceling Headphones,1,202.4,94.45,0,202.4,107.95,Completed
ORD-504329,2026-04-19,East,Atlanta DC,Enterprise,SKU-1004,Home,Air Purifier,1,39.43,23.74,0,39.43,15.69,Returned
ORD-504330,2026-04-19,West,Seattle DC,Enterprise,SKU-1002,Electronics,Smart Home Hub,2,202.52,137.45,0.1,364.54,89.64,Returned
ORD-504331,2026-04-19,East,New Jersey DC,Small Business,SKU-1012,Beauty,Fragrance Set,1,138.55,68.54,0.05,131.62,63.08,Completed
ORD-504332,2026-04-19,West,Los Angeles DC,Consumer,SKU-1009,Apparel,Travel Backpack,2,145.86,81.38,0.15,247.96,85.2,Completed
ORD-504333,2026-04-19,West,Seattle DC,Consumer,SKU-1006,Home,Kitchen Organizer,3,100.06,51.21,0,300.18,146.55,Completed
ORD-504334,2026-04-19,Central,Chicago DC,Enterprise,SKU-1007,Apparel,Performance Jacket,4,259.88,171.94,0.1,935.57,247.81,Completed
ORD-504335,2026-04-19,Central,Minneapolis DC,Consumer,SKU-1011,Beauty,Hair Dryer,3,35.1,16.43,0,105.3,56.01,Completed
ORD-504336,2026-04-19,West,Denver DC,Enterprise,SKU-1009,Apparel,Travel Backpack,1,145.86,81.38,0,145.86,64.48,Completed
ORD-504337,2026-04-19,East,Miami DC,Enterprise,SKU-1006,Home,Kitchen Organizer,1,100.06,51.21,0,100.06,48.85,Completed
ORD-504338,2026-04-19,East,New Jersey DC,Small Business,SKU-1010,Beauty,Skin Care Kit,1,212.38,144.24,0.05,201.76,57.52,Completed
ORD-504339,2026-04-19,West,Seattle DC,Consumer,SKU-1005,Home,Bedding Set,1,134.44,81.31,0,134.44,53.13,Completed
ORD-504340,2026-04-19,East,Atlanta DC,Enterprise,SKU-1002,Electronics,Smart Home Hub,2,202.52,137.45,0.05,384.79,109.89,Completed
ORD-504341,2026-04-20,West,Los Angeles DC,Enterprise,SKU-1001,Electronics,Noise-Canceling Headphones,1,202.4,94.45,0.1,182.16,87.71,Completed
ORD-504342,2026-04-20,West,Seattle DC,Consumer,SKU-1009,Apparel,Travel Backpack,1,145.86,81.38,0,145.86,64.48,Completed
ORD-504343,2026-04-20,Central,Minneapolis DC,Consumer,SKU-1004,Home,Air Purifier,1,39.43,23.74,0,39.43,15.69,Completed
ORD-504344,2026-04-20,West,Seattle DC,Enterprise,SKU-1009,Apparel,Travel Backpack,1,145.86,81.38,0,145.86,64.48,Returned
ORD-504345,2026-04-20,Central,Chicago DC,Small Business,SKU-1008,Apparel,Running Shoes,3,88.43,59.11,0.05,252.03,74.7,Completed
ORD-504346,2026-04-20,East,New Jersey DC,Small Business,SKU-1011,Beauty,Hair Dryer,3,35.1,16.43,0.1,94.77,45.48,Returned
ORD-504347,2026-04-20,East,New Jersey DC,Enterprise,SKU-1012,Beauty,Fragrance Set,2,138.55,68.54,0.05,263.25,126.16,Completed
ORD-504348,2026-04-20,Central,Chicago DC,Enterprise,SKU-1009,Apparel,Travel Backpack,2,145.86,81.38,0.15,247.96,85.2,Completed
ORD-504349,2026-04-20,West,Denver DC,Consumer,SKU-1001,Electronics,Noise-Canceling Headphones,1,202.4,94.45,0,202.4,107.95,Completed
ORD-504350,2026-04-20,East,Atlanta DC,Consumer,SKU-1002,Electronics,Smart Home Hub,1,202.52,137.45,0.1,182.27,44.82,Returned
ORD-504351,2026-04-20,Central,Chicago DC,Enterprise,SKU-1004,Home,Air Purifier,1,39.43,23.74,0.1,35.49,11.75,Completed
ORD-504352,2026-04-20,West,Los Angeles DC,Small Business,SKU-1003,Electronics,Portable Charger,1,132.63,59.06,0,132.63,73.57,Completed
ORD-504353,2026-04-20,Central,Minneapolis DC,Small Business,SKU-1011,Beauty,Hair Dryer,2,35.1,16.43,0,70.2,37.34,Completed
ORD-504354,2026-04-20,East,New Jersey DC,Small Business,SKU-1005,Home,Bedding Set,2,134.44,81.31,0.1,241.99,79.37,Completed
ORD-504355,2026-04-20,West,Los Angeles DC,Small Business,SKU-1004,Home,Air Purifier,4,39.43,23.74,0.05,149.83,54.87,Completed
ORD-504356,2026-04-20,East,New Jersey DC,Consumer,SKU-1001,Electronics,Noise-Canceling Headphones,1,202.4,94.45,0,202.4,107.95,Completed
ORD-504357,2026-04-20,East,New Jersey DC,Small Business,SKU-1010,Beauty,Skin Care Kit,1,212.38,144.24,0,212.38,68.14,Returned
ORD-504358,2026-04-20,West,Denver DC,Small Business,SKU-1002,Electronics,Smart Home Hub,1,202.52,137.45,0,202.52,65.07,Completed
ORD-504359,2026-04-20,East,New Jersey DC,Enterprise,SKU-1002,Electronics,Smart Home Hub,3,202.52,137.45,0.1,546.8,134.45,Completed
ORD-504360,2026-04-20,West,Seattle DC,Consumer,SKU-1011,Beauty,Hair Dryer,1,35.1,16.43,0.15,29.84,13.41,Completed
ORD-504361,2026-04-20,West,Los Angeles DC,Enterprise,SKU-1008,Apparel,Running Shoes,1,88.43,59.11,0,88.43,29.32,Returned
ORD-504362,2026-04-20,East,Miami DC,Enterprise,SKU-1008,Apparel,Running Shoes,3,88.43,59.11,0,265.29,87.96,Completed
ORD-504363,2026-04-20,East,Atlanta DC,Small Business,SKU-1012,Beauty,Fragrance Set,3,138.55,68.54,0,415.65,210.03,Completed
ORD-504364,2026-04-20,East,Miami DC,Consumer,SKU-1009,Apparel,Travel Backpack,2,145.86,81.38,0.1,262.55,99.79,Completed
ORD-504365,2026-04-20,West,Denver DC,Enterprise,SKU-1010,Beauty,Skin Care Kit,1,212.38,144.24,0,212.38,68.14,Completed
ORD-504366,2026-04-20,Central,Chicago DC,Enterprise,SKU-1006,Home,Kitchen Organizer,1,100.06,51.21,0,100.06,48.85,Completed
ORD-504367,2026-04-20,Central,Chicago DC,Consumer,SKU-1012,Beauty,Fragrance Set,1,138.55,68.54,0.05,131.62,63.08,Completed
ORD-504368,2026-04-20,West,Denver DC,Consumer,SKU-1010,Beauty,Skin Care Kit,1,212.38,144.24,0,212.38,68.14,Completed
ORD-504369,2026-04-20,East,Miami DC,Consumer,SKU-1012,Beauty,Fragrance Set,1,138.55,68.54,0,138.55,70.01,Completed
ORD-504370,2026-04-20,West,Seattle DC,Enterprise,SKU-1007,Apparel,Performance Jacket,1,259.88,171.94,0.05,246.89,74.95,Completed
ORD-504371,2026-04-20,Central,Dallas DC,Small Business,SKU-1005,Home,Bedding Set,2,134.44,81.31,0,268.88,106.26,Completed
ORD-504372,2026-04-20,East,Miami DC,Enterprise,SKU-1002,Electronics,Smart Home Hub,1,202.52,137.45,0.1,182.27,44.82,Cancelled
ORD-504373,2026-04-20,West,Los Angeles DC,Consumer,SKU-1002,Electronics,Smart Home Hub,1,202.52,137.45,0.05,192.39,54.94,Completed
ORD-504374,2026-04-20,East,Atlanta DC,Enterprise,SKU-1003,Electronics,Portable Charger,1,132.63,59.06,0,132.63,73.57,Completed
ORD-504375,2026-04-20,East,Atlanta DC,Consumer,SKU-1006,Home,Kitchen Organizer,3,100.06,51.21,0.1,270.16,116.53,Completed
ORD-504376,2026-04-20,West,Seattle DC,Consumer,SKU-1008,Apparel,Running Shoes,3,88.43,59.11,0.05,252.03,74.7,Completed
ORD-504377,2026-04-20,East,Miami DC,Enterprise,SKU-1006,Home,Kitchen Organizer,2,100.06,51.21,0,200.12,97.7,Completed
ORD-504378,2026-04-20,Central,Dallas DC,Enterprise,SKU-1005,Home,Bedding Set,1,134.44,81.31,0,134.44,53.13,Completed
ORD-504379,2026-04-20,Central,Dallas DC,Consumer,SKU-1008,Apparel,Running Shoes,1,88.43,59.11,0,88.43,29.32,Completed
ORD-504380,2026-04-20,East,Atlanta DC,Enterprise,SKU-1007,Apparel,Performance Jacket,2,259.88,171.94,0.1,467.78,123.9,Completed
ORD-504381,2026-04-20,Central,Dallas DC,Small Business,SKU-1004,Home,Air Purifier,1,39.43,23.74,0.15,33.52,9.78,Completed
ORD-504382,2026-04-21,East,New Jersey DC,Small Business,SKU-1001,Electronics,Noise-Canceling Headphones,3,202.4,94.45,0,607.2,323.85,Completed
ORD-504383,2026-04-21,West,Denver DC,Small Business,SKU-1006,Home,Kitchen Organizer,1,100.06,51.21,0.15,85.05,33.84,Completed
ORD-504384,2026-04-21,East,Miami DC,Enterprise,SKU-1011,Beauty,Hair Dryer,1,35.1,16.43,0.05,33.34,16.91,Completed
ORD-504385,2026-04-21,Central,Minneapolis DC,Consumer,SKU-1011,Beauty,Hair Dryer,1,35.1,16.43,0,35.1,18.67,Completed
ORD-504386,2026-04-21,East,Atlanta DC,Enterprise,SKU-1011,Beauty,Hair Dryer,2,35.1,16.43,0,70.2,37.34,Returned
ORD-504387,2026-04-21,East,New Jersey DC,Enterprise,SKU-1010,Beauty,Skin Care Kit,1,212.38,144.24,0,212.38,68.14,Completed
ORD-504388,2026-04-21,Central,Chicago DC,Enterprise,SKU-1012,Beauty,Fragrance Set,2,138.55,68.54,0.1,249.39,112.31,Completed
ORD-504389,2026-04-21,Central,Dallas DC,Consumer,SKU-1011,Beauty,Hair Dryer,1,35.1,16.43,0.1,31.59,15.16,Completed
ORD-504390,2026-04-21,Central,Chicago DC,Enterprise,SKU-1004,Home,Air Purifier,3,39.43,23.74,0.05,112.38,41.16,Completed
ORD-504391,2026-04-21,East,New Jersey DC,Consumer,SKU-1009,Apparel,Travel Backpack,1,145.86,81.38,0.15,123.98,42.6,Completed
ORD-504392,2026-04-21,East,New Jersey DC,Small Business,SKU-1001,Electronics,Noise-Canceling Headphones,1,202.4,94.45,0.1,182.16,87.71,Completed
ORD-504393,2026-04-21,Central,Chicago DC,Small Business,SKU-1009,Apparel,Travel Backpack,2,145.86,81.38,0.15,247.96,85.2,Completed
ORD-504394,2026-04-21,West,Los Angeles DC,Consumer,SKU-1008,Apparel,Running Shoes,2,88.43,59.11,0,176.86,58.64,Completed
ORD-504395,2026-04-21,Central,Minneapolis DC,Small Business,SKU-1006,Home,Kitchen Organizer,4,100.06,51.21,0.1,360.22,155.38,Completed
ORD-504396,2026-04-21,East,Miami DC,Small Business,SKU-1012,Beauty,Fragrance Set,1,138.55,68.54,0,138.55,70.01,Completed
ORD-504397,2026-04-21,Central,Chicago DC,Small Business,SKU-1007,Apparel,Performance Jacket,1,259.88,171.94,0,259.88,87.94,Cancelled
ORD-504398,2026-04-21,West,Seattle DC,Enterprise,SKU-1012,Beauty,Fragrance Set,1,138.55,68.54,0.15,117.77,49.23,Completed
ORD-504399,2026-04-21,East,New Jersey DC,Small Business,SKU-1009,Apparel,Travel Backpack,4,145.86,81.38,0.15,495.92,170.4,Completed
ORD-504400,2026-04-21,East,New Jersey DC,Enterprise,SKU-1012,Beauty,Fragrance Set,1,138.55,68.54,0,138.55,70.01,Completed
ORD-504401,2026-04-21,Central,Chicago DC,Enterprise,SKU-1006,Home,Kitchen Organizer,4,100.06,51.21,0,400.24,195.4,Completed
ORD-504402,2026-04-21,Central,Chicago DC,Small Business,SKU-1012,Beauty,Fragrance Set,1,138.55,68.54,0,138.55,70.01,Cancelled
ORD-504403,2026-04-21,Central,Dallas DC,Consumer,SKU-1001,Electronics,Noise-Canceling Headphones,1,202.4,94.45,0.05,192.28,97.83,Completed
ORD-504404,2026-04-21,East,Miami DC,Consumer,SKU-1005,Home,Bedding Set,2,134.44,81.31,0.05,255.44,92.82,Completed
ORD-504405,2026-04-21,Central,Chicago DC,Consumer,SKU-1012,Beauty,Fragrance Set,1,138.55,68.54,0.05,131.62,63.08,Completed
ORD-504406,2026-04-21,Central,Chicago DC,Enterprise,SKU-1001,Electronics,Noise-Canceling Headphones,3,202.4,94.45,0,607.2,323.85,Completed
ORD-504407,2026-04-21,Central,Dallas DC,Enterprise,SKU-1005,Home,Bedding Set,1,134.44,81.31,0.1,121.0,39.69,Completed
ORD-504408,2026-04-21,West,Denver DC,Enterprise,SKU-1008,Apparel,Running Shoes,1,88.43,59.11,0,88.43,29.32,Completed
ORD-504409,2026-04-21,West,Los Angeles DC,Small Business,SKU-1006,Home,Kitchen Organizer,1,100.06,51.21,0,100.06,48.85,Completed
ORD-504410,2026-04-21,Central,Dallas DC,Consumer,SKU-1009,Apparel,Travel Backpack,1,145.86,81.38,0.1,131.27,49.89,Completed
ORD-504411,2026-04-21,Central,Dallas DC,Small Business,SKU-1010,Beauty,Skin Care Kit,3,212.38,144.24,0,637.14,204.42,Completed
ORD-504412,2026-04-21,West,Seattle DC,Consumer,SKU-1001,Electronics,Noise-Canceling Headphones,1,202.4,94.45,0.1,182.16,87.71,Returned
ORD-504413,2026-04-21,West,Denver DC,Small Business,SKU-1012,Beauty,Fragrance Set,2,138.55,68.54,0.1,249.39,112.31,Completed
ORD-504414,2026-04-21,East,Atlanta DC,Enterprise,SKU-1003,Electronics,Portable Charger,1,132.63,59.06,0,132.63,73.57,Completed
ORD-504415,2026-04-21,Central,Chicago DC,Enterprise,SKU-1007,Apparel,Performance Jacket,2,259.88,171.94,0,519.76,175.88,Completed
ORD-504416,2026-04-21,East,New Jersey DC,Enterprise,SKU-1002,Electronics,Smart Home Hub,1,202.52,137.45,0,202.52,65.07,Completed
ORD-504417,2026-04-21,East,Atlanta DC,Enterprise,SKU-1001,Electronics,Noise-Canceling Headphones,2,202.4,94.45,0.15,344.08,155.18,Completed
ORD-504418,2026-04-21,East,Miami DC,Enterprise,SKU-1012,Beauty,Fragrance Set,1,138.55,68.54,0.05,131.62,63.08,Completed
ORD-504419,2026-04-21,West,Los Angeles DC,Enterprise,SKU-1007,Apparel,Performance Jacket,2,259.88,171.94,0.05,493.77,149.89,Returned
ORD-504420,2026-04-21,Central,Minneapolis DC,Small Business,SKU-1002,Electronics,Smart Home Hub,4,202.52,137.45,0,810.08,260.28,Completed
ORD-504421,2026-04-21,East,Miami DC,Enterprise,SKU-1006,Home,Kitchen Organizer,2,100.06,51.21,0,200.12,97.7,Completed
ORD-504422,2026-04-21,Central,Minneapolis DC,Enterprise,SKU-1007,Apparel,Performance Jacket,1,259.88,171.94,0,259.88,87.94,Completed
ORD-504423,2026-04-21,East,Atlanta DC,Consumer,SKU-1008,Apparel,Running Shoes,2,88.43,59.11,0.05,168.02,49.8,Completed
ORD-504424,2026-04-21,Central,Chicago DC,Enterprise,SKU-1006,Home,Kitchen Organizer,2,100.06,51.21,0,200.12,97.7,Completed
ORD-504425,2026-04-21,East,Atlanta DC,Small Business,SKU-1001,Electronics,Noise-Canceling Headphones,4,202.4,94.45,0,809.6,431.8,Completed
ORD-504426,2026-04-21,East,Miami DC,Consumer,SKU-1003,Electronics,Portable Charger,1,132.63,59.06,0,132.63,73.57,Completed
ORD-504427,2026-04-22,East,Miami DC,Consumer,SKU-1008,Apparel,Running Shoes,1,88.43,59.11,0,88.43,29.32,Completed
ORD-504428,2026-04-22,Central,Dallas DC,Small Business,SKU-1003,Electronics,Portable Charger,2,132.63,59.06,0,265.26,147.14,Completed
ORD-504429,2026-04-22,East,Atlanta DC,Enterprise,SKU-1004,Home,Air Purifier,1,39.43,23.74,0,39.43,15.69,Completed
ORD-504430,2026-04-22,East,Miami DC,Enterprise,SKU-1008,Apparel,Running Shoes,1,88.43,59.11,0.1,79.59,20.48,Completed
ORD-504431,2026-04-22,West,Los Angeles DC,Small Business,SKU-1008,Apparel,Running Shoes,1,88.43,59.11,0.15,75.17,16.06,Completed
ORD-504432,2026-04-22,East,New Jersey DC,Small Business,SKU-1009,Apparel,Travel Backpack,1,145.86,81.38,0.1,131.27,49.89,Completed
ORD-504433,2026-04-22,East,Miami DC,Consumer,SKU-1002,Electronics,Smart Home Hub,1,202.52,137.45,0.05,192.39,54.94,Completed
ORD-504434,2026-04-22,West,Denver DC,Enterprise,SKU-1004,Home,Air Purifier,1,39.43,23.74,0.05,37.46,13.72,Completed
ORD-504435,2026-04-22,East,New Jersey DC,Enterprise,SKU-1012,Beauty,Fragrance Set,1,138.55,68.54,0,138.55,70.01,Completed
ORD-504436,2026-04-22,Central,Dallas DC,Consumer,SKU-1002,Electronics,Smart Home Hub,1,202.52,137.45,0.15,172.14,34.69,Completed
ORD-504437,2026-04-22,East,New Jersey DC,Small Business,SKU-1005,Home,Bedding Set,2,134.44,81.31,0,268.88,106.26,Completed
ORD-504438,2026-04-22,Central,Minneapolis DC,Enterprise,SKU-1001,Electronics,Noise-Canceling Headphones,1,202.4,94.45,0,202.4,107.95,Completed
ORD-504439,2026-04-22,Central,Minneapolis DC,Small Business,SKU-1003,Electronics,Portable Charger,1,132.63,59.06,0.1,119.37,60.31,Completed
ORD-504440,2026-04-22,Central,Dallas DC,Enterprise,SKU-1002,Electronics,Smart Home Hub,2,202.52,137.45,0,405.04,130.14,Completed
ORD-504441,2026-04-22,East,New Jersey DC,Consumer,SKU-1012,Beauty,Fragrance Set,2,138.55,68.54,0.1,249.39,112.31,Completed
ORD-504442,2026-04-22,West,Denver DC,Consumer,SKU-1005,Home,Bedding Set,1,134.44,81.31,0.1,121.0,39.69,Completed
ORD-504443,2026-04-22,Central,Minneapolis DC,Consumer,SKU-1008,Apparel,Running Shoes,1,88.43,59.11,0.15,75.17,16.06,Returned
ORD-504444,2026-04-22,West,Los Angeles DC,Enterprise,SKU-1011,Beauty,Hair Dryer,1,35.1,16.43,0,35.1,18.67,Completed
ORD-504445,2026-04-22,Central,Chicago DC,Enterprise,SKU-1010,Beauty,Skin Care Kit,1,212.38,144.24,0,212.38,68.14,Completed
ORD-504446,2026-04-22,East,New Jersey DC,Small Business,SKU-1009,Apparel,Travel Backpack,1,145.86,81.38,0,145.86,64.48,Completed
ORD-504447,2026-04-22,Central,Chicago DC,Small Business,SKU-1003,Electronics,Portable Charger,2,132.63,59.06,0.05,252.0,133.88,Completed
ORD-504448,2026-04-22,East,Miami DC,Consumer,SKU-1003,Electronics,Portable Charger,3,132.63,59.06,0.1,358.1,180.92,Completed
ORD-504449,2026-04-22,East,New Jersey DC,Enterprise,SKU-1003,Electronics,Portable Charger,1,132.63,59.06,0,132.63,73.57,Completed
ORD-504450,2026-04-22,Central,Chicago DC,Consumer,SKU-1012,Beauty,Fragrance Set,2,138.55,68.54,0.1,249.39,112.31,Cancelled
ORD-504451,2026-04-22,East,New Jersey DC,Small Business,SKU-1002,Electronics,Smart Home Hub,2,202.52,137.45,0,405.04,130.14,Completed
ORD-504452,2026-04-22,West,Los Angeles DC,Enterprise,SKU-1003,Electronics,Portable Charger,1,132.63,59.06,0,132.63,73.57,Completed
ORD-504453,2026-04-22,West,Seattle DC,Enterprise,SKU-1007,Apparel,Performance Jacket,1,259.88,171.94,0,259.88,87.94,Completed
ORD-504454,2026-04-22,West,Los Angeles DC,Enterprise,SKU-1012,Beauty,Fragrance Set,3,138.55,68.54,0,415.65,210.03,Completed
ORD-504455,2026-04-22,Central,Dallas DC,Consumer,SKU-1003,Electronics,Portable Charger,3,132.63,59.06,0,397.89,220.71,Completed
ORD-504456,2026-04-22,West,Seattle DC,Small Business,SKU-1004,Home,Air Purifier,1,39.43,23.74,0.1,35.49,11.75,Completed
ORD-504457,2026-04-22,West,Seattle DC,Enterprise,SKU-1012,Beauty,Fragrance Set,2,138.55,68.54,0.05,263.25,126.16,Completed
ORD-504458,2026-04-22,West,Denver DC,Small Business,SKU-1003,Electronics,Portable Charger,1,132.63,59.06,0.05,126.0,66.94,Completed
ORD-504459,2026-04-22,Central,Dallas DC,Enterprise,SKU-1007,Apparel,Performance Jacket,1,259.88,171.94,0.1,233.89,61.95,Completed
ORD-504460,2026-04-22,West,Los Angeles DC,Small Business,SKU-1001,Electronics,Noise-Canceling Headphones,2,202.4,94.45,0,404.8,215.9,Completed
ORD-504461,2026-04-22,East,Atlanta DC,Consumer,SKU-1002,Electronics,Smart Home Hub,2,202.52,137.45,0,405.04,130.14,Completed
ORD-504462,2026-04-22,Central,Dallas DC,Small Business,SKU-1006,Home,Kitchen Organizer,2,100.06,51.21,0,200.12,97.7,Completed
ORD-504463,2026-04-22,Central,Minneapolis DC,Consumer,SKU-1006,Home,Kitchen Organizer,1,100.06,51.21,0.05,95.06,43.85,Completed
ORD-504464,2026-04-22,East,New Jersey DC,Consumer,SKU-1011,Beauty,Hair Dryer,2,35.1,16.43,0,70.2,37.34,Completed
ORD-504465,2026-04-22,West,Denver DC,Enterprise,SKU-1009,Apparel,Travel Backpack,1,145.86,81.38,0,145.86,64.48,Returned
ORD-504466,2026-04-22,West,Seattle DC,Small Business,SKU-1006,Home,Kitchen Organizer,2,100.06,51.21,0.05,190.11,87.69,Completed
ORD-504467,2026-04-22,West,Seattle DC,Small Business,SKU-1011,Beauty,Hair Dryer,1,35.1,16.43,0.1,31.59,15.16,Completed
ORD-504468,2026-04-22,West,Los Angeles DC,Enterprise,SKU-1004,Home,Air Purifier,1,39.43,23.74,0,39.43,15.69,Completed
ORD-504469,2026-04-22,East,Miami DC,Enterprise,SKU-1008,Apparel,Running Shoes,4,88.43,59.11,0,353.72,117.28,Completed
ORD-504470,2026-04-22,Central,Chicago DC,Small Business,SKU-1006,Home,Kitchen Organizer,1,100.06,51.21,0.1,90.05,38.84,Completed
ORD-504471,2026-04-22,East,Atlanta DC,Small Business,SKU-1005,Home,Bedding Set,1,134.44,81.31,0,134.44,53.13,Returned
ORD-504472,2026-04-22,West,Seattle DC,Small Business,SKU-1005,Home,Bedding Set,2,134.44,81.31,0,268.88,106.26,Completed
ORD-504473,2026-04-22,West,Denver DC,Consumer,SKU-1007,Apparel,Performance Jacket,2,259.88,171.94,0.15,441.8,97.92,Completed
ORD-504474,2026-04-22,West,Seattle DC,Consumer,SKU-1003,Electronics,Portable Charger,1,132.63,59.06,0.1,119.37,60.31,Completed
ORD-504475,2026-04-22,West,Denver DC,Small Business,SKU-1007,Apparel,Performance Jacket,1,259.88,171.94,0,259.88,87.94,Completed
ORD-504476,2026-04-22,Central,Minneapolis DC,Consumer,SKU-1012,Beauty,Fragrance Set,3,138.55,68.54,0.15,353.3,147.68,Completed
ORD-504477,2026-04-22,East,New Jersey DC,Consumer,SKU-1010,Beauty,Skin Care Kit,3,212.38,144.24,0.05,605.28,172.56,Completed
ORD-504478,2026-04-22,East,Miami DC,Enterprise,SKU-1002,Electronics,Smart Home Hub,2,202.52,137.45,0,405.04,130.14,Completed
ORD-504479,2026-04-23,East,Miami DC,Consumer,SKU-1012,Beauty,Fragrance Set,1,138.55,68.54,0.05,131.62,63.08,Completed
ORD-504480,2026-04-23,West,Seattle DC,Consumer,SKU-1008,Apparel,Running Shoes,1,88.43,59.11,0.1,79.59,20.48,Returned
ORD-504481,2026-04-23,West,Los Angeles DC,Enterprise,SKU-1007,Apparel,Performance Jacket,3,259.88,171.94,0.15,662.69,146.87,Returned
ORD-504482,2026-04-23,Central,Minneapolis DC,Consumer,SKU-1001,Electronics,Noise-Canceling Headphones,1,202.4,94.45,0.15,172.04,77.59,Completed
ORD-504483,2026-04-23,West,Los Angeles DC,Consumer,SKU-1012,Beauty,Fragrance Set,1,138.55,68.54,0.05,131.62,63.08,Completed
ORD-504484,2026-04-23,East,Miami DC,Small Business,SKU-1004,Home,Air Purifier,2,39.43,23.74,0.05,74.92,27.44,Completed
ORD-504485,2026-04-23,East,Miami DC,Enterprise,SKU-1007,Apparel,Performance Jacket,2,259.88,171.94,0,519.76,175.88,Completed
ORD-504486,2026-04-23,East,Atlanta DC,Consumer,SKU-1008,Apparel,Running Shoes,2,88.43,59.11,0,176.86,58.64,Completed
ORD-504487,2026-04-23,East,Miami DC,Consumer,SKU-1001,Electronics,Noise-Canceling Headphones,1,202.4,94.45,0.15,172.04,77.59,Completed
ORD-504488,2026-04-23,East,Miami DC,Enterprise,SKU-1011,Beauty,Hair Dryer,2,35.1,16.43,0,70.2,37.34,Completed
ORD-504489,2026-04-23,Central,Chicago DC,Consumer,SKU-1003,Electronics,Portable Charger,1,132.63,59.06,0.05,126.0,66.94,Completed
ORD-504490,2026-04-23,West,Seattle DC,Enterprise,SKU-1006,Home,Kitchen Organizer,2,100.06,51.21,0,200.12,97.7,Completed
ORD-504491,2026-04-23,West,Seattle DC,Small Business,SKU-1008,Apparel,Running Shoes,3,88.43,59.11,0,265.29,87.96,Completed
ORD-504492,2026-04-23,Central,Dallas DC,Small Business,SKU-1004,Home,Air Purifier,2,39.43,23.74,0,78.86,31.38,Returned
ORD-504493,2026-04-23,Central,Dallas DC,Small Business,SKU-1005,Home,Bedding Set,2,134.44,81.31,0.05,255.44,92.82,Completed
ORD-504494,2026-04-23,East,Atlanta DC,Small Business,SKU-1009,Apparel,Travel Backpack,2,145.86,81.38,0.1,262.55,99.79,Completed
ORD-504495,2026-04-23,Central,Dallas DC,Enterprise,SKU-1010,Beauty,Skin Care Kit,1,212.38,144.24,0,212.38,68.14,Completed
ORD-504496,2026-04-23,Central,Chicago DC,Small Business,SKU-1002,Electronics,Smart Home Hub,2,202.52,137.45,0,405.04,130.14,Completed
ORD-504497,2026-04-23,Central,Minneapolis DC,Enterprise,SKU-1012,Beauty,Fragrance Set,3,138.55,68.54,0,415.65,210.03,Completed
ORD-504498,2026-04-23,Central,Minneapolis DC,Enterprise,SKU-1003,Electronics,Portable Charger,1,132.63,59.06,0,132.63,73.57,Completed
ORD-504499,2026-04-23,East,Miami DC,Enterprise,SKU-1002,Electronics,Smart Home Hub,4,202.52,137.45,0.1,729.07,179.27,Completed
ORD-504500,2026-04-23,East,Miami DC,Consumer,SKU-1003,Electronics,Portable Charger,1,132.63,59.06,0.05,126.0,66.94,Completed
ORD-504501,2026-04-23,East,New Jersey DC,Small Business,SKU-1007,Apparel,Performance Jacket,1,259.88,171.94,0,259.88,87.94,Completed
ORD-504502,2026-04-23,Central,Minneapolis DC,Consumer,SKU-1012,Beauty,Fragrance Set,1,138.55,68.54,0,138.55,70.01,Completed
ORD-504503,2026-04-23,Central,Dallas DC,Consumer,SKU-1004,Home,Air Purifier,1,39.43,23.74,0,39.43,15.69,Completed
ORD-504504,2026-04-23,East,Miami DC,Small Business,SKU-1005,Home,Bedding Set,1,134.44,81.31,0,134.44,53.13,Completed
ORD-504505,2026-04-23,Central,Minneapolis DC,Consumer,SKU-1001,Electronics,Noise-Canceling Headphones,3,202.4,94.45,0.15,516.12,232.77,Completed
ORD-504506,2026-04-23,East,Miami DC,Small Business,SKU-1001,Electronics,Noise-Canceling Headphones,1,202.4,94.45,0,202.4,107.95,Completed
ORD-504507,2026-04-23,East,Miami DC,Enterprise,SKU-1003,Electronics,Portable Charger,1,132.63,59.06,0,132.63,73.57,Completed
ORD-504508,2026-04-23,Central,Dallas DC,Small Business,SKU-1005,Home,Bedding Set,3,134.44,81.31,0.15,342.82,98.89,Completed
ORD-504509,2026-04-23,East,Miami DC,Small Business,SKU-1006,Home,Kitchen Organizer,2,100.06,51.21,0,200.12,97.7,Completed
ORD-504510,2026-04-23,West,Los Angeles DC,Consumer,SKU-1005,Home,Bedding Set,2,134.44,81.31,0,268.88,106.26,Completed
ORD-504511,2026-04-23,East,Miami DC,Consumer,SKU-1003,Electronics,Portable Charger,2,132.63,59.06,0,265.26,147.14,Completed
ORD-504512,2026-04-23,West,Seattle DC,Consumer,SKU-1002,Electronics,Smart Home Hub,1,202.52,137.45,0.05,192.39,54.94,Completed
ORD-504513,2026-04-23,East,Atlanta DC,Consumer,SKU-1004,Home,Air Purifier,1,39.43,23.74,0.15,33.52,9.78,Completed
ORD-504514,2026-04-23,East,Atlanta DC,Enterprise,SKU-1008,Apparel,Running Shoes,2,88.43,59.11,0.1,159.17,40.95,Completed
ORD-504515,2026-04-23,East,Miami DC,Enterprise,SKU-1010,Beauty,Skin Care Kit,2,212.38,144.24,0.1,382.28,93.8,Completed
ORD-504516,2026-04-23,West,Seattle DC,Enterprise,SKU-1012,Beauty,Fragrance Set,2,138.55,68.54,0.05,263.25,126.16,Completed
ORD-504517,2026-04-23,Central,Minneapolis DC,Enterprise,SKU-1001,Electronics,Noise-Canceling Headphones,1,202.4,94.45,0,202.4,107.95,Completed
ORD-504518,2026-04-23,West,Seattle DC,Consumer,SKU-1006,Home,Kitchen Organizer,1,100.06,51.21,0,100.06,48.85,Completed
ORD-504519,2026-04-23,East,Miami DC,Consumer,SKU-1011,Beauty,Hair Dryer,4,35.1,16.43,0.1,126.36,60.64,Completed
ORD-504520,2026-04-23,East,Miami DC,Small Business,SKU-1010,Beauty,Skin Care Kit,3,212.38,144.24,0.15,541.57,108.85,Completed
ORD-504521,2026-04-23,East,Miami DC,Small Business,SKU-1010,Beauty,Skin Care Kit,1,212.38,144.24,0,212.38,68.14,Completed
ORD-504522,2026-04-23,Central,Dallas DC,Small Business,SKU-1004,Home,Air Purifier,1,39.43,23.74,0,39.43,15.69,Completed
ORD-504523,2026-04-23,Central,Chicago DC,Small Business,SKU-1001,Electronics,Noise-Canceling Headphones,4,202.4,94.45,0,809.6,431.8,Completed
ORD-504524,2026-04-24,West,Los Angeles DC,Enterprise,SKU-1009,Apparel,Travel Backpack,1,145.86,81.38,0.15,123.98,42.6,Completed
ORD-504525,2026-04-24,Central,Minneapolis DC,Consumer,SKU-1011,Beauty,Hair Dryer,3,35.1,16.43,0,105.3,56.01,Completed
ORD-504526,2026-04-24,West,Los Angeles DC,Enterprise,SKU-1009,Apparel,Travel Backpack,1,145.86,81.38,0,145.86,64.48,Completed
ORD-504527,2026-04-24,West,Seattle DC,Small Business,SKU-1005,Home,Bedding Set,2,134.44,81.31,0.1,241.99,79.37,Completed
ORD-504528,2026-04-24,East,New Jersey DC,Enterprise,SKU-1002,Electronics,Smart Home Hub,3,202.52,137.45,0,607.56,195.21,Completed
ORD-504529,2026-04-24,West,Denver DC,Small Business,SKU-1005,Home,Bedding Set,1,134.44,81.31,0.15,114.27,32.96,Completed
ORD-504530,2026-04-24,East,Atlanta DC,Small Business,SKU-1005,Home,Bedding Set,3,134.44,81.31,0.05,383.15,139.22,Completed
ORD-504531,2026-04-24,West,Seattle DC,Enterprise,SKU-1006,Home,Kitchen Organizer,1,100.06,51.21,0.1,90.05,38.84,Completed
ORD-504532,2026-04-24,East,Atlanta DC,Small Business,SKU-1007,Apparel,Performance Jacket,1,259.88,171.94,0.05,246.89,74.95,Completed
ORD-504533,2026-04-24,Central,Minneapolis DC,Small Business,SKU-1010,Beauty,Skin Care Kit,1,212.38,144.24,0,212.38,68.14,Completed
ORD-504534,2026-04-24,West,Seattle DC,Consumer,SKU-1009,Apparel,Travel Backpack,1,145.86,81.38,0,145.86,64.48,Completed
ORD-504535,2026-04-24,West,Los Angeles DC,Enterprise,SKU-1008,Apparel,Running Shoes,2,88.43,59.11,0.05,168.02,49.8,Completed
ORD-504536,2026-04-24,Central,Minneapolis DC,Enterprise,SKU-1002,Electronics,Smart Home Hub,1,202.52,137.45,0,202.52,65.07,Completed
ORD-504537,2026-04-24,West,Los Angeles DC,Consumer,SKU-1009,Apparel,Travel Backpack,3,145.86,81.38,0.15,371.94,127.8,Completed
ORD-504538,2026-04-24,Central,Chicago DC,Consumer,SKU-1008,Apparel,Running Shoes,1,88.43,59.11,0,88.43,29.32,Completed
ORD-504539,2026-04-24,East,New Jersey DC,Enterprise,SKU-1011,Beauty,Hair Dryer,1,35.1,16.43,0.15,29.84,13.41,Completed
ORD-504540,2026-04-24,Central,Chicago DC,Enterprise,SKU-1007,Apparel,Performance Jacket,1,259.88,171.94,0.15,220.9,48.96,Completed
ORD-504541,2026-04-24,West,Los Angeles DC,Consumer,SKU-1003,Electronics,Portable Charger,2,132.63,59.06,0,265.26,147.14,Completed
ORD-504542,2026-04-24,West,Los Angeles DC,Enterprise,SKU-1012,Beauty,Fragrance Set,1,138.55,68.54,0.1,124.7,56.16,Completed
ORD-504543,2026-04-24,West,Seattle DC,Small Business,SKU-1012,Beauty,Fragrance Set,2,138.55,68.54,0.05,263.25,126.16,Completed
ORD-504544,2026-04-24,East,Atlanta DC,Small Business,SKU-1002,Electronics,Smart Home Hub,1,202.52,137.45,0,202.52,65.07,Returned
ORD-504545,2026-04-24,East,Atlanta DC,Enterprise,SKU-1005,Home,Bedding Set,1,134.44,81.31,0,134.44,53.13,Completed
ORD-504546,2026-04-24,Central,Minneapolis DC,Small Business,SKU-1001,Electronics,Noise-Canceling Headphones,3,202.4,94.45,0.05,576.84,293.49,Completed
ORD-504547,2026-04-24,West,Los Angeles DC,Consumer,SKU-1007,Apparel,Performance Jacket,1,259.88,171.94,0,259.88,87.94,Completed
ORD-504548,2026-04-24,East,Atlanta DC,Consumer,SKU-1009,Apparel,Travel Backpack,2,145.86,81.38,0,291.72,128.96,Completed
ORD-504549,2026-04-24,Central,Dallas DC,Consumer,SKU-1011,Beauty,Hair Dryer,2,35.1,16.43,0,70.2,37.34,Completed
ORD-504550,2026-04-24,East,Miami DC,Consumer,SKU-1003,Electronics,Portable Charger,3,132.63,59.06,0.1,358.1,180.92,Completed
ORD-504551,2026-04-24,Central,Dallas DC,Enterprise,SKU-1004,Home,Air Purifier,2,39.43,23.74,0,78.86,31.38,Completed
ORD-504552,2026-04-24,Central,Dallas DC,Enterprise,SKU-1009,Apparel,Travel Backpack,2,145.86,81.38,0.05,277.13,114.37,Completed
ORD-504553,2026-04-24,East,New Jersey DC,Enterprise,SKU-1008,Apparel,Running Shoes,1,88.43,59.11,0,88.43,29.32,Completed
ORD-504554,2026-04-24,East,Atlanta DC,Consumer,SKU-1012,Beauty,Fragrance Set,2,138.55,68.54,0.1,249.39,112.31,Completed
ORD-504555,2026-04-24,East,Miami DC,Enterprise,SKU-1001,Electronics,Noise-Canceling Headphones,1,202.4,94.45,0,202.4,107.95,Completed
ORD-504556,2026-04-24,East,Atlanta DC,Small Business,SKU-1006,Home,Kitchen Organizer,1,100.06,51.21,0,100.06,48.85,Completed
ORD-504557,2026-04-24,West,Los Angeles DC,Consumer,SKU-1008,Apparel,Running Shoes,4,88.43,59.11,0,353.72,117.28,Completed
ORD-504558,2026-04-24,West,Denver DC,Small Business,SKU-1005,Home,Bedding Set,3,134.44,81.31,0.15,342.82,98.89,Completed
ORD-504559,2026-04-24,East,New Jersey DC,Small Business,SKU-1010,Beauty,Skin Care Kit,1,212.38,144.24,0.1,191.14,46.9,Completed
ORD-504560,2026-04-25,West,Los Angeles DC,Small Business,SKU-1001,Electronics,Noise-Canceling Headphones,2,202.4,94.45,0,404.8,215.9,Completed
ORD-504561,2026-04-25,West,Los Angeles DC,Small Business,SKU-1005,Home,Bedding Set,1,134.44,81.31,0,134.44,53.13,Returned
ORD-504562,2026-04-25,Central,Chicago DC,Consumer,SKU-1010,Beauty,Skin Care Kit,2,212.38,144.24,0.1,382.28,93.8,Completed
ORD-504563,2026-04-25,East,Atlanta DC,Small Business,SKU-1012,Beauty,Fragrance Set,1,138.55,68.54,0,138.55,70.01,Completed
ORD-504564,2026-04-25,West,Denver DC,Small Business,SKU-1012,Beauty,Fragrance Set,1,138.55,68.54,0.05,131.62,63.08,Completed
ORD-504565,2026-04-25,East,Miami DC,Small Business,SKU-1007,Apparel,Performance Jacket,2,259.88,171.94,0.1,467.78,123.9,Completed
ORD-504566,2026-04-25,East,Miami DC,Enterprise,SKU-1009,Apparel,Travel Backpack,1,145.86,81.38,0.05,138.57,57.19,Completed
ORD-504567,2026-04-25,East,Miami DC,Small Business,SKU-1004,Home,Air Purifier,3,39.43,23.74,0,118.29,47.07,Completed
ORD-504568,2026-04-25,East,Atlanta DC,Consumer,SKU-1004,Home,Air Purifier,1,39.43,23.74,0.1,35.49,11.75,Completed
ORD-504569,2026-04-25,East,Atlanta DC,Enterprise,SKU-1006,Home,Kitchen Organizer,2,100.06,51.21,0,200.12,97.7,Completed
ORD-504570,2026-04-25,Central,Minneapolis DC,Consumer,SKU-1001,Electronics,Noise-Canceling Headphones,1,202.4,94.45,0.15,172.04,77.59,Completed
ORD-504571,2026-04-25,West,Denver DC,Enterprise,SKU-1007,Apparel,Performance Jacket,4,259.88,171.94,0,1039.52,351.76,Completed
ORD-504572,2026-04-25,Central,Dallas DC,Enterprise,SKU-1007,Apparel,Performance Jacket,1,259.88,171.94,0,259.88,87.94,Returned
ORD-504573,2026-04-25,Central,Minneapolis DC,Small Business,SKU-1006,Home,Kitchen Organizer,2,100.06,51.21,0,200.12,97.7,Completed
ORD-504574,2026-04-25,West,Los Angeles DC,Small Business,SKU-1002,Electronics,Smart Home Hub,1,202.52,137.45,0,202.52,65.07,Completed
ORD-504575,2026-04-25,West,Los Angeles DC,Consumer,SKU-1003,Electronics,Portable Charger,1,132.63,59.06,0,132.63,73.57,Completed
ORD-504576,2026-04-25,Central,Chicago DC,Small Business,SKU-1006,Home,Kitchen Organizer,1,100.06,51.21,0,100.06,48.85,Completed
ORD-504577,2026-04-25,West,Seattle DC,Enterprise,SKU-1008,Apparel,Running Shoes,1,88.43,59.11,0.15,75.17,16.06,Completed
ORD-504578,2026-04-25,Central,Chicago DC,Small Business,SKU-1011,Beauty,Hair Dryer,1,35.1,16.43,0,35.1,18.67,Completed
ORD-504579,2026-04-25,Central,Minneapolis DC,Consumer,SKU-1004,Home,Air Purifier,1,39.43,23.74,0,39.43,15.69,Completed
ORD-504580,2026-04-25,West,Seattle DC,Enterprise,SKU-1010,Beauty,Skin Care Kit,3,212.38,144.24,0.1,573.43,140.71,Completed
ORD-504581,2026-04-25,West,Los Angeles DC,Consumer,SKU-1002,Electronics,Smart Home Hub,2,202.52,137.45,0,405.04,130.14,Returned
ORD-504582,2026-04-25,East,Atlanta DC,Consumer,SKU-1001,Electronics,Noise-Canceling Headphones,1,202.4,94.45,0.15,172.04,77.59,Completed
ORD-504583,2026-04-25,West,Denver DC,Enterprise,SKU-1012,Beauty,Fragrance Set,1,138.55,68.54,0,138.55,70.01,Completed
ORD-504584,2026-04-25,West,Seattle DC,Small Business,SKU-1001,Electronics,Noise-Canceling Headphones,1,202.4,94.45,0,202.4,107.95,Completed
ORD-504585,2026-04-25,West,Los Angeles DC,Consumer,SKU-1005,Home,Bedding Set,1,134.44,81.31,0.1,121.0,39.69,Completed
ORD-504586,2026-04-25,West,Los Angeles DC,Small Business,SKU-1010,Beauty,Skin Care Kit,1,212.38,144.24,0.1,191.14,46.9,Completed
ORD-504587,2026-04-25,West,Denver DC,Enterprise,SKU-1004,Home,Air Purifier,2,39.43,23.74,0,78.86,31.38,Completed
ORD-504588,2026-04-25,Central,Minneapolis DC,Small Business,SKU-1008,Apparel,Running Shoes,2,88.43,59.11,0.1,159.17,40.95,Completed
ORD-504589,2026-04-25,East,Miami DC,Enterprise,SKU-1001,Electronics,Noise-Canceling Headphones,2,202.4,94.45,0.15,344.08,155.18,Completed
ORD-504590,2026-04-25,West,Denver DC,Consumer,SKU-1001,Electronics,Noise-Canceling Headphones,1,202.4,94.45,0.1,182.16,87.71,Completed
ORD-504591,2026-04-25,West,Seattle DC,Consumer,SKU-1007,Apparel,Performance Jacket,2,259.88,171.94,0.05,493.77,149.89,Completed
ORD-504592,2026-04-25,West,Seattle DC,Consumer,SKU-1012,Beauty,Fragrance Set,1,138.55,68.54,0,138.55,70.01,Completed
ORD-504593,2026-04-25,East,Miami DC,Small Business,SKU-1008,Apparel,Running Shoes,4,88.43,59.11,0.15,300.66,64.22,Completed
ORD-504594,2026-04-25,East,Atlanta DC,Small Business,SKU-1004,Home,Air Purifier,2,39.43,23.74,0,78.86,31.38,Completed
ORD-504595,2026-04-25,East,New Jersey DC,Small Business,SKU-1003,Electronics,Portable Charger,2,132.63,59.06,0,265.26,147.14,Completed
ORD-504596,2026-04-25,Central,Chicago DC,Enterprise,SKU-1005,Home,Bedding Set,1,134.44,81.31,0,134.44,53.13,Completed
ORD-504597,2026-04-25,West,Denver DC,Enterprise,SKU-1012,Beauty,Fragrance Set,1,138.55,68.54,0.05,131.62,63.08,Completed
ORD-504598,2026-04-25,Central,Minneapolis DC,Consumer,SKU-1008,Apparel,Running Shoes,3,88.43,59.11,0,265.29,87.96,Cancelled
ORD-504599,2026-04-25,West,Los Angeles DC,Consumer,SKU-1001,Electronics,Noise-Canceling Headphones,2,202.4,94.45,0,404.8,215.9,Completed
ORD-504600,2026-04-25,West,Denver DC,Enterprise,SKU-1006,Home,Kitchen Organizer,1,100.06,51.21,0.15,85.05,33.84,Completed
ORD-504601,2026-04-25,West,Denver DC,Small Business,SKU-1003,Electronics,Portable Charger,4,132.63,59.06,0.1,477.47,241.23,Returned
ORD-504602,2026-04-25,East,Miami DC,Consumer,SKU-1009,Apparel,Travel Backpack,1,145.86,81.38,0,145.86,64.48,Completed
ORD-504603,2026-04-25,Central,Dallas DC,Small Business,SKU-1001,Electronics,Noise-Canceling Headphones,2,202.4,94.45,0.05,384.56,195.66,Completed
ORD-504604,2026-04-25,Central,Dallas DC,Small Business,SKU-1009,Apparel,Travel Backpack,2,145.86,81.38,0.05,277.13,114.37,Completed
ORD-504605,2026-04-26,West,Los Angeles DC,Small Business,SKU-1012,Beauty,Fragrance Set,2,138.55,68.54,0.05,263.25,126.16,Completed
ORD-504606,2026-04-26,East,Atlanta DC,Consumer,SKU-1003,Electronics,Portable Charger,1,132.63,59.06,0.1,119.37,60.31,Completed
ORD-504607,2026-04-26,West,Denver DC,Small Business,SKU-1006,Home,Kitchen Organizer,1,100.06,51.21,0,100.06,48.85,Completed
ORD-504608,2026-04-26,West,Denver DC,Consumer,SKU-1001,Electronics,Noise-Canceling Headphones,1,202.4,94.45,0,202.4,107.95,Completed
ORD-504609,2026-04-26,West,Seattle DC,Consumer,SKU-1003,Electronics,Portable Charger,3,132.63,59.06,0.05,378.0,200.82,Completed
ORD-504610,2026-04-26,West,Seattle DC,Consumer,SKU-1007,Apparel,Performance Jacket,2,259.88,171.94,0,519.76,175.88,Completed
ORD-504611,2026-04-26,West,Los Angeles DC,Enterprise,SKU-1011,Beauty,Hair Dryer,1,35.1,16.43,0.05,33.34,16.91,Completed
ORD-504612,2026-04-26,West,Los Angeles DC,Consumer,SKU-1005,Home,Bedding Set,1,134.44,81.31,0.1,121.0,39.69,Completed
ORD-504613,2026-04-26,West,Los Angeles DC,Consumer,SKU-1012,Beauty,Fragrance Set,3,138.55,68.54,0,415.65,210.03,Completed
ORD-504614,2026-04-26,West,Seattle DC,Consumer,SKU-1005,Home,Bedding Set,1,134.44,81.31,0,134.44,53.13,Completed
ORD-504615,2026-04-26,West,Los Angeles DC,Consumer,SKU-1004,Home,Air Purifier,1,39.43,23.74,0.05,37.46,13.72,Completed
ORD-504616,2026-04-26,West,Denver DC,Consumer,SKU-1010,Beauty,Skin Care Kit,1,212.38,144.24,0.15,180.52,36.28,Completed
ORD-504617,2026-04-26,West,Seattle DC,Enterprise,SKU-1001,Electronics,Noise-Canceling Headphones,1,202.4,94.45,0.15,172.04,77.59,Completed
ORD-504618,2026-04-26,West,Denver DC,Consumer,SKU-1010,Beauty,Skin Care Kit,1,212.38,144.24,0.15,180.52,36.28,Completed
ORD-504619,2026-04-26,Central,Chicago DC,Small Business,SKU-1009,Apparel,Travel Backpack,1,145.86,81.38,0,145.86,64.48,Completed
ORD-504620,2026-04-26,Central,Chicago DC,Consumer,SKU-1001,Electronics,Noise-Canceling Headphones,2,202.4,94.45,0,404.8,215.9,Completed
ORD-504621,2026-04-26,Central,Minneapolis DC,Consumer,SKU-1004,Home,Air Purifier,1,39.43,23.74,0.05,37.46,13.72,Completed
ORD-504622,2026-04-26,West,Seattle DC,Enterprise,SKU-1002,Electronics,Smart Home Hub,4,202.52,137.45,0.05,769.58,219.78,Completed
ORD-504623,2026-04-26,Central,Minneapolis DC,Consumer,SKU-1010,Beauty,Skin Care Kit,3,212.38,144.24,0,637.14,204.42,Completed
ORD-504624,2026-04-26,West,Denver DC,Small Business,SKU-1008,Apparel,Running Shoes,3,88.43,59.11,0,265.29,87.96,Completed
ORD-504625,2026-04-26,East,Atlanta DC,Enterprise,SKU-1010,Beauty,Skin Care Kit,1,212.38,144.24,0,212.38,68.14,Completed
ORD-504626,2026-04-26,Central,Chicago DC,Consumer,SKU-1010,Beauty,Skin Care Kit,1,212.38,144.24,0.15,180.52,36.28,Completed
ORD-504627,2026-04-26,West,Seattle DC,Enterprise,SKU-1003,Electronics,Portable Charger,2,132.63,59.06,0,265.26,147.14,Completed
ORD-504628,2026-04-26,Central,Minneapolis DC,Small Business,SKU-1011,Beauty,Hair Dryer,2,35.1,16.43,0.05,66.69,33.83,Completed
ORD-504629,2026-04-26,Central,Chicago DC,Small Business,SKU-1012,Beauty,Fragrance Set,1,138.55,68.54,0,138.55,70.01,Completed
ORD-504630,2026-04-26,Central,Dallas DC,Consumer,SKU-1003,Electronics,Portable Charger,1,132.63,59.06,0,132.63,73.57,Completed
ORD-504631,2026-04-26,West,Seattle DC,Small Business,SKU-1011,Beauty,Hair Dryer,1,35.1,16.43,0,35.1,18.67,Completed
ORD-504632,2026-04-26,East,New Jersey DC,Enterprise,SKU-1002,Electronics,Smart Home Hub,1,202.52,137.45,0.1,182.27,44.82,Completed
ORD-504633,2026-04-26,West,Denver DC,Enterprise,SKU-1011,Beauty,Hair Dryer,1,35.1,16.43,0.15,29.84,13.41,Completed
ORD-504634,2026-04-26,East,New Jersey DC,Enterprise,SKU-1011,Beauty,Hair Dryer,1,35.1,16.43,0,35.1,18.67,Completed
ORD-504635,2026-04-26,Central,Chicago DC,Consumer,SKU-1008,Apparel,Running Shoes,3,88.43,59.11,0.05,252.03,74.7,Completed
ORD-504636,2026-04-26,West,Los Angeles DC,Enterprise,SKU-1012,Beauty,Fragrance Set,3,138.55,68.54,0,415.65,210.03,Completed
ORD-504637,2026-04-26,West,Los Angeles DC,Consumer,SKU-1005,Home,Bedding Set,2,134.44,81.31,0.05,255.44,92.82,Completed
ORD-504638,2026-04-26,West,Los Angeles DC,Small Business,SKU-1002,Electronics,Smart Home Hub,1,202.52,137.45,0.05,192.39,54.94,Completed
ORD-504639,2026-04-26,East,New Jersey DC,Small Business,SKU-1006,Home,Kitchen Organizer,1,100.06,51.21,0,100.06,48.85,Completed
ORD-504640,2026-04-26,West,Los Angeles DC,Consumer,SKU-1008,Apparel,Running Shoes,1,88.43,59.11,0,88.43,29.32,Completed
ORD-504641,2026-04-26,West,Seattle DC,Small Business,SKU-1008,Apparel,Running Shoes,1,88.43,59.11,0,88.43,29.32,Cancelled
ORD-504642,2026-04-26,Central,Chicago DC,Enterprise,SKU-1004,Home,Air Purifier,2,39.43,23.74,0.1,70.97,23.49,Completed
ORD-504643,2026-04-26,Central,Dallas DC,Small Business,SKU-1009,Apparel,Travel Backpack,2,145.86,81.38,0.05,277.13,114.37,Completed
ORD-504644,2026-04-26,East,Miami DC,Consumer,SKU-1001,Electronics,Noise-Canceling Headphones,1,202.4,94.45,0,202.4,107.95,Completed
ORD-504645,2026-04-26,Central,Dallas DC,Enterprise,SKU-1011,Beauty,Hair Dryer,1,35.1,16.43,0,35.1,18.67,Completed
ORD-504646,2026-04-26,Central,Dallas DC,Enterprise,SKU-1005,Home,Bedding Set,1,134.44,81.31,0.15,114.27,32.96,Completed
ORD-504647,2026-04-27,Central,Chicago DC,Small Business,SKU-1007,Apparel,Performance Jacket,3,259.88,171.94,0,779.64,263.82,Completed
ORD-504648,2026-04-27,East,Atlanta DC,Small Business,SKU-1004,Home,Air Purifier,1,39.43,23.74,0,39.43,15.69,Completed
ORD-504649,2026-04-27,East,Atlanta DC,Small Business,SKU-1008,Apparel,Running Shoes,2,88.43,59.11,0.15,150.33,32.11,Completed
ORD-504650,2026-04-27,West,Los Angeles DC,Consumer,SKU-1003,Electronics,Portable Charger,4,132.63,59.06,0.05,503.99,267.75,Completed
ORD-504651,2026-04-27,Central,Dallas DC,Consumer,SKU-1011,Beauty,Hair Dryer,2,35.1,16.43,0.1,63.18,30.32,Completed
ORD-504652,2026-04-27,East,Atlanta DC,Enterprise,SKU-1010,Beauty,Skin Care Kit,2,212.38,144.24,0.1,382.28,93.8,Completed
ORD-504653,2026-04-27,Central,Minneapolis DC,Enterprise,SKU-1001,Electronics,Noise-Canceling Headphones,1,202.4,94.45,0,202.4,107.95,Completed
ORD-504654,2026-04-27,East,Atlanta DC,Consumer,SKU-1009,Apparel,Travel Backpack,1,145.86,81.38,0,145.86,64.48,Completed
ORD-504655,2026-04-27,East,Atlanta DC,Consumer,SKU-1010,Beauty,Skin Care Kit,1,212.38,144.24,0,212.38,68.14,Completed
ORD-504656,2026-04-27,West,Denver DC,Enterprise,SKU-1012,Beauty,Fragrance Set,1,138.55,68.54,0.15,117.77,49.23,Completed
ORD-504657,2026-04-27,Central,Minneapolis DC,Consumer,SKU-1004,Home,Air Purifier,2,39.43,23.74,0.05,74.92,27.44,Completed
ORD-504658,2026-04-27,West,Los Angeles DC,Small Business,SKU-1002,Electronics,Smart Home Hub,1,202.52,137.45,0,202.52,65.07,Cancelled
ORD-504659,2026-04-27,West,Los Angeles DC,Small Business,SKU-1009,Apparel,Travel Backpack,4,145.86,81.38,0.1,525.1,199.58,Completed
ORD-504660,2026-04-27,West,Los Angeles DC,Small Business,SKU-1007,Apparel,Performance Jacket,1,259.88,171.94,0.1,233.89,61.95,Completed
ORD-504661,2026-04-27,West,Seattle DC,Small Business,SKU-1008,Apparel,Running Shoes,2,88.43,59.11,0,176.86,58.64,Completed
ORD-504662,2026-04-27,Central,Chicago DC,Consumer,SKU-1010,Beauty,Skin Care Kit,1,212.38,144.24,0,212.38,68.14,Completed
ORD-504663,2026-04-27,East,New Jersey DC,Enterprise,SKU-1006,Home,Kitchen Organizer,2,100.06,51.21,0.1,180.11,77.69,Completed
ORD-504664,2026-04-27,West,Seattle DC,Enterprise,SKU-1004,Home,Air Purifier,2,39.43,23.74,0,78.86,31.38,Returned
ORD-504665,2026-04-27,East,Miami DC,Small Business,SKU-1004,Home,Air Purifier,2,39.43,23.74,0.15,67.03,19.55,Completed
ORD-504666,2026-04-27,West,Denver DC,Consumer,SKU-1009,Apparel,Travel Backpack,1,145.86,81.38,0,145.86,64.48,Completed
ORD-504667,2026-04-27,Central,Chicago DC,Consumer,SKU-1005,Home,Bedding Set,1,134.44,81.31,0,134.44,53.13,Completed
ORD-504668,2026-04-27,East,New Jersey DC,Enterprise,SKU-1007,Apparel,Performance Jacket,1,259.88,171.94,0,259.88,87.94,Completed
ORD-504669,2026-04-27,East,New Jersey DC,Consumer,SKU-1007,Apparel,Performance Jacket,2,259.88,171.94,0,519.76,175.88,Completed
ORD-504670,2026-04-27,West,Denver DC,Small Business,SKU-1001,Electronics,Noise-Canceling Headphones,1,202.4,94.45,0,202.4,107.95,Completed
ORD-504671,2026-04-27,Central,Dallas DC,Consumer,SKU-1001,Electronics,Noise-Canceling Headphones,4,202.4,94.45,0.15,688.16,310.36,Completed
ORD-504672,2026-04-27,East,Miami DC,Small Business,SKU-1012,Beauty,Fragrance Set,1,138.55,68.54,0.05,131.62,63.08,Completed
ORD-504673,2026-04-27,Central,Chicago DC,Consumer,SKU-1003,Electronics,Portable Charger,1,132.63,59.06,0.15,112.74,53.68,Completed
ORD-504674,2026-04-27,East,Miami DC,Enterprise,SKU-1001,Electronics,Noise-Canceling Headphones,1,202.4,94.45,0.15,172.04,77.59,Completed
ORD-504675,2026-04-27,West,Seattle DC,Enterprise,SKU-1012,Beauty,Fragrance Set,2,138.55,68.54,0.05,263.25,126.16,Completed
ORD-504676,2026-04-27,West,Denver DC,Consumer,SKU-1003,Electronics,Portable Charger,1,132.63,59.06,0,132.63,73.57,Completed
ORD-504677,2026-04-27,West,Seattle DC,Enterprise,SKU-1009,Apparel,Travel Backpack,1,145.86,81.38,0,145.86,64.48,Completed
ORD-504678,2026-04-27,West,Seattle DC,Enterprise,SKU-1008,Apparel,Running Shoes,4,88.43,59.11,0,353.72,117.28,Cancelled
ORD-504679,2026-04-27,East,Miami DC,Small Business,SKU-1001,Electronics,Noise-Canceling Headphones,4,202.4,94.45,0.1,728.64,350.84,Completed
ORD-504680,2026-04-27,West,Los Angeles DC,Consumer,SKU-1005,Home,Bedding Set,2,134.44,81.31,0,268.88,106.26,Completed
ORD-504681,2026-04-27,West,Seattle DC,Small Business,SKU-1007,Apparel,Performance Jacket,1,259.88,171.94,0,259.88,87.94,Completed
ORD-504682,2026-04-27,West,Denver DC,Small Business,SKU-1010,Beauty,Skin Care Kit,1,212.38,144.24,0,212.38,68.14,Completed
ORD-504683,2026-04-27,East,Miami DC,Enterprise,SKU-1007,Apparel,Performance Jacket,1,259.88,171.94,0,259.88,87.94,Completed
ORD-504684,2026-04-27,East,Atlanta DC,Consumer,SKU-1008,Apparel,Running Shoes,4,88.43,59.11,0,353.72,117.28,Cancelled
ORD-504685,2026-04-27,West,Denver DC,Small Business,SKU-1011,Beauty,Hair Dryer,1,35.1,16.43,0,35.1,18.67,Completed
ORD-504686,2026-04-27,East,Miami DC,Small Business,SKU-1010,Beauty,Skin Care Kit,1,212.38,144.24,0,212.38,68.14,Completed
ORD-504687,2026-04-27,West,Los Angeles DC,Enterprise,SKU-1012,Beauty,Fragrance Set,2,138.55,68.54,0,277.1,140.02,Completed
ORD-504688,2026-04-27,East,New Jersey DC,Small Business,SKU-1012,Beauty,Fragrance Set,2,138.55,68.54,0.1,249.39,112.31,Completed
ORD-504689,2026-04-27,West,Los Angeles DC,Enterprise,SKU-1007,Apparel,Performance Jacket,1,259.88,171.94,0,259.88,87.94,Completed
ORD-504690,2026-04-28,Central,Minneapolis DC,Small Business,SKU-1006,Home,Kitchen Organizer,1,100.06,51.21,0.1,90.05,38.84,Completed
ORD-504691,2026-04-28,West,Seattle DC,Consumer,SKU-1004,Home,Air Purifier,2,39.43,23.74,0.15,67.03,19.55,Completed
ORD-504692,2026-04-28,West,Seattle DC,Small Business,SKU-1009,Apparel,Travel Backpack,1,145.86,81.38,0,145.86,64.48,Completed
ORD-504693,2026-04-28,East,Atlanta DC,Consumer,SKU-1009,Apparel,Travel Backpack,1,145.86,81.38,0,145.86,64.48,Completed
ORD-504694,2026-04-28,East,New Jersey DC,Small Business,SKU-1009,Apparel,Travel Backpack,1,145.86,81.38,0.15,123.98,42.6,Completed
ORD-504695,2026-04-28,West,Denver DC,Enterprise,SKU-1009,Apparel,Travel Backpack,1,145.86,81.38,0,145.86,64.48,Completed
ORD-504696,2026-04-28,East,Atlanta DC,Enterprise,SKU-1006,Home,Kitchen Organizer,1,100.06,51.21,0,100.06,48.85,Completed
ORD-504697,2026-04-28,West,Los Angeles DC,Small Business,SKU-1007,Apparel,Performance Jacket,1,259.88,171.94,0,259.88,87.94,Completed
ORD-504698,2026-04-28,West,Seattle DC,Small Business,SKU-1005,Home,Bedding Set,1,134.44,81.31,0.05,127.72,46.41,Cancelled
ORD-504699,2026-04-28,West,Denver DC,Enterprise,SKU-1005,Home,Bedding Set,3,134.44,81.31,0,403.32,159.39,Completed
ORD-504700,2026-04-28,Central,Chicago DC,Small Business,SKU-1012,Beauty,Fragrance Set,1,138.55,68.54,0.05,131.62,63.08,Completed
ORD-504701,2026-04-28,East,Atlanta DC,Enterprise,SKU-1010,Beauty,Skin Care Kit,1,212.38,144.24,0.15,180.52,36.28,Completed
ORD-504702,2026-04-28,West,Seattle DC,Enterprise,SKU-1009,Apparel,Travel Backpack,1,145.86,81.38,0.05,138.57,57.19,Completed
ORD-504703,2026-04-28,West,Seattle DC,Consumer,SKU-1002,Electronics,Smart Home Hub,1,202.52,137.45,0.15,172.14,34.69,Completed
ORD-504704,2026-04-28,Central,Dallas DC,Enterprise,SKU-1003,Electronics,Portable Charger,3,132.63,59.06,0,397.89,220.71,Completed
ORD-504705,2026-04-28,Central,Minneapolis DC,Consumer,SKU-1002,Electronics,Smart Home Hub,1,202.52,137.45,0.05,192.39,54.94,Completed
ORD-504706,2026-04-28,West,Los Angeles DC,Consumer,SKU-1007,Apparel,Performance Jacket,3,259.88,171.94,0.1,701.68,185.86,Completed
ORD-504707,2026-04-28,East,Atlanta DC,Consumer,SKU-1012,Beauty,Fragrance Set,2,138.55,68.54,0.1,249.39,112.31,Completed
ORD-504708,2026-04-28,West,Los Angeles DC,Consumer,SKU-1006,Home,Kitchen Organizer,1,100.06,51.21,0.1,90.05,38.84,Completed
ORD-504709,2026-04-28,Central,Dallas DC,Small Business,SKU-1012,Beauty,Fragrance Set,1,138.55,68.54,0.05,131.62,63.08,Completed
ORD-504710,2026-04-28,Central,Minneapolis DC,Enterprise,SKU-1011,Beauty,Hair Dryer,1,35.1,16.43,0.1,31.59,15.16,Completed
ORD-504711,2026-04-28,East,Atlanta DC,Consumer,SKU-1011,Beauty,Hair Dryer,3,35.1,16.43,0,105.3,56.01,Completed
ORD-504712,2026-04-28,East,New Jersey DC,Small Business,SKU-1001,Electronics,Noise-Canceling Headphones,1,202.4,94.45,0,202.4,107.95,Completed
ORD-504713,2026-04-28,West,Seattle DC,Small Business,SKU-1006,Home,Kitchen Organizer,4,100.06,51.21,0.15,340.2,135.36,Completed
ORD-504714,2026-04-28,East,New Jersey DC,Consumer,SKU-1011,Beauty,Hair Dryer,1,35.1,16.43,0.05,33.34,16.91,Completed
ORD-504715,2026-04-28,Central,Chicago DC,Consumer,SKU-1002,Electronics,Smart Home Hub,1,202.52,137.45,0,202.52,65.07,Completed
ORD-504716,2026-04-28,East,Atlanta DC,Consumer,SKU-1004,Home,Air Purifier,1,39.43,23.74,0.1,35.49,11.75,Completed
ORD-504717,2026-04-28,Central,Minneapolis DC,Enterprise,SKU-1004,Home,Air Purifier,3,39.43,23.74,0.05,112.38,41.16,Returned
ORD-504718,2026-04-28,Central,Chicago DC,Enterprise,SKU-1009,Apparel,Travel Backpack,1,145.86,81.38,0.1,131.27,49.89,Completed
ORD-504719,2026-04-28,East,Atlanta DC,Enterprise,SKU-1003,Electronics,Portable Charger,1,132.63,59.06,0,132.63,73.57,Returned
ORD-504720,2026-04-28,Central,Minneapolis DC,Small Business,SKU-1004,Home,Air Purifier,4,39.43,23.74,0.1,141.95,46.99,Completed
ORD-504721,2026-04-28,Central,Minneapolis DC,Consumer,SKU-1008,Apparel,Running Shoes,2,88.43,59.11,0,176.86,58.64,Completed
ORD-504722,2026-04-28,East,Miami DC,Small Business,SKU-1005,Home,Bedding Set,1,134.44,81.31,0,134.44,53.13,Returned
ORD-504723,2026-04-28,West,Seattle DC,Consumer,SKU-1005,Home,Bedding Set,1,134.44,81.31,0.15,114.27,32.96,Completed
ORD-504724,2026-04-28,East,Atlanta DC,Small Business,SKU-1008,Apparel,Running Shoes,1,88.43,59.11,0,88.43,29.32,Completed
ORD-504725,2026-04-28,Central,Chicago DC,Consumer,SKU-1001,Electronics,Noise-Canceling Headphones,1,202.4,94.45,0,202.4,107.95,Completed
ORD-504726,2026-04-28,East,New Jersey DC,Small Business,SKU-1012,Beauty,Fragrance Set,2,138.55,68.54,0,277.1,140.02,Completed
ORD-504727,2026-04-28,East,New Jersey DC,Consumer,SKU-1001,Electronics,Noise-Canceling Headphones,1,202.4,94.45,0.15,172.04,77.59,Completed
ORD-504728,2026-04-28,Central,Minneapolis DC,Small Business,SKU-1011,Beauty,Hair Dryer,2,35.1,16.43,0,70.2,37.34,Completed
ORD-504729,2026-04-28,East,Atlanta DC,Enterprise,SKU-1006,Home,Kitchen Organizer,4,100.06,51.21,0,400.24,195.4,Completed
ORD-504730,2026-04-28,West,Los Angeles DC,Small Business,SKU-1005,Home,Bedding Set,1,134.44,81.31,0.15,114.27,32.96,Returned
ORD-504731,2026-04-28,West,Los Angeles DC,Small Business,SKU-1008,Apparel,Running Shoes,1,88.43,59.11,0.05,84.01,24.9,Completed
ORD-504732,2026-04-28,Central,Chicago DC,Enterprise,SKU-1003,Electronics,Portable Charger,1,132.63,59.06,0.15,112.74,53.68,Completed
ORD-504733,2026-04-28,East,Atlanta DC,Small Business,SKU-1011,Beauty,Hair Dryer,2,35.1,16.43,0,70.2,37.34,Completed
ORD-504734,2026-04-28,Central,Chicago DC,Small Business,SKU-1007,Apparel,Performance Jacket,2,259.88,171.94,0,519.76,175.88,Completed
ORD-504735,2026-04-29,West,Denver DC,Small Business,SKU-1004,Home,Air Purifier,2,39.43,23.74,0.1,70.97,23.49,Completed
ORD-504736,2026-04-29,West,Los Angeles DC,Small Business,SKU-1008,Apparel,Running Shoes,2,88.43,59.11,0,176.86,58.64,Completed
ORD-504737,2026-04-29,West,Seattle DC,Small Business,SKU-1001,Electronics,Noise-Canceling Headphones,1,202.4,94.45,0.15,172.04,77.59,Completed
ORD-504738,2026-04-29,East,Miami DC,Small Business,SKU-1011,Beauty,Hair Dryer,1,35.1,16.43,0,35.1,18.67,Completed
ORD-504739,2026-04-29,East,Atlanta DC,Consumer,SKU-1010,Beauty,Skin Care Kit,1,212.38,144.24,0,212.38,68.14,Completed
ORD-504740,2026-04-29,East,New Jersey DC,Small Business,SKU-1002,Electronics,Smart Home Hub,1,202.52,137.45,0.1,182.27,44.82,Completed
ORD-504741,2026-04-29,West,Denver DC,Consumer,SKU-1010,Beauty,Skin Care Kit,1,212.38,144.24,0.05,201.76,57.52,Completed
ORD-504742,2026-04-29,Central,Chicago DC,Enterprise,SKU-1009,Apparel,Travel Backpack,2,145.86,81.38,0,291.72,128.96,Completed
ORD-504743,2026-04-29,West,Seattle DC,Small Business,SKU-1004,Home,Air Purifier,1,39.43,23.74,0,39.43,15.69,Completed
ORD-504744,2026-04-29,Central,Dallas DC,Enterprise,SKU-1002,Electronics,Smart Home Hub,3,202.52,137.45,0.1,546.8,134.45,Cancelled
ORD-504745,2026-04-29,West,Los Angeles DC,Consumer,SKU-1009,Apparel,Travel Backpack,3,145.86,81.38,0,437.58,193.44,Completed
ORD-504746,2026-04-29,East,Atlanta DC,Small Business,SKU-1006,Home,Kitchen Organizer,2,100.06,51.21,0,200.12,97.7,Completed
ORD-504747,2026-04-29,West,Los Angeles DC,Enterprise,SKU-1004,Home,Air Purifier,1,39.43,23.74,0.05,37.46,13.72,Completed
ORD-504748,2026-04-29,Central,Dallas DC,Enterprise,SKU-1011,Beauty,Hair Dryer,2,35.1,16.43,0,70.2,37.34,Completed
ORD-504749,2026-04-29,Central,Minneapolis DC,Enterprise,SKU-1011,Beauty,Hair Dryer,3,35.1,16.43,0,105.3,56.01,Returned
ORD-504750,2026-04-29,West,Seattle DC,Consumer,SKU-1007,Apparel,Performance Jacket,1,259.88,171.94,0,259.88,87.94,Completed
ORD-504751,2026-04-29,West,Denver DC,Enterprise,SKU-1004,Home,Air Purifier,4,39.43,23.74,0,157.72,62.76,Returned
ORD-504752,2026-04-29,West,Denver DC,Small Business,SKU-1001,Electronics,Noise-Canceling Headphones,1,202.4,94.45,0,202.4,107.95,Completed
ORD-504753,2026-04-29,East,New Jersey DC,Enterprise,SKU-1006,Home,Kitchen Organizer,2,100.06,51.21,0.15,170.1,67.68,Completed
ORD-504754,2026-04-29,Central,Dallas DC,Small Business,SKU-1004,Home,Air Purifier,2,39.43,23.74,0.05,74.92,27.44,Completed
ORD-504755,2026-04-29,East,New Jersey DC,Enterprise,SKU-1005,Home,Bedding Set,1,134.44,81.31,0,134.44,53.13,Completed
ORD-504756,2026-04-29,Central,Chicago DC,Consumer,SKU-1004,Home,Air Purifier,1,39.43,23.74,0.15,33.52,9.78,Completed
ORD-504757,2026-04-29,West,Los Angeles DC,Enterprise,SKU-1004,Home,Air Purifier,3,39.43,23.74,0.15,100.55,29.33,Completed
ORD-504758,2026-04-29,Central,Dallas DC,Consumer,SKU-1001,Electronics,Noise-Canceling Headphones,1,202.4,94.45,0.15,172.04,77.59,Completed
ORD-504759,2026-04-29,East,Miami DC,Consumer,SKU-1006,Home,Kitchen Organizer,3,100.06,51.21,0.15,255.15,101.52,Completed
ORD-504760,2026-04-29,West,Seattle DC,Consumer,SKU-1011,Beauty,Hair Dryer,2,35.1,16.43,0.15,59.67,26.81,Completed
ORD-504761,2026-04-29,East,Atlanta DC,Small Business,SKU-1012,Beauty,Fragrance Set,2,138.55,68.54,0,277.1,140.02,Completed
ORD-504762,2026-04-29,East,New Jersey DC,Enterprise,SKU-1003,Electronics,Portable Charger,3,132.63,59.06,0,397.89,220.71,Completed
ORD-504763,2026-04-29,West,Seattle DC,Small Business,SKU-1006,Home,Kitchen Organizer,3,100.06,51.21,0,300.18,146.55,Returned
ORD-504764,2026-04-29,West,Denver DC,Small Business,SKU-1004,Home,Air Purifier,1,39.43,23.74,0.15,33.52,9.78,Completed
ORD-504765,2026-04-29,West,Seattle DC,Enterprise,SKU-1006,Home,Kitchen Organizer,2,100.06,51.21,0.1,180.11,77.69,Completed
ORD-504766,2026-04-29,Central,Dallas DC,Enterprise,SKU-1004,Home,Air Purifier,4,39.43,23.74,0.05,149.83,54.87,Completed
ORD-504767,2026-04-29,East,Miami DC,Consumer,SKU-1012,Beauty,Fragrance Set,1,138.55,68.54,0.05,131.62,63.08,Completed
ORD-504768,2026-04-29,Central,Dallas DC,Consumer,SKU-1007,Apparel,Performance Jacket,1,259.88,171.94,0.15,220.9,48.96,Completed
ORD-504769,2026-04-29,East,New Jersey DC,Consumer,SKU-1001,Electronics,Noise-Canceling Headphones,3,202.4,94.45,0.1,546.48,263.13,Completed
ORD-504770,2026-04-29,East,Atlanta DC,Enterprise,SKU-1008,Apparel,Running Shoes,1,88.43,59.11,0.15,75.17,16.06,Returned
ORD-504771,2026-04-29,Central,Dallas DC,Small Business,SKU-1008,Apparel,Running Shoes,1,88.43,59.11,0,88.43,29.32,Completed
ORD-504772,2026-04-29,West,Seattle DC,Enterprise,SKU-1002,Electronics,Smart Home Hub,2,202.52,137.45,0,405.04,130.14,Completed
ORD-504773,2026-04-30,West,Los Angeles DC,Small Business,SKU-1010,Beauty,Skin Care Kit,1,212.38,144.24,0.15,180.52,36.28,Completed
ORD-504774,2026-04-30,Central,Dallas DC,Small Business,SKU-1010,Beauty,Skin Care Kit,2,212.38,144.24,0.15,361.05,72.57,Completed
ORD-504775,2026-04-30,West,Seattle DC,Enterprise,SKU-1006,Home,Kitchen Organizer,1,100.06,51.21,0,100.06,48.85,Completed
ORD-504776,2026-04-30,East,Atlanta DC,Enterprise,SKU-1011,Beauty,Hair Dryer,1,35.1,16.43,0,35.1,18.67,Completed
ORD-504777,2026-04-30,East,New Jersey DC,Small Business,SKU-1010,Beauty,Skin Care Kit,1,212.38,144.24,0.15,180.52,36.28,Completed
ORD-504778,2026-04-30,Central,Dallas DC,Enterprise,SKU-1009,Apparel,Travel Backpack,2,145.86,81.38,0.1,262.55,99.79,Completed
ORD-504779,2026-04-30,East,Atlanta DC,Consumer,SKU-1009,Apparel,Travel Backpack,1,145.86,81.38,0,145.86,64.48,Completed
ORD-504780,2026-04-30,Central,Chicago DC,Enterprise,SKU-1003,Electronics,Portable Charger,2,132.63,59.06,0,265.26,147.14,Completed
ORD-504781,2026-04-30,East,Miami DC,Consumer,SKU-1003,Electronics,Portable Charger,1,132.63,59.06,0,132.63,73.57,Completed
ORD-504782,2026-04-30,West,Denver DC,Consumer,SKU-1007,Apparel,Performance Jacket,1,259.88,171.94,0,259.88,87.94,Completed
ORD-504783,2026-04-30,Central,Chicago DC,Small Business,SKU-1010,Beauty,Skin Care Kit,4,212.38,144.24,0,849.52,272.56,Cancelled
ORD-504784,2026-04-30,East,Miami DC,Small Business,SKU-1010,Beauty,Skin Care Kit,3,212.38,144.24,0,637.14,204.42,Completed
ORD-504785,2026-04-30,Central,Minneapolis DC,Enterprise,SKU-1008,Apparel,Running Shoes,1,88.43,59.11,0,88.43,29.32,Completed
ORD-504786,2026-04-30,Central,Chicago DC,Enterprise,SKU-1007,Apparel,Performance Jacket,1,259.88,171.94,0.1,233.89,61.95,Completed
ORD-504787,2026-04-30,Central,Chicago DC,Small Business,SKU-1001,Electronics,Noise-Canceling Headphones,1,202.4,94.45,0,202.4,107.95,Completed
ORD-504788,2026-04-30,West,Seattle DC,Consumer,SKU-1001,Electronics,Noise-Canceling Headphones,4,202.4,94.45,0,809.6,431.8,Completed
ORD-504789,2026-04-30,West,Seattle DC,Small Business,SKU-1009,Apparel,Travel Backpack,1,145.86,81.38,0,145.86,64.48,Completed
ORD-504790,2026-04-30,East,Miami DC,Consumer,SKU-1009,Apparel,Travel Backpack,1,145.86,81.38,0,145.86,64.48,Completed
ORD-504791,2026-04-30,East,Atlanta DC,Consumer,SKU-1011,Beauty,Hair Dryer,1,35.1,16.43,0.05,33.34,16.91,Completed
ORD-504792,2026-04-30,East,Miami DC,Consumer,SKU-1009,Apparel,Travel Backpack,2,145.86,81.38,0,291.72,128.96,Returned
ORD-504793,2026-04-30,West,Los Angeles DC,Enterprise,SKU-1008,Apparel,Running Shoes,1,88.43,59.11,0,88.43,29.32,Completed
ORD-504794,2026-04-30,West,Los Angeles DC,Enterprise,SKU-1005,Home,Bedding Set,1,134.44,81.31,0,134.44,53.13,Completed
ORD-504795,2026-04-30,East,Atlanta DC,Enterprise,SKU-1001,Electronics,Noise-Canceling Headphones,2,202.4,94.45,0.1,364.32,175.42,Completed
ORD-504796,2026-04-30,East,New Jersey DC,Enterprise,SKU-1001,Electronics,Noise-Canceling Headphones,1,202.4,94.45,0.1,182.16,87.71,Cancelled
ORD-504797,2026-04-30,West,Seattle DC,Small Business,SKU-1003,Electronics,Portable Charger,1,132.63,59.06,0,132.63,73.57,Completed
ORD-504798,2026-04-30,East,New Jersey DC,Consumer,SKU-1003,Electronics,Portable Charger,1,132.63,59.06,0.15,112.74,53.68,Completed
ORD-504799,2026-04-30,East,Atlanta DC,Consumer,SKU-1010,Beauty,Skin Care Kit,1,212.38,144.24,0.15,180.52,36.28,Returned
ORD-504800,2026-04-30,West,Denver DC,Enterprise,SKU-1010,Beauty,Skin Care Kit,2,212.38,144.24,0,424.76,136.28,Completed
ORD-504801,2026-04-30,West,Seattle DC,Consumer,SKU-1005,Home,Bedding Set,1,134.44,81.31,0,134.44,53.13,Completed
ORD-504802,2026-04-30,East,Miami DC,Enterprise,SKU-1002,Electronics,Smart Home Hub,1,202.52,137.45,0.15,172.14,34.69,Completed
ORD-504803,2026-04-30,Central,Chicago DC,Small Business,SKU-1009,Apparel,Travel Backpack,1,145.86,81.38,0,145.86,64.48,Completed
ORD-504804,2026-04-30,Central,Dallas DC,Consumer,SKU-1001,Electronics,Noise-Canceling Headphones,2,202.4,94.45,0,404.8,215.9,Completed
ORD-504805,2026-04-30,West,Los Angeles DC,Consumer,SKU-1009,Apparel,Travel Backpack,2,145.86,81.38,0,291.72,128.96,Completed
ORD-504806,2026-04-30,Central,Dallas DC,Small Business,SKU-1001,Electronics,Noise-Canceling Headphones,1,202.4,94.45,0,202.4,107.95,Completed
ORD-504807,2026-04-30,East,Atlanta DC,Enterprise,SKU-1010,Beauty,Skin Care Kit,1,212.38,144.24,0,212.38,68.14,Completed
ORD-504808,2026-04-30,East,Miami DC,Consumer,SKU-1012,Beauty,Fragrance Set,1,138.55,68.54,0.1,124.7,56.16,Completed
ORD-504809,2026-04-30,Central,Dallas DC,Enterprise,SKU-1004,Home,Air Purifier,1,39.43,23.74,0.05,37.46,13.72,Completed
ORD-504810,2026-04-30,East,Miami DC,Consumer,SKU-1011,Beauty,Hair Dryer,1,35.1,16.43,0.1,31.59,15.16,Completed
ORD-504811,2026-04-30,East,Atlanta DC,Small Business,SKU-1002,Electronics,Smart Home Hub,2,202.52,137.45,0.1,364.54,89.64,Completed
ORD-504812,2026-04-30,West,Los Angeles DC,Consumer,SKU-1010,Beauty,Skin Care Kit,3,212.38,144.24,0.05,605.28,172.56,Completed
ORD-504813,2026-04-30,East,Miami DC,Small Business,SKU-1011,Beauty,Hair Dryer,1,35.1,16.43,0.15,29.84,13.41,Completed
ORD-504814,2026-04-30,Central,Minneapolis DC,Enterprise,SKU-1004,Home,Air Purifier,2,39.43,23.74,0.05,74.92,27.44,Completed
ORD-504815,2026-04-30,Central,Minneapolis DC,Enterprise,SKU-1004,Home,Air Purifier,1,39.43,23.74,0.1,35.49,11.75,Completed
ORD-504816,2026-04-30,East,Miami DC,Consumer,SKU-1001,Electronics,Noise-Canceling Headphones,3,202.4,94.45,0,607.2,323.85,Completed
ORD-504817,2026-04-30,West,Los Angeles DC,Consumer,SKU-1004,Home,Air Purifier,1,39.43,23.74,0,39.43,15.69,Returned
ORD-504818,2026-04-30,West,Los Angeles DC,Small Business,SKU-1004,Home,Air Purifier,1,39.43,23.74,0.05,37.46,13.72,Returned
ORD-504819,2026-04-30,Central,Minneapolis DC,Enterprise,SKU-1003,Electronics,Portable Charger,1,132.63,59.06,0.15,112.74,53.68,Completed
ORD-504820,2026-04-30,West,Denver DC,Enterprise,SKU-1009,Apparel,Travel Backpack,2,145.86,81.38,0,291.72,128.96,Completed
ORD-504821,2026-05-01,East,Atlanta DC,Small Business,SKU-1005,Home,Bedding Set,1,134.44,81.31,0,134.44,53.13,Completed
ORD-504822,2026-05-01,East,Miami DC,Enterprise,SKU-1001,Electronics,Noise-Canceling Headphones,1,202.4,94.45,0,202.4,107.95,Completed
ORD-504823,2026-05-01,Central,Dallas DC,Small Business,SKU-1006,Home,Kitchen Organizer,1,100.06,51.21,0.05,95.06,43.85,Completed
ORD-504824,2026-05-01,Central,Chicago DC,Enterprise,SKU-1011,Beauty,Hair Dryer,2,35.1,16.43,0.1,63.18,30.32,Completed
ORD-504825,2026-05-01,West,Los Angeles DC,Enterprise,SKU-1009,Apparel,Travel Backpack,1,145.86,81.38,0,145.86,64.48,Completed
ORD-504826,2026-05-01,Central,Minneapolis DC,Enterprise,SKU-1001,Electronics,Noise-Canceling Headphones,3,202.4,94.45,0,607.2,323.85,Completed
ORD-504827,2026-05-01,East,Miami DC,Small Business,SKU-1001,Electronics,Noise-Canceling Headphones,1,202.4,94.45,0.1,182.16,87.71,Completed
ORD-504828,2026-05-01,East,New Jersey DC,Small Business,SKU-1008,Apparel,Running Shoes,4,88.43,59.11,0.15,300.66,64.22,Completed
ORD-504829,2026-05-01,East,New Jersey DC,Enterprise,SKU-1007,Apparel,Performance Jacket,3,259.88,171.94,0.1,701.68,185.86,Cancelled
ORD-504830,2026-05-01,East,New Jersey DC,Enterprise,SKU-1008,Apparel,Running Shoes,3,88.43,59.11,0.05,252.03,74.7,Completed
ORD-504831,2026-05-01,East,Atlanta DC,Small Business,SKU-1008,Apparel,Running Shoes,2,88.43,59.11,0,176.86,58.64,Completed
ORD-504832,2026-05-01,Central,Minneapolis DC,Consumer,SKU-1009,Apparel,Travel Backpack,1,145.86,81.38,0.1,131.27,49.89,Completed
ORD-504833,2026-05-01,East,Miami DC,Consumer,SKU-1006,Home,Kitchen Organizer,1,100.06,51.21,0.05,95.06,43.85,Completed
ORD-504834,2026-05-01,Central,Minneapolis DC,Enterprise,SKU-1001,Electronics,Noise-Canceling Headphones,2,202.4,94.45,0.1,364.32,175.42,Completed
ORD-504835,2026-05-01,West,Los Angeles DC,Consumer,SKU-1009,Apparel,Travel Backpack,2,145.86,81.38,0,291.72,128.96,Completed
ORD-504836,2026-05-01,Central,Chicago DC,Enterprise,SKU-1012,Beauty,Fragrance Set,1,138.55,68.54,0.15,117.77,49.23,Completed
ORD-504837,2026-05-01,Central,Chicago DC,Consumer,SKU-1007,Apparel,Performance Jacket,1,259.88,171.94,0,259.88,87.94,Completed
ORD-504838,2026-05-01,West,Los Angeles DC,Consumer,SKU-1002,Electronics,Smart Home Hub,4,202.52,137.45,0.05,769.58,219.78,Completed
ORD-504839,2026-05-01,East,Atlanta DC,Enterprise,SKU-1011,Beauty,Hair Dryer,1,35.1,16.43,0,35.1,18.67,Completed
ORD-504840,2026-05-01,East,Miami DC,Consumer,SKU-1002,Electronics,Smart Home Hub,1,202.52,137.45,0,202.52,65.07,Completed
ORD-504841,2026-05-01,West,Denver DC,Small Business,SKU-1010,Beauty,Skin Care Kit,2,212.38,144.24,0,424.76,136.28,Completed
ORD-504842,2026-05-01,West,Seattle DC,Small Business,SKU-1009,Apparel,Travel Backpack,1,145.86,81.38,0.1,131.27,49.89,Completed
ORD-504843,2026-05-01,East,Miami DC,Enterprise,SKU-1010,Beauty,Skin Care Kit,2,212.38,144.24,0,424.76,136.28,Completed
ORD-504844,2026-05-01,East,Miami DC,Enterprise,SKU-1007,Apparel,Performance Jacket,1,259.88,171.94,0,259.88,87.94,Completed
ORD-504845,2026-05-01,East,Miami DC,Enterprise,SKU-1001,Electronics,Noise-Canceling Headphones,1,202.4,94.45,0,202.4,107.95,Completed
ORD-504846,2026-05-01,East,Atlanta DC,Enterprise,SKU-1009,Apparel,Travel Backpack,1,145.86,81.38,0,145.86,64.48,Completed
ORD-504847,2026-05-01,West,Los Angeles DC,Enterprise,SKU-1007,Apparel,Performance Jacket,2,259.88,171.94,0.05,493.77,149.89,Completed
ORD-504848,2026-05-01,West,Denver DC,Small Business,SKU-1007,Apparel,Performance Jacket,1,259.88,171.94,0.1,233.89,61.95,Completed
ORD-504849,2026-05-01,Central,Chicago DC,Consumer,SKU-1012,Beauty,Fragrance Set,2,138.55,68.54,0,277.1,140.02,Completed
ORD-504850,2026-05-01,West,Seattle DC,Enterprise,SKU-1009,Apparel,Travel Backpack,2,145.86,81.38,0.1,262.55,99.79,Completed
ORD-504851,2026-05-01,West,Seattle DC,Small Business,SKU-1006,Home,Kitchen Organizer,2,100.06,51.21,0.05,190.11,87.69,Completed
ORD-504852,2026-05-01,West,Denver DC,Consumer,SKU-1009,Apparel,Travel Backpack,1,145.86,81.38,0,145.86,64.48,Completed
ORD-504853,2026-05-01,Central,Chicago DC,Consumer,SKU-1009,Apparel,Travel Backpack,2,145.86,81.38,0.05,277.13,114.37,Completed
ORD-504854,2026-05-01,West,Los Angeles DC,Enterprise,SKU-1001,Electronics,Noise-Canceling Headphones,1,202.4,94.45,0,202.4,107.95,Completed
ORD-504855,2026-05-01,West,Denver DC,Consumer,SKU-1009,Apparel,Travel Backpack,1,145.86,81.38,0,145.86,64.48,Completed
ORD-504856,2026-05-01,East,New Jersey DC,Enterprise,SKU-1008,Apparel,Running Shoes,1,88.43,59.11,0,88.43,29.32,Completed
ORD-504857,2026-05-01,West,Los Angeles DC,Small Business,SKU-1003,Electronics,Portable Charger,2,132.63,59.06,0.15,225.47,107.35,Completed
ORD-504858,2026-05-01,Central,Chicago DC,Consumer,SKU-1010,Beauty,Skin Care Kit,1,212.38,144.24,0.15,180.52,36.28,Completed
ORD-504859,2026-05-01,East,Atlanta DC,Small Business,SKU-1010,Beauty,Skin Care Kit,4,212.38,144.24,0.1,764.57,187.61,Completed
ORD-504860,2026-05-01,East,Atlanta DC,Enterprise,SKU-1010,Beauty,Skin Care Kit,1,212.38,144.24,0,212.38,68.14,Completed
ORD-504861,2026-05-01,East,Atlanta DC,Small Business,SKU-1007,Apparel,Performance Jacket,1,259.88,171.94,0.1,233.89,61.95,Completed
ORD-504862,2026-05-01,East,Atlanta DC,Enterprise,SKU-1003,Electronics,Portable Charger,2,132.63,59.06,0,265.26,147.14,Completed
ORD-504863,2026-05-02,East,Miami DC,Small Business,SKU-1008,Apparel,Running Shoes,1,88.43,59.11,0,88.43,29.32,Cancelled
ORD-504864,2026-05-02,East,New Jersey DC,Enterprise,SKU-1006,Home,Kitchen Organizer,1,100.06,51.21,0,100.06,48.85,Completed
ORD-504865,2026-05-02,East,Miami DC,Enterprise,SKU-1010,Beauty,Skin Care Kit,1,212.38,144.24,0.1,191.14,46.9,Completed
ORD-504866,2026-05-02,West,Denver DC,Consumer,SKU-1009,Apparel,Travel Backpack,1,145.86,81.38,0.05,138.57,57.19,Cancelled
ORD-504867,2026-05-02,East,New Jersey DC,Enterprise,SKU-1003,Electronics,Portable Charger,2,132.63,59.06,0.15,225.47,107.35,Completed
ORD-504868,2026-05-02,West,Los Angeles DC,Consumer,SKU-1009,Apparel,Travel Backpack,1,145.86,81.38,0,145.86,64.48,Completed
ORD-504869,2026-05-02,East,Miami DC,Small Business,SKU-1006,Home,Kitchen Organizer,3,100.06,51.21,0.1,270.16,116.53,Completed
ORD-504870,2026-05-02,East,New Jersey DC,Enterprise,SKU-1002,Electronics,Smart Home Hub,3,202.52,137.45,0.1,546.8,134.45,Completed
ORD-504871,2026-05-02,East,Miami DC,Consumer,SKU-1005,Home,Bedding Set,1,134.44,81.31,0,134.44,53.13,Completed
ORD-504872,2026-05-02,West,Los Angeles DC,Enterprise,SKU-1006,Home,Kitchen Organizer,2,100.06,51.21,0.1,180.11,77.69,Completed
ORD-504873,2026-05-02,Central,Chicago DC,Consumer,SKU-1002,Electronics,Smart Home Hub,2,202.52,137.45,0,405.04,130.14,Completed
ORD-504874,2026-05-02,Central,Dallas DC,Consumer,SKU-1003,Electronics,Portable Charger,1,132.63,59.06,0.15,112.74,53.68,Completed
ORD-504875,2026-05-02,Central,Dallas DC,Consumer,SKU-1002,Electronics,Smart Home Hub,1,202.52,137.45,0.05,192.39,54.94,Completed
ORD-504876,2026-05-02,West,Los Angeles DC,Consumer,SKU-1010,Beauty,Skin Care Kit,1,212.38,144.24,0.15,180.52,36.28,Returned
ORD-504877,2026-05-02,West,Denver DC,Small Business,SKU-1010,Beauty,Skin Care Kit,4,212.38,144.24,0,849.52,272.56,Completed
ORD-504878,2026-05-02,Central,Minneapolis DC,Consumer,SKU-1003,Electronics,Portable Charger,1,132.63,59.06,0.1,119.37,60.31,Completed
ORD-504879,2026-05-02,East,Atlanta DC,Enterprise,SKU-1002,Electronics,Smart Home Hub,1,202.52,137.45,0,202.52,65.07,Completed
ORD-504880,2026-05-02,East,Miami DC,Enterprise,SKU-1005,Home,Bedding Set,2,134.44,81.31,0,268.88,106.26,Completed
ORD-504881,2026-05-02,Central,Chicago DC,Enterprise,SKU-1009,Apparel,Travel Backpack,1,145.86,81.38,0.15,123.98,42.6,Completed
ORD-504882,2026-05-02,West,Denver DC,Enterprise,SKU-1004,Home,Air Purifier,1,39.43,23.74,0.1,35.49,11.75,Completed
ORD-504883,2026-05-02,West,Denver DC,Consumer,SKU-1005,Home,Bedding Set,3,134.44,81.31,0.05,383.15,139.22,Completed
ORD-504884,2026-05-02,Central,Dallas DC,Consumer,SKU-1009,Apparel,Travel Backpack,1,145.86,81.38,0.05,138.57,57.19,Completed
ORD-504885,2026-05-02,Central,Minneapolis DC,Consumer,SKU-1009,Apparel,Travel Backpack,1,145.86,81.38,0,145.86,64.48,Completed
ORD-504886,2026-05-02,West,Los Angeles DC,Small Business,SKU-1011,Beauty,Hair Dryer,2,35.1,16.43,0.1,63.18,30.32,Completed
ORD-504887,2026-05-02,East,Miami DC,Consumer,SKU-1003,Electronics,Portable Charger,1,132.63,59.06,0.1,119.37,60.31,Returned
ORD-504888,2026-05-02,Central,Minneapolis DC,Small Business,SKU-1008,Apparel,Running Shoes,3,88.43,59.11,0,265.29,87.96,Completed
ORD-504889,2026-05-02,East,Miami DC,Enterprise,SKU-1002,Electronics,Smart Home Hub,1,202.52,137.45,0.05,192.39,54.94,Returned
ORD-504890,2026-05-02,West,Los Angeles DC,Small Business,SKU-1003,Electronics,Portable Charger,2,132.63,59.06,0,265.26,147.14,Completed
ORD-504891,2026-05-02,West,Denver DC,Consumer,SKU-1007,Apparel,Performance Jacket,2,259.88,171.94,0,519.76,175.88,Completed
ORD-504892,2026-05-02,Central,Chicago DC,Consumer,SKU-1011,Beauty,Hair Dryer,2,35.1,16.43,0,70.2,37.34,Completed
ORD-504893,2026-05-02,West,Los Angeles DC,Enterprise,SKU-1012,Beauty,Fragrance Set,1,138.55,68.54,0,138.55,70.01,Completed
ORD-504894,2026-05-02,Central,Minneapolis DC,Enterprise,SKU-1008,Apparel,Running Shoes,2,88.43,59.11,0,176.86,58.64,Completed
ORD-504895,2026-05-02,Central,Chicago DC,Consumer,SKU-1008,Apparel,Running Shoes,1,88.43,59.11,0.05,84.01,24.9,Cancelled
ORD-504896,2026-05-02,Central,Dallas DC,Consumer,SKU-1006,Home,Kitchen Organizer,3,100.06,51.21,0,300.18,146.55,Returned
ORD-504897,2026-05-02,West,Seattle DC,Enterprise,SKU-1003,Electronics,Portable Charger,1,132.63,59.06,0.1,119.37,60.31,Completed
ORD-504898,2026-05-02,East,Atlanta DC,Small Business,SKU-1003,Electronics,Portable Charger,2,132.63,59.06,0.1,238.73,120.61,Completed
ORD-504899,2026-05-02,East,New Jersey DC,Consumer,SKU-1005,Home,Bedding Set,2,134.44,81.31,0.05,255.44,92.82,Completed
ORD-504900,2026-05-02,East,Miami DC,Consumer,SKU-1004,Home,Air Purifier,1,39.43,23.74,0,39.43,15.69,Completed
ORD-504901,2026-05-03,Central,Dallas DC,Small Business,SKU-1001,Electronics,Noise-Canceling Headphones,2,202.4,94.45,0.1,364.32,175.42,Completed
ORD-504902,2026-05-03,Central,Chicago DC,Enterprise,SKU-1004,Home,Air Purifier,1,39.43,23.74,0.1,35.49,11.75,Completed
ORD-504903,2026-05-03,Central,Chicago DC,Small Business,SKU-1008,Apparel,Running Shoes,1,88.43,59.11,0.1,79.59,20.48,Completed
ORD-504904,2026-05-03,Central,Chicago DC,Enterprise,SKU-1007,Apparel,Performance Jacket,1,259.88,171.94,0,259.88,87.94,Completed
ORD-504905,2026-05-03,West,Los Angeles DC,Consumer,SKU-1012,Beauty,Fragrance Set,2,138.55,68.54,0.1,249.39,112.31,Completed
ORD-504906,2026-05-03,East,New Jersey DC,Small Business,SKU-1003,Electronics,Portable Charger,1,132.63,59.06,0,132.63,73.57,Completed
ORD-504907,2026-05-03,West,Denver DC,Consumer,SKU-1006,Home,Kitchen Organizer,1,100.06,51.21,0,100.06,48.85,Completed
ORD-504908,2026-05-03,Central,Dallas DC,Small Business,SKU-1004,Home,Air Purifier,1,39.43,23.74,0.1,35.49,11.75,Completed
ORD-504909,2026-05-03,West,Los Angeles DC,Enterprise,SKU-1005,Home,Bedding Set,1,134.44,81.31,0.1,121.0,39.69,Completed
ORD-504910,2026-05-03,West,Denver DC,Consumer,SKU-1003,Electronics,Portable Charger,3,132.63,59.06,0,397.89,220.71,Completed
ORD-504911,2026-05-03,Central,Chicago DC,Consumer,SKU-1002,Electronics,Smart Home Hub,1,202.52,137.45,0,202.52,65.07,Completed
ORD-504912,2026-05-03,West,Seattle DC,Consumer,SKU-1008,Apparel,Running Shoes,1,88.43,59.11,0.15,75.17,16.06,Completed
ORD-504913,2026-05-03,West,Los Angeles DC,Small Business,SKU-1010,Beauty,Skin Care Kit,2,212.38,144.24,0.15,361.05,72.57,Completed
ORD-504914,2026-05-03,West,Los Angeles DC,Consumer,SKU-1008,Apparel,Running Shoes,2,88.43,59.11,0.05,168.02,49.8,Completed
ORD-504915,2026-05-03,East,Atlanta DC,Small Business,SKU-1007,Apparel,Performance Jacket,1,259.88,171.94,0,259.88,87.94,Completed
ORD-504916,2026-05-03,West,Los Angeles DC,Small Business,SKU-1002,Electronics,Smart Home Hub,1,202.52,137.45,0.1,182.27,44.82,Returned
ORD-504917,2026-05-03,West,Seattle DC,Enterprise,SKU-1001,Electronics,Noise-Canceling Headphones,2,202.4,94.45,0,404.8,215.9,Completed
ORD-504918,2026-05-03,East,Atlanta DC,Consumer,SKU-1008,Apparel,Running Shoes,1,88.43,59.11,0.15,75.17,16.06,Completed
ORD-504919,2026-05-03,East,New Jersey DC,Consumer,SKU-1012,Beauty,Fragrance Set,2,138.55,68.54,0.1,249.39,112.31,Completed
ORD-504920,2026-05-03,East,New Jersey DC,Consumer,SKU-1001,Electronics,Noise-Canceling Headphones,2,202.4,94.45,0,404.8,215.9,Completed
ORD-504921,2026-05-03,East,Miami DC,Enterprise,SKU-1003,Electronics,Portable Charger,1,132.63,59.06,0,132.63,73.57,Completed
ORD-504922,2026-05-03,West,Los Angeles DC,Small Business,SKU-1011,Beauty,Hair Dryer,1,35.1,16.43,0,35.1,18.67,Completed
ORD-504923,2026-05-03,Central,Chicago DC,Consumer,SKU-1004,Home,Air Purifier,1,39.43,23.74,0,39.43,15.69,Completed
ORD-504924,2026-05-03,West,Seattle DC,Consumer,SKU-1002,Electronics,Smart Home Hub,1,202.52,137.45,0,202.52,65.07,Completed
ORD-504925,2026-05-03,East,Atlanta DC,Consumer,SKU-1008,Apparel,Running Shoes,1,88.43,59.11,0,88.43,29.32,Completed
ORD-504926,2026-05-03,West,Denver DC,Small Business,SKU-1005,Home,Bedding Set,2,134.44,81.31,0,268.88,106.26,Completed
ORD-504927,2026-05-03,West,Los Angeles DC,Enterprise,SKU-1006,Home,Kitchen Organizer,2,100.06,51.21,0.05,190.11,87.69,Completed
ORD-504928,2026-05-03,East,New Jersey DC,Consumer,SKU-1010,Beauty,Skin Care Kit,1,212.38,144.24,0,212.38,68.14,Completed
ORD-504929,2026-05-03,Central,Minneapolis DC,Consumer,SKU-1001,Electronics,Noise-Canceling Headphones,1,202.4,94.45,0.05,192.28,97.83,Completed
ORD-504930,2026-05-03,East,New Jersey DC,Consumer,SKU-1008,Apparel,Running Shoes,1,88.43,59.11,0.15,75.17,16.06,Completed
ORD-504931,2026-05-03,Central,Dallas DC,Enterprise,SKU-1011,Beauty,Hair Dryer,2,35.1,16.43,0,70.2,37.34,Completed
ORD-504932,2026-05-03,East,Atlanta DC,Enterprise,SKU-1007,Apparel,Performance Jacket,1,259.88,171.94,0.1,233.89,61.95,Completed
ORD-504933,2026-05-03,Central,Dallas DC,Small Business,SKU-1005,Home,Bedding Set,1,134.44,81.31,0.15,114.27,32.96,Completed
ORD-504934,2026-05-03,West,Denver DC,Consumer,SKU-1003,Electronics,Portable Charger,1,132.63,59.06,0.05,126.0,66.94,Completed
ORD-504935,2026-05-03,East,Miami DC,Enterprise,SKU-1008,Apparel,Running Shoes,1,88.43,59.11,0,88.43,29.32,Completed
ORD-504936,2026-05-03,East,Atlanta DC,Enterprise,SKU-1012,Beauty,Fragrance Set,4,138.55,68.54,0.05,526.49,252.33,Completed
ORD-504937,2026-05-03,Central,Chicago DC,Enterprise,SKU-1011,Beauty,Hair Dryer,2,35.1,16.43,0.05,66.69,33.83,Completed
ORD-504938,2026-05-03,West,Seattle DC,Enterprise,SKU-1003,Electronics,Portable Charger,1,132.63,59.06,0,132.63,73.57,Completed
ORD-504939,2026-05-03,East,Atlanta DC,Enterprise,SKU-1006,Home,Kitchen Organizer,3,100.06,51.21,0.15,255.15,101.52,Completed
ORD-504940,2026-05-03,Central,Minneapolis DC,Small Business,SKU-1002,Electronics,Smart Home Hub,1,202.52,137.45,0,202.52,65.07,Completed
ORD-504941,2026-05-03,East,Atlanta DC,Enterprise,SKU-1009,Apparel,Travel Backpack,1,145.86,81.38,0,145.86,64.48,Completed
ORD-504942,2026-05-03,Central,Dallas DC,Enterprise,SKU-1011,Beauty,Hair Dryer,1,35.1,16.43,0.05,33.34,16.91,Completed
ORD-504943,2026-05-03,West,Seattle DC,Consumer,SKU-1008,Apparel,Running Shoes,2,88.43,59.11,0.15,150.33,32.11,Completed
ORD-504944,2026-05-03,East,Atlanta DC,Consumer,SKU-1009,Apparel,Travel Backpack,1,145.86,81.38,0.1,131.27,49.89,Completed
ORD-504945,2026-05-04,Central,Dallas DC,Consumer,SKU-1010,Beauty,Skin Care Kit,2,212.38,144.24,0.05,403.52,115.04,Completed
ORD-504946,2026-05-04,Central,Minneapolis DC,Small Business,SKU-1008,Apparel,Running Shoes,2,88.43,59.11,0.1,159.17,40.95,Completed
ORD-504947,2026-05-04,West,Seattle DC,Consumer,SKU-1011,Beauty,Hair Dryer,1,35.1,16.43,0,35.1,18.67,Completed
ORD-504948,2026-05-04,East,Miami DC,Enterprise,SKU-1004,Home,Air Purifier,1,39.43,23.74,0.1,35.49,11.75,Completed
ORD-504949,2026-05-04,West,Seattle DC,Small Business,SKU-1010,Beauty,Skin Care Kit,1,212.38,144.24,0.05,201.76,57.52,Completed
ORD-504950,2026-05-04,East,New Jersey DC,Consumer,SKU-1006,Home,Kitchen Organizer,4,100.06,51.21,0,400.24,195.4,Completed
ORD-504951,2026-05-04,East,Atlanta DC,Small Business,SKU-1008,Apparel,Running Shoes,1,88.43,59.11,0.1,79.59,20.48,Completed
ORD-504952,2026-05-04,Central,Minneapolis DC,Enterprise,SKU-1009,Apparel,Travel Backpack,1,145.86,81.38,0,145.86,64.48,Completed
ORD-504953,2026-05-04,East,Atlanta DC,Consumer,SKU-1007,Apparel,Performance Jacket,3,259.88,171.94,0.05,740.66,224.84,Returned
ORD-504954,2026-05-04,Central,Chicago DC,Consumer,SKU-1012,Beauty,Fragrance Set,2,138.55,68.54,0,277.1,140.02,Completed
ORD-504955,2026-05-04,Central,Dallas DC,Small Business,SKU-1003,Electronics,Portable Charger,1,132.63,59.06,0,132.63,73.57,Completed
ORD-504956,2026-05-04,West,Seattle DC,Consumer,SKU-1001,Electronics,Noise-Canceling Headphones,3,202.4,94.45,0,607.2,323.85,Completed
ORD-504957,2026-05-04,Central,Minneapolis DC,Enterprise,SKU-1001,Electronics,Noise-Canceling Headphones,3,202.4,94.45,0.15,516.12,232.77,Completed
ORD-504958,2026-05-04,West,Los Angeles DC,Consumer,SKU-1003,Electronics,Portable Charger,1,132.63,59.06,0.05,126.0,66.94,Completed
ORD-504959,2026-05-04,Central,Dallas DC,Enterprise,SKU-1012,Beauty,Fragrance Set,1,138.55,68.54,0,138.55,70.01,Completed
ORD-504960,2026-05-04,Central,Minneapolis DC,Consumer,SKU-1008,Apparel,Running Shoes,1,88.43,59.11,0.15,75.17,16.06,Completed
ORD-504961,2026-05-04,West,Los Angeles DC,Consumer,SKU-1007,Apparel,Performance Jacket,3,259.88,171.94,0,779.64,263.82,Completed
ORD-504962,2026-05-04,Central,Minneapolis DC,Enterprise,SKU-1012,Beauty,Fragrance Set,1,138.55,68.54,0,138.55,70.01,Completed
ORD-504963,2026-05-04,West,Los Angeles DC,Small Business,SKU-1005,Home,Bedding Set,2,134.44,81.31,0.05,255.44,92.82,Completed
ORD-504964,2026-05-04,Central,Dallas DC,Small Business,SKU-1006,Home,Kitchen Organizer,2,100.06,51.21,0.1,180.11,77.69,Completed
ORD-504965,2026-05-04,West,Seattle DC,Consumer,SKU-1007,Apparel,Performance Jacket,1,259.88,171.94,0,259.88,87.94,Completed
ORD-504966,2026-05-04,West,Seattle DC,Enterprise,SKU-1012,Beauty,Fragrance Set,1,138.55,68.54,0.15,117.77,49.23,Completed
ORD-504967,2026-05-04,Central,Chicago DC,Small Business,SKU-1008,Apparel,Running Shoes,2,88.43,59.11,0,176.86,58.64,Completed
ORD-504968,2026-05-04,East,New Jersey DC,Small Business,SKU-1007,Apparel,Performance Jacket,1,259.88,171.94,0,259.88,87.94,Cancelled
ORD-504969,2026-05-04,East,Miami DC,Consumer,SKU-1011,Beauty,Hair Dryer,3,35.1,16.43,0.1,94.77,45.48,Completed
ORD-504970,2026-05-04,East,New Jersey DC,Enterprise,SKU-1005,Home,Bedding Set,1,134.44,81.31,0,134.44,53.13,Completed
ORD-504971,2026-05-04,West,Seattle DC,Consumer,SKU-1010,Beauty,Skin Care Kit,3,212.38,144.24,0.05,605.28,172.56,Completed
ORD-504972,2026-05-04,West,Denver DC,Small Business,SKU-1004,Home,Air Purifier,1,39.43,23.74,0.1,35.49,11.75,Completed
ORD-504973,2026-05-04,East,Atlanta DC,Consumer,SKU-1004,Home,Air Purifier,1,39.43,23.74,0,39.43,15.69,Completed
ORD-504974,2026-05-04,East,New Jersey DC,Consumer,SKU-1007,Apparel,Performance Jacket,2,259.88,171.94,0.15,441.8,97.92,Completed
ORD-504975,2026-05-04,East,Miami DC,Enterprise,SKU-1003,Electronics,Portable Charger,3,132.63,59.06,0.15,338.21,161.03,Completed
ORD-504976,2026-05-05,West,Los Angeles DC,Enterprise,SKU-1009,Apparel,Travel Backpack,2,145.86,81.38,0,291.72,128.96,Cancelled
ORD-504977,2026-05-05,Central,Minneapolis DC,Enterprise,SKU-1003,Electronics,Portable Charger,1,132.63,59.06,0,132.63,73.57,Completed
ORD-504978,2026-05-05,Central,Minneapolis DC,Enterprise,SKU-1002,Electronics,Smart Home Hub,2,202.52,137.45,0,405.04,130.14,Completed
ORD-504979,2026-05-05,West,Denver DC,Enterprise,SKU-1011,Beauty,Hair Dryer,1,35.1,16.43,0,35.1,18.67,Completed
ORD-504980,2026-05-05,East,Miami DC,Enterprise,SKU-1008,Apparel,Running Shoes,2,88.43,59.11,0,176.86,58.64,Completed
ORD-504981,2026-05-05,West,Denver DC,Enterprise,SKU-1008,Apparel,Running Shoes,2,88.43,59.11,0,176.86,58.64,Completed
ORD-504982,2026-05-05,East,New Jersey DC,Small Business,SKU-1008,Apparel,Running Shoes,1,88.43,59.11,0.1,79.59,20.48,Completed
ORD-504983,2026-05-05,West,Los Angeles DC,Small Business,SKU-1008,Apparel,Running Shoes,3,88.43,59.11,0.15,225.5,48.17,Completed
ORD-504984,2026-05-05,East,Miami DC,Small Business,SKU-1009,Apparel,Travel Backpack,1,145.86,81.38,0,145.86,64.48,Completed
ORD-504985,2026-05-05,West,Seattle DC,Small Business,SKU-1009,Apparel,Travel Backpack,2,145.86,81.38,0.1,262.55,99.79,Returned
ORD-504986,2026-05-05,Central,Dallas DC,Small Business,SKU-1002,Electronics,Smart Home Hub,1,202.52,137.45,0,202.52,65.07,Completed
ORD-504987,2026-05-05,East,Atlanta DC,Small Business,SKU-1003,Electronics,Portable Charger,2,132.63,59.06,0.05,252.0,133.88,Completed
ORD-504988,2026-05-05,East,Miami DC,Small Business,SKU-1001,Electronics,Noise-Canceling Headphones,2,202.4,94.45,0.15,344.08,155.18,Completed
ORD-504989,2026-05-05,West,Seattle DC,Enterprise,SKU-1010,Beauty,Skin Care Kit,1,212.38,144.24,0,212.38,68.14,Completed
ORD-504990,2026-05-05,East,Atlanta DC,Small Business,SKU-1011,Beauty,Hair Dryer,4,35.1,16.43,0.1,126.36,60.64,Completed
ORD-504991,2026-05-05,West,Seattle DC,Consumer,SKU-1002,Electronics,Smart Home Hub,2,202.52,137.45,0.05,384.79,109.89,Completed
ORD-504992,2026-05-05,West,Denver DC,Consumer,SKU-1008,Apparel,Running Shoes,4,88.43,59.11,0,353.72,117.28,Completed
ORD-504993,2026-05-05,East,Atlanta DC,Small Business,SKU-1008,Apparel,Running Shoes,4,88.43,59.11,0.1,318.35,81.91,Completed
ORD-504994,2026-05-05,Central,Chicago DC,Small Business,SKU-1012,Beauty,Fragrance Set,1,138.55,68.54,0.15,117.77,49.23,Completed
ORD-504995,2026-05-05,East,New Jersey DC,Enterprise,SKU-1003,Electronics,Portable Charger,2,132.63,59.06,0.15,225.47,107.35,Completed
ORD-504996,2026-05-05,West,Los Angeles DC,Small Business,SKU-1005,Home,Bedding Set,2,134.44,81.31,0.05,255.44,92.82,Completed
ORD-504997,2026-05-05,East,New Jersey DC,Small Business,SKU-1006,Home,Kitchen Organizer,3,100.06,51.21,0,300.18,146.55,Completed
ORD-504998,2026-05-05,Central,Chicago DC,Consumer,SKU-1011,Beauty,Hair Dryer,4,35.1,16.43,0,140.4,74.68,Completed
ORD-504999,2026-05-05,East,Atlanta DC,Enterprise,SKU-1009,Apparel,Travel Backpack,3,145.86,81.38,0.05,415.7,171.56,Completed
ORD-505000,2026-05-05,Central,Chicago DC,Consumer,SKU-1009,Apparel,Travel Backpack,1,145.86,81.38,0,145.86,64.48,Cancelled
ORD-505001,2026-05-05,Central,Chicago DC,Consumer,SKU-1012,Beauty,Fragrance Set,2,138.55,68.54,0,277.1,140.02,Completed
ORD-505002,2026-05-05,East,Atlanta DC,Consumer,SKU-1012,Beauty,Fragrance Set,1,138.55,68.54,0,138.55,70.01,Completed
ORD-505003,2026-05-05,East,Atlanta DC,Small Business,SKU-1001,Electronics,Noise-Canceling Headphones,2,202.4,94.45,0.05,384.56,195.66,Completed
ORD-505004,2026-05-05,Central,Dallas DC,Consumer,SKU-1004,Home,Air Purifier,3,39.43,23.74,0.1,106.46,35.24,Completed
ORD-505005,2026-05-05,East,Atlanta DC,Enterprise,SKU-1004,Home,Air Purifier,1,39.43,23.74,0,39.43,15.69,Completed
ORD-505006,2026-05-05,East,Atlanta DC,Consumer,SKU-1012,Beauty,Fragrance Set,1,138.55,68.54,0.15,117.77,49.23,Completed
ORD-505007,2026-05-05,East,Miami DC,Enterprise,SKU-1003,Electronics,Portable Charger,1,132.63,59.06,0.1,119.37,60.31,Completed
ORD-505008,2026-05-05,East,New Jersey DC,Small Business,SKU-1008,Apparel,Running Shoes,2,88.43,59.11,0.05,168.02,49.8,Completed
ORD-505009,2026-05-05,East,Miami DC,Consumer,SKU-1005,Home,Bedding Set,1,134.44,81.31,0.15,114.27,32.96,Completed
ORD-505010,2026-05-05,East,Miami DC,Consumer,SKU-1003,Electronics,Portable Charger,2,132.63,59.06,0,265.26,147.14,Completed
ORD-505011,2026-05-05,West,Los Angeles DC,Enterprise,SKU-1011,Beauty,Hair Dryer,2,35.1,16.43,0.05,66.69,33.83,Completed
ORD-505012,2026-05-05,West,Seattle DC,Consumer,SKU-1010,Beauty,Skin Care Kit,1,212.38,144.24,0,212.38,68.14,Completed
ORD-505013,2026-05-05,Central,Minneapolis DC,Small Business,SKU-1011,Beauty,Hair Dryer,3,35.1,16.43,0.05,100.04,50.75,Completed
ORD-505014,2026-05-05,West,Los Angeles DC,Small Business,SKU-1004,Home,Air Purifier,1,39.43,23.74,0,39.43,15.69,Completed
ORD-505015,2026-05-05,West,Seattle DC,Enterprise,SKU-1005,Home,Bedding Set,1,134.44,81.31,0.05,127.72,46.41,Completed
ORD-505016,2026-05-05,Central,Chicago DC,Enterprise,SKU-1002,Electronics,Smart Home Hub,1,202.52,137.45,0,202.52,65.07,Completed
ORD-505017,2026-05-05,East,Atlanta DC,Small Business,SKU-1005,Home,Bedding Set,1,134.44,81.31,0,134.44,53.13,Returned
ORD-505018,2026-05-06,West,Los Angeles DC,Small Business,SKU-1008,Apparel,Running Shoes,3,88.43,59.11,0,265.29,87.96,Returned
ORD-505019,2026-05-06,East,Miami DC,Enterprise,SKU-1006,Home,Kitchen Organizer,1,100.06,51.21,0.05,95.06,43.85,Completed
ORD-505020,2026-05-06,West,Denver DC,Small Business,SKU-1007,Apparel,Performance Jacket,1,259.88,171.94,0,259.88,87.94,Completed
ORD-505021,2026-05-06,Central,Chicago DC,Small Business,SKU-1004,Home,Air Purifier,2,39.43,23.74,0,78.86,31.38,Completed
ORD-505022,2026-05-06,East,Atlanta DC,Enterprise,SKU-1001,Electronics,Noise-Canceling Headphones,1,202.4,94.45,0,202.4,107.95,Completed
ORD-505023,2026-05-06,East,Atlanta DC,Enterprise,SKU-1003,Electronics,Portable Charger,2,132.63,59.06,0,265.26,147.14,Completed
ORD-505024,2026-05-06,Central,Dallas DC,Consumer,SKU-1008,Apparel,Running Shoes,1,88.43,59.11,0,88.43,29.32,Completed
ORD-505025,2026-05-06,East,Miami DC,Consumer,SKU-1012,Beauty,Fragrance Set,2,138.55,68.54,0.1,249.39,112.31,Completed
ORD-505026,2026-05-06,East,Atlanta DC,Consumer,SKU-1007,Apparel,Performance Jacket,1,259.88,171.94,0.05,246.89,74.95,Completed
ORD-505027,2026-05-06,West,Seattle DC,Small Business,SKU-1009,Apparel,Travel Backpack,3,145.86,81.38,0.15,371.94,127.8,Completed
ORD-505028,2026-05-06,West,Los Angeles DC,Enterprise,SKU-1006,Home,Kitchen Organizer,1,100.06,51.21,0.1,90.05,38.84,Completed
ORD-505029,2026-05-06,West,Los Angeles DC,Small Business,SKU-1002,Electronics,Smart Home Hub,1,202.52,137.45,0.1,182.27,44.82,Completed
ORD-505030,2026-05-06,East,New Jersey DC,Small Business,SKU-1002,Electronics,Smart Home Hub,3,202.52,137.45,0.15,516.43,104.08,Completed
ORD-505031,2026-05-06,East,Miami DC,Small Business,SKU-1007,Apparel,Performance Jacket,2,259.88,171.94,0,519.76,175.88,Completed
ORD-505032,2026-05-06,West,Los Angeles DC,Consumer,SKU-1001,Electronics,Noise-Canceling Headphones,1,202.4,94.45,0.1,182.16,87.71,Completed
ORD-505033,2026-05-06,Central,Chicago DC,Consumer,SKU-1001,Electronics,Noise-Canceling Headphones,3,202.4,94.45,0,607.2,323.85,Completed
ORD-505034,2026-05-06,West,Denver DC,Small Business,SKU-1008,Apparel,Running Shoes,1,88.43,59.11,0.1,79.59,20.48,Completed
ORD-505035,2026-05-06,Central,Minneapolis DC,Enterprise,SKU-1012,Beauty,Fragrance Set,1,138.55,68.54,0,138.55,70.01,Completed
ORD-505036,2026-05-06,West,Seattle DC,Consumer,SKU-1001,Electronics,Noise-Canceling Headphones,2,202.4,94.45,0.1,364.32,175.42,Completed
ORD-505037,2026-05-06,West,Los Angeles DC,Consumer,SKU-1007,Apparel,Performance Jacket,1,259.88,171.94,0.05,246.89,74.95,Completed
ORD-505038,2026-05-06,Central,Dallas DC,Consumer,SKU-1010,Beauty,Skin Care Kit,1,212.38,144.24,0.15,180.52,36.28,Completed
ORD-505039,2026-05-06,East,New Jersey DC,Consumer,SKU-1003,Electronics,Portable Charger,2,132.63,59.06,0,265.26,147.14,Completed
ORD-505040,2026-05-06,West,Los Angeles DC,Enterprise,SKU-1005,Home,Bedding Set,1,134.44,81.31,0,134.44,53.13,Completed
ORD-505041,2026-05-06,East,Atlanta DC,Enterprise,SKU-1010,Beauty,Skin Care Kit,3,212.38,144.24,0.05,605.28,172.56,Completed
ORD-505042,2026-05-06,East,Atlanta DC,Enterprise,SKU-1007,Apparel,Performance Jacket,1,259.88,171.94,0,259.88,87.94,Completed
ORD-505043,2026-05-06,East,Atlanta DC,Consumer,SKU-1012,Beauty,Fragrance Set,2,138.55,68.54,0.1,249.39,112.31,Returned
ORD-505044,2026-05-06,East,Miami DC,Small Business,SKU-1005,Home,Bedding Set,2,134.44,81.31,0.1,241.99,79.37,Cancelled
ORD-505045,2026-05-06,West,Seattle DC,Enterprise,SKU-1007,Apparel,Performance Jacket,1,259.88,171.94,0.15,220.9,48.96,Completed
ORD-505046,2026-05-06,West,Seattle DC,Consumer,SKU-1009,Apparel,Travel Backpack,1,145.86,81.38,0,145.86,64.48,Completed
ORD-505047,2026-05-06,West,Denver DC,Small Business,SKU-1012,Beauty,Fragrance Set,1,138.55,68.54,0,138.55,70.01,Completed
ORD-505048,2026-05-06,West,Los Angeles DC,Enterprise,SKU-1005,Home,Bedding Set,2,134.44,81.31,0,268.88,106.26,Completed
ORD-505049,2026-05-06,Central,Minneapolis DC,Small Business,SKU-1003,Electronics,Portable Charger,1,132.63,59.06,0,132.63,73.57,Completed
ORD-505050,2026-05-06,West,Denver DC,Enterprise,SKU-1004,Home,Air Purifier,2,39.43,23.74,0,78.86,31.38,Completed
ORD-505051,2026-05-06,East,Atlanta DC,Enterprise,SKU-1003,Electronics,Portable Charger,2,132.63,59.06,0,265.26,147.14,Completed
ORD-505052,2026-05-06,West,Denver DC,Enterprise,SKU-1007,Apparel,Performance Jacket,1,259.88,171.94,0.1,233.89,61.95,Completed
ORD-505053,2026-05-07,West,Seattle DC,Enterprise,SKU-1004,Home,Air Purifier,2,39.43,23.74,0,78.86,31.38,Completed
ORD-505054,2026-05-07,West,Los Angeles DC,Small Business,SKU-1011,Beauty,Hair Dryer,1,35.1,16.43,0,35.1,18.67,Completed
ORD-505055,2026-05-07,East,Miami DC,Consumer,SKU-1002,Electronics,Smart Home Hub,1,202.52,137.45,0.1,182.27,44.82,Returned
ORD-505056,2026-05-07,Central,Chicago DC,Small Business,SKU-1009,Apparel,Travel Backpack,1,145.86,81.38,0,145.86,64.48,Cancelled
ORD-505057,2026-05-07,Central,Minneapolis DC,Enterprise,SKU-1010,Beauty,Skin Care Kit,1,212.38,144.24,0,212.38,68.14,Completed
ORD-505058,2026-05-07,East,Miami DC,Consumer,SKU-1010,Beauty,Skin Care Kit,2,212.38,144.24,0,424.76,136.28,Completed
ORD-505059,2026-05-07,East,New Jersey DC,Consumer,SKU-1010,Beauty,Skin Care Kit,3,212.38,144.24,0,637.14,204.42,Completed
ORD-505060,2026-05-07,East,Atlanta DC,Consumer,SKU-1008,Apparel,Running Shoes,1,88.43,59.11,0.15,75.17,16.06,Completed
ORD-505061,2026-05-07,West,Denver DC,Enterprise,SKU-1010,Beauty,Skin Care Kit,1,212.38,144.24,0.05,201.76,57.52,Completed
ORD-505062,2026-05-07,West,Denver DC,Enterprise,SKU-1012,Beauty,Fragrance Set,1,138.55,68.54,0.1,124.7,56.16,Completed
ORD-505063,2026-05-07,Central,Minneapolis DC,Enterprise,SKU-1005,Home,Bedding Set,1,134.44,81.31,0.05,127.72,46.41,Completed
ORD-505064,2026-05-07,Central,Minneapolis DC,Enterprise,SKU-1008,Apparel,Running Shoes,1,88.43,59.11,0.15,75.17,16.06,Completed
ORD-505065,2026-05-07,East,New Jersey DC,Small Business,SKU-1003,Electronics,Portable Charger,2,132.63,59.06,0.1,238.73,120.61,Completed
ORD-505066,2026-05-07,West,Seattle DC,Consumer,SKU-1012,Beauty,Fragrance Set,2,138.55,68.54,0,277.1,140.02,Completed
ORD-505067,2026-05-07,West,Los Angeles DC,Enterprise,SKU-1012,Beauty,Fragrance Set,1,138.55,68.54,0.1,124.7,56.16,Completed
ORD-505068,2026-05-07,West,Los Angeles DC,Small Business,SKU-1010,Beauty,Skin Care Kit,1,212.38,144.24,0.15,180.52,36.28,Completed
ORD-505069,2026-05-07,Central,Minneapolis DC,Enterprise,SKU-1001,Electronics,Noise-Canceling Headphones,1,202.4,94.45,0.15,172.04,77.59,Completed
ORD-505070,2026-05-07,West,Los Angeles DC,Small Business,SKU-1008,Apparel,Running Shoes,1,88.43,59.11,0.05,84.01,24.9,Returned
ORD-505071,2026-05-07,East,Atlanta DC,Enterprise,SKU-1011,Beauty,Hair Dryer,3,35.1,16.43,0,105.3,56.01,Completed
ORD-505072,2026-05-07,East,Atlanta DC,Consumer,SKU-1004,Home,Air Purifier,3,39.43,23.74,0,118.29,47.07,Completed
ORD-505073,2026-05-07,Central,Dallas DC,Enterprise,SKU-1009,Apparel,Travel Backpack,2,145.86,81.38,0,291.72,128.96,Completed
ORD-505074,2026-05-07,Central,Minneapolis DC,Small Business,SKU-1009,Apparel,Travel Backpack,1,145.86,81.38,0,145.86,64.48,Returned
ORD-505075,2026-05-07,East,Atlanta DC,Enterprise,SKU-1006,Home,Kitchen Organizer,1,100.06,51.21,0.05,95.06,43.85,Completed
ORD-505076,2026-05-07,West,Denver DC,Small Business,SKU-1005,Home,Bedding Set,3,134.44,81.31,0.15,342.82,98.89,Completed
ORD-505077,2026-05-07,Central,Dallas DC,Enterprise,SKU-1008,Apparel,Running Shoes,2,88.43,59.11,0.05,168.02,49.8,Completed
ORD-505078,2026-05-07,West,Los Angeles DC,Small Business,SKU-1012,Beauty,Fragrance Set,1,138.55,68.54,0,138.55,70.01,Completed
ORD-505079,2026-05-07,Central,Chicago DC,Small Business,SKU-1012,Beauty,Fragrance Set,2,138.55,68.54,0,277.1,140.02,Completed
ORD-505080,2026-05-07,Central,Minneapolis DC,Consumer,SKU-1012,Beauty,Fragrance Set,2,138.55,68.54,0.05,263.25,126.16,Completed
ORD-505081,2026-05-07,Central,Chicago DC,Consumer,SKU-1009,Apparel,Travel Backpack,2,145.86,81.38,0.05,277.13,114.37,Completed
ORD-505082,2026-05-07,West,Denver DC,Consumer,SKU-1006,Home,Kitchen Organizer,1,100.06,51.21,0,100.06,48.85,Completed
ORD-505083,2026-05-07,West,Denver DC,Consumer,SKU-1009,Apparel,Travel Backpack,3,145.86,81.38,0,437.58,193.44,Completed
ORD-505084,2026-05-07,East,New Jersey DC,Small Business,SKU-1004,Home,Air Purifier,1,39.43,23.74,0.1,35.49,11.75,Completed
ORD-505085,2026-05-07,Central,Chicago DC,Enterprise,SKU-1002,Electronics,Smart Home Hub,1,202.52,137.45,0,202.52,65.07,Completed
ORD-505086,2026-05-07,East,Miami DC,Enterprise,SKU-1011,Beauty,Hair Dryer,1,35.1,16.43,0.05,33.34,16.91,Completed
ORD-505087,2026-05-07,East,New Jersey DC,Enterprise,SKU-1003,Electronics,Portable Charger,3,132.63,59.06,0.1,358.1,180.92,Completed
ORD-505088,2026-05-07,East,Atlanta DC,Consumer,SKU-1005,Home,Bedding Set,2,134.44,81.31,0.15,228.55,65.93,Completed
ORD-505089,2026-05-07,West,Denver DC,Enterprise,SKU-1004,Home,Air Purifier,1,39.43,23.74,0.05,37.46,13.72,Completed
ORD-505090,2026-05-07,Central,Chicago DC,Small Business,SKU-1007,Apparel,Performance Jacket,1,259.88,171.94,0.1,233.89,61.95,Completed
ORD-505091,2026-05-07,East,Miami DC,Enterprise,SKU-1003,Electronics,Portable Charger,3,132.63,59.06,0,397.89,220.71,Completed
ORD-505092,2026-05-07,West,Seattle DC,Enterprise,SKU-1001,Electronics,Noise-Canceling Headphones,1,202.4,94.45,0.1,182.16,87.71,Completed
ORD-505093,2026-05-08,Central,Chicago DC,Enterprise,SKU-1004,Home,Air Purifier,3,39.43,23.74,0,118.29,47.07,Completed
ORD-505094,2026-05-08,East,Miami DC,Small Business,SKU-1001,Electronics,Noise-Canceling Headphones,3,202.4,94.45,0.1,546.48,263.13,Completed
ORD-505095,2026-05-08,Central,Chicago DC,Small Business,SKU-1004,Home,Air Purifier,2,39.43,23.74,0,78.86,31.38,Completed
ORD-505096,2026-05-08,West,Denver DC,Consumer,SKU-1006,Home,Kitchen Organizer,1,100.06,51.21,0.15,85.05,33.84,Completed
ORD-505097,2026-05-08,West,Seattle DC,Small Business,SKU-1006,Home,Kitchen Organizer,1,100.06,51.21,0.15,85.05,33.84,Completed
ORD-505098,2026-05-08,Central,Minneapolis DC,Consumer,SKU-1011,Beauty,Hair Dryer,1,35.1,16.43,0.15,29.84,13.41,Completed
ORD-505099,2026-05-08,West,Seattle DC,Consumer,SKU-1011,Beauty,Hair Dryer,4,35.1,16.43,0.1,126.36,60.64,Completed
ORD-505100,2026-05-08,West,Denver DC,Small Business,SKU-1007,Apparel,Performance Jacket,2,259.88,171.94,0,519.76,175.88,Completed
ORD-505101,2026-05-08,East,Atlanta DC,Consumer,SKU-1011,Beauty,Hair Dryer,3,35.1,16.43,0,105.3,56.01,Returned
ORD-505102,2026-05-08,Central,Minneapolis DC,Enterprise,SKU-1006,Home,Kitchen Organizer,1,100.06,51.21,0,100.06,48.85,Completed
ORD-505103,2026-05-08,West,Denver DC,Consumer,SKU-1003,Electronics,Portable Charger,3,132.63,59.06,0,397.89,220.71,Completed
ORD-505104,2026-05-08,Central,Chicago DC,Consumer,SKU-1010,Beauty,Skin Care Kit,2,212.38,144.24,0.15,361.05,72.57,Completed
ORD-505105,2026-05-08,Central,Chicago DC,Enterprise,SKU-1005,Home,Bedding Set,1,134.44,81.31,0,134.44,53.13,Completed
ORD-505106,2026-05-08,West,Los Angeles DC,Consumer,SKU-1012,Beauty,Fragrance Set,1,138.55,68.54,0,138.55,70.01,Completed
ORD-505107,2026-05-08,East,New Jersey DC,Enterprise,SKU-1008,Apparel,Running Shoes,1,88.43,59.11,0.05,84.01,24.9,Completed
ORD-505108,2026-05-08,East,New Jersey DC,Enterprise,SKU-1002,Electronics,Smart Home Hub,1,202.52,137.45,0.15,172.14,34.69,Completed
ORD-505109,2026-05-08,Central,Dallas DC,Small Business,SKU-1004,Home,Air Purifier,3,39.43,23.74,0.15,100.55,29.33,Completed
ORD-505110,2026-05-08,West,Denver DC,Consumer,SKU-1009,Apparel,Travel Backpack,1,145.86,81.38,0.1,131.27,49.89,Completed
ORD-505111,2026-05-08,West,Seattle DC,Consumer,SKU-1008,Apparel,Running Shoes,2,88.43,59.11,0,176.86,58.64,Completed
ORD-505112,2026-05-08,West,Seattle DC,Consumer,SKU-1007,Apparel,Performance Jacket,1,259.88,171.94,0,259.88,87.94,Completed
ORD-505113,2026-05-08,East,New Jersey DC,Consumer,SKU-1002,Electronics,Smart Home Hub,3,202.52,137.45,0,607.56,195.21,Completed
ORD-505114,2026-05-08,East,New Jersey DC,Enterprise,SKU-1004,Home,Air Purifier,2,39.43,23.74,0.05,74.92,27.44,Completed
ORD-505115,2026-05-08,Central,Chicago DC,Consumer,SKU-1012,Beauty,Fragrance Set,1,138.55,68.54,0.05,131.62,63.08,Completed
ORD-505116,2026-05-08,Central,Chicago DC,Enterprise,SKU-1002,Electronics,Smart Home Hub,1,202.52,137.45,0,202.52,65.07,Returned
ORD-505117,2026-05-08,East,Miami DC,Small Business,SKU-1003,Electronics,Portable Charger,2,132.63,59.06,0,265.26,147.14,Completed
ORD-505118,2026-05-08,East,New Jersey DC,Consumer,SKU-1007,Apparel,Performance Jacket,2,259.88,171.94,0,519.76,175.88,Completed
ORD-505119,2026-05-08,West,Los Angeles DC,Small Business,SKU-1010,Beauty,Skin Care Kit,2,212.38,144.24,0.15,361.05,72.57,Completed
ORD-505120,2026-05-08,East,New Jersey DC,Small Business,SKU-1004,Home,Air Purifier,1,39.43,23.74,0.15,33.52,9.78,Completed
ORD-505121,2026-05-08,Central,Chicago DC,Enterprise,SKU-1012,Beauty,Fragrance Set,2,138.55,68.54,0.05,263.25,126.16,Completed
ORD-505122,2026-05-08,East,Miami DC,Enterprise,SKU-1008,Apparel,Running Shoes,3,88.43,59.11,0.1,238.76,61.43,Completed
ORD-505123,2026-05-08,West,Los Angeles DC,Consumer,SKU-1007,Apparel,Performance Jacket,1,259.88,171.94,0.05,246.89,74.95,Completed
ORD-505124,2026-05-08,West,Denver DC,Enterprise,SKU-1005,Home,Bedding Set,1,134.44,81.31,0.1,121.0,39.69,Completed
ORD-505125,2026-05-08,East,Atlanta DC,Enterprise,SKU-1008,Apparel,Running Shoes,1,88.43,59.11,0.1,79.59,20.48,Completed
ORD-505126,2026-05-08,Central,Chicago DC,Enterprise,SKU-1009,Apparel,Travel Backpack,2,145.86,81.38,0,291.72,128.96,Completed
ORD-505127,2026-05-08,West,Denver DC,Small Business,SKU-1005,Home,Bedding Set,1,134.44,81.31,0,134.44,53.13,Completed
ORD-505128,2026-05-08,Central,Dallas DC,Consumer,SKU-1011,Beauty,Hair Dryer,1,35.1,16.43,0.15,29.84,13.41,Completed
ORD-505129,2026-05-08,Central,Dallas DC,Enterprise,SKU-1012,Beauty,Fragrance Set,1,138.55,68.54,0,138.55,70.01,Completed
ORD-505130,2026-05-08,East,New Jersey DC,Enterprise,SKU-1004,Home,Air Purifier,1,39.43,23.74,0,39.43,15.69,Completed
ORD-505131,2026-05-08,East,Atlanta DC,Enterprise,SKU-1011,Beauty,Hair Dryer,2,35.1,16.43,0.15,59.67,26.81,Completed
ORD-505132,2026-05-08,West,Seattle DC,Small Business,SKU-1010,Beauty,Skin Care Kit,3,212.38,144.24,0.15,541.57,108.85,Returned
ORD-505133,2026-05-08,West,Los Angeles DC,Enterprise,SKU-1010,Beauty,Skin Care Kit,2,212.38,144.24,0.1,382.28,93.8,Completed
ORD-505134,2026-05-08,Central,Minneapolis DC,Enterprise,SKU-1004,Home,Air Purifier,1,39.43,23.74,0,39.43,15.69,Completed
ORD-505135,2026-05-08,Central,Minneapolis DC,Consumer,SKU-1011,Beauty,Hair Dryer,1,35.1,16.43,0.1,31.59,15.16,Completed
ORD-505136,2026-05-08,West,Los Angeles DC,Small Business,SKU-1006,Home,Kitchen Organizer,1,100.06,51.21,0.15,85.05,33.84,Completed
ORD-505137,2026-05-08,East,New Jersey DC,Enterprise,SKU-1009,Apparel,Travel Backpack,3,145.86,81.38,0,437.58,193.44,Completed
ORD-505138,2026-05-08,Central,Minneapolis DC,Small Business,SKU-1008,Apparel,Running Shoes,1,88.43,59.11,0.1,79.59,20.48,Completed
ORD-505139,2026-05-08,Central,Minneapolis DC,Consumer,SKU-1003,Electronics,Portable Charger,3,132.63,59.06,0.15,338.21,161.03,Completed
ORD-505140,2026-05-09,East,New Jersey DC,Consumer,SKU-1003,Electronics,Portable Charger,2,132.63,59.06,0.05,252.0,133.88,Returned
ORD-505141,2026-05-09,East,Atlanta DC,Small Business,SKU-1009,Apparel,Travel Backpack,3,145.86,81.38,0.1,393.82,149.68,Completed
ORD-505142,2026-05-09,East,Atlanta DC,Consumer,SKU-1010,Beauty,Skin Care Kit,2,212.38,144.24,0,424.76,136.28,Completed
ORD-505143,2026-05-09,West,Seattle DC,Consumer,SKU-1010,Beauty,Skin Care Kit,1,212.38,144.24,0.1,191.14,46.9,Completed
ORD-505144,2026-05-09,East,New Jersey DC,Enterprise,SKU-1005,Home,Bedding Set,1,134.44,81.31,0,134.44,53.13,Returned
ORD-505145,2026-05-09,East,Atlanta DC,Enterprise,SKU-1003,Electronics,Portable Charger,1,132.63,59.06,0.1,119.37,60.31,Completed
ORD-505146,2026-05-09,West,Los Angeles DC,Small Business,SKU-1004,Home,Air Purifier,1,39.43,23.74,0,39.43,15.69,Completed
ORD-505147,2026-05-09,East,Atlanta DC,Small Business,SKU-1008,Apparel,Running Shoes,1,88.43,59.11,0.15,75.17,16.06,Completed
ORD-505148,2026-05-09,West,Denver DC,Consumer,SKU-1001,Electronics,Noise-Canceling Headphones,1,202.4,94.45,0,202.4,107.95,Completed
ORD-505149,2026-05-09,West,Denver DC,Small Business,SKU-1005,Home,Bedding Set,2,134.44,81.31,0.05,255.44,92.82,Completed
ORD-505150,2026-05-09,West,Denver DC,Consumer,SKU-1009,Apparel,Travel Backpack,1,145.86,81.38,0,145.86,64.48,Completed
ORD-505151,2026-05-09,East,New Jersey DC,Enterprise,SKU-1010,Beauty,Skin Care Kit,1,212.38,144.24,0,212.38,68.14,Completed
ORD-505152,2026-05-09,West,Los Angeles DC,Consumer,SKU-1006,Home,Kitchen Organizer,1,100.06,51.21,0,100.06,48.85,Completed
ORD-505153,2026-05-09,East,Miami DC,Enterprise,SKU-1012,Beauty,Fragrance Set,1,138.55,68.54,0,138.55,70.01,Returned
ORD-505154,2026-05-09,East,Miami DC,Consumer,SKU-1006,Home,Kitchen Organizer,4,100.06,51.21,0,400.24,195.4,Completed
ORD-505155,2026-05-09,Central,Chicago DC,Consumer,SKU-1010,Beauty,Skin Care Kit,3,212.38,144.24,0.05,605.28,172.56,Completed
ORD-505156,2026-05-09,West,Los Angeles DC,Small Business,SKU-1007,Apparel,Performance Jacket,1,259.88,171.94,0.05,246.89,74.95,Completed
ORD-505157,2026-05-09,East,Atlanta DC,Small Business,SKU-1005,Home,Bedding Set,1,134.44,81.31,0,134.44,53.13,Completed
ORD-505158,2026-05-09,West,Los Angeles DC,Consumer,SKU-1003,Electronics,Portable Charger,1,132.63,59.06,0,132.63,73.57,Completed
ORD-505159,2026-05-09,West,Los Angeles DC,Enterprise,SKU-1008,Apparel,Running Shoes,2,88.43,59.11,0,176.86,58.64,Completed
ORD-505160,2026-05-09,East,Atlanta DC,Enterprise,SKU-1008,Apparel,Running Shoes,1,88.43,59.11,0,88.43,29.32,Completed
ORD-505161,2026-05-09,West,Denver DC,Consumer,SKU-1002,Electronics,Smart Home Hub,2,202.52,137.45,0,405.04,130.14,Completed
ORD-505162,2026-05-09,West,Denver DC,Consumer,SKU-1011,Beauty,Hair Dryer,1,35.1,16.43,0,35.1,18.67,Completed
ORD-505163,2026-05-09,West,Denver DC,Enterprise,SKU-1005,Home,Bedding Set,1,134.44,81.31,0,134.44,53.13,Completed
ORD-505164,2026-05-09,West,Seattle DC,Enterprise,SKU-1010,Beauty,Skin Care Kit,3,212.38,144.24,0.1,573.43,140.71,Completed
ORD-505165,2026-05-09,West,Seattle DC,Consumer,SKU-1003,Electronics,Portable Charger,3,132.63,59.06,0.05,378.0,200.82,Completed
ORD-505166,2026-05-09,East,New Jersey DC,Enterprise,SKU-1008,Apparel,Running Shoes,1,88.43,59.11,0,88.43,29.32,Completed
ORD-505167,2026-05-09,West,Denver DC,Enterprise,SKU-1010,Beauty,Skin Care Kit,2,212.38,144.24,0,424.76,136.28,Completed
ORD-505168,2026-05-09,Central,Dallas DC,Enterprise,SKU-1008,Apparel,Running Shoes,1,88.43,59.11,0.1,79.59,20.48,Cancelled
ORD-505169,2026-05-09,West,Denver DC,Small Business,SKU-1002,Electronics,Smart Home Hub,1,202.52,137.45,0.05,192.39,54.94,Completed
ORD-505170,2026-05-09,West,Seattle DC,Enterprise,SKU-1004,Home,Air Purifier,2,39.43,23.74,0,78.86,31.38,Returned
ORD-505171,2026-05-09,West,Los Angeles DC,Consumer,SKU-1010,Beauty,Skin Care Kit,2,212.38,144.24,0,424.76,136.28,Completed
ORD-505172,2026-05-09,East,Miami DC,Enterprise,SKU-1007,Apparel,Performance Jacket,2,259.88,171.94,0,519.76,175.88,Completed
ORD-505173,2026-05-09,East,Atlanta DC,Enterprise,SKU-1003,Electronics,Portable Charger,1,132.63,59.06,0.1,119.37,60.31,Returned
ORD-505174,2026-05-09,Central,Chicago DC,Consumer,SKU-1011,Beauty,Hair Dryer,1,35.1,16.43,0,35.1,18.67,Completed
ORD-505175,2026-05-09,East,Atlanta DC,Consumer,SKU-1010,Beauty,Skin Care Kit,1,212.38,144.24,0.05,201.76,57.52,Completed
ORD-505176,2026-05-09,West,Seattle DC,Small Business,SKU-1005,Home,Bedding Set,1,134.44,81.31,0,134.44,53.13,Completed
ORD-505177,2026-05-09,West,Denver DC,Consumer,SKU-1007,Apparel,Performance Jacket,1,259.88,171.94,0.05,246.89,74.95,Completed
ORD-505178,2026-05-09,Central,Dallas DC,Consumer,SKU-1001,Electronics,Noise-Canceling Headphones,1,202.4,94.45,0.1,182.16,87.71,Completed
ORD-505179,2026-05-09,West,Los Angeles DC,Small Business,SKU-1012,Beauty,Fragrance Set,2,138.55,68.54,0.05,263.25,126.16,Completed
ORD-505180,2026-05-09,West,Seattle DC,Consumer,SKU-1005,Home,Bedding Set,2,134.44,81.31,0.15,228.55,65.93,Completed
ORD-505181,2026-05-09,West,Los Angeles DC,Small Business,SKU-1003,Electronics,Portable Charger,2,132.63,59.06,0,265.26,147.14,Completed
ORD-505182,2026-05-09,West,Seattle DC,Consumer,SKU-1009,Apparel,Travel Backpack,2,145.86,81.38,0.05,277.13,114.37,Completed
ORD-505183,2026-05-09,East,Miami DC,Consumer,SKU-1004,Home,Air Purifier,2,39.43,23.74,0.15,67.03,19.55,Completed
ORD-505184,2026-05-09,East,Miami DC,Consumer,SKU-1007,Apparel,Performance Jacket,1,259.88,171.94,0,259.88,87.94,Completed
ORD-505185,2026-05-09,West,Seattle DC,Enterprise,SKU-1002,Electronics,Smart Home Hub,2,202.52,137.45,0,405.04,130.14,Completed
ORD-505186,2026-05-09,East,New Jersey DC,Consumer,SKU-1010,Beauty,Skin Care Kit,1,212.38,144.24,0,212.38,68.14,Completed
ORD-505187,2026-05-09,West,Denver DC,Consumer,SKU-1004,Home,Air Purifier,1,39.43,23.74,0.15,33.52,9.78,Completed
ORD-505188,2026-05-09,West,Los Angeles DC,Consumer,SKU-1008,Apparel,Running Shoes,1,88.43,59.11,0,88.43,29.32,Completed
ORD-505189,2026-05-09,East,Atlanta DC,Enterprise,SKU-1007,Apparel,Performance Jacket,1,259.88,171.94,0.15,220.9,48.96,Completed
ORD-505190,2026-05-09,Central,Dallas DC,Consumer,SKU-1012,Beauty,Fragrance Set,2,138.55,68.54,0.1,249.39,112.31,Completed
ORD-505191,2026-05-09,Central,Minneapolis DC,Small Business,SKU-1006,Home,Kitchen Organizer,4,100.06,51.21,0.05,380.23,175.39,Completed
ORD-505192,2026-05-09,Central,Dallas DC,Small Business,SKU-1007,Apparel,Performance Jacket,2,259.88,171.94,0.05,493.77,149.89,Completed
ORD-505193,2026-05-09,West,Seattle DC,Enterprise,SKU-1008,Apparel,Running Shoes,1,88.43,59.11,0,88.43,29.32,Completed
ORD-505194,2026-05-09,West,Denver DC,Small Business,SKU-1008,Apparel,Running Shoes,1,88.43,59.11,0.1,79.59,20.48,Completed
ORD-505195,2026-05-09,West,Denver DC,Consumer,SKU-1006,Home,Kitchen Organizer,2,100.06,51.21,0.15,170.1,67.68,Completed
ORD-505196,2026-05-10,West,Denver DC,Enterprise,SKU-1007,Apparel,Performance Jacket,4,259.88,171.94,0,1039.52,351.76,Completed
ORD-505197,2026-05-10,Central,Dallas DC,Consumer,SKU-1005,Home,Bedding Set,1,134.44,81.31,0.1,121.0,39.69,Completed
ORD-505198,2026-05-10,East,Atlanta DC,Enterprise,SKU-1005,Home,Bedding Set,1,134.44,81.31,0.05,127.72,46.41,Completed
ORD-505199,2026-05-10,Central,Minneapolis DC,Consumer,SKU-1005,Home,Bedding Set,1,134.44,81.31,0,134.44,53.13,Completed
ORD-505200,2026-05-10,West,Seattle DC,Enterprise,SKU-1001,Electronics,Noise-Canceling Headphones,1,202.4,94.45,0.15,172.04,77.59,Completed
ORD-505201,2026-05-10,Central,Minneapolis DC,Small Business,SKU-1001,Electronics,Noise-Canceling Headphones,1,202.4,94.45,0,202.4,107.95,Completed
ORD-505202,2026-05-10,West,Los Angeles DC,Consumer,SKU-1004,Home,Air Purifier,1,39.43,23.74,0,39.43,15.69,Completed
ORD-505203,2026-05-10,West,Los Angeles DC,Consumer,SKU-1004,Home,Air Purifier,1,39.43,23.74,0.15,33.52,9.78,Completed
ORD-505204,2026-05-10,Central,Dallas DC,Enterprise,SKU-1011,Beauty,Hair Dryer,1,35.1,16.43,0.05,33.34,16.91,Completed
ORD-505205,2026-05-10,West,Seattle DC,Small Business,SKU-1011,Beauty,Hair Dryer,1,35.1,16.43,0,35.1,18.67,Completed
ORD-505206,2026-05-10,West,Los Angeles DC,Enterprise,SKU-1004,Home,Air Purifier,1,39.43,23.74,0,39.43,15.69,Completed
ORD-505207,2026-05-10,Central,Minneapolis DC,Consumer,SKU-1003,Electronics,Portable Charger,3,132.63,59.06,0.15,338.21,161.03,Completed
ORD-505208,2026-05-10,West,Los Angeles DC,Enterprise,SKU-1006,Home,Kitchen Organizer,2,100.06,51.21,0.15,170.1,67.68,Completed
ORD-505209,2026-05-10,East,New Jersey DC,Enterprise,SKU-1009,Apparel,Travel Backpack,1,145.86,81.38,0.1,131.27,49.89,Completed
ORD-505210,2026-05-10,East,Miami DC,Enterprise,SKU-1001,Electronics,Noise-Canceling Headphones,2,202.4,94.45,0.1,364.32,175.42,Completed
ORD-505211,2026-05-10,West,Seattle DC,Enterprise,SKU-1006,Home,Kitchen Organizer,1,100.06,51.21,0.05,95.06,43.85,Completed
ORD-505212,2026-05-10,East,Miami DC,Consumer,SKU-1009,Apparel,Travel Backpack,1,145.86,81.38,0.1,131.27,49.89,Completed
ORD-505213,2026-05-10,East,Atlanta DC,Enterprise,SKU-1011,Beauty,Hair Dryer,4,35.1,16.43,0,140.4,74.68,Completed
ORD-505214,2026-05-10,West,Los Angeles DC,Consumer,SKU-1005,Home,Bedding Set,1,134.44,81.31,0,134.44,53.13,Returned
ORD-505215,2026-05-10,West,Denver DC,Small Business,SKU-1008,Apparel,Running Shoes,4,88.43,59.11,0,353.72,117.28,Completed
ORD-505216,2026-05-10,East,Miami DC,Small Business,SKU-1003,Electronics,Portable Charger,1,132.63,59.06,0,132.63,73.57,Completed
ORD-505217,2026-05-10,East,Miami DC,Enterprise,SKU-1008,Apparel,Running Shoes,1,88.43,59.11,0,88.43,29.32,Completed
ORD-505218,2026-05-10,West,Seattle DC,Enterprise,SKU-1011,Beauty,Hair Dryer,1,35.1,16.43,0.1,31.59,15.16,Completed
ORD-505219,2026-05-10,Central,Minneapolis DC,Consumer,SKU-1005,Home,Bedding Set,1,134.44,81.31,0,134.44,53.13,Completed
ORD-505220,2026-05-10,East,Miami DC,Consumer,SKU-1010,Beauty,Skin Care Kit,1,212.38,144.24,0.1,191.14,46.9,Completed
ORD-505221,2026-05-10,East,Miami DC,Small Business,SKU-1003,Electronics,Portable Charger,1,132.63,59.06,0,132.63,73.57,Returned
ORD-505222,2026-05-10,West,Seattle DC,Small Business,SKU-1004,Home,Air Purifier,1,39.43,23.74,0.15,33.52,9.78,Completed
ORD-505223,2026-05-10,East,New Jersey DC,Enterprise,SKU-1010,Beauty,Skin Care Kit,1,212.38,144.24,0.1,191.14,46.9,Completed
ORD-505224,2026-05-10,West,Seattle DC,Consumer,SKU-1010,Beauty,Skin Care Kit,1,212.38,144.24,0,212.38,68.14,Completed
ORD-505225,2026-05-10,East,Atlanta DC,Small Business,SKU-1011,Beauty,Hair Dryer,3,35.1,16.43,0,105.3,56.01,Completed
ORD-505226,2026-05-10,East,Miami DC,Enterprise,SKU-1011,Beauty,Hair Dryer,1,35.1,16.43,0.05,33.34,16.91,Completed
ORD-505227,2026-05-10,West,Seattle DC,Consumer,SKU-1012,Beauty,Fragrance Set,2,138.55,68.54,0,277.1,140.02,Completed
ORD-505228,2026-05-10,East,Atlanta DC,Consumer,SKU-1010,Beauty,Skin Care Kit,1,212.38,144.24,0.05,201.76,57.52,Completed
ORD-505229,2026-05-10,East,Atlanta DC,Consumer,SKU-1001,Electronics,Noise-Canceling Headphones,1,202.4,94.45,0.1,182.16,87.71,Completed
ORD-505230,2026-05-10,Central,Dallas DC,Small Business,SKU-1006,Home,Kitchen Organizer,2,100.06,51.21,0,200.12,97.7,Completed
ORD-505231,2026-05-10,East,Miami DC,Consumer,SKU-1010,Beauty,Skin Care Kit,1,212.38,144.24,0,212.38,68.14,Completed
ORD-505232,2026-05-10,Central,Dallas DC,Consumer,SKU-1004,Home,Air Purifier,1,39.43,23.74,0.1,35.49,11.75,Completed
ORD-505233,2026-05-10,West,Seattle DC,Enterprise,SKU-1007,Apparel,Performance Jacket,1,259.88,171.94,0.1,233.89,61.95,Returned
ORD-505234,2026-05-10,West,Denver DC,Small Business,SKU-1001,Electronics,Noise-Canceling Headphones,2,202.4,94.45,0.05,384.56,195.66,Completed
ORD-505235,2026-05-10,East,Miami DC,Enterprise,SKU-1007,Apparel,Performance Jacket,1,259.88,171.94,0,259.88,87.94,Completed
ORD-505236,2026-05-10,East,Atlanta DC,Consumer,SKU-1007,Apparel,Performance Jacket,2,259.88,171.94,0.05,493.77,149.89,Completed
ORD-505237,2026-05-10,Central,Minneapolis DC,Small Business,SKU-1006,Home,Kitchen Organizer,3,100.06,51.21,0,300.18,146.55,Completed
ORD-505238,2026-05-10,West,Denver DC,Consumer,SKU-1007,Apparel,Performance Jacket,1,259.88,171.94,0.1,233.89,61.95,Completed
ORD-505239,2026-05-10,East,Miami DC,Small Business,SKU-1012,Beauty,Fragrance Set,1,138.55,68.54,0.1,124.7,56.16,Returned
ORD-505240,2026-05-10,West,Los Angeles DC,Small Business,SKU-1003,Electronics,Portable Charger,2,132.63,59.06,0,265.26,147.14,Completed
ORD-505241,2026-05-10,Central,Chicago DC,Enterprise,SKU-1003,Electronics,Portable Charger,1,132.63,59.06,0.05,126.0,66.94,Completed
ORD-505242,2026-05-10,Central,Dallas DC,Enterprise,SKU-1007,Apparel,Performance Jacket,1,259.88,171.94,0.1,233.89,61.95,Completed
ORD-505243,2026-05-10,Central,Minneapolis DC,Consumer,SKU-1004,Home,Air Purifier,3,39.43,23.74,0,118.29,47.07,Completed
ORD-505244,2026-05-10,Central,Dallas DC,Small Business,SKU-1006,Home,Kitchen Organizer,2,100.06,51.21,0.05,190.11,87.69,Completed
ORD-505245,2026-05-10,Central,Minneapolis DC,Enterprise,SKU-1005,Home,Bedding Set,1,134.44,81.31,0,134.44,53.13,Completed
ORD-505246,2026-05-10,West,Los Angeles DC,Small Business,SKU-1008,Apparel,Running Shoes,1,88.43,59.11,0.1,79.59,20.48,Completed
ORD-505247,2026-05-10,West,Denver DC,Enterprise,SKU-1005,Home,Bedding Set,1,134.44,81.31,0.1,121.0,39.69,Completed
ORD-505248,2026-05-10,East,Miami DC,Small Business,SKU-1010,Beauty,Skin Care Kit,2,212.38,144.24,0,424.76,136.28,Completed
ORD-505249,2026-05-10,Central,Chicago DC,Small Business,SKU-1001,Electronics,Noise-Canceling Headphones,1,202.4,94.45,0,202.4,107.95,Completed
ORD-505250,2026-05-10,Central,Dallas DC,Enterprise,SKU-1002,Electronics,Smart Home Hub,1,202.52,137.45,0,202.52,65.07,Completed
ORD-505251,2026-05-10,Central,Minneapolis DC,Small Business,SKU-1002,Electronics,Smart Home Hub,1,202.52,137.45,0.15,172.14,34.69,Completed
ORD-505252,2026-05-10,Central,Minneapolis DC,Enterprise,SKU-1011,Beauty,Hair Dryer,1,35.1,16.43,0,35.1,18.67,Completed
ORD-505253,2026-05-10,East,Miami DC,Small Business,SKU-1009,Apparel,Travel Backpack,1,145.86,81.38,0,145.86,64.48,Completed
ORD-505254,2026-05-11,West,Los Angeles DC,Small Business,SKU-1002,Electronics,Smart Home Hub,1,202.52,137.45,0,202.52,65.07,Completed
ORD-505255,2026-05-11,East,Miami DC,Small Business,SKU-1010,Beauty,Skin Care Kit,4,212.38,144.24,0.1,764.57,187.61,Completed
ORD-505256,2026-05-11,Central,Minneapolis DC,Small Business,SKU-1006,Home,Kitchen Organizer,3,100.06,51.21,0,300.18,146.55,Completed
ORD-505257,2026-05-11,West,Los Angeles DC,Small Business,SKU-1003,Electronics,Portable Charger,1,132.63,59.06,0.1,119.37,60.31,Completed
ORD-505258,2026-05-11,Central,Chicago DC,Enterprise,SKU-1006,Home,Kitchen Organizer,1,100.06,51.21,0,100.06,48.85,Completed
ORD-505259,2026-05-11,East,Miami DC,Enterprise,SKU-1009,Apparel,Travel Backpack,1,145.86,81.38,0,145.86,64.48,Completed
ORD-505260,2026-05-11,Central,Chicago DC,Enterprise,SKU-1009,Apparel,Travel Backpack,3,145.86,81.38,0.1,393.82,149.68,Completed
ORD-505261,2026-05-11,West,Los Angeles DC,Consumer,SKU-1011,Beauty,Hair Dryer,1,35.1,16.43,0,35.1,18.67,Completed
ORD-505262,2026-05-11,East,Miami DC,Consumer,SKU-1005,Home,Bedding Set,1,134.44,81.31,0,134.44,53.13,Completed
ORD-505263,2026-05-11,West,Los Angeles DC,Enterprise,SKU-1008,Apparel,Running Shoes,1,88.43,59.11,0,88.43,29.32,Completed
ORD-505264,2026-05-11,Central,Chicago DC,Consumer,SKU-1001,Electronics,Noise-Canceling Headphones,2,202.4,94.45,0.05,384.56,195.66,Completed
ORD-505265,2026-05-11,East,Miami DC,Enterprise,SKU-1008,Apparel,Running Shoes,1,88.43,59.11,0,88.43,29.32,Completed
ORD-505266,2026-05-11,West,Denver DC,Enterprise,SKU-1006,Home,Kitchen Organizer,1,100.06,51.21,0,100.06,48.85,Returned
ORD-505267,2026-05-11,East,New Jersey DC,Enterprise,SKU-1007,Apparel,Performance Jacket,1,259.88,171.94,0,259.88,87.94,Completed
ORD-505268,2026-05-11,East,Atlanta DC,Consumer,SKU-1008,Apparel,Running Shoes,1,88.43,59.11,0,88.43,29.32,Completed
ORD-505269,2026-05-11,East,Miami DC,Consumer,SKU-1009,Apparel,Travel Backpack,1,145.86,81.38,0.05,138.57,57.19,Completed
ORD-505270,2026-05-11,East,Atlanta DC,Enterprise,SKU-1002,Electronics,Smart Home Hub,2,202.52,137.45,0,405.04,130.14,Completed
ORD-505271,2026-05-11,East,New Jersey DC,Enterprise,SKU-1006,Home,Kitchen Organizer,1,100.06,51.21,0.05,95.06,43.85,Cancelled
ORD-505272,2026-05-11,West,Los Angeles DC,Consumer,SKU-1004,Home,Air Purifier,1,39.43,23.74,0,39.43,15.69,Completed
ORD-505273,2026-05-11,West,Los Angeles DC,Consumer,SKU-1001,Electronics,Noise-Canceling Headphones,4,202.4,94.45,0.05,769.12,391.32,Completed
ORD-505274,2026-05-11,West,Denver DC,Consumer,SKU-1008,Apparel,Running Shoes,1,88.43,59.11,0,88.43,29.32,Completed
ORD-505275,2026-05-11,East,Miami DC,Enterprise,SKU-1007,Apparel,Performance Jacket,1,259.88,171.94,0,259.88,87.94,Completed
ORD-505276,2026-05-11,East,New Jersey DC,Consumer,SKU-1006,Home,Kitchen Organizer,2,100.06,51.21,0,200.12,97.7,Completed
ORD-505277,2026-05-11,Central,Minneapolis DC,Consumer,SKU-1007,Apparel,Performance Jacket,1,259.88,171.94,0,259.88,87.94,Completed
ORD-505278,2026-05-11,West,Los Angeles DC,Small Business,SKU-1005,Home,Bedding Set,1,134.44,81.31,0.1,121.0,39.69,Completed
ORD-505279,2026-05-11,Central,Minneapolis DC,Consumer,SKU-1008,Apparel,Running Shoes,1,88.43,59.11,0,88.43,29.32,Completed
ORD-505280,2026-05-11,Central,Minneapolis DC,Consumer,SKU-1010,Beauty,Skin Care Kit,2,212.38,144.24,0,424.76,136.28,Completed
ORD-505281,2026-05-11,East,New Jersey DC,Small Business,SKU-1010,Beauty,Skin Care Kit,3,212.38,144.24,0.05,605.28,172.56,Completed
ORD-505282,2026-05-11,Central,Dallas DC,Consumer,SKU-1009,Apparel,Travel Backpack,1,145.86,81.38,0.15,123.98,42.6,Completed
ORD-505283,2026-05-11,West,Los Angeles DC,Small Business,SKU-1003,Electronics,Portable Charger,3,132.63,59.06,0,397.89,220.71,Completed
ORD-505284,2026-05-11,West,Los Angeles DC,Small Business,SKU-1009,Apparel,Travel Backpack,1,145.86,81.38,0,145.86,64.48,Completed
ORD-505285,2026-05-11,West,Seattle DC,Small Business,SKU-1012,Beauty,Fragrance Set,2,138.55,68.54,0,277.1,140.02,Completed
ORD-505286,2026-05-11,West,Denver DC,Consumer,SKU-1012,Beauty,Fragrance Set,1,138.55,68.54,0.15,117.77,49.23,Completed
ORD-505287,2026-05-11,East,New Jersey DC,Small Business,SKU-1011,Beauty,Hair Dryer,2,35.1,16.43,0,70.2,37.34,Completed
ORD-505288,2026-05-11,East,Miami DC,Small Business,SKU-1004,Home,Air Purifier,2,39.43,23.74,0,78.86,31.38,Completed
ORD-505289,2026-05-11,West,Los Angeles DC,Small Business,SKU-1012,Beauty,Fragrance Set,1,138.55,68.54,0,138.55,70.01,Completed
ORD-505290,2026-05-11,Central,Minneapolis DC,Enterprise,SKU-1001,Electronics,Noise-Canceling Headphones,2,202.4,94.45,0.1,364.32,175.42,Completed
ORD-505291,2026-05-11,Central,Chicago DC,Small Business,SKU-1012,Beauty,Fragrance Set,1,138.55,68.54,0,138.55,70.01,Completed
ORD-505292,2026-05-11,East,Miami DC,Small Business,SKU-1009,Apparel,Travel Backpack,2,145.86,81.38,0.1,262.55,99.79,Completed
ORD-505293,2026-05-11,West,Los Angeles DC,Enterprise,SKU-1004,Home,Air Purifier,2,39.43,23.74,0.15,67.03,19.55,Completed
ORD-505294,2026-05-12,East,Miami DC,Enterprise,SKU-1008,Apparel,Running Shoes,1,88.43,59.11,0,88.43,29.32,Completed
ORD-505295,2026-05-12,West,Seattle DC,Enterprise,SKU-1002,Electronics,Smart Home Hub,4,202.52,137.45,0,810.08,260.28,Completed
ORD-505296,2026-05-12,Central,Dallas DC,Enterprise,SKU-1004,Home,Air Purifier,1,39.43,23.74,0,39.43,15.69,Completed
ORD-505297,2026-05-12,East,New Jersey DC,Enterprise,SKU-1012,Beauty,Fragrance Set,1,138.55,68.54,0,138.55,70.01,Completed
ORD-505298,2026-05-12,West,Denver DC,Enterprise,SKU-1010,Beauty,Skin Care Kit,2,212.38,144.24,0,424.76,136.28,Completed
ORD-505299,2026-05-12,Central,Dallas DC,Enterprise,SKU-1007,Apparel,Performance Jacket,1,259.88,171.94,0,259.88,87.94,Completed
ORD-505300,2026-05-12,Central,Dallas DC,Consumer,SKU-1007,Apparel,Performance Jacket,2,259.88,171.94,0,519.76,175.88,Completed
ORD-505301,2026-05-12,East,New Jersey DC,Enterprise,SKU-1006,Home,Kitchen Organizer,2,100.06,51.21,0.1,180.11,77.69,Returned
ORD-505302,2026-05-12,West,Los Angeles DC,Small Business,SKU-1001,Electronics,Noise-Canceling Headphones,1,202.4,94.45,0,202.4,107.95,Completed
ORD-505303,2026-05-12,Central,Chicago DC,Enterprise,SKU-1004,Home,Air Purifier,1,39.43,23.74,0.15,33.52,9.78,Completed
ORD-505304,2026-05-12,East,New Jersey DC,Enterprise,SKU-1011,Beauty,Hair Dryer,1,35.1,16.43,0.1,31.59,15.16,Completed
ORD-505305,2026-05-12,Central,Dallas DC,Consumer,SKU-1006,Home,Kitchen Organizer,1,100.06,51.21,0,100.06,48.85,Completed
ORD-505306,2026-05-12,West,Denver DC,Consumer,SKU-1012,Beauty,Fragrance Set,1,138.55,68.54,0,138.55,70.01,Completed
ORD-505307,2026-05-12,Central,Minneapolis DC,Consumer,SKU-1008,Apparel,Running Shoes,1,88.43,59.11,0,88.43,29.32,Cancelled
ORD-505308,2026-05-12,West,Denver DC,Small Business,SKU-1011,Beauty,Hair Dryer,1,35.1,16.43,0,35.1,18.67,Completed
ORD-505309,2026-05-12,Central,Dallas DC,Enterprise,SKU-1001,Electronics,Noise-Canceling Headphones,1,202.4,94.45,0.05,192.28,97.83,Completed
ORD-505310,2026-05-12,East,Miami DC,Consumer,SKU-1003,Electronics,Portable Charger,2,132.63,59.06,0,265.26,147.14,Completed
ORD-505311,2026-05-12,East,Miami DC,Enterprise,SKU-1002,Electronics,Smart Home Hub,1,202.52,137.45,0.05,192.39,54.94,Completed
ORD-505312,2026-05-12,East,New Jersey DC,Small Business,SKU-1001,Electronics,Noise-Canceling Headphones,1,202.4,94.45,0.15,172.04,77.59,Completed
ORD-505313,2026-05-12,West,Seattle DC,Small Business,SKU-1007,Apparel,Performance Jacket,3,259.88,171.94,0.05,740.66,224.84,Completed
ORD-505314,2026-05-12,Central,Minneapolis DC,Consumer,SKU-1001,Electronics,Noise-Canceling Headphones,1,202.4,94.45,0,202.4,107.95,Completed
ORD-505315,2026-05-12,East,New Jersey DC,Enterprise,SKU-1005,Home,Bedding Set,1,134.44,81.31,0.15,114.27,32.96,Completed
ORD-505316,2026-05-12,West,Seattle DC,Enterprise,SKU-1009,Apparel,Travel Backpack,1,145.86,81.38,0.05,138.57,57.19,Completed
ORD-505317,2026-05-12,Central,Dallas DC,Enterprise,SKU-1010,Beauty,Skin Care Kit,1,212.38,144.24,0,212.38,68.14,Completed
ORD-505318,2026-05-12,East,New Jersey DC,Small Business,SKU-1005,Home,Bedding Set,1,134.44,81.31,0,134.44,53.13,Completed
ORD-505319,2026-05-12,Central,Dallas DC,Small Business,SKU-1012,Beauty,Fragrance Set,1,138.55,68.54,0.05,131.62,63.08,Completed
ORD-505320,2026-05-12,West,Los Angeles DC,Enterprise,SKU-1008,Apparel,Running Shoes,1,88.43,59.11,0.1,79.59,20.48,Completed
ORD-505321,2026-05-12,East,New Jersey DC,Consumer,SKU-1001,Electronics,Noise-Canceling Headphones,3,202.4,94.45,0.15,516.12,232.77,Completed
ORD-505322,2026-05-12,East,Miami DC,Small Business,SKU-1006,Home,Kitchen Organizer,1,100.06,51.21,0,100.06,48.85,Completed
ORD-505323,2026-05-12,West,Denver DC,Enterprise,SKU-1010,Beauty,Skin Care Kit,1,212.38,144.24,0.05,201.76,57.52,Completed
ORD-505324,2026-05-12,Central,Dallas DC,Small Business,SKU-1011,Beauty,Hair Dryer,1,35.1,16.43,0.05,33.34,16.91,Returned
ORD-505325,2026-05-12,Central,Minneapolis DC,Consumer,SKU-1012,Beauty,Fragrance Set,2,138.55,68.54,0,277.1,140.02,Completed
ORD-505326,2026-05-12,Central,Dallas DC,Enterprise,SKU-1008,Apparel,Running Shoes,1,88.43,59.11,0.1,79.59,20.48,Returned
ORD-505327,2026-05-12,East,Miami DC,Consumer,SKU-1009,Apparel,Travel Backpack,2,145.86,81.38,0,291.72,128.96,Completed
ORD-505328,2026-05-12,East,Atlanta DC,Enterprise,SKU-1007,Apparel,Performance Jacket,1,259.88,171.94,0.1,233.89,61.95,Completed
ORD-505329,2026-05-12,East,New Jersey DC,Small Business,SKU-1009,Apparel,Travel Backpack,1,145.86,81.38,0,145.86,64.48,Completed
ORD-505330,2026-05-13,West,Seattle DC,Enterprise,SKU-1004,Home,Air Purifier,1,39.43,23.74,0.05,37.46,13.72,Completed
ORD-505331,2026-05-13,East,Atlanta DC,Consumer,SKU-1006,Home,Kitchen Organizer,2,100.06,51.21,0,200.12,97.7,Completed
ORD-505332,2026-05-13,East,New Jersey DC,Small Business,SKU-1003,Electronics,Portable Charger,1,132.63,59.06,0.1,119.37,60.31,Returned
ORD-505333,2026-05-13,West,Denver DC,Consumer,SKU-1008,Apparel,Running Shoes,1,88.43,59.11,0,88.43,29.32,Completed
ORD-505334,2026-05-13,West,Seattle DC,Consumer,SKU-1005,Home,Bedding Set,1,134.44,81.31,0.05,127.72,46.41,Completed
ORD-505335,2026-05-13,West,Denver DC,Small Business,SKU-1003,Electronics,Portable Charger,1,132.63,59.06,0.05,126.0,66.94,Completed
ORD-505336,2026-05-13,West,Seattle DC,Small Business,SKU-1007,Apparel,Performance Jacket,1,259.88,171.94,0.05,246.89,74.95,Completed
ORD-505337,2026-05-13,East,New Jersey DC,Enterprise,SKU-1006,Home,Kitchen Organizer,1,100.06,51.21,0.05,95.06,43.85,Completed
ORD-505338,2026-05-13,Central,Minneapolis DC,Consumer,SKU-1004,Home,Air Purifier,1,39.43,23.74,0.15,33.52,9.78,Completed
ORD-505339,2026-05-13,West,Denver DC,Consumer,SKU-1010,Beauty,Skin Care Kit,1,212.38,144.24,0,212.38,68.14,Completed
ORD-505340,2026-05-13,East,Atlanta DC,Enterprise,SKU-1001,Electronics,Noise-Canceling Headphones,4,202.4,94.45,0,809.6,431.8,Completed
ORD-505341,2026-05-13,West,Los Angeles DC,Consumer,SKU-1002,Electronics,Smart Home Hub,1,202.52,137.45,0,202.52,65.07,Completed
ORD-505342,2026-05-13,East,Atlanta DC,Consumer,SKU-1001,Electronics,Noise-Canceling Headphones,4,202.4,94.45,0,809.6,431.8,Completed
ORD-505343,2026-05-13,East,Miami DC,Enterprise,SKU-1006,Home,Kitchen Organizer,1,100.06,51.21,0,100.06,48.85,Completed
ORD-505344,2026-05-13,West,Denver DC,Enterprise,SKU-1004,Home,Air Purifier,4,39.43,23.74,0,157.72,62.76,Completed
ORD-505345,2026-05-13,West,Seattle DC,Enterprise,SKU-1007,Apparel,Performance Jacket,3,259.88,171.94,0,779.64,263.82,Completed
ORD-505346,2026-05-13,Central,Minneapolis DC,Enterprise,SKU-1001,Electronics,Noise-Canceling Headphones,1,202.4,94.45,0.05,192.28,97.83,Completed
ORD-505347,2026-05-13,Central,Dallas DC,Consumer,SKU-1008,Apparel,Running Shoes,1,88.43,59.11,0,88.43,29.32,Completed
ORD-505348,2026-05-13,West,Seattle DC,Small Business,SKU-1012,Beauty,Fragrance Set,2,138.55,68.54,0,277.1,140.02,Completed
ORD-505349,2026-05-13,Central,Chicago DC,Consumer,SKU-1012,Beauty,Fragrance Set,2,138.55,68.54,0,277.1,140.02,Completed
ORD-505350,2026-05-13,Central,Minneapolis DC,Enterprise,SKU-1009,Apparel,Travel Backpack,1,145.86,81.38,0.15,123.98,42.6,Completed
ORD-505351,2026-05-13,Central,Minneapolis DC,Small Business,SKU-1005,Home,Bedding Set,1,134.44,81.31,0.05,127.72,46.41,Completed
ORD-505352,2026-05-13,West,Seattle DC,Consumer,SKU-1003,Electronics,Portable Charger,2,132.63,59.06,0,265.26,147.14,Completed
ORD-505353,2026-05-13,West,Denver DC,Enterprise,SKU-1009,Apparel,Travel Backpack,1,145.86,81.38,0.1,131.27,49.89,Completed
ORD-505354,2026-05-13,East,Atlanta DC,Consumer,SKU-1005,Home,Bedding Set,3,134.44,81.31,0,403.32,159.39,Completed
ORD-505355,2026-05-13,Central,Dallas DC,Small Business,SKU-1004,Home,Air Purifier,2,39.43,23.74,0.05,74.92,27.44,Completed
ORD-505356,2026-05-13,West,Seattle DC,Consumer,SKU-1002,Electronics,Smart Home Hub,3,202.52,137.45,0,607.56,195.21,Completed
ORD-505357,2026-05-13,Central,Minneapolis DC,Small Business,SKU-1012,Beauty,Fragrance Set,1,138.55,68.54,0.05,131.62,63.08,Completed
ORD-505358,2026-05-13,West,Los Angeles DC,Enterprise,SKU-1006,Home,Kitchen Organizer,1,100.06,51.21,0.05,95.06,43.85,Completed
ORD-505359,2026-05-13,West,Denver DC,Small Business,SKU-1006,Home,Kitchen Organizer,1,100.06,51.21,0.05,95.06,43.85,Completed
ORD-505360,2026-05-13,West,Denver DC,Enterprise,SKU-1008,Apparel,Running Shoes,1,88.43,59.11,0,88.43,29.32,Completed
ORD-505361,2026-05-13,West,Denver DC,Consumer,SKU-1008,Apparel,Running Shoes,1,88.43,59.11,0.15,75.17,16.06,Completed
ORD-505362,2026-05-13,West,Denver DC,Enterprise,SKU-1002,Electronics,Smart Home Hub,1,202.52,137.45,0,202.52,65.07,Completed
ORD-505363,2026-05-13,West,Seattle DC,Consumer,SKU-1005,Home,Bedding Set,1,134.44,81.31,0,134.44,53.13,Completed
ORD-505364,2026-05-13,East,New Jersey DC,Small Business,SKU-1009,Apparel,Travel Backpack,3,145.86,81.38,0.15,371.94,127.8,Completed
ORD-505365,2026-05-13,West,Seattle DC,Small Business,SKU-1007,Apparel,Performance Jacket,1,259.88,171.94,0,259.88,87.94,Completed
ORD-505366,2026-05-13,Central,Dallas DC,Enterprise,SKU-1002,Electronics,Smart Home Hub,1,202.52,137.45,0,202.52,65.07,Completed
ORD-505367,2026-05-13,West,Denver DC,Consumer,SKU-1010,Beauty,Skin Care Kit,2,212.38,144.24,0,424.76,136.28,Completed
ORD-505368,2026-05-13,East,New Jersey DC,Enterprise,SKU-1004,Home,Air Purifier,1,39.43,23.74,0,39.43,15.69,Completed
ORD-505369,2026-05-13,Central,Chicago DC,Consumer,SKU-1006,Home,Kitchen Organizer,1,100.06,51.21,0,100.06,48.85,Completed
ORD-505370,2026-05-13,Central,Chicago DC,Consumer,SKU-1001,Electronics,Noise-Canceling Headphones,2,202.4,94.45,0,404.8,215.9,Completed
ORD-505371,2026-05-13,East,New Jersey DC,Consumer,SKU-1012,Beauty,Fragrance Set,1,138.55,68.54,0,138.55,70.01,Completed
ORD-505372,2026-05-13,East,Miami DC,Consumer,SKU-1002,Electronics,Smart Home Hub,2,202.52,137.45,0.15,344.28,69.38,Completed
ORD-505373,2026-05-13,West,Seattle DC,Small Business,SKU-1001,Electronics,Noise-Canceling Headphones,1,202.4,94.45,0.1,182.16,87.71,Completed
ORD-505374,2026-05-13,East,New Jersey DC,Consumer,SKU-1008,Apparel,Running Shoes,3,88.43,59.11,0,265.29,87.96,Completed
ORD-505375,2026-05-14,West,Denver DC,Consumer,SKU-1008,Apparel,Running Shoes,1,88.43,59.11,0.15,75.17,16.06,Completed
ORD-505376,2026-05-14,East,Miami DC,Consumer,SKU-1005,Home,Bedding Set,1,134.44,81.31,0,134.44,53.13,Completed
ORD-505377,2026-05-14,East,Atlanta DC,Consumer,SKU-1002,Electronics,Smart Home Hub,1,202.52,137.45,0,202.52,65.07,Completed
ORD-505378,2026-05-14,Central,Dallas DC,Enterprise,SKU-1009,Apparel,Travel Backpack,4,145.86,81.38,0.15,495.92,170.4,Cancelled
ORD-505379,2026-05-14,West,Denver DC,Consumer,SKU-1010,Beauty,Skin Care Kit,2,212.38,144.24,0,424.76,136.28,Completed
ORD-505380,2026-05-14,West,Los Angeles DC,Enterprise,SKU-1007,Apparel,Performance Jacket,3,259.88,171.94,0.15,662.69,146.87,Completed
ORD-505381,2026-05-14,East,Atlanta DC,Small Business,SKU-1004,Home,Air Purifier,2,39.43,23.74,0,78.86,31.38,Completed
ORD-505382,2026-05-14,Central,Dallas DC,Small Business,SKU-1001,Electronics,Noise-Canceling Headphones,1,202.4,94.45,0.1,182.16,87.71,Completed
ORD-505383,2026-05-14,East,New Jersey DC,Consumer,SKU-1009,Apparel,Travel Backpack,1,145.86,81.38,0,145.86,64.48,Completed
ORD-505384,2026-05-14,East,Miami DC,Small Business,SKU-1004,Home,Air Purifier,1,39.43,23.74,0,39.43,15.69,Completed
ORD-505385,2026-05-14,East,Atlanta DC,Consumer,SKU-1004,Home,Air Purifier,1,39.43,23.74,0,39.43,15.69,Completed
ORD-505386,2026-05-14,East,Miami DC,Consumer,SKU-1009,Apparel,Travel Backpack,2,145.86,81.38,0.15,247.96,85.2,Returned
ORD-505387,2026-05-14,Central,Minneapolis DC,Small Business,SKU-1010,Beauty,Skin Care Kit,1,212.38,144.24,0,212.38,68.14,Completed
ORD-505388,2026-05-14,East,Miami DC,Small Business,SKU-1012,Beauty,Fragrance Set,2,138.55,68.54,0.1,249.39,112.31,Returned
ORD-505389,2026-05-14,Central,Minneapolis DC,Small Business,SKU-1003,Electronics,Portable Charger,2,132.63,59.06,0.1,238.73,120.61,Completed
ORD-505390,2026-05-14,East,New Jersey DC,Consumer,SKU-1010,Beauty,Skin Care Kit,2,212.38,144.24,0,424.76,136.28,Completed
ORD-505391,2026-05-14,West,Seattle DC,Consumer,SKU-1008,Apparel,Running Shoes,1,88.43,59.11,0.15,75.17,16.06,Completed
ORD-505392,2026-05-14,Central,Dallas DC,Consumer,SKU-1009,Apparel,Travel Backpack,2,145.86,81.38,0,291.72,128.96,Completed
ORD-505393,2026-05-14,East,Miami DC,Small Business,SKU-1001,Electronics,Noise-Canceling Headphones,1,202.4,94.45,0,202.4,107.95,Completed
ORD-505394,2026-05-14,West,Denver DC,Enterprise,SKU-1010,Beauty,Skin Care Kit,3,212.38,144.24,0,637.14,204.42,Completed
ORD-505395,2026-05-14,Central,Dallas DC,Small Business,SKU-1002,Electronics,Smart Home Hub,1,202.52,137.45,0.15,172.14,34.69,Completed
ORD-505396,2026-05-14,East,Atlanta DC,Consumer,SKU-1004,Home,Air Purifier,2,39.43,23.74,0.1,70.97,23.49,Completed
ORD-505397,2026-05-14,Central,Dallas DC,Enterprise,SKU-1011,Beauty,Hair Dryer,1,35.1,16.43,0.05,33.34,16.91,Completed
ORD-505398,2026-05-14,East,New Jersey DC,Consumer,SKU-1008,Apparel,Running Shoes,1,88.43,59.11,0,88.43,29.32,Completed
ORD-505399,2026-05-14,Central,Chicago DC,Consumer,SKU-1008,Apparel,Running Shoes,2,88.43,59.11,0,176.86,58.64,Completed
ORD-505400,2026-05-14,Central,Minneapolis DC,Small Business,SKU-1007,Apparel,Performance Jacket,1,259.88,171.94,0.1,233.89,61.95,Completed
ORD-505401,2026-05-14,East,Atlanta DC,Enterprise,SKU-1006,Home,Kitchen Organizer,1,100.06,51.21,0.1,90.05,38.84,Completed
ORD-505402,2026-05-14,West,Los Angeles DC,Consumer,SKU-1004,Home,Air Purifier,1,39.43,23.74,0.15,33.52,9.78,Completed
ORD-505403,2026-05-14,West,Los Angeles DC,Consumer,SKU-1001,Electronics,Noise-Canceling Headphones,1,202.4,94.45,0,202.4,107.95,Completed
ORD-505404,2026-05-14,East,Miami DC,Enterprise,SKU-1006,Home,Kitchen Organizer,1,100.06,51.21,0.1,90.05,38.84,Completed
ORD-505405,2026-05-14,East,Miami DC,Enterprise,SKU-1001,Electronics,Noise-Canceling Headphones,1,202.4,94.45,0.1,182.16,87.71,Completed
ORD-505406,2026-05-14,West,Seattle DC,Enterprise,SKU-1010,Beauty,Skin Care Kit,1,212.38,144.24,0,212.38,68.14,Completed
ORD-505407,2026-05-14,East,Atlanta DC,Consumer,SKU-1008,Apparel,Running Shoes,1,88.43,59.11,0,88.43,29.32,Completed
ORD-505408,2026-05-14,Central,Chicago DC,Enterprise,SKU-1003,Electronics,Portable Charger,1,132.63,59.06,0.1,119.37,60.31,Completed
ORD-505409,2026-05-15,East,Atlanta DC,Enterprise,SKU-1003,Electronics,Portable Charger,1,132.63,59.06,0,132.63,73.57,Completed
ORD-505410,2026-05-15,West,Denver DC,Consumer,SKU-1012,Beauty,Fragrance Set,2,138.55,68.54,0,277.1,140.02,Completed
ORD-505411,2026-05-15,Central,Dallas DC,Enterprise,SKU-1009,Apparel,Travel Backpack,1,145.86,81.38,0.1,131.27,49.89,Completed
ORD-505412,2026-05-15,East,New Jersey DC,Enterprise,SKU-1009,Apparel,Travel Backpack,2,145.86,81.38,0.1,262.55,99.79,Completed
ORD-505413,2026-05-15,West,Los Angeles DC,Small Business,SKU-1004,Home,Air Purifier,2,39.43,23.74,0.15,67.03,19.55,Completed
ORD-505414,2026-05-15,East,New Jersey DC,Enterprise,SKU-1010,Beauty,Skin Care Kit,1,212.38,144.24,0.15,180.52,36.28,Completed
ORD-505415,2026-05-15,Central,Minneapolis DC,Small Business,SKU-1004,Home,Air Purifier,1,39.43,23.74,0,39.43,15.69,Completed
ORD-505416,2026-05-15,Central,Chicago DC,Small Business,SKU-1005,Home,Bedding Set,1,134.44,81.31,0,134.44,53.13,Completed
ORD-505417,2026-05-15,Central,Dallas DC,Consumer,SKU-1005,Home,Bedding Set,2,134.44,81.31,0,268.88,106.26,Completed
ORD-505418,2026-05-15,West,Seattle DC,Enterprise,SKU-1002,Electronics,Smart Home Hub,2,202.52,137.45,0.1,364.54,89.64,Completed
ORD-505419,2026-05-15,Central,Dallas DC,Consumer,SKU-1009,Apparel,Travel Backpack,1,145.86,81.38,0.05,138.57,57.19,Completed
ORD-505420,2026-05-15,East,Atlanta DC,Enterprise,SKU-1006,Home,Kitchen Organizer,1,100.06,51.21,0,100.06,48.85,Completed
ORD-505421,2026-05-15,East,Atlanta DC,Enterprise,SKU-1011,Beauty,Hair Dryer,1,35.1,16.43,0.05,33.34,16.91,Completed
ORD-505422,2026-05-15,Central,Minneapolis DC,Small Business,SKU-1001,Electronics,Noise-Canceling Headphones,2,202.4,94.45,0,404.8,215.9,Completed
ORD-505423,2026-05-15,West,Seattle DC,Consumer,SKU-1001,Electronics,Noise-Canceling Headphones,3,202.4,94.45,0.05,576.84,293.49,Completed
ORD-505424,2026-05-15,East,Atlanta DC,Consumer,SKU-1005,Home,Bedding Set,1,134.44,81.31,0,134.44,53.13,Completed
ORD-505425,2026-05-15,East,New Jersey DC,Enterprise,SKU-1007,Apparel,Performance Jacket,1,259.88,171.94,0,259.88,87.94,Completed
ORD-505426,2026-05-15,West,Los Angeles DC,Small Business,SKU-1008,Apparel,Running Shoes,3,88.43,59.11,0,265.29,87.96,Completed
ORD-505427,2026-05-15,Central,Dallas DC,Small Business,SKU-1007,Apparel,Performance Jacket,1,259.88,171.94,0,259.88,87.94,Completed
ORD-505428,2026-05-15,Central,Dallas DC,Enterprise,SKU-1009,Apparel,Travel Backpack,2,145.86,81.38,0.05,277.13,114.37,Completed
ORD-505429,2026-05-15,West,Los Angeles DC,Small Business,SKU-1007,Apparel,Performance Jacket,1,259.88,171.94,0.15,220.9,48.96,Completed
ORD-505430,2026-05-15,East,Atlanta DC,Small Business,SKU-1012,Beauty,Fragrance Set,2,138.55,68.54,0,277.1,140.02,Completed
ORD-505431,2026-05-15,West,Denver DC,Consumer,SKU-1007,Apparel,Performance Jacket,1,259.88,171.94,0,259.88,87.94,Completed
ORD-505432,2026-05-15,West,Los Angeles DC,Enterprise,SKU-1012,Beauty,Fragrance Set,2,138.55,68.54,0.1,249.39,112.31,Completed
ORD-505433,2026-05-15,East,Miami DC,Enterprise,SKU-1004,Home,Air Purifier,1,39.43,23.74,0.05,37.46,13.72,Completed
ORD-505434,2026-05-15,West,Denver DC,Consumer,SKU-1012,Beauty,Fragrance Set,1,138.55,68.54,0,138.55,70.01,Returned
ORD-505435,2026-05-15,West,Denver DC,Consumer,SKU-1008,Apparel,Running Shoes,1,88.43,59.11,0,88.43,29.32,Completed
ORD-505436,2026-05-15,West,Denver DC,Consumer,SKU-1005,Home,Bedding Set,2,134.44,81.31,0.15,228.55,65.93,Completed
ORD-505437,2026-05-15,Central,Chicago DC,Consumer,SKU-1010,Beauty,Skin Care Kit,1,212.38,144.24,0,212.38,68.14,Completed
ORD-505438,2026-05-15,East,New Jersey DC,Enterprise,SKU-1010,Beauty,Skin Care Kit,1,212.38,144.24,0,212.38,68.14,Completed
ORD-505439,2026-05-15,East,Atlanta DC,Enterprise,SKU-1002,Electronics,Smart Home Hub,3,202.52,137.45,0.05,577.18,164.83,Completed
ORD-505440,2026-05-15,Central,Minneapolis DC,Enterprise,SKU-1005,Home,Bedding Set,2,134.44,81.31,0.1,241.99,79.37,Completed
ORD-505441,2026-05-15,East,Atlanta DC,Small Business,SKU-1005,Home,Bedding Set,4,134.44,81.31,0,537.76,212.52,Completed
ORD-505442,2026-05-15,West,Seattle DC,Enterprise,SKU-1001,Electronics,Noise-Canceling Headphones,1,202.4,94.45,0.05,192.28,97.83,Completed
ORD-505443,2026-05-15,West,Seattle DC,Enterprise,SKU-1004,Home,Air Purifier,1,39.43,23.74,0,39.43,15.69,Completed
ORD-505444,2026-05-15,East,New Jersey DC,Enterprise,SKU-1003,Electronics,Portable Charger,2,132.63,59.06,0,265.26,147.14,Completed
ORD-505445,2026-05-15,West,Los Angeles DC,Enterprise,SKU-1012,Beauty,Fragrance Set,1,138.55,68.54,0.15,117.77,49.23,Completed
ORD-505446,2026-05-16,Central,Dallas DC,Consumer,SKU-1009,Apparel,Travel Backpack,1,145.86,81.38,0.1,131.27,49.89,Returned
ORD-505447,2026-05-16,Central,Minneapolis DC,Enterprise,SKU-1006,Home,Kitchen Organizer,2,100.06,51.21,0,200.12,97.7,Completed
ORD-505448,2026-05-16,East,Atlanta DC,Enterprise,SKU-1006,Home,Kitchen Organizer,4,100.06,51.21,0.05,380.23,175.39,Completed
ORD-505449,2026-05-16,West,Seattle DC,Enterprise,SKU-1010,Beauty,Skin Care Kit,3,212.38,144.24,0.1,573.43,140.71,Completed
ORD-505450,2026-05-16,West,Los Angeles DC,Enterprise,SKU-1001,Electronics,Noise-Canceling Headphones,1,202.4,94.45,0,202.4,107.95,Completed
ORD-505451,2026-05-16,East,Atlanta DC,Small Business,SKU-1010,Beauty,Skin Care Kit,1,212.38,144.24,0.1,191.14,46.9,Completed
ORD-505452,2026-05-16,East,New Jersey DC,Consumer,SKU-1005,Home,Bedding Set,1,134.44,81.31,0,134.44,53.13,Completed
ORD-505453,2026-05-16,Central,Dallas DC,Consumer,SKU-1004,Home,Air Purifier,4,39.43,23.74,0,157.72,62.76,Completed
ORD-505454,2026-05-16,West,Denver DC,Consumer,SKU-1011,Beauty,Hair Dryer,4,35.1,16.43,0.15,119.34,53.62,Completed
ORD-505455,2026-05-16,West,Seattle DC,Consumer,SKU-1008,Apparel,Running Shoes,1,88.43,59.11,0.05,84.01,24.9,Completed
ORD-505456,2026-05-16,West,Denver DC,Consumer,SKU-1002,Electronics,Smart Home Hub,1,202.52,137.45,0,202.52,65.07,Completed
ORD-505457,2026-05-16,West,Seattle DC,Enterprise,SKU-1010,Beauty,Skin Care Kit,1,212.38,144.24,0.1,191.14,46.9,Cancelled
ORD-505458,2026-05-16,Central,Chicago DC,Enterprise,SKU-1005,Home,Bedding Set,1,134.44,81.31,0.15,114.27,32.96,Completed
ORD-505459,2026-05-16,West,Denver DC,Small Business,SKU-1006,Home,Kitchen Organizer,2,100.06,51.21,0,200.12,97.7,Completed
ORD-505460,2026-05-16,West,Seattle DC,Enterprise,SKU-1006,Home,Kitchen Organizer,3,100.06,51.21,0,300.18,146.55,Completed
ORD-505461,2026-05-16,East,New Jersey DC,Enterprise,SKU-1012,Beauty,Fragrance Set,1,138.55,68.54,0,138.55,70.01,Returned
ORD-505462,2026-05-16,West,Los Angeles DC,Consumer,SKU-1002,Electronics,Smart Home Hub,1,202.52,137.45,0.15,172.14,34.69,Completed
ORD-505463,2026-05-16,Central,Chicago DC,Consumer,SKU-1007,Apparel,Performance Jacket,2,259.88,171.94,0.05,493.77,149.89,Completed
ORD-505464,2026-05-16,West,Denver DC,Small Business,SKU-1002,Electronics,Smart Home Hub,1,202.52,137.45,0,202.52,65.07,Completed
ORD-505465,2026-05-16,East,New Jersey DC,Enterprise,SKU-1004,Home,Air Purifier,1,39.43,23.74,0.15,33.52,9.78,Completed
ORD-505466,2026-05-16,Central,Minneapolis DC,Small Business,SKU-1008,Apparel,Running Shoes,2,88.43,59.11,0,176.86,58.64,Completed
ORD-505467,2026-05-16,Central,Chicago DC,Small Business,SKU-1012,Beauty,Fragrance Set,1,138.55,68.54,0,138.55,70.01,Completed
ORD-505468,2026-05-16,East,Miami DC,Enterprise,SKU-1008,Apparel,Running Shoes,1,88.43,59.11,0.05,84.01,24.9,Completed
ORD-505469,2026-05-16,East,New Jersey DC,Consumer,SKU-1002,Electronics,Smart Home Hub,2,202.52,137.45,0.05,384.79,109.89,Completed
ORD-505470,2026-05-16,Central,Minneapolis DC,Consumer,SKU-1010,Beauty,Skin Care Kit,1,212.38,144.24,0.05,201.76,57.52,Completed
ORD-505471,2026-05-16,East,Atlanta DC,Consumer,SKU-1011,Beauty,Hair Dryer,2,35.1,16.43,0,70.2,37.34,Completed
ORD-505472,2026-05-16,East,New Jersey DC,Consumer,SKU-1011,Beauty,Hair Dryer,2,35.1,16.43,0,70.2,37.34,Completed
ORD-505473,2026-05-16,Central,Dallas DC,Consumer,SKU-1011,Beauty,Hair Dryer,1,35.1,16.43,0.05,33.34,16.91,Completed
ORD-505474,2026-05-16,West,Seattle DC,Small Business,SKU-1005,Home,Bedding Set,2,134.44,81.31,0,268.88,106.26,Completed
ORD-505475,2026-05-16,Central,Chicago DC,Small Business,SKU-1010,Beauty,Skin Care Kit,1,212.38,144.24,0,212.38,68.14,Completed
ORD-505476,2026-05-16,West,Denver DC,Consumer,SKU-1003,Electronics,Portable Charger,1,132.63,59.06,0,132.63,73.57,Completed
ORD-505477,2026-05-16,East,New Jersey DC,Enterprise,SKU-1011,Beauty,Hair Dryer,1,35.1,16.43,0,35.1,18.67,Completed
ORD-505478,2026-05-16,Central,Minneapolis DC,Small Business,SKU-1009,Apparel,Travel Backpack,3,145.86,81.38,0.1,393.82,149.68,Completed
ORD-505479,2026-05-16,East,Atlanta DC,Consumer,SKU-1009,Apparel,Travel Backpack,3,145.86,81.38,0,437.58,193.44,Returned
ORD-505480,2026-05-16,Central,Chicago DC,Consumer,SKU-1003,Electronics,Portable Charger,1,132.63,59.06,0.05,126.0,66.94,Completed
ORD-505481,2026-05-16,East,New Jersey DC,Consumer,SKU-1012,Beauty,Fragrance Set,4,138.55,68.54,0,554.2,280.04,Completed
ORD-505482,2026-05-16,West,Denver DC,Enterprise,SKU-1006,Home,Kitchen Organizer,1,100.06,51.21,0.15,85.05,33.84,Completed
ORD-505483,2026-05-16,West,Seattle DC,Small Business,SKU-1002,Electronics,Smart Home Hub,1,202.52,137.45,0,202.52,65.07,Completed
ORD-505484,2026-05-16,West,Los Angeles DC,Consumer,SKU-1012,Beauty,Fragrance Set,2,138.55,68.54,0,277.1,140.02,Completed
ORD-505485,2026-05-16,Central,Dallas DC,Small Business,SKU-1005,Home,Bedding Set,2,134.44,81.31,0,268.88,106.26,Returned
ORD-505486,2026-05-16,Central,Chicago DC,Consumer,SKU-1007,Apparel,Performance Jacket,1,259.88,171.94,0,259.88,87.94,Returned
ORD-505487,2026-05-16,West,Seattle DC,Consumer,SKU-1002,Electronics,Smart Home Hub,3,202.52,137.45,0.05,577.18,164.83,Completed
ORD-505488,2026-05-16,East,New Jersey DC,Consumer,SKU-1004,Home,Air Purifier,2,39.43,23.74,0.15,67.03,19.55,Completed
ORD-505489,2026-05-16,East,Miami DC,Enterprise,SKU-1002,Electronics,Smart Home Hub,1,202.52,137.45,0,202.52,65.07,Completed
ORD-505490,2026-05-16,West,Los Angeles DC,Consumer,SKU-1002,Electronics,Smart Home Hub,1,202.52,137.45,0.1,182.27,44.82,Completed
ORD-505491,2026-05-16,West,Seattle DC,Small Business,SKU-1010,Beauty,Skin Care Kit,1,212.38,144.24,0.15,180.52,36.28,Completed
ORD-505492,2026-05-16,Central,Dallas DC,Small Business,SKU-1012,Beauty,Fragrance Set,1,138.55,68.54,0,138.55,70.01,Completed
ORD-505493,2026-05-16,Central,Minneapolis DC,Consumer,SKU-1002,Electronics,Smart Home Hub,2,202.52,137.45,0.15,344.28,69.38,Completed
ORD-505494,2026-05-16,Central,Dallas DC,Enterprise,SKU-1011,Beauty,Hair Dryer,1,35.1,16.43,0.05,33.34,16.91,Completed
ORD-505495,2026-05-16,East,Miami DC,Enterprise,SKU-1005,Home,Bedding Set,2,134.44,81.31,0,268.88,106.26,Completed
ORD-505496,2026-05-16,Central,Chicago DC,Consumer,SKU-1010,Beauty,Skin Care Kit,1,212.38,144.24,0,212.38,68.14,Completed
ORD-505497,2026-05-16,East,Miami DC,Enterprise,SKU-1004,Home,Air Purifier,1,39.43,23.74,0.15,33.52,9.78,Completed
ORD-505498,2026-05-16,Central,Chicago DC,Consumer,SKU-1009,Apparel,Travel Backpack,1,145.86,81.38,0.15,123.98,42.6,Returned
ORD-505499,2026-05-16,West,Denver DC,Small Business,SKU-1005,Home,Bedding Set,3,134.44,81.31,0,403.32,159.39,Completed
ORD-505500,2026-05-16,East,Miami DC,Consumer,SKU-1007,Apparel,Performance Jacket,1,259.88,171.94,0.15,220.9,48.96,Completed
ORD-505501,2026-05-16,West,Denver DC,Enterprise,SKU-1006,Home,Kitchen Organizer,2,100.06,51.21,0.15,170.1,67.68,Completed
ORD-505502,2026-05-17,East,New Jersey DC,Small Business,SKU-1005,Home,Bedding Set,4,134.44,81.31,0.15,457.1,131.86,Completed
ORD-505503,2026-05-17,Central,Dallas DC,Enterprise,SKU-1004,Home,Air Purifier,3,39.43,23.74,0.15,100.55,29.33,Completed
ORD-505504,2026-05-17,Central,Minneapolis DC,Enterprise,SKU-1012,Beauty,Fragrance Set,3,138.55,68.54,0,415.65,210.03,Completed
ORD-505505,2026-05-17,Central,Minneapolis DC,Consumer,SKU-1003,Electronics,Portable Charger,2,132.63,59.06,0,265.26,147.14,Completed
ORD-505506,2026-05-17,Central,Minneapolis DC,Consumer,SKU-1004,Home,Air Purifier,1,39.43,23.74,0.05,37.46,13.72,Completed
ORD-505507,2026-05-17,West,Denver DC,Enterprise,SKU-1004,Home,Air Purifier,1,39.43,23.74,0.15,33.52,9.78,Completed
ORD-505508,2026-05-17,West,Seattle DC,Small Business,SKU-1005,Home,Bedding Set,1,134.44,81.31,0.15,114.27,32.96,Completed
ORD-505509,2026-05-17,West,Seattle DC,Enterprise,SKU-1011,Beauty,Hair Dryer,3,35.1,16.43,0,105.3,56.01,Completed
ORD-505510,2026-05-17,West,Seattle DC,Consumer,SKU-1009,Apparel,Travel Backpack,1,145.86,81.38,0,145.86,64.48,Completed
ORD-505511,2026-05-17,East,Atlanta DC,Consumer,SKU-1001,Electronics,Noise-Canceling Headphones,1,202.4,94.45,0,202.4,107.95,Completed
ORD-505512,2026-05-17,West,Denver DC,Enterprise,SKU-1006,Home,Kitchen Organizer,2,100.06,51.21,0,200.12,97.7,Completed
ORD-505513,2026-05-17,Central,Dallas DC,Consumer,SKU-1011,Beauty,Hair Dryer,2,35.1,16.43,0,70.2,37.34,Completed
ORD-505514,2026-05-17,East,Miami DC,Consumer,SKU-1004,Home,Air Purifier,1,39.43,23.74,0,39.43,15.69,Completed
ORD-505515,2026-05-17,West,Seattle DC,Consumer,SKU-1007,Apparel,Performance Jacket,2,259.88,171.94,0,519.76,175.88,Returned
ORD-505516,2026-05-17,East,Atlanta DC,Small Business,SKU-1004,Home,Air Purifier,2,39.43,23.74,0,78.86,31.38,Completed
ORD-505517,2026-05-17,East,Miami DC,Small Business,SKU-1007,Apparel,Performance Jacket,1,259.88,171.94,0.1,233.89,61.95,Completed
ORD-505518,2026-05-17,East,Atlanta DC,Consumer,SKU-1012,Beauty,Fragrance Set,2,138.55,68.54,0.05,263.25,126.16,Completed
ORD-505519,2026-05-17,West,Los Angeles DC,Small Business,SKU-1010,Beauty,Skin Care Kit,1,212.38,144.24,0.05,201.76,57.52,Completed
ORD-505520,2026-05-17,East,Atlanta DC,Consumer,SKU-1005,Home,Bedding Set,1,134.44,81.31,0.05,127.72,46.41,Returned
ORD-505521,2026-05-17,East,New Jersey DC,Small Business,SKU-1006,Home,Kitchen Organizer,1,100.06,51.21,0,100.06,48.85,Completed
ORD-505522,2026-05-17,East,Miami DC,Small Business,SKU-1003,Electronics,Portable Charger,2,132.63,59.06,0.05,252.0,133.88,Completed
ORD-505523,2026-05-17,East,Miami DC,Enterprise,SKU-1010,Beauty,Skin Care Kit,1,212.38,144.24,0.1,191.14,46.9,Completed
ORD-505524,2026-05-17,West,Seattle DC,Consumer,SKU-1006,Home,Kitchen Organizer,1,100.06,51.21,0,100.06,48.85,Completed
ORD-505525,2026-05-17,Central,Chicago DC,Enterprise,SKU-1010,Beauty,Skin Care Kit,3,212.38,144.24,0.05,605.28,172.56,Completed
ORD-505526,2026-05-17,West,Seattle DC,Small Business,SKU-1009,Apparel,Travel Backpack,2,145.86,81.38,0.15,247.96,85.2,Completed
ORD-505527,2026-05-17,Central,Minneapolis DC,Consumer,SKU-1012,Beauty,Fragrance Set,1,138.55,68.54,0.05,131.62,63.08,Completed
ORD-505528,2026-05-17,West,Seattle DC,Enterprise,SKU-1010,Beauty,Skin Care Kit,1,212.38,144.24,0.05,201.76,57.52,Completed
ORD-505529,2026-05-17,Central,Minneapolis DC,Enterprise,SKU-1005,Home,Bedding Set,2,134.44,81.31,0.1,241.99,79.37,Returned
ORD-505530,2026-05-17,West,Los Angeles DC,Small Business,SKU-1005,Home,Bedding Set,1,134.44,81.31,0.1,121.0,39.69,Completed
ORD-505531,2026-05-17,West,Los Angeles DC,Consumer,SKU-1003,Electronics,Portable Charger,2,132.63,59.06,0,265.26,147.14,Completed
ORD-505532,2026-05-17,West,Denver DC,Enterprise,SKU-1009,Apparel,Travel Backpack,3,145.86,81.38,0,437.58,193.44,Completed
ORD-505533,2026-05-17,East,New Jersey DC,Consumer,SKU-1012,Beauty,Fragrance Set,4,138.55,68.54,0.1,498.78,224.62,Completed
ORD-505534,2026-05-17,Central,Dallas DC,Consumer,SKU-1002,Electronics,Smart Home Hub,1,202.52,137.45,0.05,192.39,54.94,Completed
ORD-505535,2026-05-17,East,New Jersey DC,Small Business,SKU-1012,Beauty,Fragrance Set,2,138.55,68.54,0,277.1,140.02,Completed
ORD-505536,2026-05-17,West,Denver DC,Consumer,SKU-1012,Beauty,Fragrance Set,1,138.55,68.54,0.15,117.77,49.23,Completed
ORD-505537,2026-05-17,Central,Minneapolis DC,Enterprise,SKU-1012,Beauty,Fragrance Set,1,138.55,68.54,0,138.55,70.01,Completed
ORD-505538,2026-05-17,West,Los Angeles DC,Enterprise,SKU-1010,Beauty,Skin Care Kit,1,212.38,144.24,0.1,191.14,46.9,Completed
ORD-505539,2026-05-17,West,Los Angeles DC,Consumer,SKU-1007,Apparel,Performance Jacket,1,259.88,171.94,0.05,246.89,74.95,Completed
ORD-505540,2026-05-17,West,Denver DC,Consumer,SKU-1002,Electronics,Smart Home Hub,2,202.52,137.45,0,405.04,130.14,Completed
ORD-505541,2026-05-17,East,Miami DC,Small Business,SKU-1005,Home,Bedding Set,3,134.44,81.31,0.1,362.99,119.06,Completed
ORD-505542,2026-05-17,Central,Dallas DC,Consumer,SKU-1005,Home,Bedding Set,3,134.44,81.31,0,403.32,159.39,Completed
ORD-505543,2026-05-17,West,Seattle DC,Consumer,SKU-1006,Home,Kitchen Organizer,2,100.06,51.21,0.1,180.11,77.69,Completed
ORD-505544,2026-05-17,Central,Chicago DC,Small Business,SKU-1008,Apparel,Running Shoes,3,88.43,59.11,0,265.29,87.96,Completed
ORD-505545,2026-05-17,East,Atlanta DC,Enterprise,SKU-1011,Beauty,Hair Dryer,4,35.1,16.43,0.1,126.36,60.64,Completed
ORD-505546,2026-05-17,West,Seattle DC,Enterprise,SKU-1011,Beauty,Hair Dryer,1,35.1,16.43,0,35.1,18.67,Completed
ORD-505547,2026-05-17,West,Seattle DC,Consumer,SKU-1002,Electronics,Smart Home Hub,2,202.52,137.45,0,405.04,130.14,Completed
ORD-505548,2026-05-17,West,Los Angeles DC,Enterprise,SKU-1006,Home,Kitchen Organizer,2,100.06,51.21,0,200.12,97.7,Completed
ORD-505549,2026-05-17,East,New Jersey DC,Small Business,SKU-1010,Beauty,Skin Care Kit,1,212.38,144.24,0.15,180.52,36.28,Completed
ORD-505550,2026-05-17,East,Miami DC,Small Business,SKU-1007,Apparel,Performance Jacket,2,259.88,171.94,0,519.76,175.88,Completed
ORD-505551,2026-05-17,Central,Dallas DC,Consumer,SKU-1012,Beauty,Fragrance Set,1,138.55,68.54,0.1,124.7,56.16,Completed
ORD-505552,2026-05-17,East,Atlanta DC,Small Business,SKU-1009,Apparel,Travel Backpack,1,145.86,81.38,0.05,138.57,57.19,Completed
ORD-505553,2026-05-17,Central,Minneapolis DC,Consumer,SKU-1004,Home,Air Purifier,1,39.43,23.74,0,39.43,15.69,Completed
ORD-505554,2026-05-18,West,Denver DC,Small Business,SKU-1010,Beauty,Skin Care Kit,1,212.38,144.24,0,212.38,68.14,Completed
ORD-505555,2026-05-18,East,Atlanta DC,Consumer,SKU-1004,Home,Air Purifier,1,39.43,23.74,0,39.43,15.69,Completed
ORD-505556,2026-05-18,West,Denver DC,Consumer,SKU-1011,Beauty,Hair Dryer,3,35.1,16.43,0.15,89.51,40.22,Completed
ORD-505557,2026-05-18,West,Denver DC,Consumer,SKU-1008,Apparel,Running Shoes,3,88.43,59.11,0.15,225.5,48.17,Completed
ORD-505558,2026-05-18,East,Miami DC,Enterprise,SKU-1003,Electronics,Portable Charger,2,132.63,59.06,0.05,252.0,133.88,Completed
ORD-505559,2026-05-18,Central,Chicago DC,Enterprise,SKU-1006,Home,Kitchen Organizer,1,100.06,51.21,0.05,95.06,43.85,Returned
ORD-505560,2026-05-18,West,Los Angeles DC,Enterprise,SKU-1005,Home,Bedding Set,1,134.44,81.31,0,134.44,53.13,Completed
ORD-505561,2026-05-18,East,Miami DC,Small Business,SKU-1012,Beauty,Fragrance Set,2,138.55,68.54,0.15,235.54,98.46,Completed
ORD-505562,2026-05-18,Central,Minneapolis DC,Small Business,SKU-1007,Apparel,Performance Jacket,1,259.88,171.94,0.05,246.89,74.95,Completed
ORD-505563,2026-05-18,Central,Dallas DC,Small Business,SKU-1009,Apparel,Travel Backpack,2,145.86,81.38,0,291.72,128.96,Completed
ORD-505564,2026-05-18,East,Miami DC,Small Business,SKU-1012,Beauty,Fragrance Set,1,138.55,68.54,0.1,124.7,56.16,Completed
ORD-505565,2026-05-18,East,New Jersey DC,Small Business,SKU-1007,Apparel,Performance Jacket,3,259.88,171.94,0.1,701.68,185.86,Completed
ORD-505566,2026-05-18,Central,Chicago DC,Consumer,SKU-1009,Apparel,Travel Backpack,2,145.86,81.38,0.1,262.55,99.79,Completed
ORD-505567,2026-05-18,East,New Jersey DC,Small Business,SKU-1009,Apparel,Travel Backpack,1,145.86,81.38,0,145.86,64.48,Completed
ORD-505568,2026-05-18,East,Miami DC,Enterprise,SKU-1007,Apparel,Performance Jacket,2,259.88,171.94,0.15,441.8,97.92,Completed
ORD-505569,2026-05-18,West,Denver DC,Small Business,SKU-1006,Home,Kitchen Organizer,1,100.06,51.21,0,100.06,48.85,Completed
ORD-505570,2026-05-18,East,New Jersey DC,Enterprise,SKU-1004,Home,Air Purifier,2,39.43,23.74,0.1,70.97,23.49,Completed
ORD-505571,2026-05-18,East,Atlanta DC,Small Business,SKU-1004,Home,Air Purifier,3,39.43,23.74,0.1,106.46,35.24,Completed
ORD-505572,2026-05-18,Central,Chicago DC,Consumer,SKU-1011,Beauty,Hair Dryer,3,35.1,16.43,0.15,89.51,40.22,Completed
ORD-505573,2026-05-18,Central,Dallas DC,Small Business,SKU-1005,Home,Bedding Set,2,134.44,81.31,0,268.88,106.26,Completed
ORD-505574,2026-05-18,West,Los Angeles DC,Small Business,SKU-1008,Apparel,Running Shoes,1,88.43,59.11,0.1,79.59,20.48,Completed
ORD-505575,2026-05-18,West,Seattle DC,Consumer,SKU-1008,Apparel,Running Shoes,2,88.43,59.11,0.05,168.02,49.8,Completed
ORD-505576,2026-05-18,Central,Minneapolis DC,Consumer,SKU-1004,Home,Air Purifier,1,39.43,23.74,0.05,37.46,13.72,Completed
ORD-505577,2026-05-18,East,New Jersey DC,Enterprise,SKU-1011,Beauty,Hair Dryer,1,35.1,16.43,0,35.1,18.67,Completed
ORD-505578,2026-05-18,East,Atlanta DC,Enterprise,SKU-1004,Home,Air Purifier,1,39.43,23.74,0.15,33.52,9.78,Completed
ORD-505579,2026-05-18,East,Atlanta DC,Consumer,SKU-1009,Apparel,Travel Backpack,3,145.86,81.38,0,437.58,193.44,Completed
ORD-505580,2026-05-18,West,Los Angeles DC,Consumer,SKU-1004,Home,Air Purifier,2,39.43,23.74,0.05,74.92,27.44,Returned
ORD-505581,2026-05-18,Central,Chicago DC,Consumer,SKU-1009,Apparel,Travel Backpack,1,145.86,81.38,0.15,123.98,42.6,Cancelled
ORD-505582,2026-05-18,Central,Chicago DC,Consumer,SKU-1007,Apparel,Performance Jacket,1,259.88,171.94,0,259.88,87.94,Completed
ORD-505583,2026-05-18,Central,Dallas DC,Consumer,SKU-1001,Electronics,Noise-Canceling Headphones,1,202.4,94.45,0,202.4,107.95,Completed
ORD-505584,2026-05-18,West,Seattle DC,Enterprise,SKU-1004,Home,Air Purifier,1,39.43,23.74,0.1,35.49,11.75,Completed
ORD-505585,2026-05-18,West,Los Angeles DC,Enterprise,SKU-1004,Home,Air Purifier,1,39.43,23.74,0.1,35.49,11.75,Completed
ORD-505586,2026-05-19,Central,Chicago DC,Enterprise,SKU-1004,Home,Air Purifier,1,39.43,23.74,0,39.43,15.69,Completed
ORD-505587,2026-05-19,East,New Jersey DC,Enterprise,SKU-1004,Home,Air Purifier,2,39.43,23.74,0,78.86,31.38,Completed
ORD-505588,2026-05-19,Central,Dallas DC,Enterprise,SKU-1004,Home,Air Purifier,3,39.43,23.74,0,118.29,47.07,Completed
ORD-505589,2026-05-19,Central,Chicago DC,Consumer,SKU-1012,Beauty,Fragrance Set,1,138.55,68.54,0,138.55,70.01,Completed
ORD-505590,2026-05-19,East,Atlanta DC,Enterprise,SKU-1007,Apparel,Performance Jacket,1,259.88,171.94,0.15,220.9,48.96,Completed
ORD-505591,2026-05-19,East,New Jersey DC,Consumer,SKU-1009,Apparel,Travel Backpack,1,145.86,81.38,0.15,123.98,42.6,Completed
ORD-505592,2026-05-19,East,Miami DC,Enterprise,SKU-1010,Beauty,Skin Care Kit,1,212.38,144.24,0.05,201.76,57.52,Completed
ORD-505593,2026-05-19,Central,Chicago DC,Consumer,SKU-1002,Electronics,Smart Home Hub,1,202.52,137.45,0.15,172.14,34.69,Completed
ORD-505594,2026-05-19,East,Atlanta DC,Enterprise,SKU-1006,Home,Kitchen Organizer,2,100.06,51.21,0.05,190.11,87.69,Completed
ORD-505595,2026-05-19,West,Los Angeles DC,Small Business,SKU-1006,Home,Kitchen Organizer,2,100.06,51.21,0.15,170.1,67.68,Completed
ORD-505596,2026-05-19,West,Seattle DC,Enterprise,SKU-1011,Beauty,Hair Dryer,3,35.1,16.43,0.1,94.77,45.48,Completed
ORD-505597,2026-05-19,East,Atlanta DC,Small Business,SKU-1003,Electronics,Portable Charger,1,132.63,59.06,0.15,112.74,53.68,Completed
ORD-505598,2026-05-19,East,Miami DC,Consumer,SKU-1007,Apparel,Performance Jacket,4,259.88,171.94,0,1039.52,351.76,Completed
ORD-505599,2026-05-19,West,Denver DC,Consumer,SKU-1010,Beauty,Skin Care Kit,3,212.38,144.24,0,637.14,204.42,Completed
ORD-505600,2026-05-19,Central,Dallas DC,Small Business,SKU-1007,Apparel,Performance Jacket,4,259.88,171.94,0.15,883.59,195.83,Completed
ORD-505601,2026-05-19,West,Los Angeles DC,Consumer,SKU-1012,Beauty,Fragrance Set,1,138.55,68.54,0.15,117.77,49.23,Completed
ORD-505602,2026-05-19,Central,Dallas DC,Small Business,SKU-1001,Electronics,Noise-Canceling Headphones,1,202.4,94.45,0,202.4,107.95,Completed
ORD-505603,2026-05-19,East,New Jersey DC,Enterprise,SKU-1011,Beauty,Hair Dryer,3,35.1,16.43,0,105.3,56.01,Completed
ORD-505604,2026-05-19,West,Seattle DC,Consumer,SKU-1007,Apparel,Performance Jacket,1,259.88,171.94,0.15,220.9,48.96,Completed
ORD-505605,2026-05-19,East,Atlanta DC,Small Business,SKU-1001,Electronics,Noise-Canceling Headphones,1,202.4,94.45,0,202.4,107.95,Completed
ORD-505606,2026-05-19,West,Denver DC,Small Business,SKU-1011,Beauty,Hair Dryer,2,35.1,16.43,0.15,59.67,26.81,Completed
ORD-505607,2026-05-19,East,Miami DC,Small Business,SKU-1011,Beauty,Hair Dryer,1,35.1,16.43,0,35.1,18.67,Completed
ORD-505608,2026-05-19,Central,Dallas DC,Small Business,SKU-1010,Beauty,Skin Care Kit,1,212.38,144.24,0,212.38,68.14,Completed
ORD-505609,2026-05-19,Central,Minneapolis DC,Small Business,SKU-1010,Beauty,Skin Care Kit,2,212.38,144.24,0.05,403.52,115.04,Completed
ORD-505610,2026-05-19,West,Denver DC,Enterprise,SKU-1010,Beauty,Skin Care Kit,2,212.38,144.24,0.1,382.28,93.8,Completed
ORD-505611,2026-05-19,Central,Minneapolis DC,Consumer,SKU-1003,Electronics,Portable Charger,2,132.63,59.06,0,265.26,147.14,Completed
ORD-505612,2026-05-19,West,Los Angeles DC,Small Business,SKU-1011,Beauty,Hair Dryer,2,35.1,16.43,0,70.2,37.34,Completed
ORD-505613,2026-05-19,East,Miami DC,Enterprise,SKU-1007,Apparel,Performance Jacket,1,259.88,171.94,0,259.88,87.94,Completed
ORD-505614,2026-05-20,East,Miami DC,Small Business,SKU-1002,Electronics,Smart Home Hub,1,202.52,137.45,0,202.52,65.07,Completed
ORD-505615,2026-05-20,East,New Jersey DC,Enterprise,SKU-1010,Beauty,Skin Care Kit,1,212.38,144.24,0,212.38,68.14,Completed
ORD-505616,2026-05-20,Central,Dallas DC,Small Business,SKU-1005,Home,Bedding Set,1,134.44,81.31,0,134.44,53.13,Completed
ORD-505617,2026-05-20,Central,Dallas DC,Consumer,SKU-1007,Apparel,Performance Jacket,4,259.88,171.94,0,1039.52,351.76,Completed
ORD-505618,2026-05-20,Central,Minneapolis DC,Small Business,SKU-1008,Apparel,Running Shoes,4,88.43,59.11,0,353.72,117.28,Completed
ORD-505619,2026-05-20,West,Los Angeles DC,Small Business,SKU-1011,Beauty,Hair Dryer,2,35.1,16.43,0.05,66.69,33.83,Completed
ORD-505620,2026-05-20,West,Denver DC,Consumer,SKU-1011,Beauty,Hair Dryer,2,35.1,16.43,0,70.2,37.34,Returned
ORD-505621,2026-05-20,Central,Dallas DC,Enterprise,SKU-1001,Electronics,Noise-Canceling Headphones,1,202.4,94.45,0,202.4,107.95,Completed
ORD-505622,2026-05-20,West,Los Angeles DC,Enterprise,SKU-1002,Electronics,Smart Home Hub,1,202.52,137.45,0.05,192.39,54.94,Completed
ORD-505623,2026-05-20,Central,Minneapolis DC,Small Business,SKU-1008,Apparel,Running Shoes,1,88.43,59.11,0.05,84.01,24.9,Completed
ORD-505624,2026-05-20,Central,Minneapolis DC,Small Business,SKU-1002,Electronics,Smart Home Hub,2,202.52,137.45,0,405.04,130.14,Completed
ORD-505625,2026-05-20,East,Atlanta DC,Enterprise,SKU-1010,Beauty,Skin Care Kit,4,212.38,144.24,0.1,764.57,187.61,Completed
ORD-505626,2026-05-20,East,New Jersey DC,Consumer,SKU-1006,Home,Kitchen Organizer,3,100.06,51.21,0,300.18,146.55,Completed
ORD-505627,2026-05-20,East,Miami DC,Small Business,SKU-1003,Electronics,Portable Charger,1,132.63,59.06,0.05,126.0,66.94,Completed
ORD-505628,2026-05-20,East,New Jersey DC,Small Business,SKU-1012,Beauty,Fragrance Set,2,138.55,68.54,0.05,263.25,126.16,Completed
ORD-505629,2026-05-20,East,New Jersey DC,Consumer,SKU-1007,Apparel,Performance Jacket,1,259.88,171.94,0,259.88,87.94,Returned
ORD-505630,2026-05-20,West,Denver DC,Consumer,SKU-1005,Home,Bedding Set,1,134.44,81.31,0,134.44,53.13,Completed
ORD-505631,2026-05-20,West,Seattle DC,Consumer,SKU-1003,Electronics,Portable Charger,1,132.63,59.06,0,132.63,73.57,Completed
ORD-505632,2026-05-20,East,Miami DC,Enterprise,SKU-1004,Home,Air Purifier,1,39.43,23.74,0.05,37.46,13.72,Completed
ORD-505633,2026-05-20,Central,Chicago DC,Small Business,SKU-1010,Beauty,Skin Care Kit,1,212.38,144.24,0,212.38,68.14,Completed
ORD-505634,2026-05-20,Central,Chicago DC,Enterprise,SKU-1001,Electronics,Noise-Canceling Headphones,3,202.4,94.45,0.1,546.48,263.13,Completed
ORD-505635,2026-05-20,Central,Dallas DC,Enterprise,SKU-1011,Beauty,Hair Dryer,1,35.1,16.43,0,35.1,18.67,Completed
ORD-505636,2026-05-20,East,Miami DC,Enterprise,SKU-1010,Beauty,Skin Care Kit,1,212.38,144.24,0.15,180.52,36.28,Completed
ORD-505637,2026-05-20,Central,Minneapolis DC,Consumer,SKU-1005,Home,Bedding Set,1,134.44,81.31,0.15,114.27,32.96,Completed
ORD-505638,2026-05-20,East,New Jersey DC,Enterprise,SKU-1005,Home,Bedding Set,4,134.44,81.31,0.15,457.1,131.86,Completed
ORD-505639,2026-05-20,East,Atlanta DC,Small Business,SKU-1007,Apparel,Performance Jacket,2,259.88,171.94,0,519.76,175.88,Completed
ORD-505640,2026-05-20,West,Denver DC,Small Business,SKU-1007,Apparel,Performance Jacket,1,259.88,171.94,0.15,220.9,48.96,Completed
ORD-505641,2026-05-20,Central,Chicago DC,Consumer,SKU-1009,Apparel,Travel Backpack,1,145.86,81.38,0.15,123.98,42.6,Completed
ORD-505642,2026-05-20,East,New Jersey DC,Consumer,SKU-1001,Electronics,Noise-Canceling Headphones,2,202.4,94.45,0,404.8,215.9,Completed
ORD-505643,2026-05-20,East,New Jersey DC,Small Business,SKU-1010,Beauty,Skin Care Kit,3,212.38,144.24,0.1,573.43,140.71,Completed
ORD-505644,2026-05-20,West,Denver DC,Enterprise,SKU-1007,Apparel,Performance Jacket,1,259.88,171.94,0,259.88,87.94,Completed
ORD-505645,2026-05-20,East,New Jersey DC,Consumer,SKU-1005,Home,Bedding Set,1,134.44,81.31,0.05,127.72,46.41,Completed
ORD-505646,2026-05-20,East,Atlanta DC,Enterprise,SKU-1012,Beauty,Fragrance Set,3,138.55,68.54,0,415.65,210.03,Completed
ORD-505647,2026-05-20,East,New Jersey DC,Consumer,SKU-1001,Electronics,Noise-Canceling Headphones,3,202.4,94.45,0.15,516.12,232.77,Completed
ORD-505648,2026-05-20,East,Atlanta DC,Consumer,SKU-1011,Beauty,Hair Dryer,1,35.1,16.43,0.15,29.84,13.41,Completed
ORD-505649,2026-05-20,Central,Dallas DC,Small Business,SKU-1006,Home,Kitchen Organizer,2,100.06,51.21,0.1,180.11,77.69,Completed
ORD-505650,2026-05-20,Central,Minneapolis DC,Small Business,SKU-1007,Apparel,Performance Jacket,2,259.88,171.94,0.05,493.77,149.89,Completed
ORD-505651,2026-05-20,West,Denver DC,Consumer,SKU-1012,Beauty,Fragrance Set,2,138.55,68.54,0,277.1,140.02,Completed
ORD-505652,2026-05-20,East,Miami DC,Small Business,SKU-1003,Electronics,Portable Charger,1,132.63,59.06,0,132.63,73.57,Completed
ORD-505653,2026-05-20,West,Denver DC,Consumer,SKU-1002,Electronics,Smart Home Hub,1,202.52,137.45,0,202.52,65.07,Completed
ORD-505654,2026-05-20,East,Miami DC,Enterprise,SKU-1011,Beauty,Hair Dryer,2,35.1,16.43,0,70.2,37.34,Completed
ORD-505655,2026-05-21,Central,Chicago DC,Small Business,SKU-1005,Home,Bedding Set,2,134.44,81.31,0,268.88,106.26,Completed
ORD-505656,2026-05-21,West,Los Angeles DC,Enterprise,SKU-1010,Beauty,Skin Care Kit,2,212.38,144.24,0,424.76,136.28,Completed
ORD-505657,2026-05-21,East,Atlanta DC,Enterprise,SKU-1011,Beauty,Hair Dryer,2,35.1,16.43,0.1,63.18,30.32,Completed
ORD-505658,2026-05-21,West,Los Angeles DC,Small Business,SKU-1009,Apparel,Travel Backpack,1,145.86,81.38,0,145.86,64.48,Completed
ORD-505659,2026-05-21,West,Denver DC,Small Business,SKU-1007,Apparel,Performance Jacket,2,259.88,171.94,0.05,493.77,149.89,Cancelled
ORD-505660,2026-05-21,Central,Minneapolis DC,Small Business,SKU-1004,Home,Air Purifier,1,39.43,23.74,0,39.43,15.69,Completed
ORD-505661,2026-05-21,West,Seattle DC,Small Business,SKU-1006,Home,Kitchen Organizer,1,100.06,51.21,0.15,85.05,33.84,Completed
ORD-505662,2026-05-21,Central,Minneapolis DC,Consumer,SKU-1002,Electronics,Smart Home Hub,3,202.52,137.45,0.1,546.8,134.45,Completed
ORD-505663,2026-05-21,East,Atlanta DC,Small Business,SKU-1006,Home,Kitchen Organizer,3,100.06,51.21,0.15,255.15,101.52,Completed
ORD-505664,2026-05-21,West,Denver DC,Enterprise,SKU-1012,Beauty,Fragrance Set,1,138.55,68.54,0.15,117.77,49.23,Completed
ORD-505665,2026-05-21,East,Miami DC,Consumer,SKU-1009,Apparel,Travel Backpack,1,145.86,81.38,0.05,138.57,57.19,Completed
ORD-505666,2026-05-21,Central,Chicago DC,Enterprise,SKU-1010,Beauty,Skin Care Kit,3,212.38,144.24,0.05,605.28,172.56,Completed
ORD-505667,2026-05-21,Central,Minneapolis DC,Consumer,SKU-1010,Beauty,Skin Care Kit,1,212.38,144.24,0.15,180.52,36.28,Completed
ORD-505668,2026-05-21,East,Atlanta DC,Small Business,SKU-1011,Beauty,Hair Dryer,1,35.1,16.43,0.1,31.59,15.16,Completed
ORD-505669,2026-05-21,Central,Dallas DC,Enterprise,SKU-1007,Apparel,Performance Jacket,2,259.88,171.94,0,519.76,175.88,Completed
ORD-505670,2026-05-21,West,Seattle DC,Consumer,SKU-1001,Electronics,Noise-Canceling Headphones,2,202.4,94.45,0.05,384.56,195.66,Completed
ORD-505671,2026-05-21,East,New Jersey DC,Consumer,SKU-1003,Electronics,Portable Charger,3,132.63,59.06,0.1,358.1,180.92,Returned
ORD-505672,2026-05-21,East,New Jersey DC,Enterprise,SKU-1012,Beauty,Fragrance Set,2,138.55,68.54,0.1,249.39,112.31,Completed
ORD-505673,2026-05-21,Central,Chicago DC,Small Business,SKU-1003,Electronics,Portable Charger,1,132.63,59.06,0.05,126.0,66.94,Completed
ORD-505674,2026-05-21,Central,Chicago DC,Consumer,SKU-1011,Beauty,Hair Dryer,2,35.1,16.43,0,70.2,37.34,Completed
ORD-505675,2026-05-21,West,Los Angeles DC,Small Business,SKU-1011,Beauty,Hair Dryer,1,35.1,16.43,0.1,31.59,15.16,Completed
ORD-505676,2026-05-21,West,Denver DC,Small Business,SKU-1011,Beauty,Hair Dryer,1,35.1,16.43,0.15,29.84,13.41,Completed
ORD-505677,2026-05-21,West,Seattle DC,Enterprise,SKU-1002,Electronics,Smart Home Hub,1,202.52,137.45,0,202.52,65.07,Completed
ORD-505678,2026-05-21,West,Los Angeles DC,Consumer,SKU-1012,Beauty,Fragrance Set,1,138.55,68.54,0.15,117.77,49.23,Completed
ORD-505679,2026-05-21,Central,Chicago DC,Consumer,SKU-1006,Home,Kitchen Organizer,1,100.06,51.21,0.1,90.05,38.84,Completed
ORD-505680,2026-05-21,Central,Chicago DC,Consumer,SKU-1007,Apparel,Performance Jacket,1,259.88,171.94,0.15,220.9,48.96,Completed
ORD-505681,2026-05-21,Central,Chicago DC,Small Business,SKU-1005,Home,Bedding Set,1,134.44,81.31,0,134.44,53.13,Completed
ORD-505682,2026-05-22,East,Atlanta DC,Small Business,SKU-1012,Beauty,Fragrance Set,2,138.55,68.54,0,277.1,140.02,Completed
ORD-505683,2026-05-22,Central,Chicago DC,Enterprise,SKU-1005,Home,Bedding Set,1,134.44,81.31,0,134.44,53.13,Completed
ORD-505684,2026-05-22,East,Atlanta DC,Consumer,SKU-1006,Home,Kitchen Organizer,1,100.06,51.21,0,100.06,48.85,Completed
ORD-505685,2026-05-22,West,Seattle DC,Small Business,SKU-1003,Electronics,Portable Charger,3,132.63,59.06,0.05,378.0,200.82,Completed
ORD-505686,2026-05-22,East,Atlanta DC,Small Business,SKU-1011,Beauty,Hair Dryer,1,35.1,16.43,0.1,31.59,15.16,Completed
ORD-505687,2026-05-22,West,Los Angeles DC,Consumer,SKU-1003,Electronics,Portable Charger,2,132.63,59.06,0,265.26,147.14,Returned
ORD-505688,2026-05-22,East,Atlanta DC,Consumer,SKU-1012,Beauty,Fragrance Set,1,138.55,68.54,0.05,131.62,63.08,Completed
ORD-505689,2026-05-22,West,Los Angeles DC,Enterprise,SKU-1006,Home,Kitchen Organizer,1,100.06,51.21,0,100.06,48.85,Completed
ORD-505690,2026-05-22,West,Denver DC,Consumer,SKU-1006,Home,Kitchen Organizer,3,100.06,51.21,0,300.18,146.55,Completed
ORD-505691,2026-05-22,East,New Jersey DC,Enterprise,SKU-1009,Apparel,Travel Backpack,1,145.86,81.38,0,145.86,64.48,Completed
ORD-505692,2026-05-22,West,Los Angeles DC,Consumer,SKU-1008,Apparel,Running Shoes,1,88.43,59.11,0,88.43,29.32,Completed
ORD-505693,2026-05-22,West,Denver DC,Enterprise,SKU-1009,Apparel,Travel Backpack,3,145.86,81.38,0,437.58,193.44,Completed
ORD-505694,2026-05-22,East,Atlanta DC,Small Business,SKU-1006,Home,Kitchen Organizer,1,100.06,51.21,0.1,90.05,38.84,Completed
ORD-505695,2026-05-22,West,Seattle DC,Enterprise,SKU-1002,Electronics,Smart Home Hub,1,202.52,137.45,0,202.52,65.07,Completed
ORD-505696,2026-05-22,West,Los Angeles DC,Enterprise,SKU-1001,Electronics,Noise-Canceling Headphones,1,202.4,94.45,0.1,182.16,87.71,Completed
ORD-505697,2026-05-22,West,Seattle DC,Consumer,SKU-1001,Electronics,Noise-Canceling Headphones,2,202.4,94.45,0,404.8,215.9,Completed
ORD-505698,2026-05-22,Central,Dallas DC,Small Business,SKU-1002,Electronics,Smart Home Hub,3,202.52,137.45,0.05,577.18,164.83,Completed
ORD-505699,2026-05-22,Central,Minneapolis DC,Consumer,SKU-1001,Electronics,Noise-Canceling Headphones,4,202.4,94.45,0.05,769.12,391.32,Completed
ORD-505700,2026-05-22,West,Denver DC,Small Business,SKU-1007,Apparel,Performance Jacket,3,259.88,171.94,0.05,740.66,224.84,Completed
ORD-505701,2026-05-22,West,Los Angeles DC,Consumer,SKU-1003,Electronics,Portable Charger,1,132.63,59.06,0.1,119.37,60.31,Completed
ORD-505702,2026-05-22,West,Denver DC,Consumer,SKU-1004,Home,Air Purifier,2,39.43,23.74,0.1,70.97,23.49,Completed
ORD-505703,2026-05-22,West,Los Angeles DC,Enterprise,SKU-1012,Beauty,Fragrance Set,1,138.55,68.54,0,138.55,70.01,Completed
ORD-505704,2026-05-22,West,Los Angeles DC,Small Business,SKU-1006,Home,Kitchen Organizer,1,100.06,51.21,0.05,95.06,43.85,Completed
ORD-505705,2026-05-22,Central,Minneapolis DC,Consumer,SKU-1011,Beauty,Hair Dryer,1,35.1,16.43,0,35.1,18.67,Completed
ORD-505706,2026-05-23,East,New Jersey DC,Consumer,SKU-1007,Apparel,Performance Jacket,3,259.88,171.94,0,779.64,263.82,Completed
ORD-505707,2026-05-23,Central,Minneapolis DC,Small Business,SKU-1007,Apparel,Performance Jacket,3,259.88,171.94,0.05,740.66,224.84,Completed
ORD-505708,2026-05-23,West,Denver DC,Small Business,SKU-1009,Apparel,Travel Backpack,1,145.86,81.38,0,145.86,64.48,Completed
ORD-505709,2026-05-23,Central,Chicago DC,Small Business,SKU-1002,Electronics,Smart Home Hub,1,202.52,137.45,0,202.52,65.07,Completed
ORD-505710,2026-05-23,East,Miami DC,Consumer,SKU-1005,Home,Bedding Set,1,134.44,81.31,0,134.44,53.13,Completed
ORD-505711,2026-05-23,Central,Dallas DC,Enterprise,SKU-1001,Electronics,Noise-Canceling Headphones,3,202.4,94.45,0,607.2,323.85,Completed
ORD-505712,2026-05-23,East,Atlanta DC,Small Business,SKU-1002,Electronics,Smart Home Hub,1,202.52,137.45,0.05,192.39,54.94,Completed
ORD-505713,2026-05-23,West,Seattle DC,Enterprise,SKU-1003,Electronics,Portable Charger,1,132.63,59.06,0,132.63,73.57,Completed
ORD-505714,2026-05-23,Central,Minneapolis DC,Enterprise,SKU-1010,Beauty,Skin Care Kit,2,212.38,144.24,0.1,382.28,93.8,Returned
ORD-505715,2026-05-23,West,Los Angeles DC,Consumer,SKU-1004,Home,Air Purifier,1,39.43,23.74,0.1,35.49,11.75,Completed
ORD-505716,2026-05-23,West,Denver DC,Consumer,SKU-1007,Apparel,Performance Jacket,1,259.88,171.94,0,259.88,87.94,Completed
ORD-505717,2026-05-23,Central,Minneapolis DC,Small Business,SKU-1008,Apparel,Running Shoes,2,88.43,59.11,0.05,168.02,49.8,Completed
ORD-505718,2026-05-23,East,Miami DC,Consumer,SKU-1005,Home,Bedding Set,3,134.44,81.31,0.1,362.99,119.06,Completed
ORD-505719,2026-05-23,Central,Dallas DC,Enterprise,SKU-1003,Electronics,Portable Charger,1,132.63,59.06,0.15,112.74,53.68,Completed
ORD-505720,2026-05-23,Central,Chicago DC,Consumer,SKU-1002,Electronics,Smart Home Hub,1,202.52,137.45,0.05,192.39,54.94,Completed
ORD-505721,2026-05-23,Central,Dallas DC,Consumer,SKU-1004,Home,Air Purifier,1,39.43,23.74,0,39.43,15.69,Completed
ORD-505722,2026-05-23,West,Seattle DC,Consumer,SKU-1006,Home,Kitchen Organizer,1,100.06,51.21,0,100.06,48.85,Completed
ORD-505723,2026-05-23,East,Atlanta DC,Enterprise,SKU-1001,Electronics,Noise-Canceling Headphones,1,202.4,94.45,0.15,172.04,77.59,Completed
ORD-505724,2026-05-23,East,New Jersey DC,Consumer,SKU-1005,Home,Bedding Set,2,134.44,81.31,0,268.88,106.26,Completed
ORD-505725,2026-05-23,East,New Jersey DC,Enterprise,SKU-1005,Home,Bedding Set,1,134.44,81.31,0,134.44,53.13,Completed
ORD-505726,2026-05-23,West,Los Angeles DC,Small Business,SKU-1007,Apparel,Performance Jacket,1,259.88,171.94,0.15,220.9,48.96,Returned
ORD-505727,2026-05-24,Central,Chicago DC,Small Business,SKU-1008,Apparel,Running Shoes,1,88.43,59.11,0.1,79.59,20.48,Cancelled
ORD-505728,2026-05-24,West,Los Angeles DC,Enterprise,SKU-1004,Home,Air Purifier,2,39.43,23.74,0.15,67.03,19.55,Completed
ORD-505729,2026-05-24,Central,Minneapolis DC,Small Business,SKU-1009,Apparel,Travel Backpack,3,145.86,81.38,0,437.58,193.44,Completed
ORD-505730,2026-05-24,East,Miami DC,Consumer,SKU-1008,Apparel,Running Shoes,1,88.43,59.11,0,88.43,29.32,Completed
ORD-505731,2026-05-24,Central,Dallas DC,Consumer,SKU-1011,Beauty,Hair Dryer,3,35.1,16.43,0,105.3,56.01,Completed
ORD-505732,2026-05-24,West,Los Angeles DC,Consumer,SKU-1003,Electronics,Portable Charger,1,132.63,59.06,0.15,112.74,53.68,Completed
ORD-505733,2026-05-24,West,Los Angeles DC,Small Business,SKU-1006,Home,Kitchen Organizer,1,100.06,51.21,0,100.06,48.85,Completed
ORD-505734,2026-05-24,Central,Minneapolis DC,Enterprise,SKU-1010,Beauty,Skin Care Kit,4,212.38,144.24,0.15,722.09,145.13,Returned
ORD-505735,2026-05-24,East,Atlanta DC,Enterprise,SKU-1003,Electronics,Portable Charger,2,132.63,59.06,0.05,252.0,133.88,Completed
ORD-505736,2026-05-24,Central,Minneapolis DC,Small Business,SKU-1004,Home,Air Purifier,1,39.43,23.74,0.05,37.46,13.72,Completed
ORD-505737,2026-05-24,West,Seattle DC,Small Business,SKU-1012,Beauty,Fragrance Set,1,138.55,68.54,0,138.55,70.01,Completed
ORD-505738,2026-05-24,East,Atlanta DC,Small Business,SKU-1011,Beauty,Hair Dryer,1,35.1,16.43,0.15,29.84,13.41,Completed
ORD-505739,2026-05-24,East,New Jersey DC,Enterprise,SKU-1009,Apparel,Travel Backpack,1,145.86,81.38,0.05,138.57,57.19,Completed
ORD-505740,2026-05-24,West,Denver DC,Consumer,SKU-1002,Electronics,Smart Home Hub,2,202.52,137.45,0,405.04,130.14,Completed
ORD-505741,2026-05-24,West,Denver DC,Enterprise,SKU-1009,Apparel,Travel Backpack,2,145.86,81.38,0,291.72,128.96,Completed
ORD-505742,2026-05-24,Central,Minneapolis DC,Small Business,SKU-1010,Beauty,Skin Care Kit,2,212.38,144.24,0.05,403.52,115.04,Completed
ORD-505743,2026-05-24,West,Denver DC,Consumer,SKU-1012,Beauty,Fragrance Set,1,138.55,68.54,0.15,117.77,49.23,Completed
ORD-505744,2026-05-24,East,Atlanta DC,Consumer,SKU-1005,Home,Bedding Set,1,134.44,81.31,0.05,127.72,46.41,Completed
ORD-505745,2026-05-24,West,Los Angeles DC,Enterprise,SKU-1008,Apparel,Running Shoes,1,88.43,59.11,0.15,75.17,16.06,Completed
ORD-505746,2026-05-24,West,Los Angeles DC,Small Business,SKU-1011,Beauty,Hair Dryer,4,35.1,16.43,0,140.4,74.68,Completed
ORD-505747,2026-05-24,East,New Jersey DC,Small Business,SKU-1007,Apparel,Performance Jacket,1,259.88,171.94,0,259.88,87.94,Completed
ORD-505748,2026-05-24,West,Denver DC,Enterprise,SKU-1009,Apparel,Travel Backpack,3,145.86,81.38,0,437.58,193.44,Completed
ORD-505749,2026-05-24,East,Atlanta DC,Enterprise,SKU-1003,Electronics,Portable Charger,3,132.63,59.06,0.15,338.21,161.03,Completed
ORD-505750,2026-05-24,Central,Dallas DC,Consumer,SKU-1001,Electronics,Noise-Canceling Headphones,1,202.4,94.45,0,202.4,107.95,Completed
ORD-505751,2026-05-24,West,Los Angeles DC,Enterprise,SKU-1012,Beauty,Fragrance Set,1,138.55,68.54,0.15,117.77,49.23,Completed
ORD-505752,2026-05-24,West,Denver DC,Consumer,SKU-1001,Electronics,Noise-Canceling Headphones,1,202.4,94.45,0,202.4,107.95,Completed
ORD-505753,2026-05-24,East,Atlanta DC,Consumer,SKU-1007,Apparel,Performance Jacket,2,259.88,171.94,0.1,467.78,123.9,Completed
ORD-505754,2026-05-24,East,New Jersey DC,Enterprise,SKU-1006,Home,Kitchen Organizer,2,100.06,51.21,0.15,170.1,67.68,Returned
ORD-505755,2026-05-24,East,New Jersey DC,Small Business,SKU-1004,Home,Air Purifier,1,39.43,23.74,0,39.43,15.69,Completed
ORD-505756,2026-05-24,West,Seattle DC,Enterprise,SKU-1009,Apparel,Travel Backpack,2,145.86,81.38,0,291.72,128.96,Completed
ORD-505757,2026-05-24,East,Miami DC,Consumer,SKU-1009,Apparel,Travel Backpack,2,145.86,81.38,0,291.72,128.96,Completed
ORD-505758,2026-05-24,West,Denver DC,Enterprise,SKU-1011,Beauty,Hair Dryer,1,35.1,16.43,0,35.1,18.67,Completed
ORD-505759,2026-05-24,East,New Jersey DC,Small Business,SKU-1011,Beauty,Hair Dryer,1,35.1,16.43,0.15,29.84,13.41,Completed
ORD-505760,2026-05-24,East,Miami DC,Consumer,SKU-1007,Apparel,Performance Jacket,4,259.88,171.94,0.05,987.54,299.78,Completed
ORD-505761,2026-05-24,East,New Jersey DC,Consumer,SKU-1010,Beauty,Skin Care Kit,2,212.38,144.24,0,424.76,136.28,Completed
ORD-505762,2026-05-24,East,Atlanta DC,Consumer,SKU-1004,Home,Air Purifier,1,39.43,23.74,0,39.43,15.69,Completed
ORD-505763,2026-05-24,West,Denver DC,Small Business,SKU-1004,Home,Air Purifier,1,39.43,23.74,0,39.43,15.69,Completed
ORD-505764,2026-05-24,East,New Jersey DC,Enterprise,SKU-1009,Apparel,Travel Backpack,2,145.86,81.38,0,291.72,128.96,Completed
ORD-505765,2026-05-24,East,Atlanta DC,Small Business,SKU-1004,Home,Air Purifier,1,39.43,23.74,0.15,33.52,9.78,Completed
ORD-505766,2026-05-24,East,Atlanta DC,Small Business,SKU-1009,Apparel,Travel Backpack,3,145.86,81.38,0.05,415.7,171.56,Completed
ORD-505767,2026-05-24,East,Atlanta DC,Consumer,SKU-1001,Electronics,Noise-Canceling Headphones,1,202.4,94.45,0,202.4,107.95,Completed
ORD-505768,2026-05-24,East,New Jersey DC,Enterprise,SKU-1004,Home,Air Purifier,1,39.43,23.74,0,39.43,15.69,Completed
ORD-505769,2026-05-24,East,New Jersey DC,Small Business,SKU-1007,Apparel,Performance Jacket,4,259.88,171.94,0,1039.52,351.76,Completed
ORD-505770,2026-05-24,West,Seattle DC,Consumer,SKU-1005,Home,Bedding Set,2,134.44,81.31,0.1,241.99,79.37,Completed
ORD-505771,2026-05-25,Central,Dallas DC,Consumer,SKU-1007,Apparel,Performance Jacket,2,259.88,171.94,0.15,441.8,97.92,Completed
ORD-505772,2026-05-25,West,Los Angeles DC,Small Business,SKU-1006,Home,Kitchen Organizer,1,100.06,51.21,0,100.06,48.85,Completed
ORD-505773,2026-05-25,East,New Jersey DC,Enterprise,SKU-1003,Electronics,Portable Charger,2,132.63,59.06,0,265.26,147.14,Completed
ORD-505774,2026-05-25,Central,Dallas DC,Small Business,SKU-1012,Beauty,Fragrance Set,2,138.55,68.54,0.05,263.25,126.16,Completed
ORD-505775,2026-05-25,West,Los Angeles DC,Consumer,SKU-1004,Home,Air Purifier,2,39.43,23.74,0,78.86,31.38,Completed
ORD-505776,2026-05-25,East,Miami DC,Small Business,SKU-1002,Electronics,Smart Home Hub,3,202.52,137.45,0.05,577.18,164.83,Completed
ORD-505777,2026-05-25,West,Seattle DC,Small Business,SKU-1005,Home,Bedding Set,1,134.44,81.31,0,134.44,53.13,Completed
ORD-505778,2026-05-25,Central,Chicago DC,Small Business,SKU-1009,Apparel,Travel Backpack,1,145.86,81.38,0,145.86,64.48,Returned
ORD-505779,2026-05-25,Central,Minneapolis DC,Consumer,SKU-1004,Home,Air Purifier,1,39.43,23.74,0,39.43,15.69,Completed
ORD-505780,2026-05-25,East,Atlanta DC,Consumer,SKU-1010,Beauty,Skin Care Kit,2,212.38,144.24,0.15,361.05,72.57,Cancelled
ORD-505781,2026-05-25,East,Miami DC,Enterprise,SKU-1003,Electronics,Portable Charger,1,132.63,59.06,0.15,112.74,53.68,Completed
ORD-505782,2026-05-25,East,New Jersey DC,Enterprise,SKU-1001,Electronics,Noise-Canceling Headphones,2,202.4,94.45,0.05,384.56,195.66,Completed
ORD-505783,2026-05-25,West,Denver DC,Consumer,SKU-1005,Home,Bedding Set,1,134.44,81.31,0,134.44,53.13,Completed
ORD-505784,2026-05-25,Central,Minneapolis DC,Enterprise,SKU-1003,Electronics,Portable Charger,1,132.63,59.06,0.1,119.37,60.31,Completed
ORD-505785,2026-05-25,Central,Chicago DC,Small Business,SKU-1005,Home,Bedding Set,2,134.44,81.31,0,268.88,106.26,Completed
ORD-505786,2026-05-25,West,Seattle DC,Small Business,SKU-1002,Electronics,Smart Home Hub,1,202.52,137.45,0,202.52,65.07,Completed
ORD-505787,2026-05-25,Central,Chicago DC,Consumer,SKU-1009,Apparel,Travel Backpack,2,145.86,81.38,0.15,247.96,85.2,Completed
ORD-505788,2026-05-25,Central,Chicago DC,Consumer,SKU-1002,Electronics,Smart Home Hub,1,202.52,137.45,0.15,172.14,34.69,Returned
ORD-505789,2026-05-25,East,New Jersey DC,Enterprise,SKU-1007,Apparel,Performance Jacket,1,259.88,171.94,0.15,220.9,48.96,Completed
ORD-505790,2026-05-25,East,New Jersey DC,Enterprise,SKU-1008,Apparel,Running Shoes,2,88.43,59.11,0,176.86,58.64,Completed
ORD-505791,2026-05-25,West,Denver DC,Small Business,SKU-1008,Apparel,Running Shoes,2,88.43,59.11,0,176.86,58.64,Completed
ORD-505792,2026-05-25,East,New Jersey DC,Consumer,SKU-1001,Electronics,Noise-Canceling Headphones,3,202.4,94.45,0.15,516.12,232.77,Completed
ORD-505793,2026-05-25,East,New Jersey DC,Consumer,SKU-1012,Beauty,Fragrance Set,3,138.55,68.54,0,415.65,210.03,Completed
ORD-505794,2026-05-25,Central,Dallas DC,Consumer,SKU-1009,Apparel,Travel Backpack,1,145.86,81.38,0,145.86,64.48,Completed
ORD-505795,2026-05-25,East,New Jersey DC,Small Business,SKU-1003,Electronics,Portable Charger,1,132.63,59.06,0,132.63,73.57,Completed
ORD-505796,2026-05-25,East,New Jersey DC,Small Business,SKU-1005,Home,Bedding Set,2,134.44,81.31,0.1,241.99,79.37,Completed
ORD-505797,2026-05-25,East,New Jersey DC,Enterprise,SKU-1009,Apparel,Travel Backpack,1,145.86,81.38,0,145.86,64.48,Completed
ORD-505798,2026-05-25,West,Denver DC,Consumer,SKU-1010,Beauty,Skin Care Kit,2,212.38,144.24,0.1,382.28,93.8,Completed
ORD-505799,2026-05-25,Central,Chicago DC,Small Business,SKU-1001,Electronics,Noise-Canceling Headphones,1,202.4,94.45,0.1,182.16,87.71,Returned
ORD-505800,2026-05-25,Central,Minneapolis DC,Enterprise,SKU-1009,Apparel,Travel Backpack,1,145.86,81.38,0.15,123.98,42.6,Completed
ORD-505801,2026-05-25,West,Seattle DC,Consumer,SKU-1009,Apparel,Travel Backpack,4,145.86,81.38,0.05,554.27,228.75,Completed
ORD-505802,2026-05-25,West,Los Angeles DC,Enterprise,SKU-1006,Home,Kitchen Organizer,1,100.06,51.21,0.15,85.05,33.84,Completed
ORD-505803,2026-05-25,West,Los Angeles DC,Consumer,SKU-1004,Home,Air Purifier,1,39.43,23.74,0,39.43,15.69,Completed
ORD-505804,2026-05-25,Central,Minneapolis DC,Consumer,SKU-1005,Home,Bedding Set,1,134.44,81.31,0.1,121.0,39.69,Completed
ORD-505805,2026-05-25,East,New Jersey DC,Small Business,SKU-1008,Apparel,Running Shoes,1,88.43,59.11,0,88.43,29.32,Completed
ORD-505806,2026-05-25,East,Miami DC,Small Business,SKU-1011,Beauty,Hair Dryer,1,35.1,16.43,0,35.1,18.67,Completed
ORD-505807,2026-05-25,West,Denver DC,Consumer,SKU-1006,Home,Kitchen Organizer,1,100.06,51.21,0,100.06,48.85,Returned
ORD-505808,2026-05-25,Central,Minneapolis DC,Small Business,SKU-1007,Apparel,Performance Jacket,1,259.88,171.94,0.05,246.89,74.95,Completed
ORD-505809,2026-05-26,Central,Minneapolis DC,Enterprise,SKU-1002,Electronics,Smart Home Hub,1,202.52,137.45,0.05,192.39,54.94,Completed
ORD-505810,2026-05-26,West,Los Angeles DC,Small Business,SKU-1009,Apparel,Travel Backpack,2,145.86,81.38,0.05,277.13,114.37,Completed
ORD-505811,2026-05-26,East,Atlanta DC,Enterprise,SKU-1012,Beauty,Fragrance Set,2,138.55,68.54,0,277.1,140.02,Completed
ORD-505812,2026-05-26,Central,Dallas DC,Consumer,SKU-1004,Home,Air Purifier,3,39.43,23.74,0,118.29,47.07,Completed
ORD-505813,2026-05-26,West,Los Angeles DC,Enterprise,SKU-1002,Electronics,Smart Home Hub,1,202.52,137.45,0.05,192.39,54.94,Completed
ORD-505814,2026-05-26,West,Los Angeles DC,Consumer,SKU-1003,Electronics,Portable Charger,1,132.63,59.06,0.1,119.37,60.31,Completed
ORD-505815,2026-05-26,West,Los Angeles DC,Consumer,SKU-1010,Beauty,Skin Care Kit,1,212.38,144.24,0.05,201.76,57.52,Completed
ORD-505816,2026-05-26,East,New Jersey DC,Small Business,SKU-1010,Beauty,Skin Care Kit,3,212.38,144.24,0.05,605.28,172.56,Completed
ORD-505817,2026-05-26,East,Atlanta DC,Small Business,SKU-1006,Home,Kitchen Organizer,1,100.06,51.21,0,100.06,48.85,Returned
ORD-505818,2026-05-26,East,Miami DC,Consumer,SKU-1005,Home,Bedding Set,1,134.44,81.31,0,134.44,53.13,Completed
ORD-505819,2026-05-26,West,Seattle DC,Small Business,SKU-1010,Beauty,Skin Care Kit,3,212.38,144.24,0,637.14,204.42,Completed
ORD-505820,2026-05-26,West,Los Angeles DC,Enterprise,SKU-1003,Electronics,Portable Charger,3,132.63,59.06,0,397.89,220.71,Completed
ORD-505821,2026-05-26,East,New Jersey DC,Consumer,SKU-1002,Electronics,Smart Home Hub,1,202.52,137.45,0,202.52,65.07,Completed
ORD-505822,2026-05-26,East,Miami DC,Enterprise,SKU-1003,Electronics,Portable Charger,2,132.63,59.06,0,265.26,147.14,Completed
ORD-505823,2026-05-26,East,Atlanta DC,Consumer,SKU-1002,Electronics,Smart Home Hub,1,202.52,137.45,0.05,192.39,54.94,Completed
ORD-505824,2026-05-26,West,Los Angeles DC,Small Business,SKU-1003,Electronics,Portable Charger,1,132.63,59.06,0,132.63,73.57,Completed
ORD-505825,2026-05-26,Central,Minneapolis DC,Consumer,SKU-1011,Beauty,Hair Dryer,1,35.1,16.43,0,35.1,18.67,Returned
ORD-505826,2026-05-26,Central,Minneapolis DC,Enterprise,SKU-1004,Home,Air Purifier,2,39.43,23.74,0,78.86,31.38,Completed
ORD-505827,2026-05-26,Central,Chicago DC,Enterprise,SKU-1006,Home,Kitchen Organizer,1,100.06,51.21,0,100.06,48.85,Completed
ORD-505828,2026-05-26,West,Denver DC,Enterprise,SKU-1001,Electronics,Noise-Canceling Headphones,3,202.4,94.45,0.1,546.48,263.13,Returned
ORD-505829,2026-05-26,West,Los Angeles DC,Small Business,SKU-1006,Home,Kitchen Organizer,2,100.06,51.21,0.05,190.11,87.69,Completed
ORD-505830,2026-05-26,Central,Dallas DC,Small Business,SKU-1011,Beauty,Hair Dryer,3,35.1,16.43,0.05,100.04,50.75,Completed
ORD-505831,2026-05-26,Central,Minneapolis DC,Consumer,SKU-1008,Apparel,Running Shoes,1,88.43,59.11,0,88.43,29.32,Completed
ORD-505832,2026-05-26,Central,Chicago DC,Consumer,SKU-1001,Electronics,Noise-Canceling Headphones,2,202.4,94.45,0.1,364.32,175.42,Completed
ORD-505833,2026-05-26,East,Miami DC,Enterprise,SKU-1001,Electronics,Noise-Canceling Headphones,1,202.4,94.45,0.1,182.16,87.71,Returned
ORD-505834,2026-05-26,West,Denver DC,Enterprise,SKU-1004,Home,Air Purifier,1,39.43,23.74,0.1,35.49,11.75,Completed
ORD-505835,2026-05-26,East,Atlanta DC,Enterprise,SKU-1002,Electronics,Smart Home Hub,1,202.52,137.45,0,202.52,65.07,Completed
ORD-505836,2026-05-26,West,Seattle DC,Enterprise,SKU-1011,Beauty,Hair Dryer,2,35.1,16.43,0.1,63.18,30.32,Completed
ORD-505837,2026-05-26,East,Atlanta DC,Consumer,SKU-1004,Home,Air Purifier,1,39.43,23.74,0,39.43,15.69,Completed
ORD-505838,2026-05-26,East,Miami DC,Enterprise,SKU-1006,Home,Kitchen Organizer,2,100.06,51.21,0.15,170.1,67.68,Completed
ORD-505839,2026-05-26,Central,Chicago DC,Enterprise,SKU-1012,Beauty,Fragrance Set,1,138.55,68.54,0,138.55,70.01,Completed
ORD-505840,2026-05-26,Central,Minneapolis DC,Enterprise,SKU-1011,Beauty,Hair Dryer,1,35.1,16.43,0.05,33.34,16.91,Completed
ORD-505841,2026-05-26,Central,Dallas DC,Enterprise,SKU-1001,Electronics,Noise-Canceling Headphones,1,202.4,94.45,0.1,182.16,87.71,Completed
ORD-505842,2026-05-27,East,Atlanta DC,Enterprise,SKU-1010,Beauty,Skin Care Kit,4,212.38,144.24,0.15,722.09,145.13,Completed
ORD-505843,2026-05-27,East,Miami DC,Enterprise,SKU-1006,Home,Kitchen Organizer,2,100.06,51.21,0,200.12,97.7,Returned
ORD-505844,2026-05-27,Central,Dallas DC,Consumer,SKU-1012,Beauty,Fragrance Set,1,138.55,68.54,0.15,117.77,49.23,Completed
ORD-505845,2026-05-27,West,Los Angeles DC,Enterprise,SKU-1009,Apparel,Travel Backpack,4,145.86,81.38,0,583.44,257.92,Completed
ORD-505846,2026-05-27,Central,Chicago DC,Consumer,SKU-1005,Home,Bedding Set,2,134.44,81.31,0.15,228.55,65.93,Completed
ORD-505847,2026-05-27,Central,Chicago DC,Consumer,SKU-1007,Apparel,Performance Jacket,2,259.88,171.94,0.1,467.78,123.9,Completed
ORD-505848,2026-05-27,West,Los Angeles DC,Consumer,SKU-1001,Electronics,Noise-Canceling Headphones,2,202.4,94.45,0.15,344.08,155.18,Completed
ORD-505849,2026-05-27,East,Miami DC,Consumer,SKU-1010,Beauty,Skin Care Kit,4,212.38,144.24,0,849.52,272.56,Completed
ORD-505850,2026-05-27,West,Los Angeles DC,Enterprise,SKU-1002,Electronics,Smart Home Hub,1,202.52,137.45,0,202.52,65.07,Returned
ORD-505851,2026-05-27,Central,Minneapolis DC,Small Business,SKU-1010,Beauty,Skin Care Kit,1,212.38,144.24,0,212.38,68.14,Completed
ORD-505852,2026-05-27,West,Los Angeles DC,Consumer,SKU-1006,Home,Kitchen Organizer,3,100.06,51.21,0,300.18,146.55,Returned
ORD-505853,2026-05-27,West,Seattle DC,Small Business,SKU-1012,Beauty,Fragrance Set,1,138.55,68.54,0.1,124.7,56.16,Completed
ORD-505854,2026-05-27,West,Los Angeles DC,Consumer,SKU-1008,Apparel,Running Shoes,2,88.43,59.11,0.15,150.33,32.11,Completed
ORD-505855,2026-05-27,East,New Jersey DC,Enterprise,SKU-1001,Electronics,Noise-Canceling Headphones,3,202.4,94.45,0.15,516.12,232.77,Returned
ORD-505856,2026-05-27,Central,Minneapolis DC,Small Business,SKU-1007,Apparel,Performance Jacket,2,259.88,171.94,0.05,493.77,149.89,Completed
ORD-505857,2026-05-27,Central,Minneapolis DC,Small Business,SKU-1009,Apparel,Travel Backpack,1,145.86,81.38,0.05,138.57,57.19,Completed
ORD-505858,2026-05-27,East,Atlanta DC,Consumer,SKU-1006,Home,Kitchen Organizer,1,100.06,51.21,0,100.06,48.85,Completed
ORD-505859,2026-05-27,West,Seattle DC,Consumer,SKU-1009,Apparel,Travel Backpack,3,145.86,81.38,0.1,393.82,149.68,Completed
ORD-505860,2026-05-27,East,Atlanta DC,Small Business,SKU-1009,Apparel,Travel Backpack,3,145.86,81.38,0,437.58,193.44,Completed
ORD-505861,2026-05-27,West,Los Angeles DC,Small Business,SKU-1009,Apparel,Travel Backpack,1,145.86,81.38,0.05,138.57,57.19,Completed
ORD-505862,2026-05-27,East,Atlanta DC,Enterprise,SKU-1007,Apparel,Performance Jacket,3,259.88,171.94,0.05,740.66,224.84,Completed
ORD-505863,2026-05-27,East,New Jersey DC,Small Business,SKU-1001,Electronics,Noise-Canceling Headphones,1,202.4,94.45,0,202.4,107.95,Completed
ORD-505864,2026-05-27,East,Miami DC,Consumer,SKU-1001,Electronics,Noise-Canceling Headphones,2,202.4,94.45,0.05,384.56,195.66,Returned
ORD-505865,2026-05-27,East,Atlanta DC,Enterprise,SKU-1007,Apparel,Performance Jacket,1,259.88,171.94,0,259.88,87.94,Completed
ORD-505866,2026-05-27,Central,Chicago DC,Small Business,SKU-1002,Electronics,Smart Home Hub,4,202.52,137.45,0,810.08,260.28,Completed
ORD-505867,2026-05-27,East,New Jersey DC,Consumer,SKU-1006,Home,Kitchen Organizer,1,100.06,51.21,0,100.06,48.85,Completed
ORD-505868,2026-05-27,West,Seattle DC,Consumer,SKU-1005,Home,Bedding Set,1,134.44,81.31,0.05,127.72,46.41,Completed
ORD-505869,2026-05-27,Central,Minneapolis DC,Consumer,SKU-1003,Electronics,Portable Charger,1,132.63,59.06,0,132.63,73.57,Completed
ORD-505870,2026-05-27,East,Miami DC,Consumer,SKU-1003,Electronics,Portable Charger,1,132.63,59.06,0,132.63,73.57,Completed
ORD-505871,2026-05-27,Central,Dallas DC,Small Business,SKU-1002,Electronics,Smart Home Hub,4,202.52,137.45,0.05,769.58,219.78,Completed
ORD-505872,2026-05-27,East,Miami DC,Enterprise,SKU-1010,Beauty,Skin Care Kit,1,212.38,144.24,0,212.38,68.14,Completed
ORD-505873,2026-05-27,East,Miami DC,Enterprise,SKU-1010,Beauty,Skin Care Kit,2,212.38,144.24,0.05,403.52,115.04,Completed
ORD-505874,2026-05-27,East,Atlanta DC,Small Business,SKU-1006,Home,Kitchen Organizer,1,100.06,51.21,0,100.06,48.85,Completed
ORD-505875,2026-05-27,West,Denver DC,Small Business,SKU-1007,Apparel,Performance Jacket,1,259.88,171.94,0,259.88,87.94,Completed
ORD-505876,2026-05-27,West,Denver DC,Consumer,SKU-1002,Electronics,Smart Home Hub,2,202.52,137.45,0.1,364.54,89.64,Completed
ORD-505877,2026-05-27,East,Atlanta DC,Enterprise,SKU-1002,Electronics,Smart Home Hub,1,202.52,137.45,0,202.52,65.07,Completed
ORD-505878,2026-05-27,East,New Jersey DC,Consumer,SKU-1006,Home,Kitchen Organizer,1,100.06,51.21,0.1,90.05,38.84,Completed
ORD-505879,2026-05-27,East,Miami DC,Small Business,SKU-1011,Beauty,Hair Dryer,1,35.1,16.43,0.15,29.84,13.41,Completed
ORD-505880,2026-05-27,West,Seattle DC,Enterprise,SKU-1008,Apparel,Running Shoes,1,88.43,59.11,0.15,75.17,16.06,Completed
ORD-505881,2026-05-27,East,New Jersey DC,Consumer,SKU-1003,Electronics,Portable Charger,1,132.63,59.06,0,132.63,73.57,Completed
ORD-505882,2026-05-27,East,New Jersey DC,Enterprise,SKU-1009,Apparel,Travel Backpack,1,145.86,81.38,0,145.86,64.48,Completed
ORD-505883,2026-05-27,Central,Chicago DC,Small Business,SKU-1005,Home,Bedding Set,4,134.44,81.31,0,537.76,212.52,Completed
ORD-505884,2026-05-27,Central,Chicago DC,Enterprise,SKU-1001,Electronics,Noise-Canceling Headphones,2,202.4,94.45,0,404.8,215.9,Completed
ORD-505885,2026-05-27,West,Los Angeles DC,Small Business,SKU-1002,Electronics,Smart Home Hub,1,202.52,137.45,0.05,192.39,54.94,Completed
ORD-505886,2026-05-28,Central,Dallas DC,Consumer,SKU-1001,Electronics,Noise-Canceling Headphones,1,202.4,94.45,0.15,172.04,77.59,Completed
ORD-505887,2026-05-28,East,Miami DC,Consumer,SKU-1006,Home,Kitchen Organizer,1,100.06,51.21,0.15,85.05,33.84,Completed
ORD-505888,2026-05-28,Central,Dallas DC,Small Business,SKU-1010,Beauty,Skin Care Kit,1,212.38,144.24,0,212.38,68.14,Completed
ORD-505889,2026-05-28,East,Miami DC,Small Business,SKU-1011,Beauty,Hair Dryer,1,35.1,16.43,0.05,33.34,16.91,Completed
ORD-505890,2026-05-28,East,New Jersey DC,Consumer,SKU-1008,Apparel,Running Shoes,2,88.43,59.11,0,176.86,58.64,Completed
ORD-505891,2026-05-28,Central,Dallas DC,Consumer,SKU-1001,Electronics,Noise-Canceling Headphones,1,202.4,94.45,0.15,172.04,77.59,Returned
ORD-505892,2026-05-28,West,Seattle DC,Enterprise,SKU-1003,Electronics,Portable Charger,1,132.63,59.06,0.05,126.0,66.94,Completed
ORD-505893,2026-05-28,East,New Jersey DC,Small Business,SKU-1009,Apparel,Travel Backpack,1,145.86,81.38,0.15,123.98,42.6,Returned
ORD-505894,2026-05-28,East,Atlanta DC,Enterprise,SKU-1007,Apparel,Performance Jacket,2,259.88,171.94,0.15,441.8,97.92,Completed
ORD-505895,2026-05-28,Central,Chicago DC,Consumer,SKU-1007,Apparel,Performance Jacket,2,259.88,171.94,0,519.76,175.88,Completed
ORD-505896,2026-05-28,East,New Jersey DC,Enterprise,SKU-1002,Electronics,Smart Home Hub,1,202.52,137.45,0.1,182.27,44.82,Completed
ORD-505897,2026-05-28,West,Denver DC,Consumer,SKU-1006,Home,Kitchen Organizer,1,100.06,51.21,0.05,95.06,43.85,Completed
ORD-505898,2026-05-28,West,Seattle DC,Small Business,SKU-1001,Electronics,Noise-Canceling Headphones,1,202.4,94.45,0.15,172.04,77.59,Completed
ORD-505899,2026-05-28,East,Miami DC,Small Business,SKU-1003,Electronics,Portable Charger,1,132.63,59.06,0,132.63,73.57,Completed
ORD-505900,2026-05-28,West,Denver DC,Small Business,SKU-1005,Home,Bedding Set,3,134.44,81.31,0,403.32,159.39,Completed
ORD-505901,2026-05-28,East,Miami DC,Enterprise,SKU-1002,Electronics,Smart Home Hub,2,202.52,137.45,0,405.04,130.14,Completed
ORD-505902,2026-05-28,East,New Jersey DC,Consumer,SKU-1008,Apparel,Running Shoes,1,88.43,59.11,0.05,84.01,24.9,Completed
ORD-505903,2026-05-28,East,Atlanta DC,Consumer,SKU-1002,Electronics,Smart Home Hub,3,202.52,137.45,0.15,516.43,104.08,Completed
ORD-505904,2026-05-28,West,Los Angeles DC,Enterprise,SKU-1003,Electronics,Portable Charger,3,132.63,59.06,0,397.89,220.71,Completed
ORD-505905,2026-05-28,Central,Dallas DC,Small Business,SKU-1007,Apparel,Performance Jacket,1,259.88,171.94,0.15,220.9,48.96,Completed
ORD-505906,2026-05-28,East,Miami DC,Enterprise,SKU-1005,Home,Bedding Set,2,134.44,81.31,0,268.88,106.26,Completed
ORD-505907,2026-05-28,East,New Jersey DC,Small Business,SKU-1007,Apparel,Performance Jacket,4,259.88,171.94,0,1039.52,351.76,Completed
ORD-505908,2026-05-28,East,New Jersey DC,Consumer,SKU-1008,Apparel,Running Shoes,1,88.43,59.11,0.15,75.17,16.06,Completed
ORD-505909,2026-05-28,East,Miami DC,Small Business,SKU-1009,Apparel,Travel Backpack,1,145.86,81.38,0,145.86,64.48,Completed
ORD-505910,2026-05-28,Central,Chicago DC,Consumer,SKU-1003,Electronics,Portable Charger,2,132.63,59.06,0.1,238.73,120.61,Completed
ORD-505911,2026-05-28,East,New Jersey DC,Small Business,SKU-1006,Home,Kitchen Organizer,1,100.06,51.21,0.1,90.05,38.84,Completed
ORD-505912,2026-05-28,West,Seattle DC,Consumer,SKU-1012,Beauty,Fragrance Set,1,138.55,68.54,0,138.55,70.01,Returned
ORD-505913,2026-05-28,West,Denver DC,Enterprise,SKU-1005,Home,Bedding Set,2,134.44,81.31,0,268.88,106.26,Returned
ORD-505914,2026-05-28,West,Denver DC,Small Business,SKU-1010,Beauty,Skin Care Kit,1,212.38,144.24,0,212.38,68.14,Completed
ORD-505915,2026-05-28,Central,Dallas DC,Consumer,SKU-1010,Beauty,Skin Care Kit,2,212.38,144.24,0.15,361.05,72.57,Completed
ORD-505916,2026-05-28,West,Seattle DC,Small Business,SKU-1008,Apparel,Running Shoes,1,88.43,59.11,0.1,79.59,20.48,Completed
ORD-505917,2026-05-29,West,Denver DC,Consumer,SKU-1004,Home,Air Purifier,1,39.43,23.74,0.1,35.49,11.75,Completed
ORD-505918,2026-05-29,Central,Minneapolis DC,Small Business,SKU-1005,Home,Bedding Set,2,134.44,81.31,0.05,255.44,92.82,Completed
ORD-505919,2026-05-29,East,Miami DC,Consumer,SKU-1002,Electronics,Smart Home Hub,1,202.52,137.45,0,202.52,65.07,Completed
ORD-505920,2026-05-29,West,Seattle DC,Small Business,SKU-1010,Beauty,Skin Care Kit,1,212.38,144.24,0,212.38,68.14,Completed
ORD-505921,2026-05-29,West,Seattle DC,Enterprise,SKU-1006,Home,Kitchen Organizer,3,100.06,51.21,0.05,285.17,131.54,Completed
ORD-505922,2026-05-29,East,Miami DC,Small Business,SKU-1003,Electronics,Portable Charger,1,132.63,59.06,0.05,126.0,66.94,Completed
ORD-505923,2026-05-29,East,Atlanta DC,Small Business,SKU-1003,Electronics,Portable Charger,1,132.63,59.06,0.1,119.37,60.31,Completed
ORD-505924,2026-05-29,West,Seattle DC,Enterprise,SKU-1003,Electronics,Portable Charger,2,132.63,59.06,0,265.26,147.14,Completed
ORD-505925,2026-05-29,West,Los Angeles DC,Consumer,SKU-1012,Beauty,Fragrance Set,4,138.55,68.54,0.05,526.49,252.33,Completed
ORD-505926,2026-05-29,Central,Chicago DC,Small Business,SKU-1010,Beauty,Skin Care Kit,4,212.38,144.24,0.15,722.09,145.13,Completed
ORD-505927,2026-05-29,Central,Chicago DC,Enterprise,SKU-1003,Electronics,Portable Charger,1,132.63,59.06,0.1,119.37,60.31,Completed
ORD-505928,2026-05-29,East,Atlanta DC,Consumer,SKU-1012,Beauty,Fragrance Set,3,138.55,68.54,0.15,353.3,147.68,Completed
ORD-505929,2026-05-29,Central,Chicago DC,Consumer,SKU-1007,Apparel,Performance Jacket,1,259.88,171.94,0,259.88,87.94,Completed
ORD-505930,2026-05-29,West,Seattle DC,Enterprise,SKU-1010,Beauty,Skin Care Kit,3,212.38,144.24,0.15,541.57,108.85,Completed
ORD-505931,2026-05-29,East,New Jersey DC,Consumer,SKU-1009,Apparel,Travel Backpack,1,145.86,81.38,0.05,138.57,57.19,Completed
ORD-505932,2026-05-29,Central,Minneapolis DC,Enterprise,SKU-1010,Beauty,Skin Care Kit,1,212.38,144.24,0.1,191.14,46.9,Completed
ORD-505933,2026-05-29,East,New Jersey DC,Consumer,SKU-1010,Beauty,Skin Care Kit,1,212.38,144.24,0.05,201.76,57.52,Completed
ORD-505934,2026-05-29,West,Denver DC,Small Business,SKU-1009,Apparel,Travel Backpack,1,145.86,81.38,0,145.86,64.48,Completed
ORD-505935,2026-05-29,Central,Chicago DC,Consumer,SKU-1012,Beauty,Fragrance Set,1,138.55,68.54,0.1,124.7,56.16,Completed
ORD-505936,2026-05-29,Central,Minneapolis DC,Consumer,SKU-1009,Apparel,Travel Backpack,2,145.86,81.38,0.1,262.55,99.79,Completed
ORD-505937,2026-05-29,Central,Chicago DC,Enterprise,SKU-1008,Apparel,Running Shoes,1,88.43,59.11,0,88.43,29.32,Completed
ORD-505938,2026-05-29,East,Miami DC,Enterprise,SKU-1011,Beauty,Hair Dryer,1,35.1,16.43,0,35.1,18.67,Completed
ORD-505939,2026-05-29,West,Los Angeles DC,Small Business,SKU-1007,Apparel,Performance Jacket,1,259.88,171.94,0.05,246.89,74.95,Completed
ORD-505940,2026-05-29,Central,Dallas DC,Consumer,SKU-1004,Home,Air Purifier,1,39.43,23.74,0.05,37.46,13.72,Completed
ORD-505941,2026-05-29,East,New Jersey DC,Consumer,SKU-1006,Home,Kitchen Organizer,2,100.06,51.21,0.1,180.11,77.69,Completed
ORD-505942,2026-05-29,Central,Dallas DC,Enterprise,SKU-1003,Electronics,Portable Charger,1,132.63,59.06,0,132.63,73.57,Completed
ORD-505943,2026-05-29,West,Denver DC,Small Business,SKU-1011,Beauty,Hair Dryer,1,35.1,16.43,0,35.1,18.67,Completed
ORD-505944,2026-05-29,East,Atlanta DC,Consumer,SKU-1003,Electronics,Portable Charger,3,132.63,59.06,0,397.89,220.71,Completed
ORD-505945,2026-05-29,East,Miami DC,Enterprise,SKU-1007,Apparel,Performance Jacket,1,259.88,171.94,0.05,246.89,74.95,Completed
ORD-505946,2026-05-29,West,Denver DC,Consumer,SKU-1006,Home,Kitchen Organizer,3,100.06,51.21,0.15,255.15,101.52,Completed
ORD-505947,2026-05-29,Central,Chicago DC,Consumer,SKU-1002,Electronics,Smart Home Hub,3,202.52,137.45,0,607.56,195.21,Completed
ORD-505948,2026-05-29,West,Los Angeles DC,Consumer,SKU-1004,Home,Air Purifier,1,39.43,23.74,0,39.43,15.69,Completed
ORD-505949,2026-05-29,West,Seattle DC,Enterprise,SKU-1010,Beauty,Skin Care Kit,1,212.38,144.24,0.15,180.52,36.28,Completed
ORD-505950,2026-05-29,West,Denver DC,Consumer,SKU-1009,Apparel,Travel Backpack,3,145.86,81.38,0.1,393.82,149.68,Completed
ORD-505951,2026-05-29,West,Los Angeles DC,Enterprise,SKU-1006,Home,Kitchen Organizer,3,100.06,51.21,0.15,255.15,101.52,Completed
ORD-505952,2026-05-29,West,Seattle DC,Small Business,SKU-1003,Electronics,Portable Charger,2,132.63,59.06,0,265.26,147.14,Completed
ORD-505953,2026-05-29,West,Denver DC,Small Business,SKU-1012,Beauty,Fragrance Set,1,138.55,68.54,0,138.55,70.01,Completed
ORD-505954,2026-05-29,Central,Dallas DC,Enterprise,SKU-1012,Beauty,Fragrance Set,2,138.55,68.54,0.1,249.39,112.31,Completed
ORD-505955,2026-05-29,East,Atlanta DC,Enterprise,SKU-1005,Home,Bedding Set,4,134.44,81.31,0,537.76,212.52,Completed
ORD-505956,2026-05-29,East,Miami DC,Enterprise,SKU-1007,Apparel,Performance Jacket,2,259.88,171.94,0,519.76,175.88,Completed
ORD-505957,2026-05-29,East,Miami DC,Consumer,SKU-1007,Apparel,Performance Jacket,1,259.88,171.94,0.1,233.89,61.95,Completed
ORD-505958,2026-05-29,East,Atlanta DC,Consumer,SKU-1003,Electronics,Portable Charger,1,132.63,59.06,0,132.63,73.57,Completed
ORD-505959,2026-05-29,Central,Minneapolis DC,Enterprise,SKU-1009,Apparel,Travel Backpack,1,145.86,81.38,0.05,138.57,57.19,Completed
ORD-505960,2026-05-29,East,Atlanta DC,Small Business,SKU-1007,Apparel,Performance Jacket,3,259.88,171.94,0.1,701.68,185.86,Completed
ORD-505961,2026-05-29,East,Miami DC,Consumer,SKU-1004,Home,Air Purifier,2,39.43,23.74,0.05,74.92,27.44,Completed
ORD-505962,2026-05-29,West,Seattle DC,Small Business,SKU-1004,Home,Air Purifier,1,39.43,23.74,0,39.43,15.69,Completed
ORD-505963,2026-05-29,Central,Dallas DC,Enterprise,SKU-1005,Home,Bedding Set,2,134.44,81.31,0,268.88,106.26,Completed
ORD-505964,2026-05-30,Central,Minneapolis DC,Enterprise,SKU-1012,Beauty,Fragrance Set,1,138.55,68.54,0.1,124.7,56.16,Completed
ORD-505965,2026-05-30,East,Miami DC,Small Business,SKU-1009,Apparel,Travel Backpack,1,145.86,81.38,0.1,131.27,49.89,Completed
ORD-505966,2026-05-30,East,Miami DC,Small Business,SKU-1004,Home,Air Purifier,1,39.43,23.74,0.05,37.46,13.72,Completed
ORD-505967,2026-05-30,Central,Minneapolis DC,Consumer,SKU-1001,Electronics,Noise-Canceling Headphones,1,202.4,94.45,0,202.4,107.95,Completed
ORD-505968,2026-05-30,Central,Dallas DC,Enterprise,SKU-1001,Electronics,Noise-Canceling Headphones,3,202.4,94.45,0.15,516.12,232.77,Completed
ORD-505969,2026-05-30,East,New Jersey DC,Consumer,SKU-1004,Home,Air Purifier,3,39.43,23.74,0,118.29,47.07,Completed
ORD-505970,2026-05-30,Central,Minneapolis DC,Enterprise,SKU-1010,Beauty,Skin Care Kit,1,212.38,144.24,0,212.38,68.14,Completed
ORD-505971,2026-05-30,West,Denver DC,Enterprise,SKU-1012,Beauty,Fragrance Set,1,138.55,68.54,0,138.55,70.01,Returned
ORD-505972,2026-05-30,West,Seattle DC,Enterprise,SKU-1012,Beauty,Fragrance Set,1,138.55,68.54,0.1,124.7,56.16,Completed
ORD-505973,2026-05-30,West,Seattle DC,Enterprise,SKU-1004,Home,Air Purifier,2,39.43,23.74,0,78.86,31.38,Completed
ORD-505974,2026-05-30,East,Atlanta DC,Consumer,SKU-1001,Electronics,Noise-Canceling Headphones,2,202.4,94.45,0.05,384.56,195.66,Completed
ORD-505975,2026-05-30,West,Los Angeles DC,Enterprise,SKU-1011,Beauty,Hair Dryer,1,35.1,16.43,0,35.1,18.67,Returned
ORD-505976,2026-05-30,East,Miami DC,Small Business,SKU-1010,Beauty,Skin Care Kit,1,212.38,144.24,0.05,201.76,57.52,Completed
ORD-505977,2026-05-30,West,Seattle DC,Small Business,SKU-1005,Home,Bedding Set,1,134.44,81.31,0.05,127.72,46.41,Completed
ORD-505978,2026-05-30,Central,Minneapolis DC,Small Business,SKU-1009,Apparel,Travel Backpack,4,145.86,81.38,0.05,554.27,228.75,Completed
ORD-505979,2026-05-30,Central,Dallas DC,Consumer,SKU-1006,Home,Kitchen Organizer,3,100.06,51.21,0.1,270.16,116.53,Completed
ORD-505980,2026-05-30,Central,Chicago DC,Enterprise,SKU-1001,Electronics,Noise-Canceling Headphones,1,202.4,94.45,0.05,192.28,97.83,Completed
ORD-505981,2026-05-30,Central,Chicago DC,Small Business,SKU-1006,Home,Kitchen Organizer,2,100.06,51.21,0.1,180.11,77.69,Completed
ORD-505982,2026-05-30,East,New Jersey DC,Small Business,SKU-1005,Home,Bedding Set,1,134.44,81.31,0,134.44,53.13,Completed
ORD-505983,2026-05-30,West,Denver DC,Enterprise,SKU-1006,Home,Kitchen Organizer,3,100.06,51.21,0,300.18,146.55,Completed
ORD-505984,2026-05-30,Central,Dallas DC,Enterprise,SKU-1007,Apparel,Performance Jacket,1,259.88,171.94,0.05,246.89,74.95,Completed
ORD-505985,2026-05-30,East,New Jersey DC,Enterprise,SKU-1011,Beauty,Hair Dryer,1,35.1,16.43,0.05,33.34,16.91,Completed
ORD-505986,2026-05-30,West,Denver DC,Enterprise,SKU-1002,Electronics,Smart Home Hub,1,202.52,137.45,0,202.52,65.07,Completed
ORD-505987,2026-05-30,East,New Jersey DC,Enterprise,SKU-1009,Apparel,Travel Backpack,2,145.86,81.38,0,291.72,128.96,Completed
ORD-505988,2026-05-30,East,Miami DC,Small Business,SKU-1012,Beauty,Fragrance Set,1,138.55,68.54,0,138.55,70.01,Completed
ORD-505989,2026-05-30,West,Los Angeles DC,Small Business,SKU-1008,Apparel,Running Shoes,1,88.43,59.11,0.05,84.01,24.9,Completed
ORD-505990,2026-05-30,Central,Minneapolis DC,Small Business,SKU-1009,Apparel,Travel Backpack,1,145.86,81.38,0.1,131.27,49.89,Completed
ORD-505991,2026-05-30,Central,Minneapolis DC,Consumer,SKU-1009,Apparel,Travel Backpack,1,145.86,81.38,0,145.86,64.48,Completed
ORD-505992,2026-05-30,East,New Jersey DC,Small Business,SKU-1004,Home,Air Purifier,1,39.43,23.74,0.1,35.49,11.75,Cancelled
ORD-505993,2026-05-30,Central,Dallas DC,Enterprise,SKU-1008,Apparel,Running Shoes,1,88.43,59.11,0,88.43,29.32,Completed
ORD-505994,2026-05-30,West,Los Angeles DC,Consumer,SKU-1005,Home,Bedding Set,3,134.44,81.31,0,403.32,159.39,Completed
ORD-505995,2026-05-30,East,New Jersey DC,Enterprise,SKU-1001,Electronics,Noise-Canceling Headphones,3,202.4,94.45,0,607.2,323.85,Completed
ORD-505996,2026-05-30,Central,Minneapolis DC,Small Business,SKU-1003,Electronics,Portable Charger,1,132.63,59.06,0,132.63,73.57,Completed
ORD-505997,2026-05-30,East,New Jersey DC,Consumer,SKU-1011,Beauty,Hair Dryer,1,35.1,16.43,0.1,31.59,15.16,Completed
ORD-505998,2026-05-30,East,New Jersey DC,Consumer,SKU-1003,Electronics,Portable Charger,1,132.63,59.06,0.1,119.37,60.31,Completed
ORD-505999,2026-05-30,East,Miami DC,Consumer,SKU-1002,Electronics,Smart Home Hub,1,202.52,137.45,0.05,192.39,54.94,Completed
ORD-506000,2026-05-30,East,New Jersey DC,Enterprise,SKU-1004,Home,Air Purifier,2,39.43,23.74,0,78.86,31.38,Completed
ORD-506001,2026-05-30,East,Miami DC,Small Business,SKU-1007,Apparel,Performance Jacket,1,259.88,171.94,0,259.88,87.94,Completed
ORD-506002,2026-05-30,East,New Jersey DC,Small Business,SKU-1003,Electronics,Portable Charger,2,132.63,59.06,0,265.26,147.14,Completed
ORD-506003,2026-05-30,West,Los Angeles DC,Small Business,SKU-1001,Electronics,Noise-Canceling Headphones,1,202.4,94.45,0,202.4,107.95,Completed
ORD-506004,2026-05-30,West,Seattle DC,Enterprise,SKU-1005,Home,Bedding Set,2,134.44,81.31,0.15,228.55,65.93,Completed
ORD-506005,2026-05-30,West,Denver DC,Consumer,SKU-1004,Home,Air Purifier,2,39.43,23.74,0,78.86,31.38,Completed
ORD-506006,2026-05-30,Central,Chicago DC,Enterprise,SKU-1006,Home,Kitchen Organizer,1,100.06,51.21,0.1,90.05,38.84,Completed
ORD-506007,2026-05-30,West,Denver DC,Enterprise,SKU-1011,Beauty,Hair Dryer,2,35.1,16.43,0.15,59.67,26.81,Cancelled
ORD-506008,2026-05-30,West,Denver DC,Small Business,SKU-1004,Home,Air Purifier,2,39.43,23.74,0,78.86,31.38,Completed
ORD-506009,2026-05-30,East,New Jersey DC,Small Business,SKU-1008,Apparel,Running Shoes,1,88.43,59.11,0.1,79.59,20.48,Completed
ORD-506010,2026-05-30,West,Denver DC,Enterprise,SKU-1009,Apparel,Travel Backpack,1,145.86,81.38,0,145.86,64.48,Completed
ORD-506011,2026-05-30,East,New Jersey DC,Small Business,SKU-1012,Beauty,Fragrance Set,1,138.55,68.54,0.1,124.7,56.16,Completed
ORD-506012,2026-05-31,Central,Chicago DC,Enterprise,SKU-1011,Beauty,Hair Dryer,3,35.1,16.43,0.15,89.51,40.22,Completed
ORD-506013,2026-05-31,West,Seattle DC,Consumer,SKU-1008,Apparel,Running Shoes,3,88.43,59.11,0,265.29,87.96,Completed
ORD-506014,2026-05-31,West,Seattle DC,Enterprise,SKU-1005,Home,Bedding Set,1,134.44,81.31,0.05,127.72,46.41,Completed
ORD-506015,2026-05-31,East,Atlanta DC,Enterprise,SKU-1005,Home,Bedding Set,2,134.44,81.31,0.1,241.99,79.37,Completed
ORD-506016,2026-05-31,Central,Minneapolis DC,Small Business,SKU-1011,Beauty,Hair Dryer,1,35.1,16.43,0,35.1,18.67,Completed
ORD-506017,2026-05-31,East,Atlanta DC,Enterprise,SKU-1007,Apparel,Performance Jacket,1,259.88,171.94,0,259.88,87.94,Completed
ORD-506018,2026-05-31,East,New Jersey DC,Consumer,SKU-1001,Electronics,Noise-Canceling Headphones,1,202.4,94.45,0,202.4,107.95,Completed
ORD-506019,2026-05-31,East,Atlanta DC,Consumer,SKU-1011,Beauty,Hair Dryer,1,35.1,16.43,0,35.1,18.67,Completed
ORD-506020,2026-05-31,Central,Minneapolis DC,Small Business,SKU-1011,Beauty,Hair Dryer,1,35.1,16.43,0,35.1,18.67,Completed
ORD-506021,2026-05-31,East,New Jersey DC,Consumer,SKU-1010,Beauty,Skin Care Kit,1,212.38,144.24,0,212.38,68.14,Completed
ORD-506022,2026-05-31,East,New Jersey DC,Small Business,SKU-1003,Electronics,Portable Charger,1,132.63,59.06,0,132.63,73.57,Completed
ORD-506023,2026-05-31,East,New Jersey DC,Small Business,SKU-1009,Apparel,Travel Backpack,1,145.86,81.38,0,145.86,64.48,Completed
ORD-506024,2026-05-31,West,Los Angeles DC,Consumer,SKU-1005,Home,Bedding Set,1,134.44,81.31,0.05,127.72,46.41,Completed
ORD-506025,2026-05-31,West,Denver DC,Consumer,SKU-1008,Apparel,Running Shoes,1,88.43,59.11,0.15,75.17,16.06,Completed
ORD-506026,2026-05-31,West,Seattle DC,Consumer,SKU-1011,Beauty,Hair Dryer,2,35.1,16.43,0.1,63.18,30.32,Completed
ORD-506027,2026-05-31,East,New Jersey DC,Enterprise,SKU-1002,Electronics,Smart Home Hub,1,202.52,137.45,0.1,182.27,44.82,Completed
ORD-506028,2026-05-31,Central,Minneapolis DC,Small Business,SKU-1009,Apparel,Travel Backpack,1,145.86,81.38,0.1,131.27,49.89,Completed
ORD-506029,2026-05-31,East,Atlanta DC,Small Business,SKU-1002,Electronics,Smart Home Hub,1,202.52,137.45,0.05,192.39,54.94,Completed
ORD-506030,2026-05-31,West,Denver DC,Consumer,SKU-1002,Electronics,Smart Home Hub,1,202.52,137.45,0.1,182.27,44.82,Completed
ORD-506031,2026-05-31,Central,Chicago DC,Small Business,SKU-1002,Electronics,Smart Home Hub,1,202.52,137.45,0,202.52,65.07,Completed
ORD-506032,2026-05-31,West,Seattle DC,Enterprise,SKU-1005,Home,Bedding Set,1,134.44,81.31,0.15,114.27,32.96,Completed
ORD-506033,2026-05-31,Central,Dallas DC,Consumer,SKU-1012,Beauty,Fragrance Set,3,138.55,68.54,0.05,394.87,189.25,Completed
ORD-506034,2026-05-31,West,Seattle DC,Consumer,SKU-1004,Home,Air Purifier,3,39.43,23.74,0.1,106.46,35.24,Completed
ORD-506035,2026-05-31,West,Los Angeles DC,Enterprise,SKU-1011,Beauty,Hair Dryer,1,35.1,16.43,0,35.1,18.67,Completed
ORD-506036,2026-05-31,West,Denver DC,Small Business,SKU-1004,Home,Air Purifier,4,39.43,23.74,0,157.72,62.76,Completed
ORD-506037,2026-05-31,Central,Chicago DC,Enterprise,SKU-1011,Beauty,Hair Dryer,2,35.1,16.43,0.15,59.67,26.81,Completed
ORD-506038,2026-05-31,West,Denver DC,Consumer,SKU-1009,Apparel,Travel Backpack,2,145.86,81.38,0,291.72,128.96,Completed
ORD-506039,2026-05-31,East,Miami DC,Consumer,SKU-1006,Home,Kitchen Organizer,1,100.06,51.21,0.1,90.05,38.84,Completed
ORD-506040,2026-05-31,Central,Minneapolis DC,Small Business,SKU-1002,Electronics,Smart Home Hub,2,202.52,137.45,0,405.04,130.14,Completed
ORD-506041,2026-05-31,East,New Jersey DC,Enterprise,SKU-1005,Home,Bedding Set,1,134.44,81.31,0,134.44,53.13,Completed
ORD-506042,2026-05-31,West,Denver DC,Consumer,SKU-1012,Beauty,Fragrance Set,1,138.55,68.54,0,138.55,70.01,Completed
ORD-506043,2026-05-31,West,Seattle DC,Small Business,SKU-1005,Home,Bedding Set,2,134.44,81.31,0,268.88,106.26,Completed
ORD-506044,2026-05-31,West,Los Angeles DC,Enterprise,SKU-1002,Electronics,Smart Home Hub,2,202.52,137.45,0,405.04,130.14,Completed
ORD-506045,2026-05-31,Central,Dallas DC,Small Business,SKU-1010,Beauty,Skin Care Kit,1,212.38,144.24,0.1,191.14,46.9,Completed
ORD-506046,2026-05-31,West,Seattle DC,Enterprise,SKU-1008,Apparel,Running Shoes,1,88.43,59.11,0,88.43,29.32,Completed
ORD-506047,2026-05-31,East,Miami DC,Consumer,SKU-1012,Beauty,Fragrance Set,1,138.55,68.54,0,138.55,70.01,Completed
ORD-506048,2026-05-31,East,New Jersey DC,Small Business,SKU-1011,Beauty,Hair Dryer,2,35.1,16.43,0,70.2,37.34,Completed
ORD-506049,2026-05-31,East,New Jersey DC,Small Business,SKU-1007,Apparel,Performance Jacket,2,259.88,171.94,0.1,467.78,123.9,Returned
ORD-506050,2026-05-31,Central,Dallas DC,Small Business,SKU-1007,Apparel,Performance Jacket,1,259.88,171.94,0,259.88,87.94,Completed
ORD-506051,2026-05-31,East,Atlanta DC,Enterprise,SKU-1012,Beauty,Fragrance Set,2,138.55,68.54,0,277.1,140.02,Completed
ORD-506052,2026-05-31,East,New Jersey DC,Small Business,SKU-1002,Electronics,Smart Home Hub,1,202.52,137.45,0,202.52,65.07,Completed
ORD-506053,2026-05-31,West,Los Angeles DC,Consumer,SKU-1001,Electronics,Noise-Canceling Headphones,4,202.4,94.45,0,809.6,431.8,Completed
ORD-506054,2026-05-31,West,Los Angeles DC,Small Business,SKU-1003,Electronics,Portable Charger,2,132.63,59.06,0,265.26,147.14,Completed
ORD-506055,2026-05-31,Central,Minneapolis DC,Small Business,SKU-1005,Home,Bedding Set,1,134.44,81.31,0,134.44,53.13,Completed
ORD-506056,2026-05-31,West,Seattle DC,Consumer,SKU-1007,Apparel,Performance Jacket,1,259.88,171.94,0,259.88,87.94,Completed
ORD-506057,2026-05-31,East,New Jersey DC,Small Business,SKU-1009,Apparel,Travel Backpack,1,145.86,81.38,0.15,123.98,42.6,Completed
ORD-506058,2026-06-01,Central,Minneapolis DC,Enterprise,SKU-1005,Home,Bedding Set,4,134.44,81.31,0,537.76,212.52,Completed
ORD-506059,2026-06-01,East,Miami DC,Small Business,SKU-1012,Beauty,Fragrance Set,2,138.55,68.54,0,277.1,140.02,Completed
ORD-506060,2026-06-01,Central,Chicago DC,Consumer,SKU-1005,Home,Bedding Set,4,134.44,81.31,0.1,483.98,158.74,Completed
ORD-506061,2026-06-01,East,Atlanta DC,Consumer,SKU-1003,Electronics,Portable Charger,1,132.63,59.06,0,132.63,73.57,Completed
ORD-506062,2026-06-01,West,Denver DC,Enterprise,SKU-1007,Apparel,Performance Jacket,1,259.88,171.94,0.15,220.9,48.96,Completed
ORD-506063,2026-06-01,West,Los Angeles DC,Consumer,SKU-1009,Apparel,Travel Backpack,4,145.86,81.38,0.05,554.27,228.75,Completed
ORD-506064,2026-06-01,Central,Dallas DC,Small Business,SKU-1002,Electronics,Smart Home Hub,1,202.52,137.45,0,202.52,65.07,Completed
ORD-506065,2026-06-01,East,Atlanta DC,Enterprise,SKU-1003,Electronics,Portable Charger,1,132.63,59.06,0,132.63,73.57,Completed
ORD-506066,2026-06-01,West,Denver DC,Enterprise,SKU-1002,Electronics,Smart Home Hub,2,202.52,137.45,0,405.04,130.14,Completed
ORD-506067,2026-06-01,Central,Minneapolis DC,Small Business,SKU-1002,Electronics,Smart Home Hub,1,202.52,137.45,0.15,172.14,34.69,Completed
ORD-506068,2026-06-01,West,Seattle DC,Small Business,SKU-1008,Apparel,Running Shoes,2,88.43,59.11,0.1,159.17,40.95,Completed
ORD-506069,2026-06-01,East,Atlanta DC,Consumer,SKU-1008,Apparel,Running Shoes,1,88.43,59.11,0.1,79.59,20.48,Completed
ORD-506070,2026-06-01,Central,Chicago DC,Consumer,SKU-1005,Home,Bedding Set,2,134.44,81.31,0.05,255.44,92.82,Completed
ORD-506071,2026-06-01,West,Seattle DC,Small Business,SKU-1009,Apparel,Travel Backpack,1,145.86,81.38,0.1,131.27,49.89,Returned
ORD-506072,2026-06-01,East,Atlanta DC,Enterprise,SKU-1003,Electronics,Portable Charger,1,132.63,59.06,0,132.63,73.57,Completed
ORD-506073,2026-06-01,East,New Jersey DC,Consumer,SKU-1010,Beauty,Skin Care Kit,2,212.38,144.24,0.1,382.28,93.8,Completed
ORD-506074,2026-06-01,West,Los Angeles DC,Consumer,SKU-1004,Home,Air Purifier,1,39.43,23.74,0,39.43,15.69,Completed
ORD-506075,2026-06-01,West,Denver DC,Consumer,SKU-1002,Electronics,Smart Home Hub,4,202.52,137.45,0.05,769.58,219.78,Completed
ORD-506076,2026-06-01,East,Atlanta DC,Small Business,SKU-1008,Apparel,Running Shoes,2,88.43,59.11,0.05,168.02,49.8,Completed
ORD-506077,2026-06-01,East,New Jersey DC,Consumer,SKU-1011,Beauty,Hair Dryer,3,35.1,16.43,0.15,89.51,40.22,Completed
ORD-506078,2026-06-01,West,Denver DC,Consumer,SKU-1012,Beauty,Fragrance Set,1,138.55,68.54,0.15,117.77,49.23,Completed
ORD-506079,2026-06-01,Central,Dallas DC,Consumer,SKU-1009,Apparel,Travel Backpack,1,145.86,81.38,0,145.86,64.48,Completed
ORD-506080,2026-06-01,East,Miami DC,Enterprise,SKU-1004,Home,Air Purifier,1,39.43,23.74,0,39.43,15.69,Completed
ORD-506081,2026-06-01,West,Los Angeles DC,Enterprise,SKU-1009,Apparel,Travel Backpack,2,145.86,81.38,0.1,262.55,99.79,Completed
ORD-506082,2026-06-01,East,New Jersey DC,Consumer,SKU-1011,Beauty,Hair Dryer,2,35.1,16.43,0,70.2,37.34,Completed
ORD-506083,2026-06-01,East,Atlanta DC,Consumer,SKU-1009,Apparel,Travel Backpack,2,145.86,81.38,0,291.72,128.96,Completed
ORD-506084,2026-06-01,West,Seattle DC,Enterprise,SKU-1004,Home,Air Purifier,3,39.43,23.74,0,118.29,47.07,Completed
ORD-506085,2026-06-01,East,Atlanta DC,Enterprise,SKU-1009,Apparel,Travel Backpack,1,145.86,81.38,0,145.86,64.48,Completed
ORD-506086,2026-06-01,East,Atlanta DC,Small Business,SKU-1004,Home,Air Purifier,1,39.43,23.74,0.05,37.46,13.72,Completed
ORD-506087,2026-06-01,East,New Jersey DC,Enterprise,SKU-1004,Home,Air Purifier,1,39.43,23.74,0.05,37.46,13.72,Completed
ORD-506088,2026-06-01,Central,Minneapolis DC,Enterprise,SKU-1002,Electronics,Smart Home Hub,2,202.52,137.45,0,405.04,130.14,Completed
ORD-506089,2026-06-01,West,Denver DC,Enterprise,SKU-1009,Apparel,Travel Backpack,1,145.86,81.38,0.15,123.98,42.6,Completed
ORD-506090,2026-06-01,Central,Minneapolis DC,Small Business,SKU-1008,Apparel,Running Shoes,2,88.43,59.11,0.15,150.33,32.11,Completed
ORD-506091,2026-06-01,East,Miami DC,Enterprise,SKU-1003,Electronics,Portable Charger,2,132.63,59.06,0,265.26,147.14,Returned
ORD-506092,2026-06-01,West,Seattle DC,Enterprise,SKU-1007,Apparel,Performance Jacket,2,259.88,171.94,0.1,467.78,123.9,Completed
ORD-506093,2026-06-01,East,Atlanta DC,Consumer,SKU-1012,Beauty,Fragrance Set,1,138.55,68.54,0,138.55,70.01,Completed
ORD-506094,2026-06-01,East,Miami DC,Enterprise,SKU-1011,Beauty,Hair Dryer,1,35.1,16.43,0,35.1,18.67,Completed
ORD-506095,2026-06-01,Central,Minneapolis DC,Small Business,SKU-1006,Home,Kitchen Organizer,3,100.06,51.21,0.1,270.16,116.53,Completed
ORD-506096,2026-06-01,East,Atlanta DC,Enterprise,SKU-1001,Electronics,Noise-Canceling Headphones,2,202.4,94.45,0,404.8,215.9,Completed
ORD-506097,2026-06-01,West,Denver DC,Small Business,SKU-1007,Apparel,Performance Jacket,1,259.88,171.94,0.1,233.89,61.95,Completed
ORD-506098,2026-06-01,Central,Dallas DC,Enterprise,SKU-1012,Beauty,Fragrance Set,1,138.55,68.54,0.05,131.62,63.08,Returned
ORD-506099,2026-06-01,Central,Chicago DC,Consumer,SKU-1005,Home,Bedding Set,1,134.44,81.31,0.15,114.27,32.96,Completed
ORD-506100,2026-06-01,Central,Dallas DC,Small Business,SKU-1006,Home,Kitchen Organizer,1,100.06,51.21,0.15,85.05,33.84,Completed
ORD-506101,2026-06-01,East,Miami DC,Consumer,SKU-1008,Apparel,Running Shoes,1,88.43,59.11,0,88.43,29.32,Completed
ORD-506102,2026-06-01,Central,Minneapolis DC,Small Business,SKU-1012,Beauty,Fragrance Set,3,138.55,68.54,0,415.65,210.03,Completed
ORD-506103,2026-06-01,East,Miami DC,Consumer,SKU-1012,Beauty,Fragrance Set,1,138.55,68.54,0,138.55,70.01,Completed
ORD-506104,2026-06-01,West,Los Angeles DC,Enterprise,SKU-1002,Electronics,Smart Home Hub,1,202.52,137.45,0,202.52,65.07,Completed
ORD-506105,2026-06-01,East,Atlanta DC,Consumer,SKU-1010,Beauty,Skin Care Kit,1,212.38,144.24,0.15,180.52,36.28,Completed
ORD-506106,2026-06-01,East,Atlanta DC,Small Business,SKU-1001,Electronics,Noise-Canceling Headphones,1,202.4,94.45,0.15,172.04,77.59,Completed
ORD-506107,2026-06-01,East,New Jersey DC,Consumer,SKU-1003,Electronics,Portable Charger,1,132.63,59.06,0,132.63,73.57,Completed
ORD-506108,2026-06-01,West,Denver DC,Enterprise,SKU-1009,Apparel,Travel Backpack,1,145.86,81.38,0,145.86,64.48,Completed
ORD-506109,2026-06-01,East,New Jersey DC,Enterprise,SKU-1002,Electronics,Smart Home Hub,1,202.52,137.45,0,202.52,65.07,Completed
ORD-506110,2026-06-01,Central,Chicago DC,Consumer,SKU-1006,Home,Kitchen Organizer,2,100.06,51.21,0,200.12,97.7,Returned
ORD-506111,2026-06-01,West,Denver DC,Consumer,SKU-1006,Home,Kitchen Organizer,2,100.06,51.21,0.05,190.11,87.69,Completed
ORD-506112,2026-06-02,East,Atlanta DC,Enterprise,SKU-1012,Beauty,Fragrance Set,1,138.55,68.54,0,138.55,70.01,Completed
ORD-506113,2026-06-02,West,Seattle DC,Enterprise,SKU-1002,Electronics,Smart Home Hub,1,202.52,137.45,0.05,192.39,54.94,Completed
ORD-506114,2026-06-02,West,Denver DC,Small Business,SKU-1006,Home,Kitchen Organizer,1,100.06,51.21,0,100.06,48.85,Completed
ORD-506115,2026-06-02,East,New Jersey DC,Small Business,SKU-1006,Home,Kitchen Organizer,2,100.06,51.21,0.1,180.11,77.69,Completed
ORD-506116,2026-06-02,West,Seattle DC,Consumer,SKU-1004,Home,Air Purifier,1,39.43,23.74,0,39.43,15.69,Returned
ORD-506117,2026-06-02,Central,Chicago DC,Consumer,SKU-1003,Electronics,Portable Charger,2,132.63,59.06,0,265.26,147.14,Completed
ORD-506118,2026-06-02,Central,Minneapolis DC,Consumer,SKU-1009,Apparel,Travel Backpack,2,145.86,81.38,0.1,262.55,99.79,Completed
ORD-506119,2026-06-02,Central,Dallas DC,Small Business,SKU-1001,Electronics,Noise-Canceling Headphones,4,202.4,94.45,0.15,688.16,310.36,Completed
ORD-506120,2026-06-02,West,Seattle DC,Small Business,SKU-1003,Electronics,Portable Charger,1,132.63,59.06,0.1,119.37,60.31,Completed
ORD-506121,2026-06-02,West,Los Angeles DC,Enterprise,SKU-1004,Home,Air Purifier,2,39.43,23.74,0,78.86,31.38,Completed
ORD-506122,2026-06-02,West,Seattle DC,Consumer,SKU-1002,Electronics,Smart Home Hub,1,202.52,137.45,0,202.52,65.07,Completed
ORD-506123,2026-06-02,West,Los Angeles DC,Consumer,SKU-1004,Home,Air Purifier,3,39.43,23.74,0,118.29,47.07,Completed
ORD-506124,2026-06-02,Central,Minneapolis DC,Consumer,SKU-1007,Apparel,Performance Jacket,4,259.88,171.94,0,1039.52,351.76,Completed
ORD-506125,2026-06-02,West,Denver DC,Enterprise,SKU-1011,Beauty,Hair Dryer,3,35.1,16.43,0.15,89.51,40.22,Completed
ORD-506126,2026-06-02,Central,Chicago DC,Enterprise,SKU-1005,Home,Bedding Set,1,134.44,81.31,0.05,127.72,46.41,Completed
ORD-506127,2026-06-02,West,Seattle DC,Enterprise,SKU-1001,Electronics,Noise-Canceling Headphones,1,202.4,94.45,0.15,172.04,77.59,Completed
ORD-506128,2026-06-02,East,New Jersey DC,Enterprise,SKU-1007,Apparel,Performance Jacket,1,259.88,171.94,0,259.88,87.94,Completed
ORD-506129,2026-06-02,Central,Chicago DC,Enterprise,SKU-1012,Beauty,Fragrance Set,1,138.55,68.54,0.1,124.7,56.16,Completed
ORD-506130,2026-06-02,West,Denver DC,Enterprise,SKU-1003,Electronics,Portable Charger,2,132.63,59.06,0.05,252.0,133.88,Completed
ORD-506131,2026-06-02,West,Los Angeles DC,Consumer,SKU-1009,Apparel,Travel Backpack,1,145.86,81.38,0,145.86,64.48,Completed
ORD-506132,2026-06-02,East,Atlanta DC,Small Business,SKU-1007,Apparel,Performance Jacket,2,259.88,171.94,0,519.76,175.88,Cancelled
ORD-506133,2026-06-02,Central,Chicago DC,Consumer,SKU-1012,Beauty,Fragrance Set,1,138.55,68.54,0.1,124.7,56.16,Completed
ORD-506134,2026-06-02,Central,Chicago DC,Enterprise,SKU-1009,Apparel,Travel Backpack,1,145.86,81.38,0,145.86,64.48,Completed
ORD-506135,2026-06-02,East,Atlanta DC,Consumer,SKU-1004,Home,Air Purifier,1,39.43,23.74,0.15,33.52,9.78,Completed
ORD-506136,2026-06-02,West,Los Angeles DC,Small Business,SKU-1004,Home,Air Purifier,2,39.43,23.74,0.15,67.03,19.55,Completed
ORD-506137,2026-06-02,Central,Dallas DC,Consumer,SKU-1002,Electronics,Smart Home Hub,3,202.52,137.45,0.05,577.18,164.83,Completed
ORD-506138,2026-06-02,West,Denver DC,Small Business,SKU-1007,Apparel,Performance Jacket,1,259.88,171.94,0,259.88,87.94,Completed
ORD-506139,2026-06-03,West,Seattle DC,Enterprise,SKU-1001,Electronics,Noise-Canceling Headphones,3,202.4,94.45,0.1,546.48,263.13,Completed
ORD-506140,2026-06-03,East,Atlanta DC,Enterprise,SKU-1012,Beauty,Fragrance Set,2,138.55,68.54,0,277.1,140.02,Completed
ORD-506141,2026-06-03,Central,Chicago DC,Consumer,SKU-1003,Electronics,Portable Charger,2,132.63,59.06,0.1,238.73,120.61,Completed
ORD-506142,2026-06-03,Central,Minneapolis DC,Small Business,SKU-1006,Home,Kitchen Organizer,1,100.06,51.21,0.15,85.05,33.84,Completed
ORD-506143,2026-06-03,East,New Jersey DC,Enterprise,SKU-1006,Home,Kitchen Organizer,1,100.06,51.21,0.05,95.06,43.85,Completed
ORD-506144,2026-06-03,East,New Jersey DC,Consumer,SKU-1001,Electronics,Noise-Canceling Headphones,1,202.4,94.45,0,202.4,107.95,Completed
ORD-506145,2026-06-03,Central,Chicago DC,Small Business,SKU-1012,Beauty,Fragrance Set,2,138.55,68.54,0.1,249.39,112.31,Completed
ORD-506146,2026-06-03,East,Miami DC,Consumer,SKU-1001,Electronics,Noise-Canceling Headphones,1,202.4,94.45,0,202.4,107.95,Completed
ORD-506147,2026-06-03,Central,Dallas DC,Consumer,SKU-1007,Apparel,Performance Jacket,1,259.88,171.94,0,259.88,87.94,Completed
ORD-506148,2026-06-03,West,Denver DC,Enterprise,SKU-1011,Beauty,Hair Dryer,3,35.1,16.43,0,105.3,56.01,Completed
ORD-506149,2026-06-03,West,Los Angeles DC,Enterprise,SKU-1007,Apparel,Performance Jacket,1,259.88,171.94,0,259.88,87.94,Completed
ORD-506150,2026-06-03,West,Denver DC,Consumer,SKU-1012,Beauty,Fragrance Set,1,138.55,68.54,0,138.55,70.01,Completed
ORD-506151,2026-06-03,East,Miami DC,Enterprise,SKU-1004,Home,Air Purifier,1,39.43,23.74,0,39.43,15.69,Completed
ORD-506152,2026-06-03,Central,Chicago DC,Consumer,SKU-1002,Electronics,Smart Home Hub,1,202.52,137.45,0,202.52,65.07,Returned
ORD-506153,2026-06-03,Central,Dallas DC,Enterprise,SKU-1011,Beauty,Hair Dryer,2,35.1,16.43,0.05,66.69,33.83,Completed
ORD-506154,2026-06-03,Central,Minneapolis DC,Small Business,SKU-1007,Apparel,Performance Jacket,1,259.88,171.94,0.05,246.89,74.95,Completed
ORD-506155,2026-06-03,Central,Dallas DC,Consumer,SKU-1001,Electronics,Noise-Canceling Headphones,3,202.4,94.45,0.15,516.12,232.77,Completed
ORD-506156,2026-06-03,West,Seattle DC,Consumer,SKU-1005,Home,Bedding Set,3,134.44,81.31,0,403.32,159.39,Completed
ORD-506157,2026-06-03,East,Atlanta DC,Consumer,SKU-1008,Apparel,Running Shoes,4,88.43,59.11,0.05,336.03,99.59,Completed
ORD-506158,2026-06-03,East,Atlanta DC,Enterprise,SKU-1005,Home,Bedding Set,1,134.44,81.31,0.1,121.0,39.69,Completed
ORD-506159,2026-06-03,West,Los Angeles DC,Small Business,SKU-1010,Beauty,Skin Care Kit,1,212.38,144.24,0,212.38,68.14,Completed
ORD-506160,2026-06-03,Central,Dallas DC,Enterprise,SKU-1006,Home,Kitchen Organizer,1,100.06,51.21,0,100.06,48.85,Completed
ORD-506161,2026-06-03,East,Miami DC,Small Business,SKU-1005,Home,Bedding Set,1,134.44,81.31,0.05,127.72,46.41,Completed
ORD-506162,2026-06-03,West,Denver DC,Consumer,SKU-1004,Home,Air Purifier,2,39.43,23.74,0.15,67.03,19.55,Completed
ORD-506163,2026-06-03,Central,Chicago DC,Enterprise,SKU-1002,Electronics,Smart Home Hub,2,202.52,137.45,0,405.04,130.14,Returned
ORD-506164,2026-06-03,East,New Jersey DC,Consumer,SKU-1006,Home,Kitchen Organizer,2,100.06,51.21,0.15,170.1,67.68,Completed
ORD-506165,2026-06-03,West,Denver DC,Small Business,SKU-1006,Home,Kitchen Organizer,2,100.06,51.21,0,200.12,97.7,Completed
ORD-506166,2026-06-03,West,Denver DC,Enterprise,SKU-1009,Apparel,Travel Backpack,1,145.86,81.38,0.1,131.27,49.89,Completed
ORD-506167,2026-06-03,East,Miami DC,Enterprise,SKU-1007,Apparel,Performance Jacket,1,259.88,171.94,0.1,233.89,61.95,Completed
ORD-506168,2026-06-03,East,Miami DC,Small Business,SKU-1011,Beauty,Hair Dryer,1,35.1,16.43,0,35.1,18.67,Completed
ORD-506169,2026-06-03,East,Atlanta DC,Consumer,SKU-1004,Home,Air Purifier,1,39.43,23.74,0,39.43,15.69,Completed
ORD-506170,2026-06-03,West,Los Angeles DC,Small Business,SKU-1009,Apparel,Travel Backpack,3,145.86,81.38,0,437.58,193.44,Completed
ORD-506171,2026-06-03,East,New Jersey DC,Enterprise,SKU-1002,Electronics,Smart Home Hub,2,202.52,137.45,0.15,344.28,69.38,Completed
ORD-506172,2026-06-03,West,Seattle DC,Consumer,SKU-1006,Home,Kitchen Organizer,1,100.06,51.21,0,100.06,48.85,Completed
ORD-506173,2026-06-03,Central,Chicago DC,Small Business,SKU-1009,Apparel,Travel Backpack,1,145.86,81.38,0,145.86,64.48,Returned
ORD-506174,2026-06-03,East,New Jersey DC,Enterprise,SKU-1007,Apparel,Performance Jacket,1,259.88,171.94,0,259.88,87.94,Completed
ORD-506175,2026-06-03,Central,Chicago DC,Consumer,SKU-1010,Beauty,Skin Care Kit,1,212.38,144.24,0,212.38,68.14,Completed
ORD-506176,2026-06-03,West,Seattle DC,Enterprise,SKU-1001,Electronics,Noise-Canceling Headphones,1,202.4,94.45,0,202.4,107.95,Completed
ORD-506177,2026-06-03,Central,Dallas DC,Small Business,SKU-1010,Beauty,Skin Care Kit,1,212.38,144.24,0.1,191.14,46.9,Completed
ORD-506178,2026-06-04,West,Seattle DC,Enterprise,SKU-1003,Electronics,Portable Charger,1,132.63,59.06,0.05,126.0,66.94,Completed
ORD-506179,2026-06-04,West,Los Angeles DC,Enterprise,SKU-1002,Electronics,Smart Home Hub,1,202.52,137.45,0,202.52,65.07,Completed
ORD-506180,2026-06-04,East,Miami DC,Consumer,SKU-1009,Apparel,Travel Backpack,3,145.86,81.38,0,437.58,193.44,Completed
ORD-506181,2026-06-04,East,New Jersey DC,Small Business,SKU-1005,Home,Bedding Set,1,134.44,81.31,0.15,114.27,32.96,Returned
ORD-506182,2026-06-04,Central,Minneapolis DC,Consumer,SKU-1011,Beauty,Hair Dryer,1,35.1,16.43,0.05,33.34,16.91,Completed
ORD-506183,2026-06-04,West,Denver DC,Consumer,SKU-1010,Beauty,Skin Care Kit,1,212.38,144.24,0.05,201.76,57.52,Completed
ORD-506184,2026-06-04,Central,Minneapolis DC,Consumer,SKU-1007,Apparel,Performance Jacket,3,259.88,171.94,0.05,740.66,224.84,Completed
ORD-506185,2026-06-04,Central,Chicago DC,Enterprise,SKU-1011,Beauty,Hair Dryer,4,35.1,16.43,0,140.4,74.68,Completed
ORD-506186,2026-06-04,East,New Jersey DC,Small Business,SKU-1007,Apparel,Performance Jacket,1,259.88,171.94,0.1,233.89,61.95,Returned
ORD-506187,2026-06-04,Central,Chicago DC,Consumer,SKU-1001,Electronics,Noise-Canceling Headphones,2,202.4,94.45,0.05,384.56,195.66,Completed
ORD-506188,2026-06-04,Central,Chicago DC,Small Business,SKU-1007,Apparel,Performance Jacket,1,259.88,171.94,0,259.88,87.94,Completed
ORD-506189,2026-06-04,West,Denver DC,Small Business,SKU-1009,Apparel,Travel Backpack,1,145.86,81.38,0.05,138.57,57.19,Completed
ORD-506190,2026-06-04,West,Los Angeles DC,Consumer,SKU-1009,Apparel,Travel Backpack,1,145.86,81.38,0.15,123.98,42.6,Completed
ORD-506191,2026-06-04,Central,Dallas DC,Consumer,SKU-1012,Beauty,Fragrance Set,1,138.55,68.54,0,138.55,70.01,Completed
ORD-506192,2026-06-04,West,Seattle DC,Consumer,SKU-1002,Electronics,Smart Home Hub,1,202.52,137.45,0.15,172.14,34.69,Completed
ORD-506193,2026-06-04,West,Seattle DC,Enterprise,SKU-1007,Apparel,Performance Jacket,2,259.88,171.94,0.1,467.78,123.9,Cancelled
ORD-506194,2026-06-04,West,Seattle DC,Small Business,SKU-1011,Beauty,Hair Dryer,1,35.1,16.43,0.1,31.59,15.16,Returned
ORD-506195,2026-06-04,East,Atlanta DC,Small Business,SKU-1010,Beauty,Skin Care Kit,3,212.38,144.24,0,637.14,204.42,Completed
ORD-506196,2026-06-04,Central,Chicago DC,Consumer,SKU-1009,Apparel,Travel Backpack,3,145.86,81.38,0.1,393.82,149.68,Completed
ORD-506197,2026-06-04,Central,Dallas DC,Enterprise,SKU-1007,Apparel,Performance Jacket,2,259.88,171.94,0,519.76,175.88,Completed
ORD-506198,2026-06-04,East,New Jersey DC,Small Business,SKU-1007,Apparel,Performance Jacket,1,259.88,171.94,0.15,220.9,48.96,Completed
ORD-506199,2026-06-04,Central,Dallas DC,Consumer,SKU-1006,Home,Kitchen Organizer,2,100.06,51.21,0.05,190.11,87.69,Completed
ORD-506200,2026-06-04,West,Los Angeles DC,Small Business,SKU-1004,Home,Air Purifier,2,39.43,23.74,0.15,67.03,19.55,Completed
ORD-506201,2026-06-04,East,Atlanta DC,Enterprise,SKU-1005,Home,Bedding Set,2,134.44,81.31,0.15,228.55,65.93,Completed
ORD-506202,2026-06-04,Central,Minneapolis DC,Enterprise,SKU-1011,Beauty,Hair Dryer,1,35.1,16.43,0.1,31.59,15.16,Completed
ORD-506203,2026-06-04,Central,Dallas DC,Small Business,SKU-1007,Apparel,Performance Jacket,4,259.88,171.94,0.05,987.54,299.78,Completed
ORD-506204,2026-06-04,East,New Jersey DC,Enterprise,SKU-1007,Apparel,Performance Jacket,1,259.88,171.94,0,259.88,87.94,Completed
ORD-506205,2026-06-04,West,Denver DC,Small Business,SKU-1005,Home,Bedding Set,1,134.44,81.31,0,134.44,53.13,Completed
ORD-506206,2026-06-04,East,Atlanta DC,Small Business,SKU-1011,Beauty,Hair Dryer,1,35.1,16.43,0,35.1,18.67,Completed
ORD-506207,2026-06-04,West,Seattle DC,Enterprise,SKU-1006,Home,Kitchen Organizer,1,100.06,51.21,0.05,95.06,43.85,Completed
ORD-506208,2026-06-04,East,Atlanta DC,Small Business,SKU-1011,Beauty,Hair Dryer,2,35.1,16.43,0.15,59.67,26.81,Completed
ORD-506209,2026-06-04,East,Atlanta DC,Enterprise,SKU-1008,Apparel,Running Shoes,3,88.43,59.11,0,265.29,87.96,Completed
ORD-506210,2026-06-05,East,Atlanta DC,Consumer,SKU-1005,Home,Bedding Set,2,134.44,81.31,0,268.88,106.26,Completed
ORD-506211,2026-06-05,West,Seattle DC,Enterprise,SKU-1004,Home,Air Purifier,1,39.43,23.74,0.05,37.46,13.72,Completed
ORD-506212,2026-06-05,Central,Dallas DC,Enterprise,SKU-1005,Home,Bedding Set,3,134.44,81.31,0.05,383.15,139.22,Completed
ORD-506213,2026-06-05,West,Denver DC,Consumer,SKU-1007,Apparel,Performance Jacket,1,259.88,171.94,0,259.88,87.94,Completed
ORD-506214,2026-06-05,West,Seattle DC,Consumer,SKU-1002,Electronics,Smart Home Hub,2,202.52,137.45,0,405.04,130.14,Cancelled
ORD-506215,2026-06-05,West,Denver DC,Consumer,SKU-1010,Beauty,Skin Care Kit,4,212.38,144.24,0,849.52,272.56,Completed
ORD-506216,2026-06-05,Central,Dallas DC,Small Business,SKU-1004,Home,Air Purifier,1,39.43,23.74,0,39.43,15.69,Completed
ORD-506217,2026-06-05,East,Atlanta DC,Consumer,SKU-1005,Home,Bedding Set,1,134.44,81.31,0.1,121.0,39.69,Completed
ORD-506218,2026-06-05,East,New Jersey DC,Consumer,SKU-1001,Electronics,Noise-Canceling Headphones,1,202.4,94.45,0.05,192.28,97.83,Completed
ORD-506219,2026-06-05,East,Miami DC,Consumer,SKU-1009,Apparel,Travel Backpack,1,145.86,81.38,0.1,131.27,49.89,Completed
ORD-506220,2026-06-05,Central,Dallas DC,Small Business,SKU-1006,Home,Kitchen Organizer,1,100.06,51.21,0,100.06,48.85,Completed
ORD-506221,2026-06-05,West,Seattle DC,Consumer,SKU-1012,Beauty,Fragrance Set,1,138.55,68.54,0,138.55,70.01,Completed
ORD-506222,2026-06-05,Central,Chicago DC,Consumer,SKU-1003,Electronics,Portable Charger,4,132.63,59.06,0.15,450.94,214.7,Completed
ORD-506223,2026-06-05,East,Atlanta DC,Consumer,SKU-1007,Apparel,Performance Jacket,1,259.88,171.94,0.15,220.9,48.96,Completed
ORD-506224,2026-06-05,West,Seattle DC,Consumer,SKU-1011,Beauty,Hair Dryer,1,35.1,16.43,0.05,33.34,16.91,Completed
ORD-506225,2026-06-05,Central,Dallas DC,Enterprise,SKU-1001,Electronics,Noise-Canceling Headphones,1,202.4,94.45,0.05,192.28,97.83,Completed
ORD-506226,2026-06-05,East,New Jersey DC,Enterprise,SKU-1011,Beauty,Hair Dryer,3,35.1,16.43,0.15,89.51,40.22,Completed
ORD-506227,2026-06-05,West,Seattle DC,Enterprise,SKU-1001,Electronics,Noise-Canceling Headphones,1,202.4,94.45,0,202.4,107.95,Returned
ORD-506228,2026-06-05,West,Los Angeles DC,Consumer,SKU-1006,Home,Kitchen Organizer,2,100.06,51.21,0,200.12,97.7,Cancelled
ORD-506229,2026-06-05,Central,Dallas DC,Small Business,SKU-1011,Beauty,Hair Dryer,2,35.1,16.43,0.05,66.69,33.83,Completed
ORD-506230,2026-06-05,East,Atlanta DC,Enterprise,SKU-1005,Home,Bedding Set,3,134.44,81.31,0.05,383.15,139.22,Completed
ORD-506231,2026-06-05,West,Denver DC,Consumer,SKU-1001,Electronics,Noise-Canceling Headphones,1,202.4,94.45,0,202.4,107.95,Returned
ORD-506232,2026-06-05,Central,Minneapolis DC,Enterprise,SKU-1007,Apparel,Performance Jacket,1,259.88,171.94,0,259.88,87.94,Returned
ORD-506233,2026-06-05,West,Seattle DC,Enterprise,SKU-1010,Beauty,Skin Care Kit,2,212.38,144.24,0.15,361.05,72.57,Completed
ORD-506234,2026-06-05,Central,Chicago DC,Consumer,SKU-1007,Apparel,Performance Jacket,2,259.88,171.94,0,519.76,175.88,Completed
ORD-506235,2026-06-05,East,New Jersey DC,Small Business,SKU-1008,Apparel,Running Shoes,2,88.43,59.11,0,176.86,58.64,Cancelled
ORD-506236,2026-06-05,East,Atlanta DC,Enterprise,SKU-1011,Beauty,Hair Dryer,3,35.1,16.43,0,105.3,56.01,Completed
ORD-506237,2026-06-05,West,Seattle DC,Small Business,SKU-1002,Electronics,Smart Home Hub,2,202.52,137.45,0,405.04,130.14,Completed
ORD-506238,2026-06-05,East,Atlanta DC,Small Business,SKU-1010,Beauty,Skin Care Kit,2,212.38,144.24,0.05,403.52,115.04,Returned
ORD-506239,2026-06-05,West,Los Angeles DC,Small Business,SKU-1011,Beauty,Hair Dryer,1,35.1,16.43,0,35.1,18.67,Completed
ORD-506240,2026-06-06,West,Denver DC,Consumer,SKU-1001,Electronics,Noise-Canceling Headphones,2,202.4,94.45,0,404.8,215.9,Completed
ORD-506241,2026-06-06,Central,Chicago DC,Enterprise,SKU-1009,Apparel,Travel Backpack,2,145.86,81.38,0,291.72,128.96,Completed
ORD-506242,2026-06-06,East,Miami DC,Small Business,SKU-1003,Electronics,Portable Charger,3,132.63,59.06,0.05,378.0,200.82,Completed
ORD-506243,2026-06-06,Central,Minneapolis DC,Enterprise,SKU-1008,Apparel,Running Shoes,3,88.43,59.11,0.05,252.03,74.7,Completed
ORD-506244,2026-06-06,East,Miami DC,Consumer,SKU-1011,Beauty,Hair Dryer,1,35.1,16.43,0,35.1,18.67,Completed
ORD-506245,2026-06-06,West,Seattle DC,Consumer,SKU-1004,Home,Air Purifier,1,39.43,23.74,0,39.43,15.69,Completed
ORD-506246,2026-06-06,East,Miami DC,Consumer,SKU-1009,Apparel,Travel Backpack,1,145.86,81.38,0,145.86,64.48,Returned
ORD-506247,2026-06-06,West,Los Angeles DC,Consumer,SKU-1002,Electronics,Smart Home Hub,4,202.52,137.45,0,810.08,260.28,Completed
ORD-506248,2026-06-06,West,Seattle DC,Enterprise,SKU-1001,Electronics,Noise-Canceling Headphones,1,202.4,94.45,0.15,172.04,77.59,Completed
ORD-506249,2026-06-06,Central,Chicago DC,Consumer,SKU-1012,Beauty,Fragrance Set,1,138.55,68.54,0,138.55,70.01,Completed
ORD-506250,2026-06-06,Central,Chicago DC,Enterprise,SKU-1007,Apparel,Performance Jacket,2,259.88,171.94,0,519.76,175.88,Completed
ORD-506251,2026-06-06,West,Seattle DC,Consumer,SKU-1012,Beauty,Fragrance Set,2,138.55,68.54,0,277.1,140.02,Completed
ORD-506252,2026-06-06,West,Denver DC,Enterprise,SKU-1003,Electronics,Portable Charger,4,132.63,59.06,0,530.52,294.28,Returned
ORD-506253,2026-06-06,West,Los Angeles DC,Small Business,SKU-1006,Home,Kitchen Organizer,1,100.06,51.21,0,100.06,48.85,Completed
ORD-506254,2026-06-06,East,Atlanta DC,Enterprise,SKU-1012,Beauty,Fragrance Set,1,138.55,68.54,0,138.55,70.01,Completed
ORD-506255,2026-06-06,East,New Jersey DC,Small Business,SKU-1002,Electronics,Smart Home Hub,1,202.52,137.45,0.05,192.39,54.94,Completed
ORD-506256,2026-06-06,East,Atlanta DC,Enterprise,SKU-1009,Apparel,Travel Backpack,1,145.86,81.38,0,145.86,64.48,Completed
ORD-506257,2026-06-06,West,Seattle DC,Small Business,SKU-1003,Electronics,Portable Charger,2,132.63,59.06,0,265.26,147.14,Completed
ORD-506258,2026-06-06,East,Miami DC,Consumer,SKU-1012,Beauty,Fragrance Set,1,138.55,68.54,0,138.55,70.01,Returned
ORD-506259,2026-06-06,Central,Minneapolis DC,Small Business,SKU-1008,Apparel,Running Shoes,1,88.43,59.11,0.05,84.01,24.9,Completed
ORD-506260,2026-06-06,Central,Chicago DC,Enterprise,SKU-1002,Electronics,Smart Home Hub,1,202.52,137.45,0.15,172.14,34.69,Completed
ORD-506261,2026-06-06,East,Atlanta DC,Small Business,SKU-1007,Apparel,Performance Jacket,2,259.88,171.94,0.1,467.78,123.9,Completed
ORD-506262,2026-06-06,East,New Jersey DC,Consumer,SKU-1005,Home,Bedding Set,1,134.44,81.31,0.1,121.0,39.69,Completed
ORD-506263,2026-06-06,West,Denver DC,Consumer,SKU-1007,Apparel,Performance Jacket,1,259.88,171.94,0.1,233.89,61.95,Completed
ORD-506264,2026-06-06,Central,Dallas DC,Consumer,SKU-1004,Home,Air Purifier,2,39.43,23.74,0,78.86,31.38,Completed
ORD-506265,2026-06-06,East,Miami DC,Consumer,SKU-1006,Home,Kitchen Organizer,2,100.06,51.21,0.1,180.11,77.69,Completed
ORD-506266,2026-06-06,West,Seattle DC,Consumer,SKU-1006,Home,Kitchen Organizer,2,100.06,51.21,0,200.12,97.7,Completed
ORD-506267,2026-06-06,East,New Jersey DC,Consumer,SKU-1010,Beauty,Skin Care Kit,2,212.38,144.24,0.15,361.05,72.57,Completed
ORD-506268,2026-06-06,West,Denver DC,Small Business,SKU-1001,Electronics,Noise-Canceling Headphones,2,202.4,94.45,0,404.8,215.9,Completed
ORD-506269,2026-06-06,Central,Minneapolis DC,Small Business,SKU-1005,Home,Bedding Set,1,134.44,81.31,0.1,121.0,39.69,Completed
ORD-506270,2026-06-06,West,Denver DC,Small Business,SKU-1010,Beauty,Skin Care Kit,1,212.38,144.24,0.15,180.52,36.28,Completed
ORD-506271,2026-06-06,West,Denver DC,Small Business,SKU-1005,Home,Bedding Set,1,134.44,81.31,0.05,127.72,46.41,Completed
ORD-506272,2026-06-06,East,Atlanta DC,Small Business,SKU-1010,Beauty,Skin Care Kit,1,212.38,144.24,0.1,191.14,46.9,Completed
ORD-506273,2026-06-06,East,New Jersey DC,Small Business,SKU-1005,Home,Bedding Set,1,134.44,81.31,0.1,121.0,39.69,Completed
ORD-506274,2026-06-06,East,New Jersey DC,Consumer,SKU-1001,Electronics,Noise-Canceling Headphones,3,202.4,94.45,0,607.2,323.85,Completed
ORD-506275,2026-06-06,West,Seattle DC,Small Business,SKU-1002,Electronics,Smart Home Hub,1,202.52,137.45,0,202.52,65.07,Completed
ORD-506276,2026-06-06,West,Denver DC,Consumer,SKU-1002,Electronics,Smart Home Hub,2,202.52,137.45,0.1,364.54,89.64,Completed
ORD-506277,2026-06-06,West,Denver DC,Enterprise,SKU-1002,Electronics,Smart Home Hub,4,202.52,137.45,0,810.08,260.28,Completed
ORD-506278,2026-06-06,West,Seattle DC,Small Business,SKU-1005,Home,Bedding Set,3,134.44,81.31,0.15,342.82,98.89,Cancelled
ORD-506279,2026-06-06,East,New Jersey DC,Enterprise,SKU-1009,Apparel,Travel Backpack,1,145.86,81.38,0,145.86,64.48,Returned
ORD-506280,2026-06-07,West,Los Angeles DC,Enterprise,SKU-1009,Apparel,Travel Backpack,4,145.86,81.38,0,583.44,257.92,Completed
ORD-506281,2026-06-07,West,Denver DC,Enterprise,SKU-1011,Beauty,Hair Dryer,1,35.1,16.43,0.05,33.34,16.91,Completed
ORD-506282,2026-06-07,West,Denver DC,Enterprise,SKU-1003,Electronics,Portable Charger,1,132.63,59.06,0.05,126.0,66.94,Completed
ORD-506283,2026-06-07,Central,Chicago DC,Enterprise,SKU-1011,Beauty,Hair Dryer,2,35.1,16.43,0,70.2,37.34,Completed
ORD-506284,2026-06-07,Central,Minneapolis DC,Consumer,SKU-1012,Beauty,Fragrance Set,3,138.55,68.54,0.1,374.09,168.47,Cancelled
ORD-506285,2026-06-07,West,Los Angeles DC,Consumer,SKU-1010,Beauty,Skin Care Kit,1,212.38,144.24,0,212.38,68.14,Completed
ORD-506286,2026-06-07,East,Miami DC,Consumer,SKU-1001,Electronics,Noise-Canceling Headphones,1,202.4,94.45,0,202.4,107.95,Completed
ORD-506287,2026-06-07,West,Seattle DC,Consumer,SKU-1001,Electronics,Noise-Canceling Headphones,1,202.4,94.45,0,202.4,107.95,Completed
ORD-506288,2026-06-07,West,Seattle DC,Small Business,SKU-1007,Apparel,Performance Jacket,2,259.88,171.94,0.15,441.8,97.92,Completed
ORD-506289,2026-06-07,East,Miami DC,Small Business,SKU-1005,Home,Bedding Set,1,134.44,81.31,0,134.44,53.13,Completed
ORD-506290,2026-06-07,Central,Chicago DC,Enterprise,SKU-1001,Electronics,Noise-Canceling Headphones,1,202.4,94.45,0.1,182.16,87.71,Completed
ORD-506291,2026-06-07,Central,Chicago DC,Consumer,SKU-1006,Home,Kitchen Organizer,1,100.06,51.21,0.1,90.05,38.84,Completed
ORD-506292,2026-06-07,Central,Chicago DC,Enterprise,SKU-1006,Home,Kitchen Organizer,2,100.06,51.21,0,200.12,97.7,Completed
ORD-506293,2026-06-07,West,Los Angeles DC,Enterprise,SKU-1008,Apparel,Running Shoes,1,88.43,59.11,0.1,79.59,20.48,Cancelled
ORD-506294,2026-06-07,West,Seattle DC,Consumer,SKU-1010,Beauty,Skin Care Kit,2,212.38,144.24,0.1,382.28,93.8,Completed
ORD-506295,2026-06-07,East,Miami DC,Consumer,SKU-1006,Home,Kitchen Organizer,1,100.06,51.21,0,100.06,48.85,Completed
ORD-506296,2026-06-07,East,Atlanta DC,Enterprise,SKU-1006,Home,Kitchen Organizer,1,100.06,51.21,0,100.06,48.85,Completed
ORD-506297,2026-06-07,West,Seattle DC,Enterprise,SKU-1005,Home,Bedding Set,2,134.44,81.31,0,268.88,106.26,Completed
ORD-506298,2026-06-07,West,Seattle DC,Enterprise,SKU-1011,Beauty,Hair Dryer,3,35.1,16.43,0.1,94.77,45.48,Completed
ORD-506299,2026-06-07,East,New Jersey DC,Small Business,SKU-1004,Home,Air Purifier,4,39.43,23.74,0,157.72,62.76,Completed
ORD-506300,2026-06-07,East,New Jersey DC,Consumer,SKU-1006,Home,Kitchen Organizer,1,100.06,51.21,0,100.06,48.85,Completed
ORD-506301,2026-06-07,Central,Dallas DC,Enterprise,SKU-1003,Electronics,Portable Charger,2,132.63,59.06,0.15,225.47,107.35,Completed
ORD-506302,2026-06-07,West,Seattle DC,Consumer,SKU-1004,Home,Air Purifier,2,39.43,23.74,0.15,67.03,19.55,Completed
ORD-506303,2026-06-07,West,Seattle DC,Enterprise,SKU-1002,Electronics,Smart Home Hub,4,202.52,137.45,0.05,769.58,219.78,Completed
ORD-506304,2026-06-07,Central,Minneapolis DC,Small Business,SKU-1007,Apparel,Performance Jacket,1,259.88,171.94,0.1,233.89,61.95,Completed
ORD-506305,2026-06-07,West,Los Angeles DC,Consumer,SKU-1011,Beauty,Hair Dryer,1,35.1,16.43,0.15,29.84,13.41,Returned
ORD-506306,2026-06-07,East,Atlanta DC,Small Business,SKU-1007,Apparel,Performance Jacket,1,259.88,171.94,0.05,246.89,74.95,Completed
ORD-506307,2026-06-07,East,Atlanta DC,Consumer,SKU-1011,Beauty,Hair Dryer,3,35.1,16.43,0,105.3,56.01,Completed
ORD-506308,2026-06-07,West,Seattle DC,Enterprise,SKU-1006,Home,Kitchen Organizer,2,100.06,51.21,0,200.12,97.7,Completed
ORD-506309,2026-06-07,East,New Jersey DC,Small Business,SKU-1004,Home,Air Purifier,1,39.43,23.74,0,39.43,15.69,Completed
ORD-506310,2026-06-07,East,Miami DC,Small Business,SKU-1009,Apparel,Travel Backpack,3,145.86,81.38,0,437.58,193.44,Completed
ORD-506311,2026-06-07,West,Seattle DC,Consumer,SKU-1009,Apparel,Travel Backpack,2,145.86,81.38,0.15,247.96,85.2,Completed
ORD-506312,2026-06-07,West,Los Angeles DC,Enterprise,SKU-1003,Electronics,Portable Charger,1,132.63,59.06,0.05,126.0,66.94,Completed
ORD-506313,2026-06-07,East,New Jersey DC,Small Business,SKU-1010,Beauty,Skin Care Kit,1,212.38,144.24,0,212.38,68.14,Completed
ORD-506314,2026-06-07,Central,Chicago DC,Consumer,SKU-1002,Electronics,Smart Home Hub,2,202.52,137.45,0.15,344.28,69.38,Completed
ORD-506315,2026-06-07,West,Los Angeles DC,Consumer,SKU-1005,Home,Bedding Set,1,134.44,81.31,0,134.44,53.13,Completed
ORD-506316,2026-06-07,Central,Chicago DC,Enterprise,SKU-1007,Apparel,Performance Jacket,2,259.88,171.94,0,519.76,175.88,Completed
ORD-506317,2026-06-07,East,New Jersey DC,Enterprise,SKU-1007,Apparel,Performance Jacket,1,259.88,171.94,0.15,220.9,48.96,Completed
ORD-506318,2026-06-07,West,Denver DC,Small Business,SKU-1010,Beauty,Skin Care Kit,1,212.38,144.24,0.1,191.14,46.9,Completed
ORD-506319,2026-06-07,East,New Jersey DC,Small Business,SKU-1007,Apparel,Performance Jacket,2,259.88,171.94,0.15,441.8,97.92,Completed
ORD-506320,2026-06-07,East,Atlanta DC,Consumer,SKU-1002,Electronics,Smart Home Hub,1,202.52,137.45,0.15,172.14,34.69,Completed
ORD-506321,2026-06-07,East,Miami DC,Consumer,SKU-1012,Beauty,Fragrance Set,1,138.55,68.54,0.15,117.77,49.23,Completed
ORD-506322,2026-06-08,West,Denver DC,Consumer,SKU-1009,Apparel,Travel Backpack,2,145.86,81.38,0,291.72,128.96,Completed
ORD-506323,2026-06-08,West,Seattle DC,Small Business,SKU-1010,Beauty,Skin Care Kit,2,212.38,144.24,0,424.76,136.28,Completed
ORD-506324,2026-06-08,East,Miami DC,Small Business,SKU-1011,Beauty,Hair Dryer,1,35.1,16.43,0.1,31.59,15.16,Completed
ORD-506325,2026-06-08,West,Denver DC,Enterprise,SKU-1009,Apparel,Travel Backpack,1,145.86,81.38,0,145.86,64.48,Completed
ORD-506326,2026-06-08,East,Miami DC,Enterprise,SKU-1009,Apparel,Travel Backpack,3,145.86,81.38,0,437.58,193.44,Completed
ORD-506327,2026-06-08,East,Atlanta DC,Small Business,SKU-1010,Beauty,Skin Care Kit,1,212.38,144.24,0.05,201.76,57.52,Completed
ORD-506328,2026-06-08,West,Los Angeles DC,Consumer,SKU-1006,Home,Kitchen Organizer,3,100.06,51.21,0,300.18,146.55,Completed
ORD-506329,2026-06-08,West,Denver DC,Enterprise,SKU-1005,Home,Bedding Set,2,134.44,81.31,0,268.88,106.26,Completed
ORD-506330,2026-06-08,Central,Chicago DC,Small Business,SKU-1002,Electronics,Smart Home Hub,1,202.52,137.45,0,202.52,65.07,Completed
ORD-506331,2026-06-08,Central,Chicago DC,Enterprise,SKU-1004,Home,Air Purifier,1,39.43,23.74,0.1,35.49,11.75,Completed
ORD-506332,2026-06-08,East,New Jersey DC,Consumer,SKU-1012,Beauty,Fragrance Set,3,138.55,68.54,0,415.65,210.03,Completed
ORD-506333,2026-06-08,West,Denver DC,Enterprise,SKU-1011,Beauty,Hair Dryer,1,35.1,16.43,0,35.1,18.67,Completed
ORD-506334,2026-06-08,West,Denver DC,Enterprise,SKU-1006,Home,Kitchen Organizer,4,100.06,51.21,0,400.24,195.4,Completed
ORD-506335,2026-06-08,Central,Dallas DC,Consumer,SKU-1003,Electronics,Portable Charger,1,132.63,59.06,0,132.63,73.57,Completed
ORD-506336,2026-06-08,East,Miami DC,Small Business,SKU-1011,Beauty,Hair Dryer,1,35.1,16.43,0.15,29.84,13.41,Completed
ORD-506337,2026-06-08,Central,Chicago DC,Consumer,SKU-1010,Beauty,Skin Care Kit,2,212.38,144.24,0,424.76,136.28,Completed
ORD-506338,2026-06-08,West,Denver DC,Small Business,SKU-1006,Home,Kitchen Organizer,1,100.06,51.21,0.05,95.06,43.85,Completed
ORD-506339,2026-06-08,East,New Jersey DC,Small Business,SKU-1009,Apparel,Travel Backpack,1,145.86,81.38,0.15,123.98,42.6,Completed
ORD-506340,2026-06-08,West,Los Angeles DC,Small Business,SKU-1003,Electronics,Portable Charger,3,132.63,59.06,0,397.89,220.71,Completed
ORD-506341,2026-06-08,West,Denver DC,Enterprise,SKU-1007,Apparel,Performance Jacket,1,259.88,171.94,0.15,220.9,48.96,Completed
ORD-506342,2026-06-08,West,Los Angeles DC,Small Business,SKU-1008,Apparel,Running Shoes,1,88.43,59.11,0,88.43,29.32,Completed
ORD-506343,2026-06-08,West,Denver DC,Consumer,SKU-1002,Electronics,Smart Home Hub,1,202.52,137.45,0,202.52,65.07,Completed
ORD-506344,2026-06-08,West,Los Angeles DC,Small Business,SKU-1010,Beauty,Skin Care Kit,1,212.38,144.24,0.1,191.14,46.9,Completed
ORD-506345,2026-06-08,West,Los Angeles DC,Small Business,SKU-1009,Apparel,Travel Backpack,1,145.86,81.38,0.05,138.57,57.19,Completed
ORD-506346,2026-06-08,East,Atlanta DC,Small Business,SKU-1001,Electronics,Noise-Canceling Headphones,1,202.4,94.45,0.15,172.04,77.59,Completed
ORD-506347,2026-06-08,East,New Jersey DC,Enterprise,SKU-1010,Beauty,Skin Care Kit,1,212.38,144.24,0,212.38,68.14,Completed
ORD-506348,2026-06-08,East,New Jersey DC,Consumer,SKU-1010,Beauty,Skin Care Kit,2,212.38,144.24,0.15,361.05,72.57,Completed
ORD-506349,2026-06-08,Central,Dallas DC,Consumer,SKU-1008,Apparel,Running Shoes,2,88.43,59.11,0.15,150.33,32.11,Completed
ORD-506350,2026-06-08,Central,Chicago DC,Enterprise,SKU-1009,Apparel,Travel Backpack,2,145.86,81.38,0,291.72,128.96,Completed
ORD-506351,2026-06-08,East,Atlanta DC,Consumer,SKU-1007,Apparel,Performance Jacket,1,259.88,171.94,0,259.88,87.94,Completed
ORD-506352,2026-06-08,West,Los Angeles DC,Consumer,SKU-1002,Electronics,Smart Home Hub,1,202.52,137.45,0.05,192.39,54.94,Completed
ORD-506353,2026-06-08,Central,Minneapolis DC,Enterprise,SKU-1003,Electronics,Portable Charger,2,132.63,59.06,0,265.26,147.14,Completed
ORD-506354,2026-06-08,East,Miami DC,Small Business,SKU-1003,Electronics,Portable Charger,1,132.63,59.06,0,132.63,73.57,Completed
ORD-506355,2026-06-08,West,Denver DC,Consumer,SKU-1009,Apparel,Travel Backpack,1,145.86,81.38,0,145.86,64.48,Completed
ORD-506356,2026-06-08,East,New Jersey DC,Consumer,SKU-1010,Beauty,Skin Care Kit,1,212.38,144.24,0.1,191.14,46.9,Completed
ORD-506357,2026-06-08,West,Seattle DC,Enterprise,SKU-1004,Home,Air Purifier,1,39.43,23.74,0.15,33.52,9.78,Completed
ORD-506358,2026-06-08,Central,Chicago DC,Consumer,SKU-1008,Apparel,Running Shoes,1,88.43,59.11,0.1,79.59,20.48,Returned
ORD-506359,2026-06-08,East,Miami DC,Small Business,SKU-1009,Apparel,Travel Backpack,3,145.86,81.38,0.1,393.82,149.68,Completed
ORD-506360,2026-06-08,East,Atlanta DC,Consumer,SKU-1002,Electronics,Smart Home Hub,1,202.52,137.45,0,202.52,65.07,Completed
ORD-506361,2026-06-08,East,Miami DC,Small Business,SKU-1001,Electronics,Noise-Canceling Headphones,1,202.4,94.45,0,202.4,107.95,Completed
ORD-506362,2026-06-08,Central,Chicago DC,Consumer,SKU-1004,Home,Air Purifier,1,39.43,23.74,0,39.43,15.69,Completed
ORD-506363,2026-06-08,Central,Minneapolis DC,Enterprise,SKU-1007,Apparel,Performance Jacket,1,259.88,171.94,0,259.88,87.94,Completed
ORD-506364,2026-06-08,West,Seattle DC,Small Business,SKU-1006,Home,Kitchen Organizer,2,100.06,51.21,0,200.12,97.7,Completed
ORD-506365,2026-06-08,East,Miami DC,Enterprise,SKU-1008,Apparel,Running Shoes,3,88.43,59.11,0,265.29,87.96,Completed
ORD-506366,2026-06-08,Central,Chicago DC,Small Business,SKU-1007,Apparel,Performance Jacket,2,259.88,171.94,0.15,441.8,97.92,Completed
ORD-506367,2026-06-09,West,Seattle DC,Small Business,SKU-1011,Beauty,Hair Dryer,1,35.1,16.43,0.1,31.59,15.16,Completed
ORD-506368,2026-06-09,West,Denver DC,Small Business,SKU-1011,Beauty,Hair Dryer,1,35.1,16.43,0,35.1,18.67,Completed
ORD-506369,2026-06-09,West,Los Angeles DC,Consumer,SKU-1003,Electronics,Portable Charger,3,132.63,59.06,0,397.89,220.71,Completed
ORD-506370,2026-06-09,Central,Chicago DC,Small Business,SKU-1004,Home,Air Purifier,2,39.43,23.74,0,78.86,31.38,Completed
ORD-506371,2026-06-09,East,Miami DC,Consumer,SKU-1011,Beauty,Hair Dryer,1,35.1,16.43,0,35.1,18.67,Completed
ORD-506372,2026-06-09,Central,Minneapolis DC,Small Business,SKU-1008,Apparel,Running Shoes,2,88.43,59.11,0.1,159.17,40.95,Completed
ORD-506373,2026-06-09,West,Los Angeles DC,Consumer,SKU-1008,Apparel,Running Shoes,1,88.43,59.11,0.1,79.59,20.48,Completed
ORD-506374,2026-06-09,Central,Minneapolis DC,Small Business,SKU-1011,Beauty,Hair Dryer,1,35.1,16.43,0.1,31.59,15.16,Completed
ORD-506375,2026-06-09,East,New Jersey DC,Small Business,SKU-1001,Electronics,Noise-Canceling Headphones,3,202.4,94.45,0.15,516.12,232.77,Completed
ORD-506376,2026-06-09,East,Atlanta DC,Small Business,SKU-1011,Beauty,Hair Dryer,3,35.1,16.43,0,105.3,56.01,Completed
ORD-506377,2026-06-09,West,Denver DC,Enterprise,SKU-1011,Beauty,Hair Dryer,4,35.1,16.43,0.1,126.36,60.64,Completed
ORD-506378,2026-06-09,Central,Chicago DC,Small Business,SKU-1005,Home,Bedding Set,1,134.44,81.31,0,134.44,53.13,Completed
ORD-506379,2026-06-09,Central,Dallas DC,Enterprise,SKU-1011,Beauty,Hair Dryer,1,35.1,16.43,0.05,33.34,16.91,Completed
ORD-506380,2026-06-09,Central,Minneapolis DC,Enterprise,SKU-1008,Apparel,Running Shoes,2,88.43,59.11,0.15,150.33,32.11,Completed
ORD-506381,2026-06-09,East,Atlanta DC,Enterprise,SKU-1002,Electronics,Smart Home Hub,4,202.52,137.45,0,810.08,260.28,Completed
ORD-506382,2026-06-09,West,Los Angeles DC,Small Business,SKU-1012,Beauty,Fragrance Set,2,138.55,68.54,0.15,235.54,98.46,Returned
ORD-506383,2026-06-09,West,Denver DC,Enterprise,SKU-1008,Apparel,Running Shoes,1,88.43,59.11,0.05,84.01,24.9,Completed
ORD-506384,2026-06-09,East,New Jersey DC,Enterprise,SKU-1009,Apparel,Travel Backpack,1,145.86,81.38,0,145.86,64.48,Completed
ORD-506385,2026-06-09,East,Miami DC,Consumer,SKU-1009,Apparel,Travel Backpack,2,145.86,81.38,0,291.72,128.96,Completed
ORD-506386,2026-06-09,West,Los Angeles DC,Small Business,SKU-1012,Beauty,Fragrance Set,1,138.55,68.54,0,138.55,70.01,Completed
ORD-506387,2026-06-09,Central,Minneapolis DC,Enterprise,SKU-1010,Beauty,Skin Care Kit,2,212.38,144.24,0,424.76,136.28,Completed
ORD-506388,2026-06-09,East,Atlanta DC,Enterprise,SKU-1007,Apparel,Performance Jacket,2,259.88,171.94,0,519.76,175.88,Completed
ORD-506389,2026-06-09,East,Atlanta DC,Enterprise,SKU-1004,Home,Air Purifier,3,39.43,23.74,0.15,100.55,29.33,Completed
ORD-506390,2026-06-09,East,New Jersey DC,Small Business,SKU-1008,Apparel,Running Shoes,1,88.43,59.11,0.05,84.01,24.9,Completed
ORD-506391,2026-06-09,Central,Dallas DC,Enterprise,SKU-1006,Home,Kitchen Organizer,1,100.06,51.21,0.1,90.05,38.84,Completed
ORD-506392,2026-06-09,Central,Minneapolis DC,Enterprise,SKU-1001,Electronics,Noise-Canceling Headphones,1,202.4,94.45,0.15,172.04,77.59,Completed
ORD-506393,2026-06-09,East,New Jersey DC,Enterprise,SKU-1006,Home,Kitchen Organizer,2,100.06,51.21,0,200.12,97.7,Completed
ORD-506394,2026-06-09,Central,Dallas DC,Consumer,SKU-1001,Electronics,Noise-Canceling Headphones,1,202.4,94.45,0.05,192.28,97.83,Completed
ORD-506395,2026-06-09,East,New Jersey DC,Consumer,SKU-1012,Beauty,Fragrance Set,2,138.55,68.54,0,277.1,140.02,Completed
ORD-506396,2026-06-09,Central,Minneapolis DC,Small Business,SKU-1007,Apparel,Performance Jacket,2,259.88,171.94,0,519.76,175.88,Completed
ORD-506397,2026-06-09,East,New Jersey DC,Enterprise,SKU-1001,Electronics,Noise-Canceling Headphones,1,202.4,94.45,0,202.4,107.95,Completed
ORD-506398,2026-06-09,West,Denver DC,Enterprise,SKU-1003,Electronics,Portable Charger,3,132.63,59.06,0.1,358.1,180.92,Completed
ORD-506399,2026-06-09,Central,Dallas DC,Consumer,SKU-1006,Home,Kitchen Organizer,1,100.06,51.21,0,100.06,48.85,Completed
ORD-506400,2026-06-10,West,Los Angeles DC,Small Business,SKU-1001,Electronics,Noise-Canceling Headphones,2,202.4,94.45,0,404.8,215.9,Completed
ORD-506401,2026-06-10,Central,Dallas DC,Consumer,SKU-1002,Electronics,Smart Home Hub,1,202.52,137.45,0,202.52,65.07,Completed
ORD-506402,2026-06-10,West,Los Angeles DC,Small Business,SKU-1010,Beauty,Skin Care Kit,1,212.38,144.24,0,212.38,68.14,Completed
ORD-506403,2026-06-10,Central,Dallas DC,Enterprise,SKU-1006,Home,Kitchen Organizer,1,100.06,51.21,0.05,95.06,43.85,Completed
ORD-506404,2026-06-10,West,Los Angeles DC,Small Business,SKU-1012,Beauty,Fragrance Set,1,138.55,68.54,0.1,124.7,56.16,Completed
ORD-506405,2026-06-10,Central,Dallas DC,Consumer,SKU-1009,Apparel,Travel Backpack,1,145.86,81.38,0.1,131.27,49.89,Completed
ORD-506406,2026-06-10,East,Atlanta DC,Small Business,SKU-1001,Electronics,Noise-Canceling Headphones,1,202.4,94.45,0,202.4,107.95,Completed
ORD-506407,2026-06-10,West,Los Angeles DC,Enterprise,SKU-1005,Home,Bedding Set,1,134.44,81.31,0,134.44,53.13,Completed
ORD-506408,2026-06-10,West,Seattle DC,Small Business,SKU-1005,Home,Bedding Set,3,134.44,81.31,0.1,362.99,119.06,Completed
ORD-506409,2026-06-10,Central,Minneapolis DC,Consumer,SKU-1006,Home,Kitchen Organizer,1,100.06,51.21,0,100.06,48.85,Returned
ORD-506410,2026-06-10,East,Miami DC,Enterprise,SKU-1005,Home,Bedding Set,1,134.44,81.31,0.15,114.27,32.96,Completed
ORD-506411,2026-06-10,Central,Minneapolis DC,Consumer,SKU-1002,Electronics,Smart Home Hub,1,202.52,137.45,0.15,172.14,34.69,Completed
ORD-506412,2026-06-10,East,Miami DC,Small Business,SKU-1009,Apparel,Travel Backpack,2,145.86,81.38,0,291.72,128.96,Completed
ORD-506413,2026-06-10,Central,Dallas DC,Small Business,SKU-1009,Apparel,Travel Backpack,1,145.86,81.38,0,145.86,64.48,Completed
ORD-506414,2026-06-10,Central,Minneapolis DC,Small Business,SKU-1002,Electronics,Smart Home Hub,1,202.52,137.45,0.1,182.27,44.82,Completed
ORD-506415,2026-06-10,Central,Chicago DC,Small Business,SKU-1002,Electronics,Smart Home Hub,1,202.52,137.45,0,202.52,65.07,Completed
ORD-506416,2026-06-10,West,Seattle DC,Small Business,SKU-1002,Electronics,Smart Home Hub,3,202.52,137.45,0,607.56,195.21,Completed
ORD-506417,2026-06-10,East,New Jersey DC,Enterprise,SKU-1010,Beauty,Skin Care Kit,1,212.38,144.24,0,212.38,68.14,Completed
ORD-506418,2026-06-10,Central,Dallas DC,Enterprise,SKU-1002,Electronics,Smart Home Hub,2,202.52,137.45,0.15,344.28,69.38,Returned
ORD-506419,2026-06-10,West,Los Angeles DC,Consumer,SKU-1004,Home,Air Purifier,2,39.43,23.74,0.15,67.03,19.55,Completed
ORD-506420,2026-06-10,East,Miami DC,Enterprise,SKU-1010,Beauty,Skin Care Kit,1,212.38,144.24,0,212.38,68.14,Completed
ORD-506421,2026-06-10,Central,Dallas DC,Consumer,SKU-1009,Apparel,Travel Backpack,1,145.86,81.38,0,145.86,64.48,Completed
ORD-506422,2026-06-10,East,Miami DC,Enterprise,SKU-1002,Electronics,Smart Home Hub,1,202.52,137.45,0.05,192.39,54.94,Completed
ORD-506423,2026-06-11,Central,Minneapolis DC,Enterprise,SKU-1011,Beauty,Hair Dryer,2,35.1,16.43,0.1,63.18,30.32,Completed
ORD-506424,2026-06-11,Central,Minneapolis DC,Enterprise,SKU-1003,Electronics,Portable Charger,1,132.63,59.06,0.05,126.0,66.94,Completed
ORD-506425,2026-06-11,West,Los Angeles DC,Small Business,SKU-1006,Home,Kitchen Organizer,1,100.06,51.21,0,100.06,48.85,Completed
ORD-506426,2026-06-11,East,New Jersey DC,Small Business,SKU-1008,Apparel,Running Shoes,2,88.43,59.11,0.1,159.17,40.95,Completed
ORD-506427,2026-06-11,Central,Dallas DC,Small Business,SKU-1011,Beauty,Hair Dryer,1,35.1,16.43,0,35.1,18.67,Completed
ORD-506428,2026-06-11,West,Denver DC,Enterprise,SKU-1001,Electronics,Noise-Canceling Headphones,1,202.4,94.45,0.05,192.28,97.83,Completed
ORD-506429,2026-06-11,Central,Dallas DC,Small Business,SKU-1003,Electronics,Portable Charger,1,132.63,59.06,0.05,126.0,66.94,Completed
ORD-506430,2026-06-11,Central,Chicago DC,Consumer,SKU-1004,Home,Air Purifier,2,39.43,23.74,0.15,67.03,19.55,Completed
ORD-506431,2026-06-11,East,Miami DC,Enterprise,SKU-1012,Beauty,Fragrance Set,1,138.55,68.54,0,138.55,70.01,Completed
ORD-506432,2026-06-11,West,Seattle DC,Small Business,SKU-1009,Apparel,Travel Backpack,1,145.86,81.38,0,145.86,64.48,Completed
ORD-506433,2026-06-11,Central,Chicago DC,Consumer,SKU-1003,Electronics,Portable Charger,1,132.63,59.06,0,132.63,73.57,Completed
ORD-506434,2026-06-11,Central,Chicago DC,Small Business,SKU-1007,Apparel,Performance Jacket,1,259.88,171.94,0.1,233.89,61.95,Completed
ORD-506435,2026-06-11,Central,Chicago DC,Small Business,SKU-1006,Home,Kitchen Organizer,4,100.06,51.21,0.15,340.2,135.36,Completed
ORD-506436,2026-06-11,West,Denver DC,Consumer,SKU-1010,Beauty,Skin Care Kit,2,212.38,144.24,0,424.76,136.28,Completed
ORD-506437,2026-06-11,West,Seattle DC,Consumer,SKU-1008,Apparel,Running Shoes,3,88.43,59.11,0.15,225.5,48.17,Completed
ORD-506438,2026-06-11,Central,Minneapolis DC,Small Business,SKU-1007,Apparel,Performance Jacket,4,259.88,171.94,0.05,987.54,299.78,Completed
ORD-506439,2026-06-11,East,Atlanta DC,Enterprise,SKU-1007,Apparel,Performance Jacket,3,259.88,171.94,0,779.64,263.82,Completed
ORD-506440,2026-06-11,East,New Jersey DC,Small Business,SKU-1006,Home,Kitchen Organizer,1,100.06,51.21,0.05,95.06,43.85,Completed
ORD-506441,2026-06-11,West,Seattle DC,Consumer,SKU-1010,Beauty,Skin Care Kit,1,212.38,144.24,0,212.38,68.14,Completed
ORD-506442,2026-06-11,West,Los Angeles DC,Consumer,SKU-1008,Apparel,Running Shoes,1,88.43,59.11,0,88.43,29.32,Completed
ORD-506443,2026-06-11,Central,Dallas DC,Enterprise,SKU-1003,Electronics,Portable Charger,1,132.63,59.06,0,132.63,73.57,Completed
ORD-506444,2026-06-11,East,New Jersey DC,Consumer,SKU-1006,Home,Kitchen Organizer,1,100.06,51.21,0,100.06,48.85,Completed
ORD-506445,2026-06-11,East,Atlanta DC,Enterprise,SKU-1011,Beauty,Hair Dryer,1,35.1,16.43,0.1,31.59,15.16,Completed
ORD-506446,2026-06-11,Central,Minneapolis DC,Small Business,SKU-1005,Home,Bedding Set,1,134.44,81.31,0,134.44,53.13,Completed
ORD-506447,2026-06-11,West,Los Angeles DC,Consumer,SKU-1007,Apparel,Performance Jacket,1,259.88,171.94,0.15,220.9,48.96,Returned
ORD-506448,2026-06-11,West,Seattle DC,Enterprise,SKU-1010,Beauty,Skin Care Kit,1,212.38,144.24,0,212.38,68.14,Completed
ORD-506449,2026-06-11,East,Atlanta DC,Enterprise,SKU-1008,Apparel,Running Shoes,3,88.43,59.11,0,265.29,87.96,Completed
ORD-506450,2026-06-11,Central,Dallas DC,Enterprise,SKU-1007,Apparel,Performance Jacket,4,259.88,171.94,0.15,883.59,195.83,Completed
ORD-506451,2026-06-11,East,Atlanta DC,Small Business,SKU-1005,Home,Bedding Set,1,134.44,81.31,0.15,114.27,32.96,Completed
ORD-506452,2026-06-11,West,Denver DC,Enterprise,SKU-1009,Apparel,Travel Backpack,1,145.86,81.38,0,145.86,64.48,Completed
ORD-506453,2026-06-11,Central,Minneapolis DC,Consumer,SKU-1009,Apparel,Travel Backpack,3,145.86,81.38,0,437.58,193.44,Completed
ORD-506454,2026-06-11,Central,Dallas DC,Consumer,SKU-1006,Home,Kitchen Organizer,1,100.06,51.21,0,100.06,48.85,Completed
ORD-506455,2026-06-11,West,Seattle DC,Enterprise,SKU-1009,Apparel,Travel Backpack,2,145.86,81.38,0.05,277.13,114.37,Completed
ORD-506456,2026-06-11,West,Los Angeles DC,Consumer,SKU-1010,Beauty,Skin Care Kit,1,212.38,144.24,0,212.38,68.14,Completed
ORD-506457,2026-06-11,West,Seattle DC,Enterprise,SKU-1011,Beauty,Hair Dryer,1,35.1,16.43,0.1,31.59,15.16,Completed
ORD-506458,2026-06-11,East,New Jersey DC,Small Business,SKU-1008,Apparel,Running Shoes,1,88.43,59.11,0.1,79.59,20.48,Completed
ORD-506459,2026-06-11,Central,Dallas DC,Small Business,SKU-1004,Home,Air Purifier,3,39.43,23.74,0,118.29,47.07,Completed
ORD-506460,2026-06-11,West,Los Angeles DC,Consumer,SKU-1003,Electronics,Portable Charger,1,132.63,59.06,0,132.63,73.57,Completed
ORD-506461,2026-06-11,East,Atlanta DC,Consumer,SKU-1008,Apparel,Running Shoes,2,88.43,59.11,0.05,168.02,49.8,Completed
ORD-506462,2026-06-11,East,Atlanta DC,Consumer,SKU-1008,Apparel,Running Shoes,1,88.43,59.11,0.05,84.01,24.9,Completed
ORD-506463,2026-06-11,West,Seattle DC,Consumer,SKU-1012,Beauty,Fragrance Set,1,138.55,68.54,0,138.55,70.01,Completed
ORD-506464,2026-06-11,West,Denver DC,Small Business,SKU-1001,Electronics,Noise-Canceling Headphones,1,202.4,94.45,0,202.4,107.95,Completed
ORD-506465,2026-06-12,Central,Dallas DC,Small Business,SKU-1003,Electronics,Portable Charger,1,132.63,59.06,0,132.63,73.57,Completed
ORD-506466,2026-06-12,Central,Chicago DC,Consumer,SKU-1009,Apparel,Travel Backpack,3,145.86,81.38,0.05,415.7,171.56,Completed
ORD-506467,2026-06-12,Central,Dallas DC,Small Business,SKU-1002,Electronics,Smart Home Hub,1,202.52,137.45,0.1,182.27,44.82,Completed
ORD-506468,2026-06-12,West,Seattle DC,Small Business,SKU-1003,Electronics,Portable Charger,2,132.63,59.06,0,265.26,147.14,Completed
ORD-506469,2026-06-12,Central,Dallas DC,Consumer,SKU-1011,Beauty,Hair Dryer,2,35.1,16.43,0,70.2,37.34,Completed
ORD-506470,2026-06-12,West,Seattle DC,Enterprise,SKU-1002,Electronics,Smart Home Hub,1,202.52,137.45,0.05,192.39,54.94,Returned
ORD-506471,2026-06-12,West,Denver DC,Enterprise,SKU-1010,Beauty,Skin Care Kit,1,212.38,144.24,0.1,191.14,46.9,Returned
ORD-506472,2026-06-12,West,Seattle DC,Enterprise,SKU-1006,Home,Kitchen Organizer,3,100.06,51.21,0.1,270.16,116.53,Completed
ORD-506473,2026-06-12,West,Denver DC,Small Business,SKU-1001,Electronics,Noise-Canceling Headphones,1,202.4,94.45,0,202.4,107.95,Completed
ORD-506474,2026-06-12,West,Seattle DC,Small Business,SKU-1004,Home,Air Purifier,1,39.43,23.74,0,39.43,15.69,Completed
ORD-506475,2026-06-12,West,Los Angeles DC,Enterprise,SKU-1006,Home,Kitchen Organizer,4,100.06,51.21,0.05,380.23,175.39,Completed
ORD-506476,2026-06-12,West,Seattle DC,Enterprise,SKU-1011,Beauty,Hair Dryer,4,35.1,16.43,0.1,126.36,60.64,Completed
ORD-506477,2026-06-12,Central,Dallas DC,Consumer,SKU-1007,Apparel,Performance Jacket,2,259.88,171.94,0,519.76,175.88,Completed
ORD-506478,2026-06-12,East,Miami DC,Enterprise,SKU-1003,Electronics,Portable Charger,2,132.63,59.06,0.15,225.47,107.35,Completed
ORD-506479,2026-06-12,East,Atlanta DC,Small Business,SKU-1001,Electronics,Noise-Canceling Headphones,1,202.4,94.45,0.15,172.04,77.59,Completed
ORD-506480,2026-06-12,West,Seattle DC,Enterprise,SKU-1010,Beauty,Skin Care Kit,1,212.38,144.24,0.1,191.14,46.9,Completed
ORD-506481,2026-06-12,East,Atlanta DC,Small Business,SKU-1009,Apparel,Travel Backpack,1,145.86,81.38,0.15,123.98,42.6,Returned
ORD-506482,2026-06-12,East,Miami DC,Consumer,SKU-1001,Electronics,Noise-Canceling Headphones,1,202.4,94.45,0,202.4,107.95,Completed
ORD-506483,2026-06-12,West,Seattle DC,Enterprise,SKU-1011,Beauty,Hair Dryer,2,35.1,16.43,0,70.2,37.34,Completed
ORD-506484,2026-06-12,West,Denver DC,Enterprise,SKU-1007,Apparel,Performance Jacket,1,259.88,171.94,0,259.88,87.94,Completed
ORD-506485,2026-06-12,East,Miami DC,Small Business,SKU-1001,Electronics,Noise-Canceling Headphones,2,202.4,94.45,0,404.8,215.9,Completed
ORD-506486,2026-06-12,East,New Jersey DC,Enterprise,SKU-1011,Beauty,Hair Dryer,4,35.1,16.43,0.1,126.36,60.64,Completed
ORD-506487,2026-06-12,West,Los Angeles DC,Small Business,SKU-1001,Electronics,Noise-Canceling Headphones,2,202.4,94.45,0.1,364.32,175.42,Returned
ORD-506488,2026-06-12,Central,Chicago DC,Small Business,SKU-1008,Apparel,Running Shoes,2,88.43,59.11,0,176.86,58.64,Completed
ORD-506489,2026-06-12,West,Los Angeles DC,Consumer,SKU-1012,Beauty,Fragrance Set,3,138.55,68.54,0,415.65,210.03,Completed
ORD-506490,2026-06-12,West,Denver DC,Small Business,SKU-1011,Beauty,Hair Dryer,3,35.1,16.43,0,105.3,56.01,Completed
ORD-506491,2026-06-12,West,Los Angeles DC,Consumer,SKU-1010,Beauty,Skin Care Kit,3,212.38,144.24,0.05,605.28,172.56,Completed
ORD-506492,2026-06-12,West,Denver DC,Enterprise,SKU-1001,Electronics,Noise-Canceling Headphones,1,202.4,94.45,0.15,172.04,77.59,Completed
ORD-506493,2026-06-12,Central,Chicago DC,Consumer,SKU-1009,Apparel,Travel Backpack,3,145.86,81.38,0.15,371.94,127.8,Completed
ORD-506494,2026-06-12,Central,Dallas DC,Consumer,SKU-1006,Home,Kitchen Organizer,1,100.06,51.21,0.1,90.05,38.84,Completed
ORD-506495,2026-06-12,East,Atlanta DC,Enterprise,SKU-1008,Apparel,Running Shoes,1,88.43,59.11,0.1,79.59,20.48,Completed
ORD-506496,2026-06-12,West,Seattle DC,Enterprise,SKU-1002,Electronics,Smart Home Hub,4,202.52,137.45,0,810.08,260.28,Completed
ORD-506497,2026-06-12,East,Atlanta DC,Enterprise,SKU-1007,Apparel,Performance Jacket,1,259.88,171.94,0.1,233.89,61.95,Returned
ORD-506498,2026-06-12,East,New Jersey DC,Small Business,SKU-1012,Beauty,Fragrance Set,1,138.55,68.54,0.1,124.7,56.16,Returned
ORD-506499,2026-06-12,West,Seattle DC,Small Business,SKU-1007,Apparel,Performance Jacket,2,259.88,171.94,0.1,467.78,123.9,Completed
ORD-506500,2026-06-12,Central,Dallas DC,Small Business,SKU-1011,Beauty,Hair Dryer,1,35.1,16.43,0,35.1,18.67,Completed
ORD-506501,2026-06-12,Central,Chicago DC,Small Business,SKU-1007,Apparel,Performance Jacket,2,259.88,171.94,0.05,493.77,149.89,Completed
ORD-506502,2026-06-12,Central,Chicago DC,Small Business,SKU-1001,Electronics,Noise-Canceling Headphones,2,202.4,94.45,0.1,364.32,175.42,Completed
ORD-506503,2026-06-12,East,Atlanta DC,Small Business,SKU-1012,Beauty,Fragrance Set,3,138.55,68.54,0.15,353.3,147.68,Completed
ORD-506504,2026-06-12,West,Seattle DC,Enterprise,SKU-1007,Apparel,Performance Jacket,1,259.88,171.94,0.15,220.9,48.96,Completed
ORD-506505,2026-06-12,Central,Minneapolis DC,Small Business,SKU-1003,Electronics,Portable Charger,1,132.63,59.06,0,132.63,73.57,Completed
ORD-506506,2026-06-12,West,Seattle DC,Consumer,SKU-1005,Home,Bedding Set,1,134.44,81.31,0,134.44,53.13,Completed
ORD-506507,2026-06-12,East,New Jersey DC,Consumer,SKU-1012,Beauty,Fragrance Set,1,138.55,68.54,0.15,117.77,49.23,Completed
ORD-506508,2026-06-12,East,New Jersey DC,Consumer,SKU-1008,Apparel,Running Shoes,1,88.43,59.11,0.05,84.01,24.9,Completed
ORD-506509,2026-06-12,Central,Dallas DC,Consumer,SKU-1006,Home,Kitchen Organizer,1,100.06,51.21,0,100.06,48.85,Completed
ORD-506510,2026-06-12,East,Atlanta DC,Enterprise,SKU-1002,Electronics,Smart Home Hub,1,202.52,137.45,0,202.52,65.07,Completed
ORD-506511,2026-06-12,West,Los Angeles DC,Enterprise,SKU-1008,Apparel,Running Shoes,1,88.43,59.11,0,88.43,29.32,Completed
ORD-506512,2026-06-12,West,Denver DC,Small Business,SKU-1002,Electronics,Smart Home Hub,3,202.52,137.45,0,607.56,195.21,Completed
ORD-506513,2026-06-12,West,Denver DC,Enterprise,SKU-1012,Beauty,Fragrance Set,2,138.55,68.54,0,277.1,140.02,Completed
ORD-506514,2026-06-12,West,Los Angeles DC,Consumer,SKU-1012,Beauty,Fragrance Set,3,138.55,68.54,0.15,353.3,147.68,Completed
ORD-506515,2026-06-12,East,New Jersey DC,Enterprise,SKU-1012,Beauty,Fragrance Set,1,138.55,68.54,0.05,131.62,63.08,Completed
ORD-506516,2026-06-12,West,Los Angeles DC,Small Business,SKU-1010,Beauty,Skin Care Kit,1,212.38,144.24,0.05,201.76,57.52,Completed
ORD-506517,2026-06-12,West,Denver DC,Enterprise,SKU-1011,Beauty,Hair Dryer,1,35.1,16.43,0.1,31.59,15.16,Cancelled
ORD-506518,2026-06-13,East,Atlanta DC,Enterprise,SKU-1007,Apparel,Performance Jacket,1,259.88,171.94,0.05,246.89,74.95,Completed
ORD-506519,2026-06-13,East,Miami DC,Small Business,SKU-1001,Electronics,Noise-Canceling Headphones,1,202.4,94.45,0,202.4,107.95,Completed
ORD-506520,2026-06-13,West,Seattle DC,Consumer,SKU-1004,Home,Air Purifier,1,39.43,23.74,0.1,35.49,11.75,Completed
ORD-506521,2026-06-13,East,Miami DC,Small Business,SKU-1010,Beauty,Skin Care Kit,1,212.38,144.24,0.05,201.76,57.52,Cancelled
ORD-506522,2026-06-13,Central,Dallas DC,Enterprise,SKU-1001,Electronics,Noise-Canceling Headphones,2,202.4,94.45,0,404.8,215.9,Completed
ORD-506523,2026-06-13,West,Denver DC,Small Business,SKU-1003,Electronics,Portable Charger,1,132.63,59.06,0,132.63,73.57,Completed
ORD-506524,2026-06-13,East,Miami DC,Small Business,SKU-1002,Electronics,Smart Home Hub,2,202.52,137.45,0,405.04,130.14,Completed
ORD-506525,2026-06-13,Central,Dallas DC,Small Business,SKU-1009,Apparel,Travel Backpack,1,145.86,81.38,0.1,131.27,49.89,Completed
ORD-506526,2026-06-13,Central,Dallas DC,Small Business,SKU-1007,Apparel,Performance Jacket,2,259.88,171.94,0,519.76,175.88,Completed
ORD-506527,2026-06-13,West,Denver DC,Consumer,SKU-1011,Beauty,Hair Dryer,2,35.1,16.43,0,70.2,37.34,Completed
ORD-506528,2026-06-13,East,New Jersey DC,Enterprise,SKU-1006,Home,Kitchen Organizer,2,100.06,51.21,0.05,190.11,87.69,Completed
ORD-506529,2026-06-13,West,Los Angeles DC,Consumer,SKU-1008,Apparel,Running Shoes,1,88.43,59.11,0,88.43,29.32,Completed
ORD-506530,2026-06-13,West,Seattle DC,Small Business,SKU-1007,Apparel,Performance Jacket,4,259.88,171.94,0.1,935.57,247.81,Completed
ORD-506531,2026-06-13,Central,Dallas DC,Consumer,SKU-1009,Apparel,Travel Backpack,2,145.86,81.38,0,291.72,128.96,Completed
ORD-506532,2026-06-13,Central,Dallas DC,Small Business,SKU-1009,Apparel,Travel Backpack,3,145.86,81.38,0.15,371.94,127.8,Completed
ORD-506533,2026-06-13,West,Denver DC,Small Business,SKU-1006,Home,Kitchen Organizer,2,100.06,51.21,0.05,190.11,87.69,Returned
ORD-506534,2026-06-13,West,Los Angeles DC,Consumer,SKU-1012,Beauty,Fragrance Set,2,138.55,68.54,0,277.1,140.02,Completed
ORD-506535,2026-06-13,Central,Dallas DC,Enterprise,SKU-1012,Beauty,Fragrance Set,1,138.55,68.54,0.1,124.7,56.16,Completed
ORD-506536,2026-06-13,East,New Jersey DC,Consumer,SKU-1008,Apparel,Running Shoes,4,88.43,59.11,0,353.72,117.28,Completed
ORD-506537,2026-06-13,Central,Dallas DC,Small Business,SKU-1006,Home,Kitchen Organizer,2,100.06,51.21,0,200.12,97.7,Cancelled
ORD-506538,2026-06-13,East,Miami DC,Enterprise,SKU-1004,Home,Air Purifier,2,39.43,23.74,0,78.86,31.38,Completed
ORD-506539,2026-06-13,East,Miami DC,Enterprise,SKU-1001,Electronics,Noise-Canceling Headphones,4,202.4,94.45,0.15,688.16,310.36,Completed
ORD-506540,2026-06-13,West,Los Angeles DC,Small Business,SKU-1003,Electronics,Portable Charger,2,132.63,59.06,0.05,252.0,133.88,Cancelled
ORD-506541,2026-06-13,East,Atlanta DC,Small Business,SKU-1012,Beauty,Fragrance Set,1,138.55,68.54,0,138.55,70.01,Completed
ORD-506542,2026-06-13,East,Miami DC,Enterprise,SKU-1010,Beauty,Skin Care Kit,2,212.38,144.24,0,424.76,136.28,Completed
ORD-506543,2026-06-13,West,Seattle DC,Consumer,SKU-1010,Beauty,Skin Care Kit,1,212.38,144.24,0,212.38,68.14,Completed
ORD-506544,2026-06-13,Central,Chicago DC,Consumer,SKU-1003,Electronics,Portable Charger,3,132.63,59.06,0,397.89,220.71,Completed
ORD-506545,2026-06-13,East,Miami DC,Small Business,SKU-1002,Electronics,Smart Home Hub,1,202.52,137.45,0,202.52,65.07,Completed
ORD-506546,2026-06-13,Central,Chicago DC,Consumer,SKU-1012,Beauty,Fragrance Set,1,138.55,68.54,0.1,124.7,56.16,Completed
ORD-506547,2026-06-13,East,New Jersey DC,Enterprise,SKU-1009,Apparel,Travel Backpack,2,145.86,81.38,0.15,247.96,85.2,Completed
ORD-506548,2026-06-13,East,New Jersey DC,Enterprise,SKU-1009,Apparel,Travel Backpack,3,145.86,81.38,0.15,371.94,127.8,Completed
ORD-506549,2026-06-13,West,Seattle DC,Small Business,SKU-1008,Apparel,Running Shoes,1,88.43,59.11,0.15,75.17,16.06,Completed
ORD-506550,2026-06-13,Central,Dallas DC,Enterprise,SKU-1003,Electronics,Portable Charger,1,132.63,59.06,0,132.63,73.57,Completed
ORD-506551,2026-06-13,Central,Chicago DC,Enterprise,SKU-1001,Electronics,Noise-Canceling Headphones,3,202.4,94.45,0,607.2,323.85,Completed
ORD-506552,2026-06-13,West,Los Angeles DC,Enterprise,SKU-1012,Beauty,Fragrance Set,4,138.55,68.54,0,554.2,280.04,Completed
ORD-506553,2026-06-13,Central,Minneapolis DC,Consumer,SKU-1011,Beauty,Hair Dryer,1,35.1,16.43,0.1,31.59,15.16,Returned
ORD-506554,2026-06-13,East,New Jersey DC,Consumer,SKU-1003,Electronics,Portable Charger,2,132.63,59.06,0,265.26,147.14,Completed
ORD-506555,2026-06-13,East,Miami DC,Small Business,SKU-1007,Apparel,Performance Jacket,2,259.88,171.94,0,519.76,175.88,Completed
ORD-506556,2026-06-13,West,Denver DC,Enterprise,SKU-1005,Home,Bedding Set,1,134.44,81.31,0.05,127.72,46.41,Completed
ORD-506557,2026-06-13,West,Seattle DC,Enterprise,SKU-1002,Electronics,Smart Home Hub,1,202.52,137.45,0,202.52,65.07,Completed
ORD-506558,2026-06-14,Central,Chicago DC,Small Business,SKU-1011,Beauty,Hair Dryer,2,35.1,16.43,0,70.2,37.34,Completed
ORD-506559,2026-06-14,East,New Jersey DC,Enterprise,SKU-1010,Beauty,Skin Care Kit,1,212.38,144.24,0,212.38,68.14,Completed
ORD-506560,2026-06-14,West,Denver DC,Enterprise,SKU-1005,Home,Bedding Set,2,134.44,81.31,0.15,228.55,65.93,Returned
ORD-506561,2026-06-14,East,Miami DC,Small Business,SKU-1011,Beauty,Hair Dryer,3,35.1,16.43,0.1,94.77,45.48,Completed
ORD-506562,2026-06-14,East,Miami DC,Small Business,SKU-1004,Home,Air Purifier,1,39.43,23.74,0.1,35.49,11.75,Completed
ORD-506563,2026-06-14,West,Seattle DC,Consumer,SKU-1011,Beauty,Hair Dryer,2,35.1,16.43,0.1,63.18,30.32,Completed
ORD-506564,2026-06-14,East,New Jersey DC,Small Business,SKU-1004,Home,Air Purifier,1,39.43,23.74,0.05,37.46,13.72,Completed
ORD-506565,2026-06-14,East,Miami DC,Enterprise,SKU-1012,Beauty,Fragrance Set,1,138.55,68.54,0.05,131.62,63.08,Completed
ORD-506566,2026-06-14,Central,Minneapolis DC,Consumer,SKU-1003,Electronics,Portable Charger,1,132.63,59.06,0,132.63,73.57,Completed
ORD-506567,2026-06-14,West,Los Angeles DC,Enterprise,SKU-1007,Apparel,Performance Jacket,1,259.88,171.94,0.1,233.89,61.95,Completed
ORD-506568,2026-06-14,East,Atlanta DC,Small Business,SKU-1011,Beauty,Hair Dryer,2,35.1,16.43,0.05,66.69,33.83,Completed
ORD-506569,2026-06-14,Central,Chicago DC,Enterprise,SKU-1010,Beauty,Skin Care Kit,1,212.38,144.24,0,212.38,68.14,Completed
ORD-506570,2026-06-14,East,Atlanta DC,Enterprise,SKU-1007,Apparel,Performance Jacket,2,259.88,171.94,0.1,467.78,123.9,Completed
ORD-506571,2026-06-14,Central,Dallas DC,Consumer,SKU-1002,Electronics,Smart Home Hub,1,202.52,137.45,0.1,182.27,44.82,Completed
ORD-506572,2026-06-14,Central,Dallas DC,Enterprise,SKU-1004,Home,Air Purifier,1,39.43,23.74,0.15,33.52,9.78,Completed
ORD-506573,2026-06-14,Central,Dallas DC,Consumer,SKU-1003,Electronics,Portable Charger,2,132.63,59.06,0.05,252.0,133.88,Completed
ORD-506574,2026-06-14,West,Denver DC,Small Business,SKU-1007,Apparel,Performance Jacket,1,259.88,171.94,0.05,246.89,74.95,Completed
ORD-506575,2026-06-14,Central,Dallas DC,Consumer,SKU-1008,Apparel,Running Shoes,1,88.43,59.11,0.15,75.17,16.06,Completed
ORD-506576,2026-06-14,Central,Dallas DC,Enterprise,SKU-1011,Beauty,Hair Dryer,1,35.1,16.43,0,35.1,18.67,Completed
ORD-506577,2026-06-14,East,Atlanta DC,Small Business,SKU-1006,Home,Kitchen Organizer,1,100.06,51.21,0,100.06,48.85,Completed
ORD-506578,2026-06-14,Central,Dallas DC,Enterprise,SKU-1008,Apparel,Running Shoes,2,88.43,59.11,0,176.86,58.64,Completed
ORD-506579,2026-06-14,West,Seattle DC,Small Business,SKU-1001,Electronics,Noise-Canceling Headphones,2,202.4,94.45,0,404.8,215.9,Completed
ORD-506580,2026-06-14,West,Seattle DC,Consumer,SKU-1002,Electronics,Smart Home Hub,4,202.52,137.45,0.1,729.07,179.27,Completed
ORD-506581,2026-06-14,East,Atlanta DC,Enterprise,SKU-1003,Electronics,Portable Charger,1,132.63,59.06,0.1,119.37,60.31,Completed
ORD-506582,2026-06-14,East,Atlanta DC,Consumer,SKU-1001,Electronics,Noise-Canceling Headphones,2,202.4,94.45,0.15,344.08,155.18,Completed
ORD-506583,2026-06-14,East,New Jersey DC,Enterprise,SKU-1004,Home,Air Purifier,1,39.43,23.74,0,39.43,15.69,Completed
ORD-506584,2026-06-14,East,Miami DC,Small Business,SKU-1004,Home,Air Purifier,3,39.43,23.74,0.05,112.38,41.16,Completed
ORD-506585,2026-06-14,West,Denver DC,Consumer,SKU-1007,Apparel,Performance Jacket,2,259.88,171.94,0,519.76,175.88,Returned
ORD-506586,2026-06-14,East,New Jersey DC,Enterprise,SKU-1009,Apparel,Travel Backpack,1,145.86,81.38,0,145.86,64.48,Completed
ORD-506587,2026-06-14,West,Denver DC,Small Business,SKU-1010,Beauty,Skin Care Kit,1,212.38,144.24,0.15,180.52,36.28,Returned
ORD-506588,2026-06-14,Central,Chicago DC,Enterprise,SKU-1011,Beauty,Hair Dryer,3,35.1,16.43,0.05,100.04,50.75,Returned
ORD-506589,2026-06-14,Central,Chicago DC,Small Business,SKU-1009,Apparel,Travel Backpack,2,145.86,81.38,0,291.72,128.96,Completed
ORD-506590,2026-06-14,East,Atlanta DC,Consumer,SKU-1001,Electronics,Noise-Canceling Headphones,1,202.4,94.45,0.15,172.04,77.59,Completed
ORD-506591,2026-06-14,Central,Chicago DC,Enterprise,SKU-1007,Apparel,Performance Jacket,3,259.88,171.94,0,779.64,263.82,Completed
ORD-506592,2026-06-14,Central,Minneapolis DC,Enterprise,SKU-1007,Apparel,Performance Jacket,2,259.88,171.94,0.05,493.77,149.89,Completed
ORD-506593,2026-06-14,Central,Minneapolis DC,Enterprise,SKU-1008,Apparel,Running Shoes,1,88.43,59.11,0,88.43,29.32,Completed
ORD-506594,2026-06-14,East,Atlanta DC,Small Business,SKU-1009,Apparel,Travel Backpack,2,145.86,81.38,0.05,277.13,114.37,Completed
ORD-506595,2026-06-14,East,Atlanta DC,Consumer,SKU-1010,Beauty,Skin Care Kit,1,212.38,144.24,0,212.38,68.14,Completed
ORD-506596,2026-06-14,Central,Chicago DC,Small Business,SKU-1009,Apparel,Travel Backpack,1,145.86,81.38,0.1,131.27,49.89,Completed
ORD-506597,2026-06-14,Central,Minneapolis DC,Consumer,SKU-1010,Beauty,Skin Care Kit,2,212.38,144.24,0.05,403.52,115.04,Returned
ORD-506598,2026-06-15,East,Miami DC,Enterprise,SKU-1006,Home,Kitchen Organizer,1,100.06,51.21,0,100.06,48.85,Completed
ORD-506599,2026-06-15,Central,Chicago DC,Small Business,SKU-1007,Apparel,Performance Jacket,1,259.88,171.94,0.15,220.9,48.96,Completed
ORD-506600,2026-06-15,East,Atlanta DC,Enterprise,SKU-1010,Beauty,Skin Care Kit,4,212.38,144.24,0.1,764.57,187.61,Completed
ORD-506601,2026-06-15,East,New Jersey DC,Enterprise,SKU-1007,Apparel,Performance Jacket,1,259.88,171.94,0.15,220.9,48.96,Completed
ORD-506602,2026-06-15,Central,Dallas DC,Consumer,SKU-1008,Apparel,Running Shoes,1,88.43,59.11,0.15,75.17,16.06,Completed
ORD-506603,2026-06-15,East,New Jersey DC,Enterprise,SKU-1003,Electronics,Portable Charger,1,132.63,59.06,0.05,126.0,66.94,Completed
ORD-506604,2026-06-15,Central,Minneapolis DC,Enterprise,SKU-1012,Beauty,Fragrance Set,1,138.55,68.54,0,138.55,70.01,Completed
ORD-506605,2026-06-15,West,Seattle DC,Enterprise,SKU-1010,Beauty,Skin Care Kit,1,212.38,144.24,0,212.38,68.14,Completed
ORD-506606,2026-06-15,East,Atlanta DC,Small Business,SKU-1011,Beauty,Hair Dryer,1,35.1,16.43,0.1,31.59,15.16,Completed
ORD-506607,2026-06-15,Central,Minneapolis DC,Small Business,SKU-1002,Electronics,Smart Home Hub,1,202.52,137.45,0,202.52,65.07,Completed
ORD-506608,2026-06-15,East,Miami DC,Small Business,SKU-1008,Apparel,Running Shoes,1,88.43,59.11,0.1,79.59,20.48,Completed
ORD-506609,2026-06-15,East,New Jersey DC,Enterprise,SKU-1008,Apparel,Running Shoes,1,88.43,59.11,0,88.43,29.32,Completed
ORD-506610,2026-06-15,East,Atlanta DC,Consumer,SKU-1010,Beauty,Skin Care Kit,3,212.38,144.24,0.15,541.57,108.85,Completed
ORD-506611,2026-06-15,Central,Minneapolis DC,Small Business,SKU-1008,Apparel,Running Shoes,2,88.43,59.11,0.15,150.33,32.11,Completed
ORD-506612,2026-06-15,East,Atlanta DC,Consumer,SKU-1010,Beauty,Skin Care Kit,1,212.38,144.24,0,212.38,68.14,Completed
ORD-506613,2026-06-15,West,Los Angeles DC,Small Business,SKU-1008,Apparel,Running Shoes,1,88.43,59.11,0.15,75.17,16.06,Completed
ORD-506614,2026-06-15,West,Seattle DC,Enterprise,SKU-1012,Beauty,Fragrance Set,3,138.55,68.54,0,415.65,210.03,Completed
ORD-506615,2026-06-15,Central,Chicago DC,Small Business,SKU-1010,Beauty,Skin Care Kit,3,212.38,144.24,0.15,541.57,108.85,Completed
ORD-506616,2026-06-15,West,Denver DC,Small Business,SKU-1008,Apparel,Running Shoes,1,88.43,59.11,0.15,75.17,16.06,Completed
ORD-506617,2026-06-15,East,Miami DC,Small Business,SKU-1009,Apparel,Travel Backpack,3,145.86,81.38,0,437.58,193.44,Completed
ORD-506618,2026-06-15,East,New Jersey DC,Consumer,SKU-1002,Electronics,Smart Home Hub,1,202.52,137.45,0.05,192.39,54.94,Completed
ORD-506619,2026-06-15,West,Seattle DC,Consumer,SKU-1010,Beauty,Skin Care Kit,1,212.38,144.24,0.15,180.52,36.28,Completed
ORD-506620,2026-06-15,Central,Minneapolis DC,Enterprise,SKU-1001,Electronics,Noise-Canceling Headphones,2,202.4,94.45,0,404.8,215.9,Completed
ORD-506621,2026-06-15,Central,Chicago DC,Consumer,SKU-1006,Home,Kitchen Organizer,2,100.06,51.21,0,200.12,97.7,Completed
ORD-506622,2026-06-15,Central,Dallas DC,Small Business,SKU-1009,Apparel,Travel Backpack,1,145.86,81.38,0.15,123.98,42.6,Completed
ORD-506623,2026-06-15,Central,Dallas DC,Consumer,SKU-1003,Electronics,Portable Charger,1,132.63,59.06,0.05,126.0,66.94,Completed
ORD-506624,2026-06-15,East,Miami DC,Enterprise,SKU-1009,Apparel,Travel Backpack,2,145.86,81.38,0.05,277.13,114.37,Completed
ORD-506625,2026-06-15,Central,Chicago DC,Enterprise,SKU-1007,Apparel,Performance Jacket,2,259.88,171.94,0,519.76,175.88,Completed
ORD-506626,2026-06-15,West,Denver DC,Enterprise,SKU-1008,Apparel,Running Shoes,1,88.43,59.11,0.15,75.17,16.06,Completed
ORD-506627,2026-06-15,Central,Chicago DC,Small Business,SKU-1011,Beauty,Hair Dryer,1,35.1,16.43,0.15,29.84,13.41,Completed
ORD-506628,2026-06-15,East,New Jersey DC,Enterprise,SKU-1009,Apparel,Travel Backpack,2,145.86,81.38,0.1,262.55,99.79,Completed
ORD-506629,2026-06-15,West,Los Angeles DC,Enterprise,SKU-1008,Apparel,Running Shoes,1,88.43,59.11,0,88.43,29.32,Returned
ORD-506630,2026-06-16,West,Denver DC,Small Business,SKU-1011,Beauty,Hair Dryer,4,35.1,16.43,0,140.4,74.68,Completed
ORD-506631,2026-06-16,Central,Minneapolis DC,Consumer,SKU-1004,Home,Air Purifier,1,39.43,23.74,0,39.43,15.69,Completed
ORD-506632,2026-06-16,Central,Chicago DC,Small Business,SKU-1008,Apparel,Running Shoes,1,88.43,59.11,0.05,84.01,24.9,Cancelled
ORD-506633,2026-06-16,East,New Jersey DC,Enterprise,SKU-1002,Electronics,Smart Home Hub,4,202.52,137.45,0.15,688.57,138.77,Completed
ORD-506634,2026-06-16,West,Los Angeles DC,Small Business,SKU-1001,Electronics,Noise-Canceling Headphones,1,202.4,94.45,0.1,182.16,87.71,Cancelled
ORD-506635,2026-06-16,West,Seattle DC,Consumer,SKU-1002,Electronics,Smart Home Hub,1,202.52,137.45,0,202.52,65.07,Completed
ORD-506636,2026-06-16,West,Denver DC,Small Business,SKU-1005,Home,Bedding Set,3,134.44,81.31,0,403.32,159.39,Returned
ORD-506637,2026-06-16,Central,Minneapolis DC,Small Business,SKU-1010,Beauty,Skin Care Kit,2,212.38,144.24,0.1,382.28,93.8,Cancelled
ORD-506638,2026-06-16,East,New Jersey DC,Small Business,SKU-1004,Home,Air Purifier,1,39.43,23.74,0.1,35.49,11.75,Completed
ORD-506639,2026-06-16,West,Los Angeles DC,Small Business,SKU-1008,Apparel,Running Shoes,2,88.43,59.11,0.05,168.02,49.8,Completed
ORD-506640,2026-06-16,East,Miami DC,Small Business,SKU-1008,Apparel,Running Shoes,1,88.43,59.11,0,88.43,29.32,Completed
ORD-506641,2026-06-16,Central,Dallas DC,Enterprise,SKU-1011,Beauty,Hair Dryer,3,35.1,16.43,0,105.3,56.01,Completed
ORD-506642,2026-06-16,East,Atlanta DC,Small Business,SKU-1010,Beauty,Skin Care Kit,2,212.38,144.24,0.1,382.28,93.8,Completed
ORD-506643,2026-06-16,West,Los Angeles DC,Small Business,SKU-1006,Home,Kitchen Organizer,1,100.06,51.21,0.1,90.05,38.84,Completed
ORD-506644,2026-06-16,Central,Chicago DC,Consumer,SKU-1001,Electronics,Noise-Canceling Headphones,2,202.4,94.45,0.1,364.32,175.42,Completed
ORD-506645,2026-06-16,East,Miami DC,Small Business,SKU-1007,Apparel,Performance Jacket,1,259.88,171.94,0,259.88,87.94,Completed
ORD-506646,2026-06-16,East,New Jersey DC,Enterprise,SKU-1009,Apparel,Travel Backpack,1,145.86,81.38,0.05,138.57,57.19,Completed
ORD-506647,2026-06-16,East,Atlanta DC,Small Business,SKU-1008,Apparel,Running Shoes,1,88.43,59.11,0,88.43,29.32,Completed
ORD-506648,2026-06-16,East,New Jersey DC,Small Business,SKU-1001,Electronics,Noise-Canceling Headphones,3,202.4,94.45,0,607.2,323.85,Completed
ORD-506649,2026-06-16,West,Seattle DC,Enterprise,SKU-1009,Apparel,Travel Backpack,1,145.86,81.38,0,145.86,64.48,Completed
ORD-506650,2026-06-16,Central,Dallas DC,Consumer,SKU-1001,Electronics,Noise-Canceling Headphones,2,202.4,94.45,0,404.8,215.9,Completed
ORD-506651,2026-06-16,East,Atlanta DC,Small Business,SKU-1007,Apparel,Performance Jacket,2,259.88,171.94,0,519.76,175.88,Completed
ORD-506652,2026-06-16,East,Atlanta DC,Enterprise,SKU-1010,Beauty,Skin Care Kit,3,212.38,144.24,0,637.14,204.42,Completed
ORD-506653,2026-06-16,East,New Jersey DC,Enterprise,SKU-1010,Beauty,Skin Care Kit,2,212.38,144.24,0.1,382.28,93.8,Completed
ORD-506654,2026-06-16,East,Atlanta DC,Small Business,SKU-1004,Home,Air Purifier,1,39.43,23.74,0,39.43,15.69,Completed
ORD-506655,2026-06-16,Central,Chicago DC,Enterprise,SKU-1008,Apparel,Running Shoes,2,88.43,59.11,0.05,168.02,49.8,Completed
ORD-506656,2026-06-16,Central,Minneapolis DC,Small Business,SKU-1011,Beauty,Hair Dryer,1,35.1,16.43,0.1,31.59,15.16,Returned
ORD-506657,2026-06-16,Central,Dallas DC,Consumer,SKU-1004,Home,Air Purifier,1,39.43,23.74,0,39.43,15.69,Completed
ORD-506658,2026-06-16,Central,Minneapolis DC,Small Business,SKU-1010,Beauty,Skin Care Kit,1,212.38,144.24,0,212.38,68.14,Completed
ORD-506659,2026-06-16,East,Miami DC,Enterprise,SKU-1007,Apparel,Performance Jacket,1,259.88,171.94,0,259.88,87.94,Completed
ORD-506660,2026-06-16,Central,Minneapolis DC,Small Business,SKU-1005,Home,Bedding Set,1,134.44,81.31,0.05,127.72,46.41,Returned
ORD-506661,2026-06-16,East,Miami DC,Enterprise,SKU-1005,Home,Bedding Set,4,134.44,81.31,0.05,510.87,185.63,Completed
ORD-506662,2026-06-16,West,Los Angeles DC,Small Business,SKU-1001,Electronics,Noise-Canceling Headphones,4,202.4,94.45,0,809.6,431.8,Returned
ORD-506663,2026-06-16,West,Denver DC,Consumer,SKU-1005,Home,Bedding Set,1,134.44,81.31,0,134.44,53.13,Completed
ORD-506664,2026-06-16,Central,Minneapolis DC,Small Business,SKU-1005,Home,Bedding Set,2,134.44,81.31,0,268.88,106.26,Returned
ORD-506665,2026-06-16,Central,Dallas DC,Consumer,SKU-1006,Home,Kitchen Organizer,2,100.06,51.21,0.05,190.11,87.69,Cancelled
ORD-506666,2026-06-16,West,Los Angeles DC,Enterprise,SKU-1002,Electronics,Smart Home Hub,1,202.52,137.45,0,202.52,65.07,Completed
ORD-506667,2026-06-16,East,Miami DC,Small Business,SKU-1011,Beauty,Hair Dryer,1,35.1,16.43,0.1,31.59,15.16,Completed
ORD-506668,2026-06-16,East,Miami DC,Small Business,SKU-1012,Beauty,Fragrance Set,1,138.55,68.54,0.05,131.62,63.08,Completed
ORD-506669,2026-06-16,West,Los Angeles DC,Consumer,SKU-1001,Electronics,Noise-Canceling Headphones,1,202.4,94.45,0,202.4,107.95,Completed
ORD-506670,2026-06-16,Central,Chicago DC,Consumer,SKU-1012,Beauty,Fragrance Set,1,138.55,68.54,0.15,117.77,49.23,Returned
ORD-506671,2026-06-16,West,Denver DC,Enterprise,SKU-1005,Home,Bedding Set,1,134.44,81.31,0,134.44,53.13,Completed
ORD-506672,2026-06-16,East,Miami DC,Consumer,SKU-1001,Electronics,Noise-Canceling Headphones,1,202.4,94.45,0,202.4,107.95,Completed
ORD-506673,2026-06-16,East,Atlanta DC,Small Business,SKU-1003,Electronics,Portable Charger,2,132.63,59.06,0,265.26,147.14,Completed
ORD-506674,2026-06-16,Central,Chicago DC,Enterprise,SKU-1010,Beauty,Skin Care Kit,1,212.38,144.24,0.15,180.52,36.28,Completed
ORD-506675,2026-06-16,West,Los Angeles DC,Enterprise,SKU-1010,Beauty,Skin Care Kit,1,212.38,144.24,0,212.38,68.14,Completed
ORD-506676,2026-06-16,East,Miami DC,Enterprise,SKU-1002,Electronics,Smart Home Hub,1,202.52,137.45,0.05,192.39,54.94,Completed
ORD-506677,2026-06-16,Central,Dallas DC,Small Business,SKU-1004,Home,Air Purifier,1,39.43,23.74,0.05,37.46,13.72,Completed
ORD-506678,2026-06-17,West,Los Angeles DC,Small Business,SKU-1003,Electronics,Portable Charger,1,132.63,59.06,0,132.63,73.57,Completed
ORD-506679,2026-06-17,West,Seattle DC,Enterprise,SKU-1009,Apparel,Travel Backpack,4,145.86,81.38,0,583.44,257.92,Completed
ORD-506680,2026-06-17,West,Denver DC,Small Business,SKU-1008,Apparel,Running Shoes,1,88.43,59.11,0.05,84.01,24.9,Returned
ORD-506681,2026-06-17,West,Denver DC,Enterprise,SKU-1001,Electronics,Noise-Canceling Headphones,3,202.4,94.45,0,607.2,323.85,Completed
ORD-506682,2026-06-17,West,Denver DC,Enterprise,SKU-1001,Electronics,Noise-Canceling Headphones,1,202.4,94.45,0.1,182.16,87.71,Completed
ORD-506683,2026-06-17,East,Miami DC,Consumer,SKU-1007,Apparel,Performance Jacket,1,259.88,171.94,0,259.88,87.94,Completed
ORD-506684,2026-06-17,East,New Jersey DC,Consumer,SKU-1004,Home,Air Purifier,1,39.43,23.74,0.05,37.46,13.72,Completed
ORD-506685,2026-06-17,West,Los Angeles DC,Small Business,SKU-1012,Beauty,Fragrance Set,2,138.55,68.54,0,277.1,140.02,Completed
ORD-506686,2026-06-17,East,Miami DC,Enterprise,SKU-1005,Home,Bedding Set,2,134.44,81.31,0.1,241.99,79.37,Completed
ORD-506687,2026-06-17,West,Denver DC,Enterprise,SKU-1001,Electronics,Noise-Canceling Headphones,1,202.4,94.45,0,202.4,107.95,Returned
ORD-506688,2026-06-17,East,New Jersey DC,Small Business,SKU-1003,Electronics,Portable Charger,3,132.63,59.06,0.1,358.1,180.92,Completed
ORD-506689,2026-06-17,Central,Chicago DC,Small Business,SKU-1012,Beauty,Fragrance Set,1,138.55,68.54,0.05,131.62,63.08,Completed
ORD-506690,2026-06-17,West,Los Angeles DC,Small Business,SKU-1008,Apparel,Running Shoes,1,88.43,59.11,0,88.43,29.32,Completed
ORD-506691,2026-06-17,East,Miami DC,Enterprise,SKU-1005,Home,Bedding Set,1,134.44,81.31,0,134.44,53.13,Completed
ORD-506692,2026-06-17,East,New Jersey DC,Consumer,SKU-1005,Home,Bedding Set,1,134.44,81.31,0,134.44,53.13,Completed
ORD-506693,2026-06-17,East,Atlanta DC,Enterprise,SKU-1002,Electronics,Smart Home Hub,1,202.52,137.45,0,202.52,65.07,Returned
ORD-506694,2026-06-17,Central,Chicago DC,Consumer,SKU-1009,Apparel,Travel Backpack,2,145.86,81.38,0.1,262.55,99.79,Completed
ORD-506695,2026-06-17,West,Seattle DC,Consumer,SKU-1007,Apparel,Performance Jacket,1,259.88,171.94,0.1,233.89,61.95,Completed
ORD-506696,2026-06-17,East,New Jersey DC,Enterprise,SKU-1002,Electronics,Smart Home Hub,1,202.52,137.45,0.05,192.39,54.94,Completed
ORD-506697,2026-06-17,West,Los Angeles DC,Small Business,SKU-1005,Home,Bedding Set,2,134.44,81.31,0.15,228.55,65.93,Completed
ORD-506698,2026-06-17,East,Miami DC,Enterprise,SKU-1001,Electronics,Noise-Canceling Headphones,1,202.4,94.45,0.1,182.16,87.71,Completed
ORD-506699,2026-06-17,West,Seattle DC,Consumer,SKU-1003,Electronics,Portable Charger,1,132.63,59.06,0.1,119.37,60.31,Completed
ORD-506700,2026-06-17,West,Denver DC,Enterprise,SKU-1008,Apparel,Running Shoes,1,88.43,59.11,0,88.43,29.32,Completed
ORD-506701,2026-06-17,Central,Chicago DC,Enterprise,SKU-1010,Beauty,Skin Care Kit,3,212.38,144.24,0,637.14,204.42,Completed
ORD-506702,2026-06-17,West,Denver DC,Enterprise,SKU-1010,Beauty,Skin Care Kit,2,212.38,144.24,0.1,382.28,93.8,Completed
ORD-506703,2026-06-17,East,Miami DC,Enterprise,SKU-1010,Beauty,Skin Care Kit,1,212.38,144.24,0.1,191.14,46.9,Completed
ORD-506704,2026-06-17,Central,Chicago DC,Enterprise,SKU-1010,Beauty,Skin Care Kit,2,212.38,144.24,0.05,403.52,115.04,Completed
ORD-506705,2026-06-17,East,Miami DC,Enterprise,SKU-1005,Home,Bedding Set,1,134.44,81.31,0.15,114.27,32.96,Completed
ORD-506706,2026-06-17,West,Los Angeles DC,Enterprise,SKU-1012,Beauty,Fragrance Set,1,138.55,68.54,0.05,131.62,63.08,Returned
ORD-506707,2026-06-17,East,Miami DC,Small Business,SKU-1005,Home,Bedding Set,3,134.44,81.31,0.05,383.15,139.22,Completed
ORD-506708,2026-06-17,East,New Jersey DC,Small Business,SKU-1002,Electronics,Smart Home Hub,1,202.52,137.45,0.05,192.39,54.94,Completed
ORD-506709,2026-06-17,West,Denver DC,Small Business,SKU-1010,Beauty,Skin Care Kit,2,212.38,144.24,0,424.76,136.28,Completed
ORD-506710,2026-06-17,Central,Dallas DC,Consumer,SKU-1004,Home,Air Purifier,3,39.43,23.74,0.1,106.46,35.24,Completed
ORD-506711,2026-06-17,West,Denver DC,Consumer,SKU-1002,Electronics,Smart Home Hub,3,202.52,137.45,0.05,577.18,164.83,Completed
ORD-506712,2026-06-17,East,New Jersey DC,Small Business,SKU-1012,Beauty,Fragrance Set,3,138.55,68.54,0,415.65,210.03,Completed
ORD-506713,2026-06-17,East,Miami DC,Enterprise,SKU-1011,Beauty,Hair Dryer,1,35.1,16.43,0,35.1,18.67,Returned
ORD-506714,2026-06-17,Central,Dallas DC,Enterprise,SKU-1004,Home,Air Purifier,3,39.43,23.74,0,118.29,47.07,Completed
ORD-506715,2026-06-17,West,Denver DC,Consumer,SKU-1001,Electronics,Noise-Canceling Headphones,1,202.4,94.45,0.1,182.16,87.71,Completed
ORD-506716,2026-06-17,East,Atlanta DC,Small Business,SKU-1004,Home,Air Purifier,3,39.43,23.74,0.1,106.46,35.24,Completed
ORD-506717,2026-06-17,Central,Dallas DC,Enterprise,SKU-1005,Home,Bedding Set,1,134.44,81.31,0,134.44,53.13,Completed
ORD-506718,2026-06-17,West,Seattle DC,Enterprise,SKU-1009,Apparel,Travel Backpack,1,145.86,81.38,0,145.86,64.48,Completed
ORD-506719,2026-06-18,East,Atlanta DC,Consumer,SKU-1008,Apparel,Running Shoes,2,88.43,59.11,0,176.86,58.64,Completed
ORD-506720,2026-06-18,Central,Minneapolis DC,Small Business,SKU-1010,Beauty,Skin Care Kit,1,212.38,144.24,0,212.38,68.14,Completed
ORD-506721,2026-06-18,East,Miami DC,Enterprise,SKU-1004,Home,Air Purifier,3,39.43,23.74,0,118.29,47.07,Completed
ORD-506722,2026-06-18,West,Denver DC,Consumer,SKU-1007,Apparel,Performance Jacket,3,259.88,171.94,0.05,740.66,224.84,Completed
ORD-506723,2026-06-18,Central,Chicago DC,Enterprise,SKU-1003,Electronics,Portable Charger,1,132.63,59.06,0.05,126.0,66.94,Completed
ORD-506724,2026-06-18,East,Miami DC,Consumer,SKU-1012,Beauty,Fragrance Set,1,138.55,68.54,0,138.55,70.01,Completed
ORD-506725,2026-06-18,East,Miami DC,Consumer,SKU-1009,Apparel,Travel Backpack,2,145.86,81.38,0,291.72,128.96,Completed
ORD-506726,2026-06-18,East,Miami DC,Consumer,SKU-1005,Home,Bedding Set,2,134.44,81.31,0,268.88,106.26,Completed
ORD-506727,2026-06-18,East,Atlanta DC,Consumer,SKU-1011,Beauty,Hair Dryer,1,35.1,16.43,0,35.1,18.67,Completed
ORD-506728,2026-06-18,Central,Minneapolis DC,Enterprise,SKU-1010,Beauty,Skin Care Kit,2,212.38,144.24,0.1,382.28,93.8,Completed
ORD-506729,2026-06-18,East,New Jersey DC,Consumer,SKU-1012,Beauty,Fragrance Set,1,138.55,68.54,0.1,124.7,56.16,Completed
ORD-506730,2026-06-18,West,Denver DC,Consumer,SKU-1011,Beauty,Hair Dryer,1,35.1,16.43,0.15,29.84,13.41,Completed
ORD-506731,2026-06-18,Central,Minneapolis DC,Small Business,SKU-1007,Apparel,Performance Jacket,1,259.88,171.94,0.15,220.9,48.96,Completed
ORD-506732,2026-06-18,East,Atlanta DC,Enterprise,SKU-1009,Apparel,Travel Backpack,2,145.86,81.38,0,291.72,128.96,Completed
ORD-506733,2026-06-18,West,Seattle DC,Consumer,SKU-1001,Electronics,Noise-Canceling Headphones,3,202.4,94.45,0,607.2,323.85,Completed
ORD-506734,2026-06-18,West,Denver DC,Small Business,SKU-1003,Electronics,Portable Charger,3,132.63,59.06,0.1,358.1,180.92,Completed
ORD-506735,2026-06-18,West,Seattle DC,Enterprise,SKU-1003,Electronics,Portable Charger,1,132.63,59.06,0,132.63,73.57,Completed
ORD-506736,2026-06-18,Central,Minneapolis DC,Small Business,SKU-1011,Beauty,Hair Dryer,1,35.1,16.43,0,35.1,18.67,Completed
ORD-506737,2026-06-18,East,Miami DC,Enterprise,SKU-1004,Home,Air Purifier,4,39.43,23.74,0,157.72,62.76,Completed
ORD-506738,2026-06-18,East,Miami DC,Consumer,SKU-1006,Home,Kitchen Organizer,1,100.06,51.21,0,100.06,48.85,Completed
ORD-506739,2026-06-18,East,Miami DC,Small Business,SKU-1007,Apparel,Performance Jacket,3,259.88,171.94,0,779.64,263.82,Completed
ORD-506740,2026-06-18,East,New Jersey DC,Consumer,SKU-1001,Electronics,Noise-Canceling Headphones,1,202.4,94.45,0.15,172.04,77.59,Completed
ORD-506741,2026-06-18,East,Atlanta DC,Consumer,SKU-1008,Apparel,Running Shoes,2,88.43,59.11,0.15,150.33,32.11,Cancelled
ORD-506742,2026-06-18,Central,Minneapolis DC,Consumer,SKU-1007,Apparel,Performance Jacket,1,259.88,171.94,0.15,220.9,48.96,Completed
ORD-506743,2026-06-18,West,Los Angeles DC,Consumer,SKU-1003,Electronics,Portable Charger,2,132.63,59.06,0.1,238.73,120.61,Completed
ORD-506744,2026-06-18,Central,Chicago DC,Small Business,SKU-1005,Home,Bedding Set,1,134.44,81.31,0.1,121.0,39.69,Completed
ORD-506745,2026-06-18,East,Atlanta DC,Consumer,SKU-1001,Electronics,Noise-Canceling Headphones,2,202.4,94.45,0,404.8,215.9,Completed
ORD-506746,2026-06-18,West,Denver DC,Small Business,SKU-1008,Apparel,Running Shoes,3,88.43,59.11,0,265.29,87.96,Completed
ORD-506747,2026-06-18,West,Seattle DC,Consumer,SKU-1003,Electronics,Portable Charger,4,132.63,59.06,0,530.52,294.28,Completed
ORD-506748,2026-06-18,East,New Jersey DC,Consumer,SKU-1008,Apparel,Running Shoes,1,88.43,59.11,0,88.43,29.32,Completed
ORD-506749,2026-06-18,Central,Chicago DC,Consumer,SKU-1003,Electronics,Portable Charger,1,132.63,59.06,0,132.63,73.57,Completed
ORD-506750,2026-06-18,East,New Jersey DC,Small Business,SKU-1008,Apparel,Running Shoes,2,88.43,59.11,0.15,150.33,32.11,Completed
ORD-506751,2026-06-19,West,Seattle DC,Enterprise,SKU-1002,Electronics,Smart Home Hub,1,202.52,137.45,0.05,192.39,54.94,Completed
ORD-506752,2026-06-19,West,Denver DC,Small Business,SKU-1003,Electronics,Portable Charger,1,132.63,59.06,0,132.63,73.57,Completed
ORD-506753,2026-06-19,East,Atlanta DC,Small Business,SKU-1002,Electronics,Smart Home Hub,3,202.52,137.45,0.05,577.18,164.83,Completed
ORD-506754,2026-06-19,East,Miami DC,Consumer,SKU-1005,Home,Bedding Set,1,134.44,81.31,0,134.44,53.13,Completed
ORD-506755,2026-06-19,East,New Jersey DC,Consumer,SKU-1008,Apparel,Running Shoes,1,88.43,59.11,0.1,79.59,20.48,Completed
ORD-506756,2026-06-19,East,Atlanta DC,Enterprise,SKU-1002,Electronics,Smart Home Hub,1,202.52,137.45,0.1,182.27,44.82,Completed
ORD-506757,2026-06-19,West,Denver DC,Consumer,SKU-1011,Beauty,Hair Dryer,4,35.1,16.43,0.15,119.34,53.62,Returned
ORD-506758,2026-06-19,East,Miami DC,Enterprise,SKU-1005,Home,Bedding Set,1,134.44,81.31,0.15,114.27,32.96,Completed
ORD-506759,2026-06-19,West,Seattle DC,Consumer,SKU-1009,Apparel,Travel Backpack,1,145.86,81.38,0.05,138.57,57.19,Completed
ORD-506760,2026-06-19,East,Miami DC,Consumer,SKU-1003,Electronics,Portable Charger,4,132.63,59.06,0.1,477.47,241.23,Completed
ORD-506761,2026-06-19,East,Atlanta DC,Consumer,SKU-1006,Home,Kitchen Organizer,1,100.06,51.21,0.15,85.05,33.84,Completed
ORD-506762,2026-06-19,West,Los Angeles DC,Enterprise,SKU-1009,Apparel,Travel Backpack,2,145.86,81.38,0,291.72,128.96,Completed
ORD-506763,2026-06-19,Central,Dallas DC,Consumer,SKU-1007,Apparel,Performance Jacket,1,259.88,171.94,0.05,246.89,74.95,Returned
ORD-506764,2026-06-19,Central,Dallas DC,Small Business,SKU-1004,Home,Air Purifier,1,39.43,23.74,0,39.43,15.69,Completed
ORD-506765,2026-06-19,West,Denver DC,Consumer,SKU-1008,Apparel,Running Shoes,1,88.43,59.11,0.1,79.59,20.48,Completed
ORD-506766,2026-06-19,East,New Jersey DC,Enterprise,SKU-1009,Apparel,Travel Backpack,1,145.86,81.38,0,145.86,64.48,Completed
ORD-506767,2026-06-19,West,Seattle DC,Enterprise,SKU-1007,Apparel,Performance Jacket,1,259.88,171.94,0,259.88,87.94,Completed
ORD-506768,2026-06-19,Central,Chicago DC,Enterprise,SKU-1002,Electronics,Smart Home Hub,1,202.52,137.45,0,202.52,65.07,Completed
ORD-506769,2026-06-19,East,Miami DC,Enterprise,SKU-1008,Apparel,Running Shoes,1,88.43,59.11,0,88.43,29.32,Completed
ORD-506770,2026-06-19,West,Seattle DC,Small Business,SKU-1012,Beauty,Fragrance Set,1,138.55,68.54,0,138.55,70.01,Returned
ORD-506771,2026-06-19,East,Miami DC,Consumer,SKU-1012,Beauty,Fragrance Set,1,138.55,68.54,0,138.55,70.01,Completed
ORD-506772,2026-06-19,Central,Dallas DC,Enterprise,SKU-1007,Apparel,Performance Jacket,1,259.88,171.94,0.05,246.89,74.95,Completed
ORD-506773,2026-06-19,East,Miami DC,Enterprise,SKU-1004,Home,Air Purifier,1,39.43,23.74,0,39.43,15.69,Completed
ORD-506774,2026-06-19,West,Los Angeles DC,Consumer,SKU-1002,Electronics,Smart Home Hub,1,202.52,137.45,0,202.52,65.07,Completed
ORD-506775,2026-06-19,Central,Dallas DC,Enterprise,SKU-1011,Beauty,Hair Dryer,1,35.1,16.43,0,35.1,18.67,Completed
ORD-506776,2026-06-19,East,Miami DC,Enterprise,SKU-1012,Beauty,Fragrance Set,1,138.55,68.54,0.15,117.77,49.23,Completed
ORD-506777,2026-06-19,East,New Jersey DC,Consumer,SKU-1007,Apparel,Performance Jacket,1,259.88,171.94,0,259.88,87.94,Completed
ORD-506778,2026-06-19,East,New Jersey DC,Consumer,SKU-1010,Beauty,Skin Care Kit,3,212.38,144.24,0.05,605.28,172.56,Completed
ORD-506779,2026-06-19,East,Atlanta DC,Consumer,SKU-1001,Electronics,Noise-Canceling Headphones,1,202.4,94.45,0,202.4,107.95,Completed
ORD-506780,2026-06-19,East,Miami DC,Enterprise,SKU-1012,Beauty,Fragrance Set,4,138.55,68.54,0.15,471.07,196.91,Completed
ORD-506781,2026-06-19,West,Los Angeles DC,Small Business,SKU-1004,Home,Air Purifier,1,39.43,23.74,0.15,33.52,9.78,Completed
ORD-506782,2026-06-19,Central,Chicago DC,Enterprise,SKU-1008,Apparel,Running Shoes,1,88.43,59.11,0.05,84.01,24.9,Completed
ORD-506783,2026-06-19,Central,Dallas DC,Small Business,SKU-1008,Apparel,Running Shoes,1,88.43,59.11,0,88.43,29.32,Completed
ORD-506784,2026-06-19,Central,Minneapolis DC,Consumer,SKU-1006,Home,Kitchen Organizer,2,100.06,51.21,0.1,180.11,77.69,Completed
ORD-506785,2026-06-19,Central,Minneapolis DC,Small Business,SKU-1003,Electronics,Portable Charger,1,132.63,59.06,0.05,126.0,66.94,Completed
ORD-506786,2026-06-19,East,New Jersey DC,Enterprise,SKU-1006,Home,Kitchen Organizer,1,100.06,51.21,0,100.06,48.85,Completed
ORD-506787,2026-06-19,Central,Chicago DC,Small Business,SKU-1005,Home,Bedding Set,1,134.44,81.31,0.1,121.0,39.69,Completed
ORD-506788,2026-06-19,Central,Chicago DC,Consumer,SKU-1002,Electronics,Smart Home Hub,3,202.52,137.45,0.05,577.18,164.83,Cancelled
ORD-506789,2026-06-19,Central,Dallas DC,Consumer,SKU-1006,Home,Kitchen Organizer,1,100.06,51.21,0.1,90.05,38.84,Completed
ORD-506790,2026-06-19,West,Seattle DC,Consumer,SKU-1006,Home,Kitchen Organizer,3,100.06,51.21,0,300.18,146.55,Completed
ORD-506791,2026-06-19,Central,Minneapolis DC,Consumer,SKU-1002,Electronics,Smart Home Hub,1,202.52,137.45,0,202.52,65.07,Completed
ORD-506792,2026-06-20,West,Denver DC,Small Business,SKU-1005,Home,Bedding Set,1,134.44,81.31,0.1,121.0,39.69,Completed
ORD-506793,2026-06-20,West,Seattle DC,Small Business,SKU-1010,Beauty,Skin Care Kit,2,212.38,144.24,0,424.76,136.28,Returned
ORD-506794,2026-06-20,East,Atlanta DC,Small Business,SKU-1010,Beauty,Skin Care Kit,4,212.38,144.24,0,849.52,272.56,Completed
ORD-506795,2026-06-20,West,Los Angeles DC,Enterprise,SKU-1009,Apparel,Travel Backpack,1,145.86,81.38,0,145.86,64.48,Completed
ORD-506796,2026-06-20,East,Miami DC,Small Business,SKU-1008,Apparel,Running Shoes,1,88.43,59.11,0.05,84.01,24.9,Completed
ORD-506797,2026-06-20,East,Atlanta DC,Consumer,SKU-1004,Home,Air Purifier,1,39.43,23.74,0,39.43,15.69,Completed
ORD-506798,2026-06-20,West,Seattle DC,Consumer,SKU-1004,Home,Air Purifier,2,39.43,23.74,0.05,74.92,27.44,Completed
ORD-506799,2026-06-20,Central,Chicago DC,Enterprise,SKU-1007,Apparel,Performance Jacket,2,259.88,171.94,0.1,467.78,123.9,Completed
ORD-506800,2026-06-20,West,Los Angeles DC,Consumer,SKU-1001,Electronics,Noise-Canceling Headphones,1,202.4,94.45,0.1,182.16,87.71,Completed
ORD-506801,2026-06-20,East,New Jersey DC,Small Business,SKU-1004,Home,Air Purifier,1,39.43,23.74,0.05,37.46,13.72,Completed
ORD-506802,2026-06-20,East,Atlanta DC,Small Business,SKU-1012,Beauty,Fragrance Set,1,138.55,68.54,0.05,131.62,63.08,Completed
ORD-506803,2026-06-20,East,Miami DC,Consumer,SKU-1004,Home,Air Purifier,2,39.43,23.74,0.15,67.03,19.55,Completed
ORD-506804,2026-06-20,Central,Minneapolis DC,Enterprise,SKU-1003,Electronics,Portable Charger,2,132.63,59.06,0.05,252.0,133.88,Completed
ORD-506805,2026-06-20,West,Los Angeles DC,Consumer,SKU-1001,Electronics,Noise-Canceling Headphones,2,202.4,94.45,0.05,384.56,195.66,Completed
ORD-506806,2026-06-20,East,Miami DC,Small Business,SKU-1010,Beauty,Skin Care Kit,3,212.38,144.24,0,637.14,204.42,Completed
ORD-506807,2026-06-20,East,New Jersey DC,Consumer,SKU-1010,Beauty,Skin Care Kit,1,212.38,144.24,0.1,191.14,46.9,Completed
ORD-506808,2026-06-20,East,Atlanta DC,Consumer,SKU-1006,Home,Kitchen Organizer,1,100.06,51.21,0,100.06,48.85,Completed
ORD-506809,2026-06-20,East,Atlanta DC,Enterprise,SKU-1009,Apparel,Travel Backpack,1,145.86,81.38,0,145.86,64.48,Completed
ORD-506810,2026-06-20,East,New Jersey DC,Consumer,SKU-1003,Electronics,Portable Charger,1,132.63,59.06,0.05,126.0,66.94,Completed
ORD-506811,2026-06-20,East,Atlanta DC,Small Business,SKU-1006,Home,Kitchen Organizer,2,100.06,51.21,0,200.12,97.7,Completed
ORD-506812,2026-06-20,West,Los Angeles DC,Consumer,SKU-1012,Beauty,Fragrance Set,3,138.55,68.54,0,415.65,210.03,Returned
ORD-506813,2026-06-20,Central,Dallas DC,Small Business,SKU-1004,Home,Air Purifier,2,39.43,23.74,0.1,70.97,23.49,Completed
ORD-506814,2026-06-20,West,Denver DC,Consumer,SKU-1010,Beauty,Skin Care Kit,1,212.38,144.24,0,212.38,68.14,Completed
ORD-506815,2026-06-20,East,Miami DC,Small Business,SKU-1002,Electronics,Smart Home Hub,2,202.52,137.45,0.1,364.54,89.64,Completed
ORD-506816,2026-06-20,East,Atlanta DC,Consumer,SKU-1003,Electronics,Portable Charger,1,132.63,59.06,0.15,112.74,53.68,Completed
ORD-506817,2026-06-20,West,Seattle DC,Consumer,SKU-1005,Home,Bedding Set,1,134.44,81.31,0,134.44,53.13,Completed
ORD-506818,2026-06-20,East,Atlanta DC,Enterprise,SKU-1008,Apparel,Running Shoes,2,88.43,59.11,0.1,159.17,40.95,Completed
ORD-506819,2026-06-20,East,Miami DC,Small Business,SKU-1003,Electronics,Portable Charger,2,132.63,59.06,0.05,252.0,133.88,Completed
ORD-506820,2026-06-20,East,New Jersey DC,Consumer,SKU-1006,Home,Kitchen Organizer,1,100.06,51.21,0.1,90.05,38.84,Completed
ORD-506821,2026-06-20,Central,Chicago DC,Consumer,SKU-1006,Home,Kitchen Organizer,1,100.06,51.21,0,100.06,48.85,Completed
ORD-506822,2026-06-20,East,New Jersey DC,Consumer,SKU-1009,Apparel,Travel Backpack,2,145.86,81.38,0,291.72,128.96,Completed
ORD-506823,2026-06-20,Central,Chicago DC,Small Business,SKU-1003,Electronics,Portable Charger,2,132.63,59.06,0.1,238.73,120.61,Completed
ORD-506824,2026-06-20,West,Denver DC,Enterprise,SKU-1002,Electronics,Smart Home Hub,3,202.52,137.45,0.05,577.18,164.83,Completed
ORD-506825,2026-06-20,Central,Minneapolis DC,Small Business,SKU-1001,Electronics,Noise-Canceling Headphones,1,202.4,94.45,0.05,192.28,97.83,Completed
ORD-506826,2026-06-20,Central,Chicago DC,Enterprise,SKU-1007,Apparel,Performance Jacket,4,259.88,171.94,0,1039.52,351.76,Completed
ORD-506827,2026-06-20,East,Atlanta DC,Enterprise,SKU-1002,Electronics,Smart Home Hub,2,202.52,137.45,0.05,384.79,109.89,Completed
ORD-506828,2026-06-21,West,Denver DC,Small Business,SKU-1007,Apparel,Performance Jacket,1,259.88,171.94,0,259.88,87.94,Completed
ORD-506829,2026-06-21,West,Denver DC,Consumer,SKU-1011,Beauty,Hair Dryer,2,35.1,16.43,0.15,59.67,26.81,Cancelled
ORD-506830,2026-06-21,East,Miami DC,Enterprise,SKU-1005,Home,Bedding Set,1,134.44,81.31,0,134.44,53.13,Completed
ORD-506831,2026-06-21,East,Miami DC,Small Business,SKU-1006,Home,Kitchen Organizer,1,100.06,51.21,0,100.06,48.85,Completed
ORD-506832,2026-06-21,Central,Dallas DC,Consumer,SKU-1001,Electronics,Noise-Canceling Headphones,1,202.4,94.45,0,202.4,107.95,Completed
ORD-506833,2026-06-21,Central,Minneapolis DC,Small Business,SKU-1008,Apparel,Running Shoes,2,88.43,59.11,0,176.86,58.64,Returned
ORD-506834,2026-06-21,West,Seattle DC,Consumer,SKU-1001,Electronics,Noise-Canceling Headphones,1,202.4,94.45,0,202.4,107.95,Completed
ORD-506835,2026-06-21,West,Los Angeles DC,Consumer,SKU-1009,Apparel,Travel Backpack,1,145.86,81.38,0.1,131.27,49.89,Completed
ORD-506836,2026-06-21,East,Atlanta DC,Small Business,SKU-1012,Beauty,Fragrance Set,1,138.55,68.54,0.05,131.62,63.08,Completed
ORD-506837,2026-06-21,West,Denver DC,Enterprise,SKU-1005,Home,Bedding Set,1,134.44,81.31,0.05,127.72,46.41,Completed
ORD-506838,2026-06-21,West,Seattle DC,Small Business,SKU-1010,Beauty,Skin Care Kit,1,212.38,144.24,0.15,180.52,36.28,Completed
ORD-506839,2026-06-21,West,Los Angeles DC,Enterprise,SKU-1008,Apparel,Running Shoes,1,88.43,59.11,0,88.43,29.32,Completed
ORD-506840,2026-06-21,West,Los Angeles DC,Enterprise,SKU-1002,Electronics,Smart Home Hub,1,202.52,137.45,0,202.52,65.07,Completed
ORD-506841,2026-06-21,East,Atlanta DC,Consumer,SKU-1010,Beauty,Skin Care Kit,2,212.38,144.24,0.15,361.05,72.57,Completed
ORD-506842,2026-06-21,Central,Dallas DC,Consumer,SKU-1002,Electronics,Smart Home Hub,1,202.52,137.45,0.15,172.14,34.69,Completed
ORD-506843,2026-06-21,West,Denver DC,Enterprise,SKU-1006,Home,Kitchen Organizer,1,100.06,51.21,0,100.06,48.85,Completed
ORD-506844,2026-06-21,Central,Minneapolis DC,Enterprise,SKU-1008,Apparel,Running Shoes,4,88.43,59.11,0,353.72,117.28,Completed
ORD-506845,2026-06-21,East,Miami DC,Small Business,SKU-1005,Home,Bedding Set,1,134.44,81.31,0.15,114.27,32.96,Completed
ORD-506846,2026-06-21,East,Atlanta DC,Enterprise,SKU-1008,Apparel,Running Shoes,1,88.43,59.11,0,88.43,29.32,Completed
ORD-506847,2026-06-21,East,New Jersey DC,Enterprise,SKU-1012,Beauty,Fragrance Set,1,138.55,68.54,0,138.55,70.01,Completed
ORD-506848,2026-06-21,East,Miami DC,Consumer,SKU-1003,Electronics,Portable Charger,1,132.63,59.06,0.05,126.0,66.94,Returned
ORD-506849,2026-06-21,West,Los Angeles DC,Small Business,SKU-1011,Beauty,Hair Dryer,1,35.1,16.43,0,35.1,18.67,Completed
ORD-506850,2026-06-21,East,Miami DC,Consumer,SKU-1004,Home,Air Purifier,1,39.43,23.74,0.15,33.52,9.78,Completed
ORD-506851,2026-06-21,Central,Minneapolis DC,Consumer,SKU-1007,Apparel,Performance Jacket,1,259.88,171.94,0.1,233.89,61.95,Completed
ORD-506852,2026-06-22,Central,Minneapolis DC,Consumer,SKU-1002,Electronics,Smart Home Hub,1,202.52,137.45,0.05,192.39,54.94,Completed
ORD-506853,2026-06-22,West,Los Angeles DC,Enterprise,SKU-1008,Apparel,Running Shoes,1,88.43,59.11,0.15,75.17,16.06,Completed
ORD-506854,2026-06-22,East,Atlanta DC,Consumer,SKU-1012,Beauty,Fragrance Set,1,138.55,68.54,0.05,131.62,63.08,Completed
ORD-506855,2026-06-22,East,Atlanta DC,Small Business,SKU-1009,Apparel,Travel Backpack,2,145.86,81.38,0,291.72,128.96,Completed
ORD-506856,2026-06-22,West,Seattle DC,Small Business,SKU-1006,Home,Kitchen Organizer,4,100.06,51.21,0,400.24,195.4,Completed
ORD-506857,2026-06-22,West,Los Angeles DC,Consumer,SKU-1008,Apparel,Running Shoes,1,88.43,59.11,0.15,75.17,16.06,Returned
ORD-506858,2026-06-22,West,Los Angeles DC,Small Business,SKU-1009,Apparel,Travel Backpack,1,145.86,81.38,0,145.86,64.48,Completed
ORD-506859,2026-06-22,Central,Dallas DC,Consumer,SKU-1012,Beauty,Fragrance Set,2,138.55,68.54,0,277.1,140.02,Completed
ORD-506860,2026-06-22,East,New Jersey DC,Enterprise,SKU-1010,Beauty,Skin Care Kit,3,212.38,144.24,0.15,541.57,108.85,Completed
ORD-506861,2026-06-22,West,Denver DC,Small Business,SKU-1005,Home,Bedding Set,2,134.44,81.31,0,268.88,106.26,Completed
ORD-506862,2026-06-22,West,Los Angeles DC,Consumer,SKU-1009,Apparel,Travel Backpack,1,145.86,81.38,0.15,123.98,42.6,Completed
ORD-506863,2026-06-22,Central,Dallas DC,Small Business,SKU-1012,Beauty,Fragrance Set,1,138.55,68.54,0,138.55,70.01,Cancelled
ORD-506864,2026-06-22,East,New Jersey DC,Enterprise,SKU-1001,Electronics,Noise-Canceling Headphones,1,202.4,94.45,0.05,192.28,97.83,Completed
ORD-506865,2026-06-22,Central,Dallas DC,Small Business,SKU-1003,Electronics,Portable Charger,2,132.63,59.06,0,265.26,147.14,Completed
ORD-506866,2026-06-22,Central,Dallas DC,Consumer,SKU-1008,Apparel,Running Shoes,2,88.43,59.11,0.1,159.17,40.95,Completed
ORD-506867,2026-06-22,Central,Minneapolis DC,Consumer,SKU-1008,Apparel,Running Shoes,2,88.43,59.11,0,176.86,58.64,Completed
ORD-506868,2026-06-22,Central,Dallas DC,Consumer,SKU-1010,Beauty,Skin Care Kit,4,212.38,144.24,0.15,722.09,145.13,Returned
ORD-506869,2026-06-22,East,New Jersey DC,Small Business,SKU-1003,Electronics,Portable Charger,1,132.63,59.06,0,132.63,73.57,Completed
ORD-506870,2026-06-22,East,Miami DC,Consumer,SKU-1005,Home,Bedding Set,3,134.44,81.31,0.05,383.15,139.22,Completed
ORD-506871,2026-06-22,West,Los Angeles DC,Consumer,SKU-1009,Apparel,Travel Backpack,3,145.86,81.38,0,437.58,193.44,Completed
ORD-506872,2026-06-22,West,Seattle DC,Small Business,SKU-1012,Beauty,Fragrance Set,1,138.55,68.54,0.15,117.77,49.23,Completed
ORD-506873,2026-06-22,East,New Jersey DC,Enterprise,SKU-1001,Electronics,Noise-Canceling Headphones,1,202.4,94.45,0.1,182.16,87.71,Completed
ORD-506874,2026-06-22,West,Seattle DC,Small Business,SKU-1003,Electronics,Portable Charger,1,132.63,59.06,0.1,119.37,60.31,Completed
ORD-506875,2026-06-22,West,Seattle DC,Enterprise,SKU-1001,Electronics,Noise-Canceling Headphones,2,202.4,94.45,0,404.8,215.9,Completed
ORD-506876,2026-06-22,West,Denver DC,Enterprise,SKU-1004,Home,Air Purifier,2,39.43,23.74,0,78.86,31.38,Completed
ORD-506877,2026-06-22,East,New Jersey DC,Small Business,SKU-1004,Home,Air Purifier,2,39.43,23.74,0.15,67.03,19.55,Completed
ORD-506878,2026-06-22,East,New Jersey DC,Small Business,SKU-1009,Apparel,Travel Backpack,1,145.86,81.38,0,145.86,64.48,Completed
ORD-506879,2026-06-22,Central,Minneapolis DC,Small Business,SKU-1009,Apparel,Travel Backpack,2,145.86,81.38,0.15,247.96,85.2,Completed
ORD-506880,2026-06-22,West,Los Angeles DC,Small Business,SKU-1010,Beauty,Skin Care Kit,3,212.38,144.24,0.1,573.43,140.71,Completed
ORD-506881,2026-06-22,Central,Chicago DC,Consumer,SKU-1001,Electronics,Noise-Canceling Headphones,3,202.4,94.45,0,607.2,323.85,Completed
ORD-506882,2026-06-22,East,Miami DC,Consumer,SKU-1007,Apparel,Performance Jacket,1,259.88,171.94,0.05,246.89,74.95,Completed
ORD-506883,2026-06-22,Central,Minneapolis DC,Small Business,SKU-1011,Beauty,Hair Dryer,1,35.1,16.43,0.15,29.84,13.41,Completed
ORD-506884,2026-06-22,West,Denver DC,Small Business,SKU-1004,Home,Air Purifier,2,39.43,23.74,0,78.86,31.38,Returned
ORD-506885,2026-06-22,West,Denver DC,Small Business,SKU-1006,Home,Kitchen Organizer,2,100.06,51.21,0,200.12,97.7,Completed
ORD-506886,2026-06-22,East,New Jersey DC,Small Business,SKU-1009,Apparel,Travel Backpack,1,145.86,81.38,0,145.86,64.48,Completed
ORD-506887,2026-06-22,East,Miami DC,Small Business,SKU-1008,Apparel,Running Shoes,1,88.43,59.11,0.05,84.01,24.9,Completed
ORD-506888,2026-06-22,West,Los Angeles DC,Small Business,SKU-1004,Home,Air Purifier,1,39.43,23.74,0.15,33.52,9.78,Completed
ORD-506889,2026-06-22,East,Miami DC,Small Business,SKU-1009,Apparel,Travel Backpack,3,145.86,81.38,0.1,393.82,149.68,Completed
ORD-506890,2026-06-22,West,Seattle DC,Consumer,SKU-1012,Beauty,Fragrance Set,1,138.55,68.54,0,138.55,70.01,Completed
ORD-506891,2026-06-22,West,Los Angeles DC,Small Business,SKU-1012,Beauty,Fragrance Set,1,138.55,68.54,0.05,131.62,63.08,Completed
ORD-506892,2026-06-22,Central,Minneapolis DC,Enterprise,SKU-1008,Apparel,Running Shoes,4,88.43,59.11,0.15,300.66,64.22,Completed
ORD-506893,2026-06-22,West,Seattle DC,Small Business,SKU-1009,Apparel,Travel Backpack,1,145.86,81.38,0.1,131.27,49.89,Completed
ORD-506894,2026-06-22,East,Miami DC,Consumer,SKU-1010,Beauty,Skin Care Kit,2,212.38,144.24,0,424.76,136.28,Completed
ORD-506895,2026-06-22,Central,Dallas DC,Enterprise,SKU-1003,Electronics,Portable Charger,3,132.63,59.06,0,397.89,220.71,Completed
ORD-506896,2026-06-22,East,Atlanta DC,Small Business,SKU-1005,Home,Bedding Set,2,134.44,81.31,0.15,228.55,65.93,Completed
ORD-506897,2026-06-23,East,New Jersey DC,Enterprise,SKU-1011,Beauty,Hair Dryer,1,35.1,16.43,0,35.1,18.67,Completed
ORD-506898,2026-06-23,Central,Dallas DC,Consumer,SKU-1008,Apparel,Running Shoes,1,88.43,59.11,0,88.43,29.32,Completed
ORD-506899,2026-06-23,Central,Minneapolis DC,Enterprise,SKU-1005,Home,Bedding Set,2,134.44,81.31,0.15,228.55,65.93,Completed
ORD-506900,2026-06-23,Central,Minneapolis DC,Enterprise,SKU-1002,Electronics,Smart Home Hub,1,202.52,137.45,0.1,182.27,44.82,Completed
ORD-506901,2026-06-23,East,Atlanta DC,Enterprise,SKU-1007,Apparel,Performance Jacket,1,259.88,171.94,0,259.88,87.94,Completed
ORD-506902,2026-06-23,West,Denver DC,Consumer,SKU-1010,Beauty,Skin Care Kit,1,212.38,144.24,0.15,180.52,36.28,Completed
ORD-506903,2026-06-23,West,Denver DC,Enterprise,SKU-1005,Home,Bedding Set,1,134.44,81.31,0.15,114.27,32.96,Completed
ORD-506904,2026-06-23,Central,Dallas DC,Enterprise,SKU-1010,Beauty,Skin Care Kit,1,212.38,144.24,0,212.38,68.14,Completed
ORD-506905,2026-06-23,West,Denver DC,Consumer,SKU-1010,Beauty,Skin Care Kit,1,212.38,144.24,0,212.38,68.14,Completed
ORD-506906,2026-06-23,West,Los Angeles DC,Enterprise,SKU-1007,Apparel,Performance Jacket,1,259.88,171.94,0.05,246.89,74.95,Completed
ORD-506907,2026-06-23,Central,Dallas DC,Enterprise,SKU-1001,Electronics,Noise-Canceling Headphones,1,202.4,94.45,0.15,172.04,77.59,Completed
ORD-506908,2026-06-23,West,Denver DC,Enterprise,SKU-1003,Electronics,Portable Charger,1,132.63,59.06,0.15,112.74,53.68,Completed
ORD-506909,2026-06-23,East,New Jersey DC,Consumer,SKU-1002,Electronics,Smart Home Hub,1,202.52,137.45,0,202.52,65.07,Completed
ORD-506910,2026-06-23,East,Miami DC,Small Business,SKU-1011,Beauty,Hair Dryer,1,35.1,16.43,0,35.1,18.67,Completed
ORD-506911,2026-06-23,East,New Jersey DC,Enterprise,SKU-1002,Electronics,Smart Home Hub,1,202.52,137.45,0.15,172.14,34.69,Completed
ORD-506912,2026-06-23,East,Atlanta DC,Consumer,SKU-1012,Beauty,Fragrance Set,2,138.55,68.54,0.15,235.54,98.46,Completed
ORD-506913,2026-06-23,East,Atlanta DC,Enterprise,SKU-1006,Home,Kitchen Organizer,4,100.06,51.21,0,400.24,195.4,Completed
ORD-506914,2026-06-23,Central,Dallas DC,Enterprise,SKU-1002,Electronics,Smart Home Hub,3,202.52,137.45,0.1,546.8,134.45,Returned
ORD-506915,2026-06-23,East,Atlanta DC,Consumer,SKU-1009,Apparel,Travel Backpack,1,145.86,81.38,0.05,138.57,57.19,Completed
ORD-506916,2026-06-23,Central,Dallas DC,Enterprise,SKU-1007,Apparel,Performance Jacket,1,259.88,171.94,0.15,220.9,48.96,Completed
ORD-506917,2026-06-23,East,New Jersey DC,Small Business,SKU-1004,Home,Air Purifier,4,39.43,23.74,0.05,149.83,54.87,Completed
ORD-506918,2026-06-23,West,Los Angeles DC,Consumer,SKU-1006,Home,Kitchen Organizer,1,100.06,51.21,0.1,90.05,38.84,Completed
ORD-506919,2026-06-23,East,Atlanta DC,Small Business,SKU-1001,Electronics,Noise-Canceling Headphones,1,202.4,94.45,0.05,192.28,97.83,Completed
ORD-506920,2026-06-23,Central,Minneapolis DC,Consumer,SKU-1004,Home,Air Purifier,1,39.43,23.74,0,39.43,15.69,Completed
ORD-506921,2026-06-23,Central,Chicago DC,Enterprise,SKU-1010,Beauty,Skin Care Kit,1,212.38,144.24,0.1,191.14,46.9,Completed
ORD-506922,2026-06-23,Central,Dallas DC,Enterprise,SKU-1009,Apparel,Travel Backpack,1,145.86,81.38,0,145.86,64.48,Completed
ORD-506923,2026-06-23,Central,Chicago DC,Enterprise,SKU-1002,Electronics,Smart Home Hub,1,202.52,137.45,0.1,182.27,44.82,Completed
ORD-506924,2026-06-23,East,Atlanta DC,Consumer,SKU-1005,Home,Bedding Set,2,134.44,81.31,0.15,228.55,65.93,Completed
ORD-506925,2026-06-23,East,New Jersey DC,Enterprise,SKU-1002,Electronics,Smart Home Hub,1,202.52,137.45,0.1,182.27,44.82,Completed
ORD-506926,2026-06-23,Central,Minneapolis DC,Small Business,SKU-1012,Beauty,Fragrance Set,1,138.55,68.54,0.1,124.7,56.16,Completed
ORD-506927,2026-06-23,Central,Chicago DC,Enterprise,SKU-1003,Electronics,Portable Charger,2,132.63,59.06,0,265.26,147.14,Completed
ORD-506928,2026-06-23,Central,Chicago DC,Consumer,SKU-1001,Electronics,Noise-Canceling Headphones,1,202.4,94.45,0.1,182.16,87.71,Completed
ORD-506929,2026-06-23,East,Miami DC,Enterprise,SKU-1009,Apparel,Travel Backpack,1,145.86,81.38,0.1,131.27,49.89,Cancelled
ORD-506930,2026-06-23,East,Miami DC,Small Business,SKU-1003,Electronics,Portable Charger,1,132.63,59.06,0.05,126.0,66.94,Returned
ORD-506931,2026-06-23,Central,Minneapolis DC,Small Business,SKU-1004,Home,Air Purifier,1,39.43,23.74,0.15,33.52,9.78,Completed
ORD-506932,2026-06-23,West,Seattle DC,Enterprise,SKU-1004,Home,Air Purifier,1,39.43,23.74,0,39.43,15.69,Completed
ORD-506933,2026-06-23,West,Denver DC,Small Business,SKU-1007,Apparel,Performance Jacket,1,259.88,171.94,0,259.88,87.94,Completed
ORD-506934,2026-06-23,East,Miami DC,Consumer,SKU-1012,Beauty,Fragrance Set,2,138.55,68.54,0.05,263.25,126.16,Completed
ORD-506935,2026-06-23,Central,Minneapolis DC,Consumer,SKU-1008,Apparel,Running Shoes,2,88.43,59.11,0.05,168.02,49.8,Completed
ORD-506936,2026-06-23,Central,Minneapolis DC,Small Business,SKU-1005,Home,Bedding Set,1,134.44,81.31,0.1,121.0,39.69,Completed
ORD-506937,2026-06-23,East,New Jersey DC,Small Business,SKU-1011,Beauty,Hair Dryer,1,35.1,16.43,0.15,29.84,13.41,Completed
ORD-506938,2026-06-23,East,Atlanta DC,Enterprise,SKU-1006,Home,Kitchen Organizer,2,100.06,51.21,0,200.12,97.7,Completed
ORD-506939,2026-06-23,Central,Chicago DC,Enterprise,SKU-1011,Beauty,Hair Dryer,2,35.1,16.43,0,70.2,37.34,Returned
ORD-506940,2026-06-23,Central,Minneapolis DC,Consumer,SKU-1006,Home,Kitchen Organizer,1,100.06,51.21,0.1,90.05,38.84,Completed
ORD-506941,2026-06-23,Central,Chicago DC,Consumer,SKU-1012,Beauty,Fragrance Set,1,138.55,68.54,0.15,117.77,49.23,Completed
ORD-506942,2026-06-23,West,Los Angeles DC,Consumer,SKU-1002,Electronics,Smart Home Hub,2,202.52,137.45,0,405.04,130.14,Completed
ORD-506943,2026-06-23,East,New Jersey DC,Small Business,SKU-1004,Home,Air Purifier,1,39.43,23.74,0.15,33.52,9.78,Completed
ORD-506944,2026-06-23,West,Seattle DC,Consumer,SKU-1009,Apparel,Travel Backpack,3,145.86,81.38,0.1,393.82,149.68,Completed
ORD-506945,2026-06-23,Central,Chicago DC,Consumer,SKU-1006,Home,Kitchen Organizer,1,100.06,51.21,0.05,95.06,43.85,Completed
ORD-506946,2026-06-23,East,New Jersey DC,Enterprise,SKU-1002,Electronics,Smart Home Hub,1,202.52,137.45,0.1,182.27,44.82,Completed
ORD-506947,2026-06-24,West,Los Angeles DC,Consumer,SKU-1011,Beauty,Hair Dryer,1,35.1,16.43,0,35.1,18.67,Completed
ORD-506948,2026-06-24,West,Seattle DC,Small Business,SKU-1009,Apparel,Travel Backpack,2,145.86,81.38,0,291.72,128.96,Completed
ORD-506949,2026-06-24,East,Atlanta DC,Enterprise,SKU-1002,Electronics,Smart Home Hub,3,202.52,137.45,0.05,577.18,164.83,Completed
ORD-506950,2026-06-24,West,Los Angeles DC,Consumer,SKU-1004,Home,Air Purifier,1,39.43,23.74,0.15,33.52,9.78,Completed
ORD-506951,2026-06-24,East,Miami DC,Small Business,SKU-1006,Home,Kitchen Organizer,1,100.06,51.21,0.1,90.05,38.84,Completed
ORD-506952,2026-06-24,West,Seattle DC,Consumer,SKU-1005,Home,Bedding Set,1,134.44,81.31,0,134.44,53.13,Completed
ORD-506953,2026-06-24,West,Los Angeles DC,Enterprise,SKU-1007,Apparel,Performance Jacket,1,259.88,171.94,0,259.88,87.94,Completed
ORD-506954,2026-06-24,Central,Chicago DC,Enterprise,SKU-1007,Apparel,Performance Jacket,1,259.88,171.94,0,259.88,87.94,Completed
ORD-506955,2026-06-24,Central,Dallas DC,Small Business,SKU-1005,Home,Bedding Set,1,134.44,81.31,0.05,127.72,46.41,Cancelled
ORD-506956,2026-06-24,Central,Chicago DC,Consumer,SKU-1009,Apparel,Travel Backpack,2,145.86,81.38,0.1,262.55,99.79,Completed
ORD-506957,2026-06-24,Central,Dallas DC,Consumer,SKU-1005,Home,Bedding Set,4,134.44,81.31,0,537.76,212.52,Completed
ORD-506958,2026-06-24,West,Denver DC,Consumer,SKU-1002,Electronics,Smart Home Hub,1,202.52,137.45,0,202.52,65.07,Completed
ORD-506959,2026-06-24,West,Seattle DC,Consumer,SKU-1007,Apparel,Performance Jacket,2,259.88,171.94,0.1,467.78,123.9,Completed
ORD-506960,2026-06-24,West,Denver DC,Enterprise,SKU-1006,Home,Kitchen Organizer,2,100.06,51.21,0,200.12,97.7,Completed
ORD-506961,2026-06-24,Central,Minneapolis DC,Enterprise,SKU-1003,Electronics,Portable Charger,2,132.63,59.06,0,265.26,147.14,Completed
ORD-506962,2026-06-24,West,Seattle DC,Enterprise,SKU-1011,Beauty,Hair Dryer,3,35.1,16.43,0.1,94.77,45.48,Completed
ORD-506963,2026-06-24,East,Miami DC,Consumer,SKU-1010,Beauty,Skin Care Kit,1,212.38,144.24,0,212.38,68.14,Completed
ORD-506964,2026-06-24,Central,Dallas DC,Enterprise,SKU-1001,Electronics,Noise-Canceling Headphones,1,202.4,94.45,0,202.4,107.95,Completed
ORD-506965,2026-06-24,East,Miami DC,Small Business,SKU-1007,Apparel,Performance Jacket,2,259.88,171.94,0.05,493.77,149.89,Completed
ORD-506966,2026-06-24,West,Seattle DC,Enterprise,SKU-1003,Electronics,Portable Charger,1,132.63,59.06,0,132.63,73.57,Completed
ORD-506967,2026-06-24,Central,Minneapolis DC,Enterprise,SKU-1006,Home,Kitchen Organizer,1,100.06,51.21,0,100.06,48.85,Completed
ORD-506968,2026-06-24,Central,Dallas DC,Small Business,SKU-1010,Beauty,Skin Care Kit,2,212.38,144.24,0.15,361.05,72.57,Returned
ORD-506969,2026-06-24,East,New Jersey DC,Consumer,SKU-1012,Beauty,Fragrance Set,1,138.55,68.54,0,138.55,70.01,Completed
ORD-506970,2026-06-24,East,Atlanta DC,Enterprise,SKU-1010,Beauty,Skin Care Kit,1,212.38,144.24,0,212.38,68.14,Completed
ORD-506971,2026-06-24,Central,Dallas DC,Enterprise,SKU-1002,Electronics,Smart Home Hub,1,202.52,137.45,0,202.52,65.07,Completed
ORD-506972,2026-06-24,West,Seattle DC,Consumer,SKU-1001,Electronics,Noise-Canceling Headphones,2,202.4,94.45,0.1,364.32,175.42,Completed
ORD-506973,2026-06-24,Central,Chicago DC,Consumer,SKU-1002,Electronics,Smart Home Hub,2,202.52,137.45,0,405.04,130.14,Returned
ORD-506974,2026-06-24,West,Los Angeles DC,Enterprise,SKU-1006,Home,Kitchen Organizer,1,100.06,51.21,0,100.06,48.85,Completed
ORD-506975,2026-06-24,West,Seattle DC,Small Business,SKU-1007,Apparel,Performance Jacket,1,259.88,171.94,0.15,220.9,48.96,Completed
ORD-506976,2026-06-24,West,Los Angeles DC,Enterprise,SKU-1009,Apparel,Travel Backpack,2,145.86,81.38,0,291.72,128.96,Completed
ORD-506977,2026-06-24,West,Seattle DC,Enterprise,SKU-1001,Electronics,Noise-Canceling Headphones,1,202.4,94.45,0,202.4,107.95,Completed
ORD-506978,2026-06-25,West,Seattle DC,Enterprise,SKU-1010,Beauty,Skin Care Kit,1,212.38,144.24,0,212.38,68.14,Completed
ORD-506979,2026-06-25,West,Seattle DC,Consumer,SKU-1012,Beauty,Fragrance Set,2,138.55,68.54,0.05,263.25,126.16,Completed
ORD-506980,2026-06-25,Central,Dallas DC,Enterprise,SKU-1003,Electronics,Portable Charger,1,132.63,59.06,0.15,112.74,53.68,Completed
ORD-506981,2026-06-25,East,New Jersey DC,Small Business,SKU-1007,Apparel,Performance Jacket,4,259.88,171.94,0,1039.52,351.76,Completed
ORD-506982,2026-06-25,East,Miami DC,Small Business,SKU-1005,Home,Bedding Set,1,134.44,81.31,0,134.44,53.13,Completed
ORD-506983,2026-06-25,East,New Jersey DC,Enterprise,SKU-1004,Home,Air Purifier,1,39.43,23.74,0,39.43,15.69,Completed
ORD-506984,2026-06-25,Central,Chicago DC,Small Business,SKU-1008,Apparel,Running Shoes,1,88.43,59.11,0,88.43,29.32,Completed
ORD-506985,2026-06-25,Central,Minneapolis DC,Enterprise,SKU-1008,Apparel,Running Shoes,1,88.43,59.11,0.05,84.01,24.9,Completed
ORD-506986,2026-06-25,East,Miami DC,Small Business,SKU-1008,Apparel,Running Shoes,3,88.43,59.11,0.05,252.03,74.7,Completed
ORD-506987,2026-06-25,Central,Chicago DC,Consumer,SKU-1004,Home,Air Purifier,2,39.43,23.74,0.1,70.97,23.49,Completed
ORD-506988,2026-06-25,Central,Minneapolis DC,Small Business,SKU-1003,Electronics,Portable Charger,4,132.63,59.06,0.15,450.94,214.7,Returned
ORD-506989,2026-06-25,East,Atlanta DC,Enterprise,SKU-1012,Beauty,Fragrance Set,1,138.55,68.54,0.1,124.7,56.16,Completed
ORD-506990,2026-06-25,West,Los Angeles DC,Small Business,SKU-1008,Apparel,Running Shoes,1,88.43,59.11,0.05,84.01,24.9,Completed
ORD-506991,2026-06-25,West,Denver DC,Consumer,SKU-1010,Beauty,Skin Care Kit,1,212.38,144.24,0,212.38,68.14,Returned
ORD-506992,2026-06-25,East,Miami DC,Enterprise,SKU-1011,Beauty,Hair Dryer,3,35.1,16.43,0,105.3,56.01,Completed
ORD-506993,2026-06-25,Central,Dallas DC,Enterprise,SKU-1008,Apparel,Running Shoes,1,88.43,59.11,0,88.43,29.32,Completed
ORD-506994,2026-06-25,West,Denver DC,Enterprise,SKU-1007,Apparel,Performance Jacket,3,259.88,171.94,0.1,701.68,185.86,Completed
ORD-506995,2026-06-25,West,Denver DC,Consumer,SKU-1003,Electronics,Portable Charger,1,132.63,59.06,0.05,126.0,66.94,Completed
ORD-506996,2026-06-25,East,New Jersey DC,Consumer,SKU-1009,Apparel,Travel Backpack,4,145.86,81.38,0.05,554.27,228.75,Completed
ORD-506997,2026-06-25,East,Atlanta DC,Small Business,SKU-1008,Apparel,Running Shoes,1,88.43,59.11,0.05,84.01,24.9,Completed
ORD-506998,2026-06-25,West,Los Angeles DC,Small Business,SKU-1006,Home,Kitchen Organizer,1,100.06,51.21,0,100.06,48.85,Completed
ORD-506999,2026-06-25,West,Denver DC,Small Business,SKU-1012,Beauty,Fragrance Set,2,138.55,68.54,0.1,249.39,112.31,Completed
ORD-507000,2026-06-25,Central,Chicago DC,Consumer,SKU-1002,Electronics,Smart Home Hub,2,202.52,137.45,0.1,364.54,89.64,Completed
ORD-507001,2026-06-25,West,Los Angeles DC,Enterprise,SKU-1007,Apparel,Performance Jacket,3,259.88,171.94,0.1,701.68,185.86,Completed
ORD-507002,2026-06-25,East,Miami DC,Small Business,SKU-1006,Home,Kitchen Organizer,2,100.06,51.21,0.05,190.11,87.69,Completed
ORD-507003,2026-06-25,West,Seattle DC,Enterprise,SKU-1003,Electronics,Portable Charger,1,132.63,59.06,0,132.63,73.57,Completed
ORD-507004,2026-06-25,Central,Dallas DC,Small Business,SKU-1006,Home,Kitchen Organizer,3,100.06,51.21,0,300.18,146.55,Returned
ORD-507005,2026-06-25,West,Denver DC,Enterprise,SKU-1010,Beauty,Skin Care Kit,2,212.38,144.24,0,424.76,136.28,Completed
ORD-507006,2026-06-25,West,Denver DC,Enterprise,SKU-1010,Beauty,Skin Care Kit,3,212.38,144.24,0,637.14,204.42,Completed
ORD-507007,2026-06-25,East,New Jersey DC,Consumer,SKU-1003,Electronics,Portable Charger,3,132.63,59.06,0.1,358.1,180.92,Completed
ORD-507008,2026-06-25,Central,Chicago DC,Enterprise,SKU-1004,Home,Air Purifier,1,39.43,23.74,0,39.43,15.69,Completed
ORD-507009,2026-06-25,West,Los Angeles DC,Consumer,SKU-1006,Home,Kitchen Organizer,4,100.06,51.21,0.1,360.22,155.38,Completed
ORD-507010,2026-06-25,East,Miami DC,Enterprise,SKU-1001,Electronics,Noise-Canceling Headphones,1,202.4,94.45,0,202.4,107.95,Completed
ORD-507011,2026-06-25,West,Seattle DC,Enterprise,SKU-1011,Beauty,Hair Dryer,1,35.1,16.43,0,35.1,18.67,Completed
ORD-507012,2026-06-25,Central,Chicago DC,Enterprise,SKU-1003,Electronics,Portable Charger,2,132.63,59.06,0,265.26,147.14,Completed
ORD-507013,2026-06-25,East,Atlanta DC,Consumer,SKU-1006,Home,Kitchen Organizer,1,100.06,51.21,0,100.06,48.85,Completed
ORD-507014,2026-06-25,East,Atlanta DC,Consumer,SKU-1010,Beauty,Skin Care Kit,1,212.38,144.24,0,212.38,68.14,Completed
ORD-507015,2026-06-25,West,Seattle DC,Consumer,SKU-1008,Apparel,Running Shoes,4,88.43,59.11,0,353.72,117.28,Completed
ORD-507016,2026-06-25,East,Miami DC,Consumer,SKU-1007,Apparel,Performance Jacket,2,259.88,171.94,0,519.76,175.88,Completed
ORD-507017,2026-06-25,Central,Chicago DC,Enterprise,SKU-1003,Electronics,Portable Charger,2,132.63,59.06,0.05,252.0,133.88,Completed
ORD-507018,2026-06-25,Central,Dallas DC,Small Business,SKU-1003,Electronics,Portable Charger,1,132.63,59.06,0.1,119.37,60.31,Returned
ORD-507019,2026-06-26,Central,Chicago DC,Small Business,SKU-1005,Home,Bedding Set,2,134.44,81.31,0,268.88,106.26,Completed
ORD-507020,2026-06-26,West,Seattle DC,Enterprise,SKU-1003,Electronics,Portable Charger,2,132.63,59.06,0.15,225.47,107.35,Completed
ORD-507021,2026-06-26,Central,Minneapolis DC,Small Business,SKU-1003,Electronics,Portable Charger,1,132.63,59.06,0.15,112.74,53.68,Completed
ORD-507022,2026-06-26,West,Denver DC,Small Business,SKU-1002,Electronics,Smart Home Hub,1,202.52,137.45,0,202.52,65.07,Completed
ORD-507023,2026-06-26,East,Miami DC,Enterprise,SKU-1009,Apparel,Travel Backpack,2,145.86,81.38,0.1,262.55,99.79,Completed
ORD-507024,2026-06-26,East,New Jersey DC,Small Business,SKU-1005,Home,Bedding Set,1,134.44,81.31,0,134.44,53.13,Completed
ORD-507025,2026-06-26,West,Seattle DC,Enterprise,SKU-1008,Apparel,Running Shoes,1,88.43,59.11,0.05,84.01,24.9,Completed
ORD-507026,2026-06-26,East,New Jersey DC,Consumer,SKU-1011,Beauty,Hair Dryer,1,35.1,16.43,0.05,33.34,16.91,Completed
ORD-507027,2026-06-26,East,New Jersey DC,Small Business,SKU-1005,Home,Bedding Set,1,134.44,81.31,0,134.44,53.13,Completed
ORD-507028,2026-06-26,Central,Chicago DC,Enterprise,SKU-1008,Apparel,Running Shoes,1,88.43,59.11,0,88.43,29.32,Returned
ORD-507029,2026-06-26,East,Atlanta DC,Small Business,SKU-1008,Apparel,Running Shoes,1,88.43,59.11,0.1,79.59,20.48,Completed
ORD-507030,2026-06-26,Central,Chicago DC,Consumer,SKU-1007,Apparel,Performance Jacket,1,259.88,171.94,0.1,233.89,61.95,Completed
ORD-507031,2026-06-26,Central,Chicago DC,Enterprise,SKU-1002,Electronics,Smart Home Hub,2,202.52,137.45,0,405.04,130.14,Completed
ORD-507032,2026-06-26,East,Miami DC,Consumer,SKU-1009,Apparel,Travel Backpack,1,145.86,81.38,0.1,131.27,49.89,Completed
ORD-507033,2026-06-26,West,Los Angeles DC,Consumer,SKU-1006,Home,Kitchen Organizer,2,100.06,51.21,0.1,180.11,77.69,Completed
ORD-507034,2026-06-26,Central,Chicago DC,Consumer,SKU-1004,Home,Air Purifier,1,39.43,23.74,0.15,33.52,9.78,Completed
ORD-507035,2026-06-26,West,Seattle DC,Enterprise,SKU-1011,Beauty,Hair Dryer,3,35.1,16.43,0.15,89.51,40.22,Completed
ORD-507036,2026-06-26,West,Denver DC,Small Business,SKU-1002,Electronics,Smart Home Hub,2,202.52,137.45,0.1,364.54,89.64,Completed
ORD-507037,2026-06-26,East,Miami DC,Enterprise,SKU-1009,Apparel,Travel Backpack,1,145.86,81.38,0.1,131.27,49.89,Completed
ORD-507038,2026-06-26,East,Miami DC,Small Business,SKU-1007,Apparel,Performance Jacket,1,259.88,171.94,0,259.88,87.94,Completed
ORD-507039,2026-06-26,Central,Chicago DC,Consumer,SKU-1005,Home,Bedding Set,1,134.44,81.31,0.1,121.0,39.69,Completed
ORD-507040,2026-06-26,Central,Dallas DC,Enterprise,SKU-1005,Home,Bedding Set,2,134.44,81.31,0,268.88,106.26,Completed
ORD-507041,2026-06-26,West,Seattle DC,Consumer,SKU-1006,Home,Kitchen Organizer,1,100.06,51.21,0,100.06,48.85,Completed
ORD-507042,2026-06-26,Central,Chicago DC,Small Business,SKU-1012,Beauty,Fragrance Set,2,138.55,68.54,0,277.1,140.02,Completed
ORD-507043,2026-06-26,West,Seattle DC,Small Business,SKU-1012,Beauty,Fragrance Set,1,138.55,68.54,0,138.55,70.01,Completed
ORD-507044,2026-06-26,Central,Dallas DC,Consumer,SKU-1008,Apparel,Running Shoes,4,88.43,59.11,0.1,318.35,81.91,Completed
ORD-507045,2026-06-26,Central,Minneapolis DC,Small Business,SKU-1006,Home,Kitchen Organizer,1,100.06,51.21,0,100.06,48.85,Completed
ORD-507046,2026-06-26,West,Seattle DC,Small Business,SKU-1011,Beauty,Hair Dryer,1,35.1,16.43,0.15,29.84,13.41,Cancelled
ORD-507047,2026-06-26,East,New Jersey DC,Enterprise,SKU-1001,Electronics,Noise-Canceling Headphones,2,202.4,94.45,0.15,344.08,155.18,Completed
ORD-507048,2026-06-26,East,Atlanta DC,Small Business,SKU-1012,Beauty,Fragrance Set,1,138.55,68.54,0.15,117.77,49.23,Completed
ORD-507049,2026-06-26,West,Denver DC,Small Business,SKU-1009,Apparel,Travel Backpack,2,145.86,81.38,0,291.72,128.96,Returned
ORD-507050,2026-06-26,East,Atlanta DC,Consumer,SKU-1008,Apparel,Running Shoes,2,88.43,59.11,0.1,159.17,40.95,Completed
ORD-507051,2026-06-26,West,Los Angeles DC,Enterprise,SKU-1003,Electronics,Portable Charger,1,132.63,59.06,0.15,112.74,53.68,Completed
ORD-507052,2026-06-26,Central,Chicago DC,Enterprise,SKU-1003,Electronics,Portable Charger,4,132.63,59.06,0.15,450.94,214.7,Completed
ORD-507053,2026-06-26,East,Atlanta DC,Small Business,SKU-1003,Electronics,Portable Charger,1,132.63,59.06,0.15,112.74,53.68,Completed
ORD-507054,2026-06-26,Central,Minneapolis DC,Consumer,SKU-1009,Apparel,Travel Backpack,3,145.86,81.38,0.05,415.7,171.56,Completed
ORD-507055,2026-06-26,West,Seattle DC,Enterprise,SKU-1002,Electronics,Smart Home Hub,3,202.52,137.45,0,607.56,195.21,Completed
ORD-507056,2026-06-26,Central,Chicago DC,Enterprise,SKU-1002,Electronics,Smart Home Hub,2,202.52,137.45,0,405.04,130.14,Completed
ORD-507057,2026-06-26,West,Seattle DC,Enterprise,SKU-1008,Apparel,Running Shoes,1,88.43,59.11,0.1,79.59,20.48,Returned
ORD-507058,2026-06-26,East,Atlanta DC,Small Business,SKU-1009,Apparel,Travel Backpack,2,145.86,81.38,0,291.72,128.96,Completed
ORD-507059,2026-06-26,Central,Chicago DC,Consumer,SKU-1008,Apparel,Running Shoes,1,88.43,59.11,0,88.43,29.32,Completed
ORD-507060,2026-06-27,Central,Minneapolis DC,Small Business,SKU-1009,Apparel,Travel Backpack,2,145.86,81.38,0.05,277.13,114.37,Completed
ORD-507061,2026-06-27,East,Miami DC,Enterprise,SKU-1001,Electronics,Noise-Canceling Headphones,1,202.4,94.45,0.15,172.04,77.59,Completed
ORD-507062,2026-06-27,Central,Dallas DC,Consumer,SKU-1010,Beauty,Skin Care Kit,1,212.38,144.24,0.05,201.76,57.52,Completed
ORD-507063,2026-06-27,West,Denver DC,Consumer,SKU-1010,Beauty,Skin Care Kit,3,212.38,144.24,0.15,541.57,108.85,Completed
ORD-507064,2026-06-27,East,New Jersey DC,Small Business,SKU-1006,Home,Kitchen Organizer,1,100.06,51.21,0.05,95.06,43.85,Completed
ORD-507065,2026-06-27,West,Los Angeles DC,Small Business,SKU-1006,Home,Kitchen Organizer,1,100.06,51.21,0.05,95.06,43.85,Completed
ORD-507066,2026-06-27,Central,Chicago DC,Enterprise,SKU-1005,Home,Bedding Set,1,134.44,81.31,0,134.44,53.13,Completed
ORD-507067,2026-06-27,West,Los Angeles DC,Consumer,SKU-1012,Beauty,Fragrance Set,1,138.55,68.54,0.15,117.77,49.23,Completed
ORD-507068,2026-06-27,West,Los Angeles DC,Small Business,SKU-1003,Electronics,Portable Charger,3,132.63,59.06,0,397.89,220.71,Completed
ORD-507069,2026-06-27,West,Denver DC,Consumer,SKU-1001,Electronics,Noise-Canceling Headphones,1,202.4,94.45,0.1,182.16,87.71,Completed
ORD-507070,2026-06-27,West,Los Angeles DC,Enterprise,SKU-1010,Beauty,Skin Care Kit,3,212.38,144.24,0,637.14,204.42,Completed
ORD-507071,2026-06-27,East,New Jersey DC,Enterprise,SKU-1003,Electronics,Portable Charger,4,132.63,59.06,0,530.52,294.28,Completed
ORD-507072,2026-06-27,Central,Dallas DC,Small Business,SKU-1008,Apparel,Running Shoes,2,88.43,59.11,0.05,168.02,49.8,Completed
ORD-507073,2026-06-27,Central,Dallas DC,Enterprise,SKU-1012,Beauty,Fragrance Set,2,138.55,68.54,0.1,249.39,112.31,Completed
ORD-507074,2026-06-27,East,Atlanta DC,Small Business,SKU-1006,Home,Kitchen Organizer,2,100.06,51.21,0,200.12,97.7,Completed
ORD-507075,2026-06-27,Central,Minneapolis DC,Consumer,SKU-1011,Beauty,Hair Dryer,2,35.1,16.43,0,70.2,37.34,Completed
ORD-507076,2026-06-27,East,Miami DC,Small Business,SKU-1007,Apparel,Performance Jacket,1,259.88,171.94,0.05,246.89,74.95,Completed
ORD-507077,2026-06-27,East,New Jersey DC,Small Business,SKU-1010,Beauty,Skin Care Kit,1,212.38,144.24,0.15,180.52,36.28,Completed
ORD-507078,2026-06-27,Central,Dallas DC,Small Business,SKU-1009,Apparel,Travel Backpack,1,145.86,81.38,0,145.86,64.48,Completed
ORD-507079,2026-06-27,East,New Jersey DC,Consumer,SKU-1006,Home,Kitchen Organizer,2,100.06,51.21,0.15,170.1,67.68,Completed
ORD-507080,2026-06-27,West,Los Angeles DC,Small Business,SKU-1012,Beauty,Fragrance Set,2,138.55,68.54,0.05,263.25,126.16,Completed
ORD-507081,2026-06-27,Central,Dallas DC,Small Business,SKU-1009,Apparel,Travel Backpack,2,145.86,81.38,0,291.72,128.96,Completed
ORD-507082,2026-06-27,West,Los Angeles DC,Small Business,SKU-1005,Home,Bedding Set,2,134.44,81.31,0.15,228.55,65.93,Completed
ORD-507083,2026-06-27,West,Seattle DC,Enterprise,SKU-1003,Electronics,Portable Charger,2,132.63,59.06,0.1,238.73,120.61,Completed
ORD-507084,2026-06-27,Central,Minneapolis DC,Small Business,SKU-1006,Home,Kitchen Organizer,1,100.06,51.21,0.1,90.05,38.84,Completed
ORD-507085,2026-06-27,Central,Dallas DC,Consumer,SKU-1009,Apparel,Travel Backpack,3,145.86,81.38,0,437.58,193.44,Completed
ORD-507086,2026-06-27,East,Atlanta DC,Enterprise,SKU-1012,Beauty,Fragrance Set,1,138.55,68.54,0.1,124.7,56.16,Completed
ORD-507087,2026-06-27,East,Atlanta DC,Consumer,SKU-1012,Beauty,Fragrance Set,2,138.55,68.54,0.15,235.54,98.46,Completed
ORD-507088,2026-06-27,East,Miami DC,Small Business,SKU-1008,Apparel,Running Shoes,1,88.43,59.11,0,88.43,29.32,Completed
ORD-507089,2026-06-27,West,Seattle DC,Enterprise,SKU-1005,Home,Bedding Set,1,134.44,81.31,0,134.44,53.13,Completed
ORD-507090,2026-06-27,West,Los Angeles DC,Enterprise,SKU-1010,Beauty,Skin Care Kit,1,212.38,144.24,0,212.38,68.14,Completed
ORD-507091,2026-06-27,East,New Jersey DC,Enterprise,SKU-1004,Home,Air Purifier,2,39.43,23.74,0.05,74.92,27.44,Completed
ORD-507092,2026-06-27,East,New Jersey DC,Enterprise,SKU-1008,Apparel,Running Shoes,2,88.43,59.11,0.05,168.02,49.8,Completed
ORD-507093,2026-06-27,Central,Minneapolis DC,Small Business,SKU-1008,Apparel,Running Shoes,1,88.43,59.11,0,88.43,29.32,Completed
ORD-507094,2026-06-27,West,Denver DC,Enterprise,SKU-1004,Home,Air Purifier,1,39.43,23.74,0,39.43,15.69,Completed
ORD-507095,2026-06-27,East,Miami DC,Consumer,SKU-1002,Electronics,Smart Home Hub,1,202.52,137.45,0,202.52,65.07,Cancelled
ORD-507096,2026-06-27,East,Miami DC,Consumer,SKU-1007,Apparel,Performance Jacket,1,259.88,171.94,0.15,220.9,48.96,Returned
ORD-507097,2026-06-27,Central,Minneapolis DC,Consumer,SKU-1010,Beauty,Skin Care Kit,3,212.38,144.24,0,637.14,204.42,Completed
ORD-507098,2026-06-27,East,Miami DC,Small Business,SKU-1012,Beauty,Fragrance Set,3,138.55,68.54,0,415.65,210.03,Completed
ORD-507099,2026-06-27,East,New Jersey DC,Enterprise,SKU-1003,Electronics,Portable Charger,1,132.63,59.06,0,132.63,73.57,Completed
ORD-507100,2026-06-27,East,Miami DC,Consumer,SKU-1004,Home,Air Purifier,2,39.43,23.74,0.05,74.92,27.44,Completed
ORD-507101,2026-06-27,East,New Jersey DC,Small Business,SKU-1007,Apparel,Performance Jacket,1,259.88,171.94,0,259.88,87.94,Completed
ORD-507102,2026-06-27,Central,Chicago DC,Small Business,SKU-1001,Electronics,Noise-Canceling Headphones,2,202.4,94.45,0,404.8,215.9,Completed
ORD-507103,2026-06-28,Central,Chicago DC,Small Business,SKU-1004,Home,Air Purifier,1,39.43,23.74,0,39.43,15.69,Completed
ORD-507104,2026-06-28,East,Miami DC,Enterprise,SKU-1001,Electronics,Noise-Canceling Headphones,1,202.4,94.45,0.1,182.16,87.71,Returned
ORD-507105,2026-06-28,West,Seattle DC,Consumer,SKU-1008,Apparel,Running Shoes,2,88.43,59.11,0.15,150.33,32.11,Completed
ORD-507106,2026-06-28,West,Los Angeles DC,Enterprise,SKU-1001,Electronics,Noise-Canceling Headphones,1,202.4,94.45,0.05,192.28,97.83,Completed
ORD-507107,2026-06-28,West,Los Angeles DC,Consumer,SKU-1004,Home,Air Purifier,1,39.43,23.74,0,39.43,15.69,Completed
ORD-507108,2026-06-28,Central,Dallas DC,Enterprise,SKU-1010,Beauty,Skin Care Kit,1,212.38,144.24,0.1,191.14,46.9,Completed
ORD-507109,2026-06-28,East,Miami DC,Enterprise,SKU-1005,Home,Bedding Set,1,134.44,81.31,0,134.44,53.13,Cancelled
ORD-507110,2026-06-28,East,Atlanta DC,Consumer,SKU-1003,Electronics,Portable Charger,1,132.63,59.06,0.15,112.74,53.68,Cancelled
ORD-507111,2026-06-28,Central,Chicago DC,Consumer,SKU-1010,Beauty,Skin Care Kit,2,212.38,144.24,0,424.76,136.28,Completed
ORD-507112,2026-06-28,West,Seattle DC,Enterprise,SKU-1005,Home,Bedding Set,1,134.44,81.31,0,134.44,53.13,Completed
ORD-507113,2026-06-28,West,Denver DC,Enterprise,SKU-1010,Beauty,Skin Care Kit,1,212.38,144.24,0,212.38,68.14,Completed
ORD-507114,2026-06-28,East,Atlanta DC,Enterprise,SKU-1009,Apparel,Travel Backpack,2,145.86,81.38,0,291.72,128.96,Completed
ORD-507115,2026-06-28,Central,Minneapolis DC,Consumer,SKU-1006,Home,Kitchen Organizer,1,100.06,51.21,0.15,85.05,33.84,Completed
ORD-507116,2026-06-28,Central,Dallas DC,Small Business,SKU-1009,Apparel,Travel Backpack,4,145.86,81.38,0.05,554.27,228.75,Completed
ORD-507117,2026-06-28,East,New Jersey DC,Enterprise,SKU-1007,Apparel,Performance Jacket,1,259.88,171.94,0.1,233.89,61.95,Completed
ORD-507118,2026-06-28,West,Seattle DC,Enterprise,SKU-1012,Beauty,Fragrance Set,2,138.55,68.54,0.1,249.39,112.31,Completed
ORD-507119,2026-06-28,West,Denver DC,Small Business,SKU-1010,Beauty,Skin Care Kit,2,212.38,144.24,0.05,403.52,115.04,Completed
ORD-507120,2026-06-28,East,Miami DC,Consumer,SKU-1007,Apparel,Performance Jacket,1,259.88,171.94,0.05,246.89,74.95,Completed
ORD-507121,2026-06-28,East,Atlanta DC,Consumer,SKU-1002,Electronics,Smart Home Hub,1,202.52,137.45,0,202.52,65.07,Completed
ORD-507122,2026-06-28,Central,Chicago DC,Consumer,SKU-1003,Electronics,Portable Charger,1,132.63,59.06,0,132.63,73.57,Completed
ORD-507123,2026-06-28,West,Los Angeles DC,Enterprise,SKU-1004,Home,Air Purifier,1,39.43,23.74,0.15,33.52,9.78,Completed
ORD-507124,2026-06-28,East,Atlanta DC,Small Business,SKU-1007,Apparel,Performance Jacket,1,259.88,171.94,0,259.88,87.94,Completed
ORD-507125,2026-06-28,Central,Chicago DC,Consumer,SKU-1006,Home,Kitchen Organizer,1,100.06,51.21,0,100.06,48.85,Completed
ORD-507126,2026-06-28,East,Miami DC,Enterprise,SKU-1008,Apparel,Running Shoes,1,88.43,59.11,0,88.43,29.32,Completed
ORD-507127,2026-06-28,East,Atlanta DC,Small Business,SKU-1005,Home,Bedding Set,2,134.44,81.31,0,268.88,106.26,Completed
ORD-507128,2026-06-28,East,Atlanta DC,Small Business,SKU-1012,Beauty,Fragrance Set,3,138.55,68.54,0,415.65,210.03,Completed
ORD-507129,2026-06-28,West,Los Angeles DC,Small Business,SKU-1006,Home,Kitchen Organizer,4,100.06,51.21,0.15,340.2,135.36,Completed
ORD-507130,2026-06-28,West,Los Angeles DC,Enterprise,SKU-1004,Home,Air Purifier,3,39.43,23.74,0,118.29,47.07,Completed
ORD-507131,2026-06-28,West,Denver DC,Consumer,SKU-1001,Electronics,Noise-Canceling Headphones,4,202.4,94.45,0.05,769.12,391.32,Completed
ORD-507132,2026-06-28,West,Denver DC,Small Business,SKU-1012,Beauty,Fragrance Set,2,138.55,68.54,0,277.1,140.02,Completed
ORD-507133,2026-06-28,West,Seattle DC,Small Business,SKU-1003,Electronics,Portable Charger,3,132.63,59.06,0,397.89,220.71,Completed
ORD-507134,2026-06-28,East,New Jersey DC,Small Business,SKU-1011,Beauty,Hair Dryer,2,35.1,16.43,0,70.2,37.34,Completed
ORD-507135,2026-06-28,West,Los Angeles DC,Small Business,SKU-1010,Beauty,Skin Care Kit,1,212.38,144.24,0.15,180.52,36.28,Completed
ORD-507136,2026-06-28,West,Seattle DC,Small Business,SKU-1012,Beauty,Fragrance Set,1,138.55,68.54,0.05,131.62,63.08,Completed
ORD-507137,2026-06-28,West,Seattle DC,Enterprise,SKU-1010,Beauty,Skin Care Kit,1,212.38,144.24,0.1,191.14,46.9,Completed
ORD-507138,2026-06-28,Central,Dallas DC,Enterprise,SKU-1001,Electronics,Noise-Canceling Headphones,3,202.4,94.45,0.05,576.84,293.49,Completed
ORD-507139,2026-06-28,Central,Chicago DC,Small Business,SKU-1002,Electronics,Smart Home Hub,3,202.52,137.45,0,607.56,195.21,Completed
ORD-507140,2026-06-28,Central,Dallas DC,Consumer,SKU-1010,Beauty,Skin Care Kit,3,212.38,144.24,0,637.14,204.42,Completed
ORD-507141,2026-06-28,West,Los Angeles DC,Consumer,SKU-1011,Beauty,Hair Dryer,3,35.1,16.43,0.15,89.51,40.22,Completed
ORD-507142,2026-06-28,East,Miami DC,Consumer,SKU-1002,Electronics,Smart Home Hub,1,202.52,137.45,0,202.52,65.07,Completed
ORD-507143,2026-06-28,West,Denver DC,Enterprise,SKU-1005,Home,Bedding Set,1,134.44,81.31,0.05,127.72,46.41,Completed
ORD-507144,2026-06-28,West,Los Angeles DC,Small Business,SKU-1004,Home,Air Purifier,1,39.43,23.74,0.15,33.52,9.78,Completed
ORD-507145,2026-06-28,West,Seattle DC,Consumer,SKU-1002,Electronics,Smart Home Hub,2,202.52,137.45,0.15,344.28,69.38,Completed
ORD-507146,2026-06-28,East,Atlanta DC,Consumer,SKU-1005,Home,Bedding Set,2,134.44,81.31,0.1,241.99,79.37,Completed
ORD-507147,2026-06-28,West,Los Angeles DC,Small Business,SKU-1005,Home,Bedding Set,2,134.44,81.31,0,268.88,106.26,Completed
ORD-507148,2026-06-28,West,Los Angeles DC,Enterprise,SKU-1003,Electronics,Portable Charger,1,132.63,59.06,0,132.63,73.57,Completed
ORD-507149,2026-06-28,Central,Chicago DC,Consumer,SKU-1008,Apparel,Running Shoes,1,88.43,59.11,0.05,84.01,24.9,Completed
ORD-507150,2026-06-28,East,Miami DC,Consumer,SKU-1008,Apparel,Running Shoes,4,88.43,59.11,0,353.72,117.28,Completed
ORD-507151,2026-06-29,West,Denver DC,Small Business,SKU-1010,Beauty,Skin Care Kit,3,212.38,144.24,0.15,541.57,108.85,Completed
ORD-507152,2026-06-29,East,Atlanta DC,Small Business,SKU-1011,Beauty,Hair Dryer,1,35.1,16.43,0.1,31.59,15.16,Completed
ORD-507153,2026-06-29,West,Denver DC,Small Business,SKU-1002,Electronics,Smart Home Hub,3,202.52,137.45,0.1,546.8,134.45,Completed
ORD-507154,2026-06-29,East,New Jersey DC,Consumer,SKU-1012,Beauty,Fragrance Set,1,138.55,68.54,0,138.55,70.01,Completed
ORD-507155,2026-06-29,West,Los Angeles DC,Small Business,SKU-1011,Beauty,Hair Dryer,2,35.1,16.43,0,70.2,37.34,Returned
ORD-507156,2026-06-29,East,Miami DC,Small Business,SKU-1002,Electronics,Smart Home Hub,1,202.52,137.45,0.05,192.39,54.94,Completed
ORD-507157,2026-06-29,Central,Minneapolis DC,Enterprise,SKU-1005,Home,Bedding Set,2,134.44,81.31,0.05,255.44,92.82,Completed
ORD-507158,2026-06-29,West,Seattle DC,Small Business,SKU-1001,Electronics,Noise-Canceling Headphones,1,202.4,94.45,0,202.4,107.95,Completed
ORD-507159,2026-06-29,Central,Minneapolis DC,Enterprise,SKU-1010,Beauty,Skin Care Kit,1,212.38,144.24,0.05,201.76,57.52,Completed
ORD-507160,2026-06-29,Central,Minneapolis DC,Small Business,SKU-1008,Apparel,Running Shoes,2,88.43,59.11,0.15,150.33,32.11,Completed
ORD-507161,2026-06-29,East,Atlanta DC,Small Business,SKU-1003,Electronics,Portable Charger,2,132.63,59.06,0,265.26,147.14,Returned
ORD-507162,2026-06-29,East,Miami DC,Small Business,SKU-1007,Apparel,Performance Jacket,1,259.88,171.94,0,259.88,87.94,Completed
ORD-507163,2026-06-29,Central,Minneapolis DC,Enterprise,SKU-1007,Apparel,Performance Jacket,1,259.88,171.94,0,259.88,87.94,Completed
ORD-507164,2026-06-29,West,Denver DC,Small Business,SKU-1002,Electronics,Smart Home Hub,1,202.52,137.45,0,202.52,65.07,Completed
ORD-507165,2026-06-29,West,Denver DC,Small Business,SKU-1012,Beauty,Fragrance Set,1,138.55,68.54,0.1,124.7,56.16,Completed
ORD-507166,2026-06-29,West,Seattle DC,Consumer,SKU-1010,Beauty,Skin Care Kit,1,212.38,144.24,0,212.38,68.14,Completed
ORD-507167,2026-06-29,West,Seattle DC,Small Business,SKU-1005,Home,Bedding Set,1,134.44,81.31,0.15,114.27,32.96,Completed
ORD-507168,2026-06-29,West,Seattle DC,Small Business,SKU-1011,Beauty,Hair Dryer,4,35.1,16.43,0.15,119.34,53.62,Completed
ORD-507169,2026-06-29,West,Seattle DC,Small Business,SKU-1012,Beauty,Fragrance Set,1,138.55,68.54,0.1,124.7,56.16,Completed
ORD-507170,2026-06-29,East,New Jersey DC,Enterprise,SKU-1011,Beauty,Hair Dryer,1,35.1,16.43,0,35.1,18.67,Completed
ORD-507171,2026-06-29,Central,Minneapolis DC,Enterprise,SKU-1006,Home,Kitchen Organizer,2,100.06,51.21,0,200.12,97.7,Completed
ORD-507172,2026-06-29,Central,Minneapolis DC,Consumer,SKU-1010,Beauty,Skin Care Kit,1,212.38,144.24,0,212.38,68.14,Completed
ORD-507173,2026-06-29,East,Atlanta DC,Consumer,SKU-1012,Beauty,Fragrance Set,2,138.55,68.54,0,277.1,140.02,Completed
ORD-507174,2026-06-29,East,Miami DC,Enterprise,SKU-1007,Apparel,Performance Jacket,1,259.88,171.94,0,259.88,87.94,Completed
ORD-507175,2026-06-29,Central,Chicago DC,Consumer,SKU-1004,Home,Air Purifier,1,39.43,23.74,0,39.43,15.69,Completed
ORD-507176,2026-06-29,East,Miami DC,Small Business,SKU-1012,Beauty,Fragrance Set,1,138.55,68.54,0,138.55,70.01,Completed
ORD-507177,2026-06-29,East,Miami DC,Enterprise,SKU-1006,Home,Kitchen Organizer,1,100.06,51.21,0.1,90.05,38.84,Completed
ORD-507178,2026-06-29,West,Los Angeles DC,Small Business,SKU-1006,Home,Kitchen Organizer,2,100.06,51.21,0.1,180.11,77.69,Completed
ORD-507179,2026-06-29,Central,Dallas DC,Small Business,SKU-1011,Beauty,Hair Dryer,2,35.1,16.43,0,70.2,37.34,Completed
ORD-507180,2026-06-29,East,New Jersey DC,Consumer,SKU-1006,Home,Kitchen Organizer,1,100.06,51.21,0,100.06,48.85,Completed
ORD-507181,2026-06-29,West,Los Angeles DC,Small Business,SKU-1006,Home,Kitchen Organizer,2,100.06,51.21,0,200.12,97.7,Returned
ORD-507182,2026-06-29,Central,Minneapolis DC,Consumer,SKU-1011,Beauty,Hair Dryer,1,35.1,16.43,0.15,29.84,13.41,Completed
ORD-507183,2026-06-29,East,Atlanta DC,Consumer,SKU-1011,Beauty,Hair Dryer,2,35.1,16.43,0,70.2,37.34,Completed
ORD-507184,2026-06-29,West,Denver DC,Consumer,SKU-1005,Home,Bedding Set,2,134.44,81.31,0,268.88,106.26,Completed
ORD-507185,2026-06-29,West,Denver DC,Small Business,SKU-1010,Beauty,Skin Care Kit,2,212.38,144.24,0,424.76,136.28,Completed
ORD-507186,2026-06-29,East,New Jersey DC,Consumer,SKU-1003,Electronics,Portable Charger,2,132.63,59.06,0.1,238.73,120.61,Completed
ORD-507187,2026-06-29,West,Seattle DC,Consumer,SKU-1007,Apparel,Performance Jacket,1,259.88,171.94,0.1,233.89,61.95,Completed
ORD-507188,2026-06-29,Central,Dallas DC,Enterprise,SKU-1002,Electronics,Smart Home Hub,3,202.52,137.45,0.1,546.8,134.45,Completed
ORD-507189,2026-06-29,Central,Dallas DC,Consumer,SKU-1002,Electronics,Smart Home Hub,1,202.52,137.45,0.1,182.27,44.82,Completed
ORD-507190,2026-06-29,East,Miami DC,Enterprise,SKU-1008,Apparel,Running Shoes,2,88.43,59.11,0.15,150.33,32.11,Returned
ORD-507191,2026-06-29,West,Denver DC,Enterprise,SKU-1008,Apparel,Running Shoes,1,88.43,59.11,0.1,79.59,20.48,Completed
ORD-507192,2026-06-29,Central,Dallas DC,Small Business,SKU-1009,Apparel,Travel Backpack,1,145.86,81.38,0.1,131.27,49.89,Completed
ORD-507193,2026-06-29,East,New Jersey DC,Small Business,SKU-1004,Home,Air Purifier,1,39.43,23.74,0,39.43,15.69,Completed
ORD-507194,2026-06-30,Central,Chicago DC,Enterprise,SKU-1011,Beauty,Hair Dryer,1,35.1,16.43,0,35.1,18.67,Returned
ORD-507195,2026-06-30,East,Atlanta DC,Enterprise,SKU-1006,Home,Kitchen Organizer,1,100.06,51.21,0,100.06,48.85,Completed
ORD-507196,2026-06-30,West,Denver DC,Consumer,SKU-1009,Apparel,Travel Backpack,1,145.86,81.38,0.1,131.27,49.89,Completed
ORD-507197,2026-06-30,Central,Dallas DC,Consumer,SKU-1009,Apparel,Travel Backpack,4,145.86,81.38,0.05,554.27,228.75,Completed
ORD-507198,2026-06-30,East,New Jersey DC,Enterprise,SKU-1010,Beauty,Skin Care Kit,1,212.38,144.24,0.1,191.14,46.9,Completed
ORD-507199,2026-06-30,West,Seattle DC,Enterprise,SKU-1003,Electronics,Portable Charger,2,132.63,59.06,0.1,238.73,120.61,Completed
ORD-507200,2026-06-30,East,Miami DC,Enterprise,SKU-1007,Apparel,Performance Jacket,1,259.88,171.94,0.05,246.89,74.95,Completed
ORD-507201,2026-06-30,West,Denver DC,Consumer,SKU-1012,Beauty,Fragrance Set,1,138.55,68.54,0,138.55,70.01,Returned
ORD-507202,2026-06-30,West,Denver DC,Small Business,SKU-1001,Electronics,Noise-Canceling Headphones,3,202.4,94.45,0.15,516.12,232.77,Completed
ORD-507203,2026-06-30,East,Miami DC,Consumer,SKU-1004,Home,Air Purifier,3,39.43,23.74,0.15,100.55,29.33,Completed
ORD-507204,2026-06-30,West,Los Angeles DC,Small Business,SKU-1012,Beauty,Fragrance Set,4,138.55,68.54,0,554.2,280.04,Completed
ORD-507205,2026-06-30,Central,Minneapolis DC,Consumer,SKU-1007,Apparel,Performance Jacket,1,259.88,171.94,0,259.88,87.94,Completed
ORD-507206,2026-06-30,West,Denver DC,Enterprise,SKU-1008,Apparel,Running Shoes,1,88.43,59.11,0,88.43,29.32,Completed
ORD-507207,2026-06-30,Central,Minneapolis DC,Small Business,SKU-1012,Beauty,Fragrance Set,1,138.55,68.54,0,138.55,70.01,Completed
ORD-507208,2026-06-30,East,Atlanta DC,Small Business,SKU-1006,Home,Kitchen Organizer,2,100.06,51.21,0,200.12,97.7,Completed
ORD-507209,2026-06-30,East,Atlanta DC,Small Business,SKU-1001,Electronics,Noise-Canceling Headphones,1,202.4,94.45,0,202.4,107.95,Completed
ORD-507210,2026-06-30,Central,Dallas DC,Consumer,SKU-1007,Apparel,Performance Jacket,1,259.88,171.94,0,259.88,87.94,Completed
ORD-507211,2026-06-30,Central,Minneapolis DC,Enterprise,SKU-1009,Apparel,Travel Backpack,2,145.86,81.38,0.1,262.55,99.79,Returned
ORD-507212,2026-06-30,West,Seattle DC,Small Business,SKU-1002,Electronics,Smart Home Hub,2,202.52,137.45,0,405.04,130.14,Cancelled
ORD-507213,2026-06-30,East,Miami DC,Consumer,SKU-1006,Home,Kitchen Organizer,1,100.06,51.21,0,100.06,48.85,Completed
ORD-507214,2026-06-30,East,New Jersey DC,Enterprise,SKU-1005,Home,Bedding Set,1,134.44,81.31,0,134.44,53.13,Completed
ORD-507215,2026-06-30,East,Miami DC,Consumer,SKU-1010,Beauty,Skin Care Kit,1,212.38,144.24,0,212.38,68.14,Completed
ORD-507216,2026-06-30,East,Miami DC,Small Business,SKU-1007,Apparel,Performance Jacket,1,259.88,171.94,0,259.88,87.94,Completed
ORD-507217,2026-06-30,East,Atlanta DC,Small Business,SKU-1006,Home,Kitchen Organizer,2,100.06,51.21,0,200.12,97.7,Completed
ORD-507218,2026-06-30,East,Atlanta DC,Enterprise,SKU-1002,Electronics,Smart Home Hub,2,202.52,137.45,0,405.04,130.14,Completed
ORD-507219,2026-06-30,East,Miami DC,Enterprise,SKU-1002,Electronics,Smart Home Hub,1,202.52,137.45,0.05,192.39,54.94,Completed
ORD-507220,2026-06-30,Central,Dallas DC,Small Business,SKU-1003,Electronics,Portable Charger,1,132.63,59.06,0.1,119.37,60.31,Completed
ORD-507221,2026-06-30,Central,Minneapolis DC,Consumer,SKU-1002,Electronics,Smart Home Hub,1,202.52,137.45,0.05,192.39,54.94,Completed
ORD-507222,2026-06-30,West,Los Angeles DC,Consumer,SKU-1009,Apparel,Travel Backpack,2,145.86,81.38,0.1,262.55,99.79,Completed
ORD-507223,2026-06-30,West,Seattle DC,Enterprise,SKU-1006,Home,Kitchen Organizer,1,100.06,51.21,0,100.06,48.85,Completed
ORD-507224,2026-06-30,East,New Jersey DC,Enterprise,SKU-1012,Beauty,Fragrance Set,2,138.55,68.54,0.1,249.39,112.31,Completed
ORD-507225,2026-06-30,West,Los Angeles DC,Enterprise,SKU-1010,Beauty,Skin Care Kit,4,212.38,144.24,0,849.52,272.56,Completed
ORD-507226,2026-06-30,West,Seattle DC,Consumer,SKU-1007,Apparel,Performance Jacket,2,259.88,171.94,0,519.76,175.88,Completed
ORD-507227,2026-06-30,East,Miami DC,Small Business,SKU-1008,Apparel,Running Shoes,2,88.43,59.11,0,176.86,58.64,Completed
ORD-507228,2026-06-30,Central,Chicago DC,Consumer,SKU-1004,Home,Air Purifier,1,39.43,23.74,0,39.43,15.69,Completed
ORD-507229,2026-06-30,Central,Minneapolis DC,Enterprise,SKU-1002,Electronics,Smart Home Hub,1,202.52,137.45,0,202.52,65.07,Completed
ORD-507230,2026-06-30,East,New Jersey DC,Consumer,SKU-1001,Electronics,Noise-Canceling Headphones,1,202.4,94.45,0.1,182.16,87.71,Completed
ORD-507231,2026-06-30,West,Los Angeles DC,Enterprise,SKU-1010,Beauty,Skin Care Kit,3,212.38,144.24,0,637.14,204.42,Completed
