shipment_id,order_id,carrier,ship_date,promised_date,delivery_date,fulfillment_days,on_time_flag,late_days,shipment_cost
SHP-500001,ORD-500001,ShipRight,2026-01-03,2026-01-05,2026-01-05,4,1,0,10.29
SHP-500002,ORD-500002,NorthLine,2026-01-02,2026-01-05,2026-01-06,5,0,1,11.49
SHP-500003,ORD-500003,ShipRight,2026-01-02,2026-01-05,2026-01-06,5,0,1,10.96
SHP-500004,ORD-500004,ParcelFast,2026-01-03,2026-01-05,2026-01-05,4,1,0,9.16
SHP-500005,ORD-500005,ShipRight,2026-01-01,2026-01-05,2026-01-06,5,0,1,11.25
SHP-500006,ORD-500006,NorthLine,2026-01-01,2026-01-05,2026-01-08,7,0,3,11.77
SHP-500007,ORD-500007,ParcelFast,2026-01-02,2026-01-05,2026-01-07,6,0,2,10.37
SHP-500008,ORD-500008,NorthLine,2026-01-01,2026-01-05,2026-01-04,3,1,0,12.39
SHP-500009,ORD-500009,MetroCourier,2026-01-02,2026-01-05,2026-01-05,4,1,0,10.5
SHP-500010,ORD-500010,ParcelFast,2026-01-01,2026-01-05,2026-01-07,6,0,2,10.89
SHP-500011,ORD-500011,NorthLine,2026-01-03,2026-01-05,2026-01-07,6,0,2,12.39
SHP-500012,ORD-500012,ShipRight,2026-01-02,2026-01-05,2026-01-06,5,0,1,11.96
SHP-500013,ORD-500013,ParcelFast,2026-01-02,2026-01-05,2026-01-06,5,0,1,12.29
SHP-500014,ORD-500014,ParcelFast,2026-01-01,2026-01-05,2026-01-03,2,1,0,11.4
SHP-500015,ORD-500015,MetroCourier,2026-01-02,2026-01-05,2026-01-03,2,1,0,11.61
SHP-500016,ORD-500016,NorthLine,2026-01-04,2026-01-05,2026-01-05,4,1,0,10.8
SHP-500017,ORD-500017,NorthLine,2026-01-03,2026-01-05,2026-01-06,5,0,1,13.31
SHP-500018,ORD-500018,MetroCourier,2026-01-02,2026-01-05,2026-01-04,3,1,0,11.14
SHP-500019,ORD-500019,NorthLine,2026-01-02,2026-01-05,2026-01-04,3,1,0,12.54
SHP-500020,ORD-500020,MetroCourier,2026-01-02,2026-01-05,2026-01-06,5,0,1,10.48
SHP-500021,ORD-500021,NorthLine,2026-01-02,2026-01-05,2026-01-06,5,0,1,12.36
SHP-500022,ORD-500022,MetroCourier,2026-01-02,2026-01-05,2026-01-07,6,0,2,11.89
SHP-500023,ORD-500023,NorthLine,2026-01-02,2026-01-05,2026-01-07,6,0,2,11.39
SHP-500024,ORD-500024,ParcelFast,2026-01-02,2026-01-05,2026-01-07,6,0,2,11.3
SHP-500025,ORD-500025,ParcelFast,2026-01-03,2026-01-05,2026-01-05,4,1,0,13.38
SHP-500026,ORD-500026,NorthLine,2026-01-02,2026-01-05,2026-01-04,3,1,0,13.68
SHP-500027,ORD-500027,ParcelFast,2026-01-01,2026-01-05,2026-01-04,3,1,0,11.11
SHP-500028,ORD-500028,NorthLine,2026-01-04,2026-01-05,2026-01-07,6,0,2,9.84
SHP-500029,ORD-500029,ShipRight,2026-01-02,2026-01-05,2026-01-05,4,1,0,12.19
SHP-500030,ORD-500030,MetroCourier,2026-01-04,2026-01-05,2026-01-09,8,0,4,11.8
SHP-500031,ORD-500031,NorthLine,2026-01-02,2026-01-05,2026-01-05,4,1,0,9.77
SHP-500032,ORD-500032,ParcelFast,2026-01-03,2026-01-06,2026-01-07,5,0,1,14.36
SHP-500033,ORD-500033,MetroCourier,2026-01-03,2026-01-06,2026-01-09,7,0,3,8.92
SHP-500034,ORD-500034,MetroCourier,2026-01-02,2026-01-06,2026-01-04,2,1,0,10.02
SHP-500035,ORD-500035,ShipRight,2026-01-03,2026-01-06,2026-01-06,4,1,0,12.62
SHP-500036,ORD-500036,NorthLine,2026-01-03,2026-01-06,2026-01-04,2,1,0,10.52
SHP-500037,ORD-500037,MetroCourier,2026-01-03,2026-01-06,2026-01-08,6,0,2,10.48
SHP-500038,ORD-500038,NorthLine,2026-01-03,2026-01-06,2026-01-05,3,1,0,10.24
SHP-500039,ORD-500039,ShipRight,2026-01-02,2026-01-06,2026-01-06,4,1,0,9.58
SHP-500040,ORD-500040,NorthLine,2026-01-04,2026-01-06,2026-01-05,3,1,0,8.9
SHP-500041,ORD-500041,MetroCourier,2026-01-02,2026-01-06,2026-01-05,3,1,0,11.98
SHP-500042,ORD-500042,MetroCourier,2026-01-04,2026-01-06,2026-01-08,6,0,2,11.25
SHP-500043,ORD-500043,NorthLine,2026-01-02,2026-01-06,2026-01-04,2,1,0,13.08
SHP-500044,ORD-500044,MetroCourier,2026-01-03,2026-01-06,2026-01-05,3,1,0,10.8
SHP-500045,ORD-500045,NorthLine,2026-01-05,2026-01-06,2026-01-08,6,0,2,11.07
SHP-500046,ORD-500046,ParcelFast,2026-01-03,2026-01-06,2026-01-08,6,0,2,10.79
SHP-500047,ORD-500047,ShipRight,2026-01-03,2026-01-06,2026-01-05,3,1,0,11.12
SHP-500048,ORD-500048,MetroCourier,2026-01-04,2026-01-06,2026-01-08,6,0,2,14.2
SHP-500049,ORD-500049,ParcelFast,2026-01-02,2026-01-06,2026-01-06,4,1,0,12.38
SHP-500050,ORD-500050,MetroCourier,2026-01-04,2026-01-06,2026-01-08,6,0,2,11.42
SHP-500051,ORD-500051,NorthLine,2026-01-04,2026-01-06,2026-01-06,4,1,0,9.93
SHP-500052,ORD-500052,ShipRight,2026-01-04,2026-01-06,2026-01-11,9,0,5,11.12
SHP-500053,ORD-500053,ShipRight,2026-01-03,2026-01-06,2026-01-06,4,1,0,14.71
SHP-500054,ORD-500054,ParcelFast,2026-01-03,2026-01-06,2026-01-07,5,0,1,10.55
SHP-500055,ORD-500055,ParcelFast,2026-01-05,2026-01-06,2026-01-07,5,0,1,10.76
SHP-500056,ORD-500056,ParcelFast,2026-01-03,2026-01-06,2026-01-06,4,1,0,11.24
SHP-500057,ORD-500057,ParcelFast,2026-01-02,2026-01-06,2026-01-04,2,1,0,9.98
SHP-500058,ORD-500058,ShipRight,2026-01-04,2026-01-06,2026-01-09,7,0,3,10.18
SHP-500059,ORD-500059,NorthLine,2026-01-05,2026-01-06,2026-01-07,5,0,1,12.18
SHP-500060,ORD-500060,ParcelFast,2026-01-05,2026-01-06,2026-01-12,10,0,6,11.74
SHP-500061,ORD-500061,MetroCourier,2026-01-03,2026-01-06,2026-01-05,3,1,0,10.44
SHP-500062,ORD-500062,MetroCourier,2026-01-04,2026-01-06,2026-01-07,5,0,1,10.03
SHP-500063,ORD-500063,MetroCourier,2026-01-03,2026-01-06,2026-01-05,3,1,0,11.35
SHP-500064,ORD-500064,NorthLine,2026-01-02,2026-01-06,2026-01-07,5,0,1,11.95
SHP-500065,ORD-500065,ShipRight,2026-01-03,2026-01-06,2026-01-07,5,0,1,13.88
SHP-500066,ORD-500066,ParcelFast,2026-01-04,2026-01-07,2026-01-06,3,1,0,12.31
SHP-500067,ORD-500067,ShipRight,2026-01-04,2026-01-07,2026-01-06,3,1,0,10.58
SHP-500068,ORD-500068,MetroCourier,2026-01-03,2026-01-07,2026-01-06,3,1,0,12.43
SHP-500069,ORD-500069,MetroCourier,2026-01-03,2026-01-07,2026-01-10,7,0,3,10.28
SHP-500070,ORD-500070,MetroCourier,2026-01-03,2026-01-07,2026-01-07,4,1,0,11.48
SHP-500071,ORD-500071,ParcelFast,2026-01-04,2026-01-07,2026-01-10,7,0,3,11.14
SHP-500072,ORD-500072,MetroCourier,2026-01-05,2026-01-07,2026-01-08,5,0,1,11.89
SHP-500073,ORD-500073,NorthLine,2026-01-04,2026-01-07,2026-01-05,2,1,0,14.53
SHP-500074,ORD-500074,ShipRight,2026-01-04,2026-01-07,2026-01-06,3,1,0,10.08
SHP-500075,ORD-500075,ShipRight,2026-01-03,2026-01-07,2026-01-05,2,1,0,9.97
SHP-500076,ORD-500076,MetroCourier,2026-01-04,2026-01-07,2026-01-07,4,1,0,10.46
SHP-500077,ORD-500077,NorthLine,2026-01-04,2026-01-07,2026-01-06,3,1,0,8.95
SHP-500078,ORD-500078,ShipRight,2026-01-03,2026-01-07,2026-01-07,4,1,0,12.58
SHP-500079,ORD-500079,NorthLine,2026-01-04,2026-01-07,2026-01-06,3,1,0,11.5
SHP-500080,ORD-500080,MetroCourier,2026-01-05,2026-01-07,2026-01-09,6,0,2,9.8
SHP-500081,ORD-500081,ShipRight,2026-01-04,2026-01-07,2026-01-08,5,0,1,8.92
SHP-500082,ORD-500082,ShipRight,2026-01-04,2026-01-07,2026-01-07,4,1,0,11.79
SHP-500083,ORD-500083,NorthLine,2026-01-04,2026-01-07,2026-01-05,2,1,0,10.57
SHP-500084,ORD-500084,ShipRight,2026-01-03,2026-01-07,2026-01-05,2,1,0,9.34
SHP-500085,ORD-500085,MetroCourier,2026-01-04,2026-01-07,2026-01-09,6,0,2,11.64
SHP-500086,ORD-500086,ShipRight,2026-01-03,2026-01-07,2026-01-07,4,1,0,10.7
SHP-500087,ORD-500087,ShipRight,2026-01-05,2026-01-07,2026-01-08,5,0,1,10.15
SHP-500088,ORD-500088,MetroCourier,2026-01-04,2026-01-07,2026-01-07,4,1,0,9.27
SHP-500089,ORD-500089,ParcelFast,2026-01-04,2026-01-07,2026-01-07,4,1,0,11.55
SHP-500090,ORD-500090,ShipRight,2026-01-04,2026-01-07,2026-01-05,2,1,0,11.65
SHP-500091,ORD-500091,ParcelFast,2026-01-04,2026-01-07,2026-01-06,3,1,0,11.17
SHP-500092,ORD-500092,MetroCourier,2026-01-03,2026-01-07,2026-01-06,3,1,0,11.43
SHP-500093,ORD-500093,MetroCourier,2026-01-03,2026-01-07,2026-01-04,1,1,0,11.42
SHP-500094,ORD-500094,MetroCourier,2026-01-03,2026-01-07,2026-01-06,3,1,0,9.38
SHP-500095,ORD-500095,NorthLine,2026-01-04,2026-01-07,2026-01-10,7,0,3,9.53
SHP-500096,ORD-500096,ShipRight,2026-01-04,2026-01-07,2026-01-07,4,1,0,11.01
SHP-500097,ORD-500097,ParcelFast,2026-01-05,2026-01-07,2026-01-06,3,1,0,12.35
SHP-500098,ORD-500098,NorthLine,2026-01-05,2026-01-07,2026-01-07,4,1,0,10.39
SHP-500099,ORD-500099,ParcelFast,2026-01-05,2026-01-07,2026-01-08,5,0,1,13.23
SHP-500100,ORD-500100,MetroCourier,2026-01-04,2026-01-07,2026-01-09,6,0,2,9.01
SHP-500101,ORD-500101,ShipRight,2026-01-04,2026-01-07,2026-01-06,3,1,0,11.65
SHP-500102,ORD-500102,MetroCourier,2026-01-05,2026-01-07,2026-01-07,4,1,0,11.34
SHP-500103,ORD-500103,NorthLine,2026-01-04,2026-01-07,2026-01-06,3,1,0,10.76
SHP-500104,ORD-500104,NorthLine,2026-01-03,2026-01-07,2026-01-05,2,1,0,12.97
SHP-500105,ORD-500105,NorthLine,2026-01-03,2026-01-07,2026-01-10,7,0,3,12.04
SHP-500106,ORD-500106,ShipRight,2026-01-06,2026-01-08,2026-01-10,6,0,2,11.4
SHP-500107,ORD-500107,ParcelFast,2026-01-05,2026-01-08,2026-01-07,3,1,0,11.35
SHP-500108,ORD-500108,MetroCourier,2026-01-05,2026-01-08,2026-01-10,6,0,2,12.13
SHP-500109,ORD-500109,MetroCourier,2026-01-05,2026-01-08,2026-01-06,2,1,0,10.11
SHP-500110,ORD-500110,MetroCourier,2026-01-05,2026-01-08,2026-01-07,3,1,0,12.8
SHP-500111,ORD-500111,ShipRight,2026-01-05,2026-01-08,2026-01-08,4,1,0,9.91
SHP-500112,ORD-500112,NorthLine,2026-01-06,2026-01-08,2026-01-09,5,0,1,11.57
SHP-500113,ORD-500113,NorthLine,2026-01-05,2026-01-08,2026-01-08,4,1,0,13.46
SHP-500114,ORD-500114,MetroCourier,2026-01-07,2026-01-08,2026-01-11,7,0,3,12.62
SHP-500115,ORD-500115,ShipRight,2026-01-04,2026-01-08,2026-01-08,4,1,0,11.19
SHP-500116,ORD-500116,MetroCourier,2026-01-05,2026-01-08,2026-01-09,5,0,1,11.79
SHP-500117,ORD-500117,ParcelFast,2026-01-05,2026-01-08,2026-01-08,4,1,0,11.57
SHP-500118,ORD-500118,MetroCourier,2026-01-04,2026-01-08,2026-01-08,4,1,0,11.61
SHP-500119,ORD-500119,ParcelFast,2026-01-04,2026-01-08,2026-01-05,1,1,0,11.49
SHP-500120,ORD-500120,ParcelFast,2026-01-05,2026-01-08,2026-01-07,3,1,0,12.78
SHP-500121,ORD-500121,NorthLine,2026-01-05,2026-01-08,2026-01-06,2,1,0,11.83
SHP-500122,ORD-500122,NorthLine,2026-01-05,2026-01-08,2026-01-06,2,1,0,9.1
SHP-500123,ORD-500123,MetroCourier,2026-01-07,2026-01-08,2026-01-09,5,0,1,10.73
SHP-500124,ORD-500124,MetroCourier,2026-01-04,2026-01-08,2026-01-07,3,1,0,10.12
SHP-500125,ORD-500125,NorthLine,2026-01-05,2026-01-08,2026-01-07,3,1,0,11.94
SHP-500126,ORD-500126,MetroCourier,2026-01-04,2026-01-08,2026-01-06,2,1,0,9.45
SHP-500127,ORD-500127,MetroCourier,2026-01-06,2026-01-08,2026-01-08,4,1,0,13.42
SHP-500128,ORD-500128,NorthLine,2026-01-05,2026-01-08,2026-01-06,2,1,0,10.65
SHP-500129,ORD-500129,ShipRight,2026-01-05,2026-01-08,2026-01-10,6,0,2,11.52
SHP-500130,ORD-500130,MetroCourier,2026-01-05,2026-01-08,2026-01-09,5,0,1,12.55
SHP-500131,ORD-500131,ShipRight,2026-01-04,2026-01-08,2026-01-06,2,1,0,10.33
SHP-500132,ORD-500132,MetroCourier,2026-01-05,2026-01-08,2026-01-06,2,1,0,12.59
SHP-500133,ORD-500133,MetroCourier,2026-01-06,2026-01-08,2026-01-08,4,1,0,11.42
SHP-500134,ORD-500134,MetroCourier,2026-01-04,2026-01-08,2026-01-07,3,1,0,13.38
SHP-500135,ORD-500135,NorthLine,2026-01-05,2026-01-08,2026-01-07,3,1,0,9.5
SHP-500136,ORD-500136,ParcelFast,2026-01-06,2026-01-09,2026-01-09,4,1,0,13.09
SHP-500137,ORD-500137,ShipRight,2026-01-05,2026-01-09,2026-01-08,3,1,0,11.54
SHP-500138,ORD-500138,ShipRight,2026-01-06,2026-01-09,2026-01-09,4,1,0,9.02
SHP-500139,ORD-500139,ShipRight,2026-01-07,2026-01-09,2026-01-10,5,0,1,9.34
SHP-500140,ORD-500140,ShipRight,2026-01-06,2026-01-09,2026-01-07,2,1,0,14.13
SHP-500141,ORD-500141,ShipRight,2026-01-07,2026-01-09,2026-01-13,8,0,4,11.11
SHP-500142,ORD-500142,MetroCourier,2026-01-07,2026-01-09,2026-01-11,6,0,2,11.91
SHP-500143,ORD-500143,ParcelFast,2026-01-05,2026-01-09,2026-01-08,3,1,0,12.08
SHP-500144,ORD-500144,MetroCourier,2026-01-05,2026-01-09,2026-01-07,2,1,0,12.82
SHP-500145,ORD-500145,ShipRight,2026-01-07,2026-01-09,2026-01-09,4,1,0,11.94
SHP-500146,ORD-500146,ShipRight,2026-01-06,2026-01-09,2026-01-08,3,1,0,10.15
SHP-500147,ORD-500147,ParcelFast,2026-01-06,2026-01-09,2026-01-08,3,1,0,10.54
SHP-500148,ORD-500148,NorthLine,2026-01-05,2026-01-09,2026-01-08,3,1,0,13.51
SHP-500149,ORD-500149,ParcelFast,2026-01-06,2026-01-09,2026-01-09,4,1,0,8.75
SHP-500150,ORD-500150,ShipRight,2026-01-05,2026-01-09,2026-01-07,2,1,0,10.08
SHP-500151,ORD-500151,NorthLine,2026-01-06,2026-01-09,2026-01-07,2,1,0,12.89
SHP-500152,ORD-500152,ParcelFast,2026-01-05,2026-01-09,2026-01-10,5,0,1,11.77
SHP-500153,ORD-500153,ParcelFast,2026-01-06,2026-01-09,2026-01-09,4,1,0,13.5
SHP-500154,ORD-500154,ShipRight,2026-01-08,2026-01-09,2026-01-10,5,0,1,12.49
SHP-500155,ORD-500155,NorthLine,2026-01-07,2026-01-09,2026-01-10,5,0,1,12.82
SHP-500156,ORD-500156,ShipRight,2026-01-06,2026-01-09,2026-01-12,7,0,3,12.2
SHP-500157,ORD-500157,NorthLine,2026-01-06,2026-01-09,2026-01-10,5,0,1,12.49
SHP-500158,ORD-500158,MetroCourier,2026-01-07,2026-01-09,2026-01-09,4,1,0,10.93
SHP-500159,ORD-500159,ParcelFast,2026-01-06,2026-01-09,2026-01-11,6,0,2,11.1
SHP-500160,ORD-500160,ShipRight,2026-01-06,2026-01-09,2026-01-08,3,1,0,13.09
SHP-500161,ORD-500161,MetroCourier,2026-01-05,2026-01-09,2026-01-08,3,1,0,12.23
SHP-500162,ORD-500162,MetroCourier,2026-01-06,2026-01-09,2026-01-07,2,1,0,9.6
SHP-500163,ORD-500163,NorthLine,2026-01-06,2026-01-09,2026-01-08,3,1,0,13.14
SHP-500164,ORD-500164,NorthLine,2026-01-07,2026-01-09,2026-01-09,4,1,0,11.24
SHP-500165,ORD-500165,ParcelFast,2026-01-06,2026-01-09,2026-01-10,5,0,1,10.44
SHP-500166,ORD-500166,NorthLine,2026-01-06,2026-01-09,2026-01-08,3,1,0,12.2
SHP-500167,ORD-500167,NorthLine,2026-01-06,2026-01-09,2026-01-11,6,0,2,13.52
SHP-500168,ORD-500168,MetroCourier,2026-01-06,2026-01-09,2026-01-10,5,0,1,9.01
SHP-500169,ORD-500169,ParcelFast,2026-01-05,2026-01-09,2026-01-08,3,1,0,15.91
SHP-500170,ORD-500170,NorthLine,2026-01-06,2026-01-09,2026-01-08,3,1,0,9.67
SHP-500171,ORD-500171,MetroCourier,2026-01-07,2026-01-09,2026-01-11,6,0,2,9.67
SHP-500172,ORD-500172,MetroCourier,2026-01-06,2026-01-09,2026-01-09,4,1,0,8.91
SHP-500173,ORD-500173,ShipRight,2026-01-07,2026-01-09,2026-01-09,4,1,0,11.64
SHP-500174,ORD-500174,NorthLine,2026-01-06,2026-01-09,2026-01-11,6,0,2,8.77
SHP-500175,ORD-500175,ParcelFast,2026-01-09,2026-01-10,2026-01-10,4,1,0,13.17
SHP-500176,ORD-500176,NorthLine,2026-01-06,2026-01-10,2026-01-08,2,1,0,11.62
SHP-500177,ORD-500177,ParcelFast,2026-01-07,2026-01-10,2026-01-11,5,0,1,9.08
SHP-500178,ORD-500178,NorthLine,2026-01-07,2026-01-10,2026-01-08,2,1,0,10.06
SHP-500179,ORD-500179,ShipRight,2026-01-06,2026-01-10,2026-01-08,2,1,0,13.58
SHP-500180,ORD-500180,ParcelFast,2026-01-06,2026-01-10,2026-01-11,5,0,1,13.86
SHP-500181,ORD-500181,NorthLine,2026-01-07,2026-01-10,2026-01-12,6,0,2,12.46
SHP-500182,ORD-500182,NorthLine,2026-01-08,2026-01-10,2026-01-11,5,0,1,11.45
SHP-500183,ORD-500183,NorthLine,2026-01-06,2026-01-10,2026-01-07,1,1,0,10.82
SHP-500184,ORD-500184,MetroCourier,2026-01-07,2026-01-10,2026-01-08,2,1,0,9.33
SHP-500185,ORD-500185,ParcelFast,2026-01-06,2026-01-10,2026-01-11,5,0,1,14.2
SHP-500186,ORD-500186,ParcelFast,2026-01-08,2026-01-10,2026-01-12,6,0,2,12.3
SHP-500187,ORD-500187,MetroCourier,2026-01-08,2026-01-10,2026-01-13,7,0,3,10.48
SHP-500188,ORD-500188,ShipRight,2026-01-09,2026-01-10,2026-01-11,5,0,1,8.92
SHP-500189,ORD-500189,MetroCourier,2026-01-07,2026-01-10,2026-01-11,5,0,1,13.28
SHP-500190,ORD-500190,NorthLine,2026-01-07,2026-01-10,2026-01-11,5,0,1,11.66
SHP-500191,ORD-500191,ParcelFast,2026-01-07,2026-01-10,2026-01-10,4,1,0,11.43
SHP-500192,ORD-500192,NorthLine,2026-01-06,2026-01-10,2026-01-10,4,1,0,11.55
SHP-500193,ORD-500193,ParcelFast,2026-01-08,2026-01-10,2026-01-10,4,1,0,15.14
SHP-500194,ORD-500194,MetroCourier,2026-01-06,2026-01-10,2026-01-08,2,1,0,12.63
SHP-500195,ORD-500195,NorthLine,2026-01-06,2026-01-10,2026-01-12,6,0,2,10.99
SHP-500196,ORD-500196,MetroCourier,2026-01-07,2026-01-10,2026-01-09,3,1,0,12.55
SHP-500197,ORD-500197,ShipRight,2026-01-07,2026-01-10,2026-01-09,3,1,0,10.41
SHP-500198,ORD-500198,MetroCourier,2026-01-09,2026-01-10,2026-01-10,4,1,0,12.68
SHP-500199,ORD-500199,ParcelFast,2026-01-06,2026-01-10,2026-01-08,2,1,0,8.94
SHP-500200,ORD-500200,MetroCourier,2026-01-07,2026-01-10,2026-01-08,2,1,0,9.87
SHP-500201,ORD-500201,NorthLine,2026-01-07,2026-01-10,2026-01-13,7,0,3,9.1
SHP-500202,ORD-500202,ShipRight,2026-01-07,2026-01-10,2026-01-13,7,0,3,10.04
SHP-500203,ORD-500203,ShipRight,2026-01-08,2026-01-10,2026-01-10,4,1,0,15.03
SHP-500204,ORD-500204,NorthLine,2026-01-07,2026-01-10,2026-01-08,2,1,0,11.85
SHP-500205,ORD-500205,MetroCourier,2026-01-07,2026-01-10,2026-01-09,3,1,0,10.23
SHP-500206,ORD-500206,NorthLine,2026-01-06,2026-01-10,2026-01-08,2,1,0,11.76
SHP-500207,ORD-500207,NorthLine,2026-01-06,2026-01-10,2026-01-07,1,1,0,11.42
SHP-500208,ORD-500208,ParcelFast,2026-01-07,2026-01-10,2026-01-09,3,1,0,12.41
SHP-500209,ORD-500209,NorthLine,2026-01-06,2026-01-10,2026-01-07,1,1,0,12.27
SHP-500210,ORD-500210,NorthLine,2026-01-07,2026-01-10,2026-01-11,5,0,1,15.94
SHP-500211,ORD-500211,ShipRight,2026-01-08,2026-01-11,2026-01-11,4,1,0,12.56
SHP-500212,ORD-500212,ShipRight,2026-01-08,2026-01-11,2026-01-10,3,1,0,11.76
SHP-500213,ORD-500213,NorthLine,2026-01-09,2026-01-11,2026-01-12,5,0,1,9.56
SHP-500214,ORD-500214,ParcelFast,2026-01-07,2026-01-11,2026-01-10,3,1,0,13.09
SHP-500215,ORD-500215,ShipRight,2026-01-07,2026-01-11,2026-01-11,4,1,0,14.9
SHP-500216,ORD-500216,ShipRight,2026-01-09,2026-01-11,2026-01-11,4,1,0,10.28
SHP-500217,ORD-500217,ParcelFast,2026-01-09,2026-01-11,2026-01-10,3,1,0,10.49
SHP-500218,ORD-500218,NorthLine,2026-01-08,2026-01-11,2026-01-10,3,1,0,10.53
SHP-500219,ORD-500219,ShipRight,2026-01-09,2026-01-11,2026-01-15,8,0,4,12.01
SHP-500220,ORD-500220,ParcelFast,2026-01-07,2026-01-11,2026-01-11,4,1,0,11.33
SHP-500221,ORD-500221,MetroCourier,2026-01-10,2026-01-11,2026-01-12,5,0,1,10.66
SHP-500222,ORD-500222,ShipRight,2026-01-07,2026-01-11,2026-01-14,7,0,3,12.55
SHP-500223,ORD-500223,ParcelFast,2026-01-08,2026-01-11,2026-01-14,7,0,3,10.15
SHP-500224,ORD-500224,MetroCourier,2026-01-08,2026-01-11,2026-01-14,7,0,3,10.48
SHP-500225,ORD-500225,ParcelFast,2026-01-07,2026-01-11,2026-01-09,2,1,0,11.01
SHP-500226,ORD-500226,MetroCourier,2026-01-08,2026-01-11,2026-01-09,2,1,0,9.51
SHP-500227,ORD-500227,NorthLine,2026-01-07,2026-01-11,2026-01-11,4,1,0,13.29
SHP-500228,ORD-500228,ParcelFast,2026-01-08,2026-01-11,2026-01-09,2,1,0,9.11
SHP-500229,ORD-500229,ParcelFast,2026-01-08,2026-01-11,2026-01-13,6,0,2,12.46
SHP-500230,ORD-500230,NorthLine,2026-01-08,2026-01-11,2026-01-12,5,0,1,12.8
SHP-500231,ORD-500231,ParcelFast,2026-01-10,2026-01-11,2026-01-14,7,0,3,9.43
SHP-500232,ORD-500232,NorthLine,2026-01-09,2026-01-11,2026-01-11,4,1,0,12.05
SHP-500233,ORD-500233,MetroCourier,2026-01-09,2026-01-11,2026-01-14,7,0,3,9.67
SHP-500234,ORD-500234,NorthLine,2026-01-09,2026-01-11,2026-01-10,3,1,0,10.65
SHP-500235,ORD-500235,ShipRight,2026-01-08,2026-01-11,2026-01-11,4,1,0,9.21
SHP-500236,ORD-500236,NorthLine,2026-01-09,2026-01-11,2026-01-10,3,1,0,10.23
SHP-500237,ORD-500237,ShipRight,2026-01-07,2026-01-11,2026-01-08,1,1,0,12.92
SHP-500238,ORD-500238,MetroCourier,2026-01-09,2026-01-11,2026-01-11,4,1,0,9.18
SHP-500239,ORD-500239,NorthLine,2026-01-08,2026-01-11,2026-01-10,3,1,0,12.18
SHP-500240,ORD-500240,ParcelFast,2026-01-08,2026-01-11,2026-01-10,3,1,0,8.75
SHP-500241,ORD-500241,NorthLine,2026-01-07,2026-01-11,2026-01-09,2,1,0,10.26
SHP-500242,ORD-500242,NorthLine,2026-01-09,2026-01-11,2026-01-12,5,0,1,12.98
SHP-500243,ORD-500243,MetroCourier,2026-01-07,2026-01-11,2026-01-08,1,1,0,11.13
SHP-500244,ORD-500244,MetroCourier,2026-01-10,2026-01-11,2026-01-13,6,0,2,12.29
SHP-500245,ORD-500245,ShipRight,2026-01-08,2026-01-11,2026-01-10,3,1,0,9.57
SHP-500246,ORD-500246,ParcelFast,2026-01-08,2026-01-11,2026-01-12,5,0,1,12.49
SHP-500247,ORD-500247,ShipRight,2026-01-08,2026-01-11,2026-01-12,5,0,1,10.52
SHP-500248,ORD-500248,MetroCourier,2026-01-08,2026-01-11,2026-01-12,5,0,1,10.82
SHP-500249,ORD-500249,ShipRight,2026-01-08,2026-01-11,2026-01-10,3,1,0,12.04
SHP-500250,ORD-500250,ParcelFast,2026-01-08,2026-01-11,2026-01-11,4,1,0,10.75
SHP-500251,ORD-500251,NorthLine,2026-01-07,2026-01-11,2026-01-09,2,1,0,9.72
SHP-500252,ORD-500252,MetroCourier,2026-01-08,2026-01-11,2026-01-12,5,0,1,12.0
SHP-500253,ORD-500253,NorthLine,2026-01-08,2026-01-12,2026-01-15,7,0,3,11.56
SHP-500254,ORD-500254,ShipRight,2026-01-09,2026-01-12,2026-01-12,4,1,0,14.8
SHP-500255,ORD-500255,ParcelFast,2026-01-09,2026-01-12,2026-01-11,3,1,0,13.21
SHP-500256,ORD-500256,NorthLine,2026-01-09,2026-01-12,2026-01-11,3,1,0,10.73
SHP-500257,ORD-500257,ParcelFast,2026-01-10,2026-01-12,2026-01-12,4,1,0,12.07
SHP-500258,ORD-500258,ParcelFast,2026-01-11,2026-01-12,2026-01-13,5,0,1,9.13
SHP-500259,ORD-500259,MetroCourier,2026-01-10,2026-01-12,2026-01-17,9,0,5,10.33
SHP-500260,ORD-500260,NorthLine,2026-01-08,2026-01-12,2026-01-12,4,1,0,11.69
SHP-500261,ORD-500261,ShipRight,2026-01-09,2026-01-12,2026-01-11,3,1,0,11.8
SHP-500262,ORD-500262,ParcelFast,2026-01-08,2026-01-12,2026-01-11,3,1,0,11.76
SHP-500263,ORD-500263,ShipRight,2026-01-10,2026-01-12,2026-01-11,3,1,0,9.46
SHP-500264,ORD-500264,MetroCourier,2026-01-08,2026-01-12,2026-01-12,4,1,0,13.47
SHP-500265,ORD-500265,ShipRight,2026-01-09,2026-01-12,2026-01-14,6,0,2,13.5
SHP-500266,ORD-500266,ShipRight,2026-01-09,2026-01-12,2026-01-13,5,0,1,10.11
SHP-500267,ORD-500267,ParcelFast,2026-01-09,2026-01-12,2026-01-10,2,1,0,11.96
SHP-500268,ORD-500268,MetroCourier,2026-01-10,2026-01-12,2026-01-13,5,0,1,9.92
SHP-500269,ORD-500269,MetroCourier,2026-01-08,2026-01-12,2026-01-11,3,1,0,9.01
SHP-500270,ORD-500270,ShipRight,2026-01-09,2026-01-12,2026-01-13,5,0,1,13.8
SHP-500271,ORD-500271,ShipRight,2026-01-09,2026-01-12,2026-01-10,2,1,0,12.41
SHP-500272,ORD-500272,NorthLine,2026-01-11,2026-01-12,2026-01-13,5,0,1,8.75
SHP-500273,ORD-500273,NorthLine,2026-01-09,2026-01-12,2026-01-12,4,1,0,9.73
SHP-500274,ORD-500274,ParcelFast,2026-01-08,2026-01-12,2026-01-13,5,0,1,11.74
SHP-500275,ORD-500275,ParcelFast,2026-01-09,2026-01-12,2026-01-11,3,1,0,13.2
SHP-500276,ORD-500276,NorthLine,2026-01-09,2026-01-12,2026-01-13,5,0,1,9.02
SHP-500277,ORD-500277,NorthLine,2026-01-09,2026-01-12,2026-01-14,6,0,2,11.89
SHP-500278,ORD-500278,ParcelFast,2026-01-09,2026-01-12,2026-01-13,5,0,1,12.67
SHP-500279,ORD-500279,MetroCourier,2026-01-10,2026-01-12,2026-01-14,6,0,2,10.64
SHP-500280,ORD-500280,NorthLine,2026-01-09,2026-01-12,2026-01-11,3,1,0,9.23
SHP-500281,ORD-500281,ShipRight,2026-01-11,2026-01-12,2026-01-13,5,0,1,13.54
SHP-500282,ORD-500282,ParcelFast,2026-01-09,2026-01-12,2026-01-11,3,1,0,10.04
SHP-500283,ORD-500283,MetroCourier,2026-01-10,2026-01-12,2026-01-12,4,1,0,9.69
SHP-500284,ORD-500284,NorthLine,2026-01-10,2026-01-12,2026-01-11,3,1,0,13.76
SHP-500285,ORD-500285,NorthLine,2026-01-08,2026-01-12,2026-01-11,3,1,0,15.86
SHP-500286,ORD-500286,ParcelFast,2026-01-08,2026-01-12,2026-01-10,2,1,0,10.11
SHP-500287,ORD-500287,ParcelFast,2026-01-09,2026-01-12,2026-01-12,4,1,0,14.52
SHP-500288,ORD-500288,ShipRight,2026-01-09,2026-01-12,2026-01-15,7,0,3,12.06
SHP-500289,ORD-500289,MetroCourier,2026-01-10,2026-01-12,2026-01-13,5,0,1,10.86
SHP-500290,ORD-500290,ShipRight,2026-01-11,2026-01-12,2026-01-13,5,0,1,10.04
SHP-500291,ORD-500291,MetroCourier,2026-01-09,2026-01-12,2026-01-13,5,0,1,8.81
SHP-500292,ORD-500292,ParcelFast,2026-01-09,2026-01-12,2026-01-13,5,0,1,14.91
SHP-500293,ORD-500293,MetroCourier,2026-01-09,2026-01-12,2026-01-13,5,0,1,11.74
SHP-500294,ORD-500294,ShipRight,2026-01-09,2026-01-12,2026-01-13,5,0,1,11.57
SHP-500295,ORD-500295,ParcelFast,2026-01-08,2026-01-12,2026-01-12,4,1,0,11.98
SHP-500296,ORD-500296,MetroCourier,2026-01-09,2026-01-12,2026-01-13,5,0,1,13.14
SHP-500297,ORD-500297,NorthLine,2026-01-08,2026-01-12,2026-01-12,4,1,0,11.59
SHP-500298,ORD-500298,NorthLine,2026-01-09,2026-01-12,2026-01-12,4,1,0,10.57
SHP-500299,ORD-500299,MetroCourier,2026-01-09,2026-01-12,2026-01-10,2,1,0,11.42
SHP-500300,ORD-500300,ShipRight,2026-01-10,2026-01-13,2026-01-13,4,1,0,12.54
SHP-500301,ORD-500301,NorthLine,2026-01-10,2026-01-13,2026-01-12,3,1,0,10.26
SHP-500302,ORD-500302,ParcelFast,2026-01-12,2026-01-13,2026-01-13,4,1,0,9.97
SHP-500303,ORD-500303,ShipRight,2026-01-10,2026-01-13,2026-01-12,3,1,0,12.99
SHP-500304,ORD-500304,ParcelFast,2026-01-09,2026-01-13,2026-01-11,2,1,0,10.79
SHP-500305,ORD-500305,ParcelFast,2026-01-11,2026-01-13,2026-01-18,9,0,5,11.9
SHP-500306,ORD-500306,ShipRight,2026-01-09,2026-01-13,2026-01-12,3,1,0,11.32
SHP-500307,ORD-500307,ParcelFast,2026-01-10,2026-01-13,2026-01-13,4,1,0,12.67
SHP-500308,ORD-500308,NorthLine,2026-01-10,2026-01-13,2026-01-13,4,1,0,10.07
SHP-500309,ORD-500309,ShipRight,2026-01-11,2026-01-13,2026-01-14,5,0,1,10.31
SHP-500310,ORD-500310,ShipRight,2026-01-09,2026-01-13,2026-01-11,2,1,0,10.1
SHP-500311,ORD-500311,ParcelFast,2026-01-10,2026-01-13,2026-01-14,5,0,1,14.63
SHP-500312,ORD-500312,NorthLine,2026-01-11,2026-01-13,2026-01-17,8,0,4,11.67
SHP-500313,ORD-500313,ShipRight,2026-01-10,2026-01-13,2026-01-16,7,0,3,12.08
SHP-500314,ORD-500314,MetroCourier,2026-01-10,2026-01-14,2026-01-13,3,1,0,9.37
SHP-500315,ORD-500315,ShipRight,2026-01-11,2026-01-14,2026-01-12,2,1,0,13.06
SHP-500316,ORD-500316,MetroCourier,2026-01-10,2026-01-14,2026-01-14,4,1,0,14.03
SHP-500317,ORD-500317,MetroCourier,2026-01-10,2026-01-14,2026-01-14,4,1,0,10.4
SHP-500318,ORD-500318,MetroCourier,2026-01-11,2026-01-14,2026-01-13,3,1,0,12.19
SHP-500319,ORD-500319,NorthLine,2026-01-11,2026-01-14,2026-01-16,6,0,2,12.37
SHP-500320,ORD-500320,ShipRight,2026-01-10,2026-01-14,2026-01-11,1,1,0,14.78
SHP-500321,ORD-500321,ShipRight,2026-01-12,2026-01-14,2026-01-15,5,0,1,12.52
SHP-500322,ORD-500322,MetroCourier,2026-01-12,2026-01-14,2026-01-15,5,0,1,8.85
SHP-500323,ORD-500323,ParcelFast,2026-01-11,2026-01-14,2026-01-13,3,1,0,13.51
SHP-500324,ORD-500324,NorthLine,2026-01-11,2026-01-14,2026-01-16,6,0,2,12.67
SHP-500325,ORD-500325,ShipRight,2026-01-12,2026-01-14,2026-01-15,5,0,1,13.67
SHP-500326,ORD-500326,MetroCourier,2026-01-10,2026-01-14,2026-01-11,1,1,0,10.34
SHP-500327,ORD-500327,MetroCourier,2026-01-10,2026-01-14,2026-01-12,2,1,0,13.29
SHP-500328,ORD-500328,MetroCourier,2026-01-10,2026-01-14,2026-01-13,3,1,0,13.39
SHP-500329,ORD-500329,ShipRight,2026-01-11,2026-01-14,2026-01-13,3,1,0,12.31
SHP-500330,ORD-500330,NorthLine,2026-01-12,2026-01-14,2026-01-13,3,1,0,10.2
SHP-500331,ORD-500331,ParcelFast,2026-01-12,2026-01-14,2026-01-16,6,0,2,11.05
SHP-500332,ORD-500332,ParcelFast,2026-01-10,2026-01-14,2026-01-13,3,1,0,9.16
SHP-500333,ORD-500333,ParcelFast,2026-01-12,2026-01-14,2026-01-16,6,0,2,13.75
SHP-500334,ORD-500334,ParcelFast,2026-01-11,2026-01-14,2026-01-13,3,1,0,12.15
SHP-500335,ORD-500335,MetroCourier,2026-01-11,2026-01-14,2026-01-12,2,1,0,12.07
SHP-500336,ORD-500336,MetroCourier,2026-01-11,2026-01-14,2026-01-14,4,1,0,11.82
SHP-500337,ORD-500337,MetroCourier,2026-01-11,2026-01-14,2026-01-13,3,1,0,10.7
SHP-500338,ORD-500338,ShipRight,2026-01-11,2026-01-14,2026-01-12,2,1,0,12.13
SHP-500339,ORD-500339,NorthLine,2026-01-11,2026-01-14,2026-01-13,3,1,0,11.0
SHP-500340,ORD-500340,ParcelFast,2026-01-10,2026-01-14,2026-01-11,1,1,0,13.6
SHP-500341,ORD-500341,MetroCourier,2026-01-13,2026-01-14,2026-01-16,6,0,2,15.69
SHP-500342,ORD-500342,ParcelFast,2026-01-12,2026-01-14,2026-01-15,5,0,1,13.87
SHP-500343,ORD-500343,NorthLine,2026-01-12,2026-01-14,2026-01-16,6,0,2,13.89
SHP-500344,ORD-500344,ShipRight,2026-01-13,2026-01-14,2026-01-15,5,0,1,12.19
SHP-500345,ORD-500345,NorthLine,2026-01-11,2026-01-15,2026-01-14,3,1,0,9.61
SHP-500346,ORD-500346,NorthLine,2026-01-11,2026-01-15,2026-01-16,5,0,1,11.81
SHP-500347,ORD-500347,ParcelFast,2026-01-12,2026-01-15,2026-01-14,3,1,0,11.63
SHP-500348,ORD-500348,MetroCourier,2026-01-12,2026-01-15,2026-01-15,4,1,0,13.63
SHP-500349,ORD-500349,ShipRight,2026-01-13,2026-01-15,2026-01-14,3,1,0,9.57
SHP-500350,ORD-500350,NorthLine,2026-01-11,2026-01-15,2026-01-14,3,1,0,10.73
SHP-500351,ORD-500351,ParcelFast,2026-01-12,2026-01-15,2026-01-15,4,1,0,10.1
SHP-500352,ORD-500352,MetroCourier,2026-01-12,2026-01-15,2026-01-15,4,1,0,11.61
SHP-500353,ORD-500353,ParcelFast,2026-01-12,2026-01-15,2026-01-17,6,0,2,12.48
SHP-500354,ORD-500354,ParcelFast,2026-01-11,2026-01-15,2026-01-17,6,0,2,11.64
SHP-500355,ORD-500355,MetroCourier,2026-01-12,2026-01-15,2026-01-13,2,1,0,8.71
SHP-500356,ORD-500356,NorthLine,2026-01-14,2026-01-15,2026-01-17,6,0,2,12.23
SHP-500357,ORD-500357,ParcelFast,2026-01-12,2026-01-15,2026-01-14,3,1,0,11.35
SHP-500358,ORD-500358,NorthLine,2026-01-11,2026-01-15,2026-01-12,1,1,0,8.81
SHP-500359,ORD-500359,ParcelFast,2026-01-12,2026-01-15,2026-01-15,4,1,0,9.7
SHP-500360,ORD-500360,NorthLine,2026-01-12,2026-01-15,2026-01-14,3,1,0,11.42
SHP-500361,ORD-500361,ParcelFast,2026-01-13,2026-01-15,2026-01-18,7,0,3,10.26
SHP-500362,ORD-500362,ParcelFast,2026-01-13,2026-01-15,2026-01-16,5,0,1,13.47
SHP-500363,ORD-500363,MetroCourier,2026-01-12,2026-01-15,2026-01-16,5,0,1,12.4
SHP-500364,ORD-500364,MetroCourier,2026-01-13,2026-01-15,2026-01-15,4,1,0,10.74
SHP-500365,ORD-500365,ShipRight,2026-01-11,2026-01-15,2026-01-16,5,0,1,12.54
SHP-500366,ORD-500366,ParcelFast,2026-01-14,2026-01-15,2026-01-16,5,0,1,15.36
SHP-500367,ORD-500367,MetroCourier,2026-01-13,2026-01-15,2026-01-18,7,0,3,13.68
SHP-500368,ORD-500368,ParcelFast,2026-01-12,2026-01-15,2026-01-15,4,1,0,12.17
SHP-500369,ORD-500369,NorthLine,2026-01-12,2026-01-15,2026-01-14,3,1,0,11.22
SHP-500370,ORD-500370,MetroCourier,2026-01-12,2026-01-15,2026-01-15,4,1,0,11.82
SHP-500371,ORD-500371,NorthLine,2026-01-14,2026-01-15,2026-01-17,6,0,2,13.7
SHP-500372,ORD-500372,ShipRight,2026-01-14,2026-01-15,2026-01-16,5,0,1,11.7
SHP-500373,ORD-500373,ParcelFast,2026-01-11,2026-01-15,2026-01-12,1,1,0,9.39
SHP-500374,ORD-500374,ParcelFast,2026-01-13,2026-01-15,2026-01-15,4,1,0,10.67
SHP-500375,ORD-500375,ParcelFast,2026-01-11,2026-01-15,2026-01-13,2,1,0,13.52
SHP-500376,ORD-500376,ShipRight,2026-01-13,2026-01-15,2026-01-19,8,0,4,10.39
SHP-500377,ORD-500377,ParcelFast,2026-01-13,2026-01-15,2026-01-17,6,0,2,9.96
SHP-500378,ORD-500378,ShipRight,2026-01-11,2026-01-15,2026-01-13,2,1,0,10.55
SHP-500379,ORD-500379,MetroCourier,2026-01-12,2026-01-15,2026-01-17,6,0,2,12.3
SHP-500380,ORD-500380,MetroCourier,2026-01-11,2026-01-15,2026-01-12,1,1,0,9.82
SHP-500381,ORD-500381,NorthLine,2026-01-14,2026-01-15,2026-01-21,10,0,6,11.5
SHP-500382,ORD-500382,MetroCourier,2026-01-11,2026-01-15,2026-01-13,2,1,0,13.4
SHP-500383,ORD-500383,ParcelFast,2026-01-14,2026-01-15,2026-01-17,6,0,2,11.35
SHP-500384,ORD-500384,NorthLine,2026-01-13,2026-01-15,2026-01-16,5,0,1,10.7
SHP-500385,ORD-500385,ParcelFast,2026-01-14,2026-01-15,2026-01-19,8,0,4,10.79
SHP-500386,ORD-500386,MetroCourier,2026-01-12,2026-01-15,2026-01-14,3,1,0,12.25
SHP-500387,ORD-500387,ParcelFast,2026-01-13,2026-01-15,2026-01-15,4,1,0,8.9
SHP-500388,ORD-500388,NorthLine,2026-01-14,2026-01-15,2026-01-15,4,1,0,10.74
SHP-500389,ORD-500389,ParcelFast,2026-01-12,2026-01-15,2026-01-16,5,0,1,10.66
SHP-500390,ORD-500390,NorthLine,2026-01-11,2026-01-15,2026-01-16,5,0,1,11.19
SHP-500391,ORD-500391,ParcelFast,2026-01-11,2026-01-15,2026-01-13,2,1,0,11.33
SHP-500392,ORD-500392,NorthLine,2026-01-13,2026-01-15,2026-01-14,3,1,0,11.89
SHP-500393,ORD-500393,ShipRight,2026-01-13,2026-01-15,2026-01-15,4,1,0,11.53
SHP-500394,ORD-500394,ParcelFast,2026-01-12,2026-01-15,2026-01-16,5,0,1,11.07
SHP-500395,ORD-500395,MetroCourier,2026-01-13,2026-01-15,2026-01-14,3,1,0,12.18
SHP-500396,ORD-500396,ShipRight,2026-01-14,2026-01-16,2026-01-16,4,1,0,12.19
SHP-500397,ORD-500397,ShipRight,2026-01-13,2026-01-16,2026-01-15,3,1,0,14.21
SHP-500398,ORD-500398,NorthLine,2026-01-13,2026-01-16,2026-01-18,6,0,2,12.51
SHP-500399,ORD-500399,ParcelFast,2026-01-14,2026-01-16,2026-01-16,4,1,0,10.57
SHP-500400,ORD-500400,ShipRight,2026-01-13,2026-01-16,2026-01-14,2,1,0,13.55
SHP-500401,ORD-500401,NorthLine,2026-01-13,2026-01-16,2026-01-14,2,1,0,15.35
SHP-500402,ORD-500402,ShipRight,2026-01-13,2026-01-16,2026-01-18,6,0,2,14.59
SHP-500403,ORD-500403,MetroCourier,2026-01-13,2026-01-16,2026-01-14,2,1,0,12.01
SHP-500404,ORD-500404,ParcelFast,2026-01-13,2026-01-16,2026-01-16,4,1,0,11.86
SHP-500405,ORD-500405,NorthLine,2026-01-13,2026-01-16,2026-01-19,7,0,3,10.6
SHP-500406,ORD-500406,ParcelFast,2026-01-13,2026-01-16,2026-01-15,3,1,0,11.31
SHP-500407,ORD-500407,NorthLine,2026-01-13,2026-01-16,2026-01-14,2,1,0,12.69
SHP-500408,ORD-500408,MetroCourier,2026-01-12,2026-01-16,2026-01-16,4,1,0,13.18
SHP-500409,ORD-500409,NorthLine,2026-01-12,2026-01-16,2026-01-17,5,0,1,10.37
SHP-500410,ORD-500410,MetroCourier,2026-01-13,2026-01-16,2026-01-17,5,0,1,11.3
SHP-500411,ORD-500411,NorthLine,2026-01-12,2026-01-16,2026-01-16,4,1,0,14.31
SHP-500412,ORD-500412,ParcelFast,2026-01-12,2026-01-16,2026-01-15,3,1,0,9.52
SHP-500413,ORD-500413,MetroCourier,2026-01-13,2026-01-16,2026-01-19,7,0,3,13.77
SHP-500414,ORD-500414,MetroCourier,2026-01-14,2026-01-16,2026-01-19,7,0,3,10.83
SHP-500415,ORD-500415,NorthLine,2026-01-12,2026-01-16,2026-01-15,3,1,0,12.04
SHP-500416,ORD-500416,NorthLine,2026-01-15,2026-01-16,2026-01-16,4,1,0,9.61
SHP-500417,ORD-500417,ShipRight,2026-01-12,2026-01-16,2026-01-15,3,1,0,10.35
SHP-500418,ORD-500418,MetroCourier,2026-01-14,2026-01-16,2026-01-16,4,1,0,9.78
SHP-500419,ORD-500419,NorthLine,2026-01-14,2026-01-16,2026-01-17,5,0,1,12.82
SHP-500420,ORD-500420,NorthLine,2026-01-13,2026-01-16,2026-01-18,6,0,2,11.09
SHP-500421,ORD-500421,ParcelFast,2026-01-13,2026-01-16,2026-01-19,7,0,3,10.47
SHP-500422,ORD-500422,ParcelFast,2026-01-13,2026-01-16,2026-01-16,4,1,0,11.87
SHP-500423,ORD-500423,ParcelFast,2026-01-14,2026-01-16,2026-01-17,5,0,1,12.2
SHP-500424,ORD-500424,ParcelFast,2026-01-14,2026-01-16,2026-01-17,5,0,1,11.53
SHP-500425,ORD-500425,NorthLine,2026-01-13,2026-01-16,2026-01-15,3,1,0,10.55
SHP-500426,ORD-500426,NorthLine,2026-01-13,2026-01-16,2026-01-16,4,1,0,10.65
SHP-500427,ORD-500427,MetroCourier,2026-01-13,2026-01-16,2026-01-15,3,1,0,10.34
SHP-500428,ORD-500428,NorthLine,2026-01-14,2026-01-16,2026-01-17,5,0,1,12.0
SHP-500429,ORD-500429,NorthLine,2026-01-13,2026-01-16,2026-01-15,3,1,0,13.22
SHP-500430,ORD-500430,ParcelFast,2026-01-15,2026-01-16,2026-01-18,6,0,2,12.54
SHP-500431,ORD-500431,NorthLine,2026-01-14,2026-01-16,2026-01-18,6,0,2,10.48
SHP-500432,ORD-500432,NorthLine,2026-01-14,2026-01-16,2026-01-21,9,0,5,11.15
SHP-500433,ORD-500433,NorthLine,2026-01-14,2026-01-16,2026-01-16,4,1,0,12.26
SHP-500434,ORD-500434,MetroCourier,2026-01-15,2026-01-17,2026-01-18,5,0,1,12.68
SHP-500435,ORD-500435,ShipRight,2026-01-14,2026-01-17,2026-01-16,3,1,0,11.24
SHP-500436,ORD-500436,ShipRight,2026-01-15,2026-01-17,2026-01-20,7,0,3,9.52
SHP-500437,ORD-500437,NorthLine,2026-01-15,2026-01-17,2026-01-17,4,1,0,11.86
SHP-500438,ORD-500438,ShipRight,2026-01-16,2026-01-17,2026-01-18,5,0,1,12.65
SHP-500439,ORD-500439,MetroCourier,2026-01-13,2026-01-17,2026-01-14,1,1,0,12.49
SHP-500440,ORD-500440,MetroCourier,2026-01-15,2026-01-17,2026-01-19,6,0,2,8.78
SHP-500441,ORD-500441,ShipRight,2026-01-13,2026-01-17,2026-01-18,5,0,1,10.66
SHP-500442,ORD-500442,ParcelFast,2026-01-14,2026-01-17,2026-01-17,4,1,0,11.46
SHP-500443,ORD-500443,NorthLine,2026-01-14,2026-01-17,2026-01-16,3,1,0,10.81
SHP-500444,ORD-500444,MetroCourier,2026-01-14,2026-01-17,2026-01-16,3,1,0,13.77
SHP-500445,ORD-500445,MetroCourier,2026-01-14,2026-01-17,2026-01-19,6,0,2,13.44
SHP-500446,ORD-500446,ShipRight,2026-01-14,2026-01-17,2026-01-19,6,0,2,10.66
SHP-500447,ORD-500447,ParcelFast,2026-01-14,2026-01-17,2026-01-19,6,0,2,11.68
SHP-500448,ORD-500448,NorthLine,2026-01-14,2026-01-17,2026-01-17,4,1,0,13.29
SHP-500449,ORD-500449,MetroCourier,2026-01-15,2026-01-17,2026-01-16,3,1,0,9.93
SHP-500450,ORD-500450,ParcelFast,2026-01-14,2026-01-17,2026-01-17,4,1,0,12.05
SHP-500451,ORD-500451,NorthLine,2026-01-13,2026-01-17,2026-01-15,2,1,0,11.15
SHP-500452,ORD-500452,ParcelFast,2026-01-14,2026-01-17,2026-01-18,5,0,1,9.68
SHP-500453,ORD-500453,ShipRight,2026-01-14,2026-01-17,2026-01-15,2,1,0,10.08
SHP-500454,ORD-500454,NorthLine,2026-01-16,2026-01-17,2026-01-22,9,0,5,11.95
SHP-500455,ORD-500455,NorthLine,2026-01-13,2026-01-17,2026-01-16,3,1,0,9.39
SHP-500456,ORD-500456,NorthLine,2026-01-14,2026-01-17,2026-01-18,5,0,1,9.19
SHP-500457,ORD-500457,ShipRight,2026-01-14,2026-01-17,2026-01-19,6,0,2,10.35
SHP-500458,ORD-500458,NorthLine,2026-01-14,2026-01-17,2026-01-16,3,1,0,12.24
SHP-500459,ORD-500459,MetroCourier,2026-01-15,2026-01-17,2026-01-19,6,0,2,10.45
SHP-500460,ORD-500460,NorthLine,2026-01-15,2026-01-17,2026-01-16,3,1,0,11.96
SHP-500461,ORD-500461,NorthLine,2026-01-14,2026-01-17,2026-01-17,4,1,0,9.75
SHP-500462,ORD-500462,NorthLine,2026-01-14,2026-01-17,2026-01-19,6,0,2,10.85
SHP-500463,ORD-500463,ParcelFast,2026-01-14,2026-01-17,2026-01-16,3,1,0,9.17
SHP-500464,ORD-500464,NorthLine,2026-01-14,2026-01-17,2026-01-17,4,1,0,8.72
SHP-500465,ORD-500465,NorthLine,2026-01-14,2026-01-17,2026-01-15,2,1,0,11.64
SHP-500466,ORD-500466,ParcelFast,2026-01-14,2026-01-17,2026-01-15,2,1,0,10.13
SHP-500467,ORD-500467,MetroCourier,2026-01-15,2026-01-17,2026-01-19,6,0,2,12.16
SHP-500468,ORD-500468,NorthLine,2026-01-14,2026-01-17,2026-01-18,5,0,1,13.39
SHP-500469,ORD-500469,MetroCourier,2026-01-14,2026-01-17,2026-01-18,5,0,1,12.44
SHP-500470,ORD-500470,ShipRight,2026-01-15,2026-01-17,2026-01-19,6,0,2,12.57
SHP-500471,ORD-500471,NorthLine,2026-01-13,2026-01-17,2026-01-14,1,1,0,11.64
SHP-500472,ORD-500472,ShipRight,2026-01-14,2026-01-17,2026-01-18,5,0,1,12.61
SHP-500473,ORD-500473,ParcelFast,2026-01-14,2026-01-17,2026-01-19,6,0,2,9.24
SHP-500474,ORD-500474,NorthLine,2026-01-14,2026-01-17,2026-01-15,2,1,0,11.74
SHP-500475,ORD-500475,MetroCourier,2026-01-14,2026-01-17,2026-01-15,2,1,0,13.23
SHP-500476,ORD-500476,MetroCourier,2026-01-15,2026-01-17,2026-01-16,3,1,0,10.49
SHP-500477,ORD-500477,ParcelFast,2026-01-14,2026-01-17,2026-01-17,4,1,0,13.19
SHP-500478,ORD-500478,NorthLine,2026-01-14,2026-01-17,2026-01-16,3,1,0,10.32
SHP-500479,ORD-500479,MetroCourier,2026-01-16,2026-01-17,2026-01-17,4,1,0,10.32
SHP-500480,ORD-500480,ParcelFast,2026-01-16,2026-01-18,2026-01-18,4,1,0,11.82
SHP-500481,ORD-500481,NorthLine,2026-01-14,2026-01-18,2026-01-18,4,1,0,10.54
SHP-500482,ORD-500482,NorthLine,2026-01-14,2026-01-18,2026-01-20,6,0,2,9.06
SHP-500483,ORD-500483,ShipRight,2026-01-14,2026-01-18,2026-01-18,4,1,0,15.25
SHP-500484,ORD-500484,MetroCourier,2026-01-16,2026-01-18,2026-01-17,3,1,0,10.77
SHP-500485,ORD-500485,MetroCourier,2026-01-15,2026-01-18,2026-01-19,5,0,1,11.43
SHP-500486,ORD-500486,ParcelFast,2026-01-16,2026-01-18,2026-01-18,4,1,0,11.52
SHP-500487,ORD-500487,ParcelFast,2026-01-15,2026-01-18,2026-01-16,2,1,0,11.14
SHP-500488,ORD-500488,ParcelFast,2026-01-15,2026-01-18,2026-01-18,4,1,0,12.56
SHP-500489,ORD-500489,NorthLine,2026-01-15,2026-01-18,2026-01-18,4,1,0,13.01
SHP-500490,ORD-500490,NorthLine,2026-01-14,2026-01-18,2026-01-18,4,1,0,11.7
SHP-500491,ORD-500491,MetroCourier,2026-01-15,2026-01-18,2026-01-16,2,1,0,11.15
SHP-500492,ORD-500492,NorthLine,2026-01-15,2026-01-18,2026-01-17,3,1,0,10.98
SHP-500493,ORD-500493,ShipRight,2026-01-16,2026-01-18,2026-01-18,4,1,0,12.5
SHP-500494,ORD-500494,ParcelFast,2026-01-15,2026-01-18,2026-01-18,4,1,0,11.92
SHP-500495,ORD-500495,ParcelFast,2026-01-14,2026-01-18,2026-01-16,2,1,0,12.05
SHP-500496,ORD-500496,ParcelFast,2026-01-15,2026-01-18,2026-01-19,5,0,1,14.48
SHP-500497,ORD-500497,ShipRight,2026-01-15,2026-01-18,2026-01-18,4,1,0,13.57
SHP-500498,ORD-500498,ParcelFast,2026-01-17,2026-01-18,2026-01-21,7,0,3,11.39
SHP-500499,ORD-500499,NorthLine,2026-01-16,2026-01-18,2026-01-21,7,0,3,10.99
SHP-500500,ORD-500500,MetroCourier,2026-01-15,2026-01-18,2026-01-20,6,0,2,9.11
SHP-500501,ORD-500501,ShipRight,2026-01-15,2026-01-18,2026-01-16,2,1,0,14.45
SHP-500502,ORD-500502,NorthLine,2026-01-14,2026-01-18,2026-01-18,4,1,0,12.72
SHP-500503,ORD-500503,ParcelFast,2026-01-15,2026-01-18,2026-01-19,5,0,1,13.03
SHP-500504,ORD-500504,NorthLine,2026-01-14,2026-01-18,2026-01-15,1,1,0,9.66
SHP-500505,ORD-500505,ParcelFast,2026-01-15,2026-01-18,2026-01-19,5,0,1,13.86
SHP-500506,ORD-500506,NorthLine,2026-01-16,2026-01-18,2026-01-19,5,0,1,14.8
SHP-500507,ORD-500507,ParcelFast,2026-01-14,2026-01-18,2026-01-19,5,0,1,11.57
SHP-500508,ORD-500508,ShipRight,2026-01-16,2026-01-19,2026-01-20,5,0,1,12.64
SHP-500509,ORD-500509,ShipRight,2026-01-17,2026-01-19,2026-01-23,8,0,4,12.65
SHP-500510,ORD-500510,ShipRight,2026-01-16,2026-01-19,2026-01-17,2,1,0,11.47
SHP-500511,ORD-500511,NorthLine,2026-01-15,2026-01-19,2026-01-20,5,0,1,8.84
SHP-500512,ORD-500512,ParcelFast,2026-01-17,2026-01-19,2026-01-20,5,0,1,13.02
SHP-500513,ORD-500513,MetroCourier,2026-01-16,2026-01-19,2026-01-20,5,0,1,11.1
SHP-500514,ORD-500514,ParcelFast,2026-01-18,2026-01-19,2026-01-20,5,0,1,10.21
SHP-500515,ORD-500515,MetroCourier,2026-01-16,2026-01-19,2026-01-19,4,1,0,11.77
SHP-500516,ORD-500516,ShipRight,2026-01-17,2026-01-19,2026-01-21,6,0,2,13.73
SHP-500517,ORD-500517,NorthLine,2026-01-16,2026-01-19,2026-01-20,5,0,1,13.03
SHP-500518,ORD-500518,MetroCourier,2026-01-16,2026-01-19,2026-01-18,3,1,0,10.88
SHP-500519,ORD-500519,MetroCourier,2026-01-16,2026-01-19,2026-01-18,3,1,0,11.19
SHP-500520,ORD-500520,ShipRight,2026-01-16,2026-01-19,2026-01-20,5,0,1,10.1
SHP-500521,ORD-500521,ShipRight,2026-01-18,2026-01-19,2026-01-22,7,0,3,9.02
SHP-500522,ORD-500522,ShipRight,2026-01-18,2026-01-19,2026-01-21,6,0,2,14.53
SHP-500523,ORD-500523,MetroCourier,2026-01-15,2026-01-19,2026-01-17,2,1,0,13.58
SHP-500524,ORD-500524,NorthLine,2026-01-17,2026-01-19,2026-01-20,5,0,1,11.05
SHP-500525,ORD-500525,NorthLine,2026-01-16,2026-01-19,2026-01-17,2,1,0,11.7
SHP-500526,ORD-500526,MetroCourier,2026-01-18,2026-01-19,2026-01-19,4,1,0,13.24
SHP-500527,ORD-500527,ShipRight,2026-01-16,2026-01-19,2026-01-19,4,1,0,11.44
SHP-500528,ORD-500528,ParcelFast,2026-01-16,2026-01-19,2026-01-18,3,1,0,11.39
SHP-500529,ORD-500529,NorthLine,2026-01-15,2026-01-19,2026-01-17,2,1,0,10.64
SHP-500530,ORD-500530,NorthLine,2026-01-15,2026-01-19,2026-01-21,6,0,2,12.61
SHP-500531,ORD-500531,NorthLine,2026-01-16,2026-01-19,2026-01-20,5,0,1,9.46
SHP-500532,ORD-500532,NorthLine,2026-01-17,2026-01-19,2026-01-22,7,0,3,11.22
SHP-500533,ORD-500533,MetroCourier,2026-01-15,2026-01-19,2026-01-21,6,0,2,12.12
SHP-500534,ORD-500534,NorthLine,2026-01-15,2026-01-19,2026-01-18,3,1,0,12.15
SHP-500535,ORD-500535,MetroCourier,2026-01-15,2026-01-19,2026-01-17,2,1,0,12.65
SHP-500536,ORD-500536,ParcelFast,2026-01-16,2026-01-19,2026-01-18,3,1,0,11.97
SHP-500537,ORD-500537,MetroCourier,2026-01-17,2026-01-19,2026-01-19,4,1,0,12.69
SHP-500538,ORD-500538,NorthLine,2026-01-16,2026-01-19,2026-01-21,6,0,2,13.46
SHP-500539,ORD-500539,MetroCourier,2026-01-17,2026-01-19,2026-01-19,4,1,0,10.95
SHP-500540,ORD-500540,ShipRight,2026-01-16,2026-01-19,2026-01-17,2,1,0,12.26
SHP-500541,ORD-500541,ParcelFast,2026-01-17,2026-01-19,2026-01-20,5,0,1,9.08
SHP-500542,ORD-500542,NorthLine,2026-01-15,2026-01-19,2026-01-16,1,1,0,11.78
SHP-500543,ORD-500543,MetroCourier,2026-01-16,2026-01-19,2026-01-19,4,1,0,11.05
SHP-500544,ORD-500544,ParcelFast,2026-01-16,2026-01-19,2026-01-17,2,1,0,10.69
SHP-500545,ORD-500545,ShipRight,2026-01-16,2026-01-19,2026-01-20,5,0,1,16.12
SHP-500546,ORD-500546,MetroCourier,2026-01-15,2026-01-19,2026-01-17,2,1,0,12.14
SHP-500547,ORD-500547,NorthLine,2026-01-17,2026-01-19,2026-01-21,6,0,2,14.56
SHP-500548,ORD-500548,ParcelFast,2026-01-16,2026-01-19,2026-01-18,3,1,0,9.43
SHP-500549,ORD-500549,MetroCourier,2026-01-17,2026-01-20,2026-01-20,4,1,0,9.56
SHP-500550,ORD-500550,ShipRight,2026-01-18,2026-01-20,2026-01-20,4,1,0,9.95
SHP-500551,ORD-500551,ShipRight,2026-01-18,2026-01-20,2026-01-20,4,1,0,11.03
SHP-500552,ORD-500552,NorthLine,2026-01-16,2026-01-20,2026-01-18,2,1,0,11.75
SHP-500553,ORD-500553,ParcelFast,2026-01-16,2026-01-20,2026-01-19,3,1,0,10.3
SHP-500554,ORD-500554,ParcelFast,2026-01-19,2026-01-20,2026-01-20,4,1,0,13.37
SHP-500555,ORD-500555,MetroCourier,2026-01-17,2026-01-20,2026-01-19,3,1,0,9.69
SHP-500556,ORD-500556,ShipRight,2026-01-18,2026-01-20,2026-01-21,5,0,1,9.85
SHP-500557,ORD-500557,ParcelFast,2026-01-16,2026-01-20,2026-01-18,2,1,0,11.67
SHP-500558,ORD-500558,NorthLine,2026-01-16,2026-01-20,2026-01-23,7,0,3,10.56
SHP-500559,ORD-500559,MetroCourier,2026-01-17,2026-01-20,2026-01-22,6,0,2,13.26
SHP-500560,ORD-500560,MetroCourier,2026-01-18,2026-01-20,2026-01-20,4,1,0,12.41
SHP-500561,ORD-500561,NorthLine,2026-01-17,2026-01-20,2026-01-22,6,0,2,8.71
SHP-500562,ORD-500562,MetroCourier,2026-01-18,2026-01-20,2026-01-19,3,1,0,11.12
SHP-500563,ORD-500563,MetroCourier,2026-01-18,2026-01-20,2026-01-20,4,1,0,11.1
SHP-500564,ORD-500564,MetroCourier,2026-01-16,2026-01-20,2026-01-19,3,1,0,15.57
SHP-500565,ORD-500565,ParcelFast,2026-01-17,2026-01-20,2026-01-19,3,1,0,9.86
SHP-500566,ORD-500566,NorthLine,2026-01-18,2026-01-20,2026-01-21,5,0,1,9.08
SHP-500567,ORD-500567,ShipRight,2026-01-18,2026-01-20,2026-01-20,4,1,0,10.22
SHP-500568,ORD-500568,MetroCourier,2026-01-18,2026-01-20,2026-01-21,5,0,1,8.78
SHP-500569,ORD-500569,MetroCourier,2026-01-19,2026-01-20,2026-01-23,7,0,3,10.39
SHP-500570,ORD-500570,ParcelFast,2026-01-18,2026-01-20,2026-01-22,6,0,2,11.93
SHP-500571,ORD-500571,ShipRight,2026-01-16,2026-01-20,2026-01-17,1,1,0,10.99
SHP-500572,ORD-500572,NorthLine,2026-01-16,2026-01-20,2026-01-18,2,1,0,9.59
SHP-500573,ORD-500573,NorthLine,2026-01-16,2026-01-20,2026-01-20,4,1,0,11.39
SHP-500574,ORD-500574,MetroCourier,2026-01-18,2026-01-20,2026-01-22,6,0,2,12.17
SHP-500575,ORD-500575,MetroCourier,2026-01-17,2026-01-20,2026-01-21,5,0,1,9.55
SHP-500576,ORD-500576,NorthLine,2026-01-16,2026-01-20,2026-01-21,5,0,1,11.43
SHP-500577,ORD-500577,NorthLine,2026-01-17,2026-01-20,2026-01-19,3,1,0,15.7
SHP-500578,ORD-500578,ShipRight,2026-01-18,2026-01-20,2026-01-19,3,1,0,10.28
SHP-500579,ORD-500579,ShipRight,2026-01-18,2026-01-21,2026-01-20,3,1,0,9.24
SHP-500580,ORD-500580,ShipRight,2026-01-20,2026-01-21,2026-01-21,4,1,0,10.29
SHP-500581,ORD-500581,ShipRight,2026-01-18,2026-01-21,2026-01-19,2,1,0,13.12
SHP-500582,ORD-500582,ParcelFast,2026-01-18,2026-01-21,2026-01-23,6,0,2,11.64
SHP-500583,ORD-500583,NorthLine,2026-01-18,2026-01-21,2026-01-22,5,0,1,8.84
SHP-500584,ORD-500584,NorthLine,2026-01-17,2026-01-21,2026-01-20,3,1,0,12.21
SHP-500585,ORD-500585,MetroCourier,2026-01-18,2026-01-21,2026-01-20,3,1,0,10.73
SHP-500586,ORD-500586,NorthLine,2026-01-18,2026-01-21,2026-01-23,6,0,2,9.73
SHP-500587,ORD-500587,NorthLine,2026-01-17,2026-01-21,2026-01-22,5,0,1,13.16
SHP-500588,ORD-500588,NorthLine,2026-01-17,2026-01-21,2026-01-20,3,1,0,10.71
SHP-500589,ORD-500589,NorthLine,2026-01-17,2026-01-21,2026-01-23,6,0,2,13.84
SHP-500590,ORD-500590,ParcelFast,2026-01-18,2026-01-21,2026-01-21,4,1,0,12.33
SHP-500591,ORD-500591,ParcelFast,2026-01-20,2026-01-21,2026-01-22,5,0,1,11.66
SHP-500592,ORD-500592,ShipRight,2026-01-17,2026-01-21,2026-01-19,2,1,0,14.03
SHP-500593,ORD-500593,MetroCourier,2026-01-17,2026-01-21,2026-01-20,3,1,0,9.23
SHP-500594,ORD-500594,ParcelFast,2026-01-17,2026-01-21,2026-01-22,5,0,1,11.68
SHP-500595,ORD-500595,MetroCourier,2026-01-19,2026-01-21,2026-01-23,6,0,2,12.37
SHP-500596,ORD-500596,NorthLine,2026-01-18,2026-01-21,2026-01-21,4,1,0,14.4
SHP-500597,ORD-500597,ParcelFast,2026-01-18,2026-01-21,2026-01-20,3,1,0,11.62
SHP-500598,ORD-500598,NorthLine,2026-01-18,2026-01-21,2026-01-19,2,1,0,13.14
SHP-500599,ORD-500599,ParcelFast,2026-01-19,2026-01-21,2026-01-21,4,1,0,11.58
SHP-500600,ORD-500600,ParcelFast,2026-01-18,2026-01-21,2026-01-20,3,1,0,11.05
SHP-500601,ORD-500601,MetroCourier,2026-01-17,2026-01-21,2026-01-20,3,1,0,12.65
SHP-500602,ORD-500602,MetroCourier,2026-01-19,2026-01-21,2026-01-23,6,0,2,9.12
SHP-500603,ORD-500603,ShipRight,2026-01-17,2026-01-21,2026-01-19,2,1,0,13.04
SHP-500604,ORD-500604,ShipRight,2026-01-17,2026-01-21,2026-01-20,3,1,0,9.73
SHP-500605,ORD-500605,NorthLine,2026-01-18,2026-01-21,2026-01-22,5,0,1,11.64
SHP-500606,ORD-500606,MetroCourier,2026-01-18,2026-01-21,2026-01-21,4,1,0,10.47
SHP-500607,ORD-500607,ParcelFast,2026-01-17,2026-01-21,2026-01-19,2,1,0,9.29
SHP-500608,ORD-500608,NorthLine,2026-01-19,2026-01-22,2026-01-20,2,1,0,12.3
SHP-500609,ORD-500609,ShipRight,2026-01-19,2026-01-22,2026-01-26,8,0,4,11.0
SHP-500610,ORD-500610,ParcelFast,2026-01-20,2026-01-22,2026-01-25,7,0,3,9.08
SHP-500611,ORD-500611,NorthLine,2026-01-18,2026-01-22,2026-01-22,4,1,0,11.88
SHP-500612,ORD-500612,MetroCourier,2026-01-19,2026-01-22,2026-01-21,3,1,0,13.15
SHP-500613,ORD-500613,ParcelFast,2026-01-20,2026-01-22,2026-01-22,4,1,0,11.48
SHP-500614,ORD-500614,ParcelFast,2026-01-20,2026-01-22,2026-01-25,7,0,3,11.5
SHP-500615,ORD-500615,MetroCourier,2026-01-19,2026-01-22,2026-01-24,6,0,2,13.08
SHP-500616,ORD-500616,MetroCourier,2026-01-19,2026-01-22,2026-01-21,3,1,0,10.41
SHP-500617,ORD-500617,MetroCourier,2026-01-18,2026-01-22,2026-01-20,2,1,0,12.6
SHP-500618,ORD-500618,MetroCourier,2026-01-20,2026-01-22,2026-01-23,5,0,1,9.79
SHP-500619,ORD-500619,NorthLine,2026-01-20,2026-01-22,2026-01-23,5,0,1,11.69
SHP-500620,ORD-500620,ShipRight,2026-01-20,2026-01-22,2026-01-23,5,0,1,11.62
SHP-500621,ORD-500621,ParcelFast,2026-01-18,2026-01-22,2026-01-20,2,1,0,11.83
SHP-500622,ORD-500622,MetroCourier,2026-01-18,2026-01-22,2026-01-22,4,1,0,8.89
SHP-500623,ORD-500623,MetroCourier,2026-01-18,2026-01-22,2026-01-21,3,1,0,9.91
SHP-500624,ORD-500624,ParcelFast,2026-01-20,2026-01-22,2026-01-21,3,1,0,13.44
SHP-500625,ORD-500625,NorthLine,2026-01-19,2026-01-22,2026-01-20,2,1,0,10.66
SHP-500626,ORD-500626,ParcelFast,2026-01-19,2026-01-22,2026-01-20,2,1,0,10.71
SHP-500627,ORD-500627,NorthLine,2026-01-18,2026-01-22,2026-01-20,2,1,0,11.34
SHP-500628,ORD-500628,NorthLine,2026-01-20,2026-01-22,2026-01-22,4,1,0,10.83
SHP-500629,ORD-500629,ParcelFast,2026-01-18,2026-01-22,2026-01-20,2,1,0,9.56
SHP-500630,ORD-500630,ParcelFast,2026-01-21,2026-01-22,2026-01-23,5,0,1,12.13
SHP-500631,ORD-500631,ShipRight,2026-01-19,2026-01-22,2026-01-24,6,0,2,9.01
SHP-500632,ORD-500632,ParcelFast,2026-01-18,2026-01-22,2026-01-19,1,1,0,12.21
SHP-500633,ORD-500633,MetroCourier,2026-01-19,2026-01-22,2026-01-20,2,1,0,11.29
SHP-500634,ORD-500634,ShipRight,2026-01-20,2026-01-22,2026-01-21,3,1,0,9.3
SHP-500635,ORD-500635,ShipRight,2026-01-18,2026-01-22,2026-01-20,2,1,0,13.22
SHP-500636,ORD-500636,ParcelFast,2026-01-19,2026-01-22,2026-01-21,3,1,0,12.02
SHP-500637,ORD-500637,NorthLine,2026-01-20,2026-01-22,2026-01-23,5,0,1,10.39
SHP-500638,ORD-500638,ShipRight,2026-01-19,2026-01-22,2026-01-25,7,0,3,14.72
SHP-500639,ORD-500639,ParcelFast,2026-01-20,2026-01-23,2026-01-22,3,1,0,12.02
SHP-500640,ORD-500640,NorthLine,2026-01-20,2026-01-23,2026-01-23,4,1,0,10.56
SHP-500641,ORD-500641,NorthLine,2026-01-19,2026-01-23,2026-01-21,2,1,0,9.89
SHP-500642,ORD-500642,ParcelFast,2026-01-20,2026-01-23,2026-01-25,6,0,2,9.27
SHP-500643,ORD-500643,ShipRight,2026-01-22,2026-01-23,2026-01-26,7,0,3,11.04
SHP-500644,ORD-500644,NorthLine,2026-01-20,2026-01-23,2026-01-22,3,1,0,11.18
SHP-500645,ORD-500645,NorthLine,2026-01-20,2026-01-23,2026-01-25,6,0,2,13.18
SHP-500646,ORD-500646,NorthLine,2026-01-20,2026-01-23,2026-01-25,6,0,2,11.11
SHP-500647,ORD-500647,ShipRight,2026-01-20,2026-01-23,2026-01-25,6,0,2,11.73
SHP-500648,ORD-500648,ShipRight,2026-01-21,2026-01-23,2026-01-23,4,1,0,9.01
SHP-500649,ORD-500649,MetroCourier,2026-01-21,2026-01-23,2026-01-23,4,1,0,14.05
SHP-500650,ORD-500650,ParcelFast,2026-01-20,2026-01-23,2026-01-22,3,1,0,12.66
SHP-500651,ORD-500651,ShipRight,2026-01-21,2026-01-23,2026-01-23,4,1,0,11.78
SHP-500652,ORD-500652,ParcelFast,2026-01-22,2026-01-23,2026-01-24,5,0,1,12.28
SHP-500653,ORD-500653,NorthLine,2026-01-20,2026-01-23,2026-01-21,2,1,0,12.54
SHP-500654,ORD-500654,MetroCourier,2026-01-19,2026-01-23,2026-01-22,3,1,0,10.9
SHP-500655,ORD-500655,NorthLine,2026-01-19,2026-01-23,2026-01-25,6,0,2,9.46
SHP-500656,ORD-500656,MetroCourier,2026-01-21,2026-01-23,2026-01-22,3,1,0,12.86
SHP-500657,ORD-500657,MetroCourier,2026-01-20,2026-01-23,2026-01-24,5,0,1,8.79
SHP-500658,ORD-500658,ShipRight,2026-01-19,2026-01-23,2026-01-20,1,1,0,12.86
SHP-500659,ORD-500659,ParcelFast,2026-01-20,2026-01-23,2026-01-23,4,1,0,12.22
SHP-500660,ORD-500660,NorthLine,2026-01-20,2026-01-23,2026-01-21,2,1,0,12.67
SHP-500661,ORD-500661,MetroCourier,2026-01-20,2026-01-23,2026-01-23,4,1,0,11.35
SHP-500662,ORD-500662,ParcelFast,2026-01-19,2026-01-23,2026-01-20,1,1,0,9.77
SHP-500663,ORD-500663,ShipRight,2026-01-22,2026-01-23,2026-01-27,8,0,4,12.42
SHP-500664,ORD-500664,NorthLine,2026-01-19,2026-01-23,2026-01-20,1,1,0,10.4
SHP-500665,ORD-500665,MetroCourier,2026-01-21,2026-01-23,2026-01-26,7,0,3,13.39
SHP-500666,ORD-500666,ParcelFast,2026-01-20,2026-01-23,2026-01-26,7,0,3,11.48
SHP-500667,ORD-500667,MetroCourier,2026-01-20,2026-01-23,2026-01-26,7,0,3,9.61
SHP-500668,ORD-500668,NorthLine,2026-01-22,2026-01-23,2026-01-25,6,0,2,9.68
SHP-500669,ORD-500669,ParcelFast,2026-01-20,2026-01-23,2026-01-22,3,1,0,10.34
SHP-500670,ORD-500670,ParcelFast,2026-01-20,2026-01-23,2026-01-21,2,1,0,12.13
SHP-500671,ORD-500671,ParcelFast,2026-01-22,2026-01-23,2026-01-25,6,0,2,12.27
SHP-500672,ORD-500672,ShipRight,2026-01-20,2026-01-23,2026-01-22,3,1,0,9.91
SHP-500673,ORD-500673,ParcelFast,2026-01-21,2026-01-23,2026-01-26,7,0,3,8.91
SHP-500674,ORD-500674,ParcelFast,2026-01-22,2026-01-23,2026-01-24,5,0,1,10.78
SHP-500675,ORD-500675,ShipRight,2026-01-20,2026-01-23,2026-01-25,6,0,2,13.4
SHP-500676,ORD-500676,ParcelFast,2026-01-19,2026-01-23,2026-01-26,7,0,3,11.81
SHP-500677,ORD-500677,ParcelFast,2026-01-20,2026-01-23,2026-01-22,3,1,0,12.1
SHP-500678,ORD-500678,ShipRight,2026-01-20,2026-01-23,2026-01-22,3,1,0,12.7
SHP-500679,ORD-500679,ParcelFast,2026-01-20,2026-01-23,2026-01-21,2,1,0,11.02
SHP-500680,ORD-500680,ShipRight,2026-01-20,2026-01-23,2026-01-22,3,1,0,9.32
SHP-500681,ORD-500681,ShipRight,2026-01-20,2026-01-23,2026-01-22,3,1,0,10.01
SHP-500682,ORD-500682,ShipRight,2026-01-22,2026-01-24,2026-01-24,4,1,0,11.18
SHP-500683,ORD-500683,ShipRight,2026-01-20,2026-01-24,2026-01-22,2,1,0,13.56
SHP-500684,ORD-500684,ParcelFast,2026-01-20,2026-01-24,2026-01-22,2,1,0,12.39
SHP-500685,ORD-500685,ShipRight,2026-01-21,2026-01-24,2026-01-25,5,0,1,10.9
SHP-500686,ORD-500686,NorthLine,2026-01-22,2026-01-24,2026-01-26,6,0,2,11.99
SHP-500687,ORD-500687,NorthLine,2026-01-20,2026-01-24,2026-01-21,1,1,0,11.47
SHP-500688,ORD-500688,ShipRight,2026-01-20,2026-01-24,2026-01-22,2,1,0,11.88
SHP-500689,ORD-500689,ShipRight,2026-01-23,2026-01-24,2026-01-25,5,0,1,9.19
SHP-500690,ORD-500690,MetroCourier,2026-01-21,2026-01-24,2026-01-26,6,0,2,12.32
SHP-500691,ORD-500691,ShipRight,2026-01-21,2026-01-24,2026-01-25,5,0,1,13.05
SHP-500692,ORD-500692,ShipRight,2026-01-22,2026-01-24,2026-01-28,8,0,4,13.15
SHP-500693,ORD-500693,MetroCourier,2026-01-20,2026-01-24,2026-01-22,2,1,0,10.78
SHP-500694,ORD-500694,ShipRight,2026-01-21,2026-01-24,2026-01-23,3,1,0,11.56
SHP-500695,ORD-500695,ShipRight,2026-01-21,2026-01-24,2026-01-25,5,0,1,10.87
SHP-500696,ORD-500696,MetroCourier,2026-01-20,2026-01-24,2026-01-28,8,0,4,12.55
SHP-500697,ORD-500697,MetroCourier,2026-01-22,2026-01-24,2026-01-26,6,0,2,12.49
SHP-500698,ORD-500698,MetroCourier,2026-01-23,2026-01-24,2026-01-24,4,1,0,9.16
SHP-500699,ORD-500699,ShipRight,2026-01-21,2026-01-24,2026-01-23,3,1,0,11.34
SHP-500700,ORD-500700,ParcelFast,2026-01-21,2026-01-24,2026-01-26,6,0,2,10.75
SHP-500701,ORD-500701,MetroCourier,2026-01-21,2026-01-24,2026-01-23,3,1,0,11.91
SHP-500702,ORD-500702,NorthLine,2026-01-20,2026-01-24,2026-01-22,2,1,0,11.91
SHP-500703,ORD-500703,NorthLine,2026-01-21,2026-01-24,2026-01-23,3,1,0,10.26
SHP-500704,ORD-500704,ParcelFast,2026-01-21,2026-01-24,2026-01-27,7,0,3,11.42
SHP-500705,ORD-500705,NorthLine,2026-01-21,2026-01-24,2026-01-23,3,1,0,10.56
SHP-500706,ORD-500706,NorthLine,2026-01-21,2026-01-24,2026-01-23,3,1,0,10.73
SHP-500707,ORD-500707,NorthLine,2026-01-21,2026-01-24,2026-01-24,4,1,0,13.11
SHP-500708,ORD-500708,MetroCourier,2026-01-22,2026-01-24,2026-01-26,6,0,2,10.93
SHP-500709,ORD-500709,ShipRight,2026-01-20,2026-01-24,2026-01-26,6,0,2,10.9
SHP-500710,ORD-500710,ShipRight,2026-01-21,2026-01-24,2026-01-24,4,1,0,10.19
SHP-500711,ORD-500711,NorthLine,2026-01-21,2026-01-24,2026-01-26,6,0,2,9.9
SHP-500712,ORD-500712,NorthLine,2026-01-20,2026-01-24,2026-01-23,3,1,0,9.68
SHP-500713,ORD-500713,NorthLine,2026-01-22,2026-01-24,2026-01-24,4,1,0,12.03
SHP-500714,ORD-500714,ParcelFast,2026-01-21,2026-01-24,2026-01-24,4,1,0,10.9
SHP-500715,ORD-500715,NorthLine,2026-01-21,2026-01-24,2026-01-26,6,0,2,10.56
SHP-500716,ORD-500716,ParcelFast,2026-01-22,2026-01-24,2026-01-24,4,1,0,10.79
SHP-500717,ORD-500717,MetroCourier,2026-01-21,2026-01-24,2026-01-24,4,1,0,12.53
SHP-500718,ORD-500718,ShipRight,2026-01-21,2026-01-24,2026-01-22,2,1,0,10.49
SHP-500719,ORD-500719,ShipRight,2026-01-22,2026-01-24,2026-01-25,5,0,1,9.93
SHP-500720,ORD-500720,ParcelFast,2026-01-22,2026-01-24,2026-01-24,4,1,0,10.84
SHP-500721,ORD-500721,ParcelFast,2026-01-22,2026-01-24,2026-01-27,7,0,3,10.27
SHP-500722,ORD-500722,MetroCourier,2026-01-21,2026-01-24,2026-01-23,3,1,0,10.25
SHP-500723,ORD-500723,ShipRight,2026-01-21,2026-01-24,2026-01-22,2,1,0,10.94
SHP-500724,ORD-500724,NorthLine,2026-01-20,2026-01-24,2026-01-23,3,1,0,13.14
SHP-500725,ORD-500725,MetroCourier,2026-01-23,2026-01-24,2026-01-26,6,0,2,11.36
SHP-500726,ORD-500726,ParcelFast,2026-01-21,2026-01-24,2026-01-22,2,1,0,12.37
SHP-500727,ORD-500727,ShipRight,2026-01-23,2026-01-24,2026-01-26,6,0,2,11.0
SHP-500728,ORD-500728,NorthLine,2026-01-21,2026-01-24,2026-01-22,2,1,0,10.64
SHP-500729,ORD-500729,MetroCourier,2026-01-22,2026-01-24,2026-01-30,10,0,6,12.34
SHP-500730,ORD-500730,MetroCourier,2026-01-23,2026-01-24,2026-01-25,5,0,1,12.03
SHP-500731,ORD-500731,ShipRight,2026-01-22,2026-01-25,2026-01-29,8,0,4,11.83
SHP-500732,ORD-500732,NorthLine,2026-01-22,2026-01-25,2026-01-26,5,0,1,9.53
SHP-500733,ORD-500733,ShipRight,2026-01-22,2026-01-25,2026-01-24,3,1,0,11.64
SHP-500734,ORD-500734,ShipRight,2026-01-22,2026-01-25,2026-01-25,4,1,0,13.04
SHP-500735,ORD-500735,ParcelFast,2026-01-22,2026-01-25,2026-01-26,5,0,1,12.31
SHP-500736,ORD-500736,NorthLine,2026-01-22,2026-01-25,2026-01-25,4,1,0,10.66
SHP-500737,ORD-500737,MetroCourier,2026-01-21,2026-01-25,2026-01-23,2,1,0,12.76
SHP-500738,ORD-500738,MetroCourier,2026-01-21,2026-01-25,2026-01-24,3,1,0,12.61
SHP-500739,ORD-500739,ParcelFast,2026-01-21,2026-01-25,2026-01-22,1,1,0,11.86
SHP-500740,ORD-500740,MetroCourier,2026-01-22,2026-01-25,2026-01-26,5,0,1,8.85
SHP-500741,ORD-500741,MetroCourier,2026-01-22,2026-01-25,2026-01-27,6,0,2,10.14
SHP-500742,ORD-500742,NorthLine,2026-01-21,2026-01-25,2026-01-24,3,1,0,11.73
SHP-500743,ORD-500743,ShipRight,2026-01-22,2026-01-25,2026-01-25,4,1,0,9.11
SHP-500744,ORD-500744,ParcelFast,2026-01-22,2026-01-25,2026-01-23,2,1,0,11.62
SHP-500745,ORD-500745,NorthLine,2026-01-22,2026-01-25,2026-01-25,4,1,0,11.66
SHP-500746,ORD-500746,ShipRight,2026-01-23,2026-01-25,2026-01-28,7,0,3,12.13
SHP-500747,ORD-500747,ShipRight,2026-01-23,2026-01-25,2026-01-26,5,0,1,11.24
SHP-500748,ORD-500748,ShipRight,2026-01-22,2026-01-25,2026-01-25,4,1,0,11.92
SHP-500749,ORD-500749,MetroCourier,2026-01-24,2026-01-25,2026-01-28,7,0,3,8.76
SHP-500750,ORD-500750,ParcelFast,2026-01-23,2026-01-25,2026-01-27,6,0,2,9.61
SHP-500751,ORD-500751,MetroCourier,2026-01-21,2026-01-25,2026-01-26,5,0,1,9.32
SHP-500752,ORD-500752,NorthLine,2026-01-22,2026-01-25,2026-01-24,3,1,0,11.28
SHP-500753,ORD-500753,ParcelFast,2026-01-24,2026-01-25,2026-01-25,4,1,0,9.95
SHP-500754,ORD-500754,MetroCourier,2026-01-22,2026-01-25,2026-01-28,7,0,3,10.81
SHP-500755,ORD-500755,MetroCourier,2026-01-22,2026-01-25,2026-01-25,4,1,0,12.43
SHP-500756,ORD-500756,ShipRight,2026-01-23,2026-01-26,2026-01-27,5,0,1,12.61
SHP-500757,ORD-500757,ParcelFast,2026-01-22,2026-01-26,2026-01-25,3,1,0,10.08
SHP-500758,ORD-500758,NorthLine,2026-01-23,2026-01-26,2026-01-28,6,0,2,12.23
SHP-500759,ORD-500759,MetroCourier,2026-01-23,2026-01-26,2026-01-25,3,1,0,12.02
SHP-500760,ORD-500760,ParcelFast,2026-01-22,2026-01-26,2026-01-23,1,1,0,12.16
SHP-500761,ORD-500761,ParcelFast,2026-01-23,2026-01-26,2026-01-27,5,0,1,12.24
SHP-500762,ORD-500762,MetroCourier,2026-01-23,2026-01-26,2026-01-26,4,1,0,11.29
SHP-500763,ORD-500763,MetroCourier,2026-01-22,2026-01-26,2026-01-25,3,1,0,12.38
SHP-500764,ORD-500764,ParcelFast,2026-01-22,2026-01-26,2026-01-24,2,1,0,10.43
SHP-500765,ORD-500765,ParcelFast,2026-01-22,2026-01-26,2026-01-27,5,0,1,12.13
SHP-500766,ORD-500766,ParcelFast,2026-01-24,2026-01-26,2026-01-25,3,1,0,11.03
SHP-500767,ORD-500767,MetroCourier,2026-01-24,2026-01-26,2026-01-26,4,1,0,11.24
SHP-500768,ORD-500768,ShipRight,2026-01-23,2026-01-26,2026-01-28,6,0,2,9.71
SHP-500769,ORD-500769,MetroCourier,2026-01-23,2026-01-26,2026-01-25,3,1,0,13.16
SHP-500770,ORD-500770,NorthLine,2026-01-24,2026-01-26,2026-01-26,4,1,0,11.13
SHP-500771,ORD-500771,NorthLine,2026-01-24,2026-01-26,2026-01-25,3,1,0,12.42
SHP-500772,ORD-500772,NorthLine,2026-01-22,2026-01-26,2026-01-23,1,1,0,13.19
SHP-500773,ORD-500773,MetroCourier,2026-01-23,2026-01-26,2026-01-28,6,0,2,11.61
SHP-500774,ORD-500774,ParcelFast,2026-01-23,2026-01-26,2026-01-25,3,1,0,10.35
SHP-500775,ORD-500775,ShipRight,2026-01-23,2026-01-26,2026-01-27,5,0,1,12.47
SHP-500776,ORD-500776,ParcelFast,2026-01-24,2026-01-26,2026-01-28,6,0,2,11.75
SHP-500777,ORD-500777,MetroCourier,2026-01-26,2026-01-27,2026-01-29,6,0,2,10.48
SHP-500778,ORD-500778,MetroCourier,2026-01-24,2026-01-27,2026-01-30,7,0,3,15.02
SHP-500779,ORD-500779,MetroCourier,2026-01-25,2026-01-27,2026-01-29,6,0,2,8.97
SHP-500780,ORD-500780,NorthLine,2026-01-25,2026-01-27,2026-01-26,3,1,0,12.74
SHP-500781,ORD-500781,ParcelFast,2026-01-24,2026-01-27,2026-01-26,3,1,0,10.23
SHP-500782,ORD-500782,ParcelFast,2026-01-24,2026-01-27,2026-01-26,3,1,0,13.25
SHP-500783,ORD-500783,ParcelFast,2026-01-25,2026-01-27,2026-01-28,5,0,1,12.75
SHP-500784,ORD-500784,ShipRight,2026-01-25,2026-01-27,2026-01-26,3,1,0,11.07
SHP-500785,ORD-500785,NorthLine,2026-01-24,2026-01-27,2026-01-25,2,1,0,12.33
SHP-500786,ORD-500786,NorthLine,2026-01-24,2026-01-27,2026-01-29,6,0,2,11.86
SHP-500787,ORD-500787,NorthLine,2026-01-24,2026-01-27,2026-01-27,4,1,0,11.44
SHP-500788,ORD-500788,NorthLine,2026-01-24,2026-01-27,2026-01-26,3,1,0,13.29
SHP-500789,ORD-500789,ShipRight,2026-01-23,2026-01-27,2026-01-24,1,1,0,10.19
SHP-500790,ORD-500790,NorthLine,2026-01-25,2026-01-27,2026-01-26,3,1,0,11.46
SHP-500791,ORD-500791,MetroCourier,2026-01-23,2026-01-27,2026-01-25,2,1,0,11.12
SHP-500792,ORD-500792,NorthLine,2026-01-24,2026-01-27,2026-01-26,3,1,0,13.49
SHP-500793,ORD-500793,NorthLine,2026-01-25,2026-01-27,2026-01-26,3,1,0,14.25
SHP-500794,ORD-500794,NorthLine,2026-01-24,2026-01-27,2026-01-27,4,1,0,14.69
SHP-500795,ORD-500795,ShipRight,2026-01-23,2026-01-27,2026-01-26,3,1,0,9.35
SHP-500796,ORD-500796,NorthLine,2026-01-24,2026-01-27,2026-01-29,6,0,2,10.9
SHP-500797,ORD-500797,ShipRight,2026-01-25,2026-01-27,2026-01-27,4,1,0,12.79
SHP-500798,ORD-500798,MetroCourier,2026-01-24,2026-01-27,2026-01-26,3,1,0,10.17
SHP-500799,ORD-500799,NorthLine,2026-01-23,2026-01-27,2026-01-25,2,1,0,12.25
SHP-500800,ORD-500800,MetroCourier,2026-01-25,2026-01-27,2026-01-26,3,1,0,9.9
SHP-500801,ORD-500801,ShipRight,2026-01-24,2026-01-27,2026-01-30,7,0,3,10.94
SHP-500802,ORD-500802,ShipRight,2026-01-23,2026-01-27,2026-01-28,5,0,1,10.55
SHP-500803,ORD-500803,NorthLine,2026-01-23,2026-01-27,2026-01-25,2,1,0,11.27
SHP-500804,ORD-500804,NorthLine,2026-01-24,2026-01-27,2026-01-25,2,1,0,11.13
SHP-500805,ORD-500805,MetroCourier,2026-01-24,2026-01-27,2026-01-28,5,0,1,11.18
SHP-500806,ORD-500806,ShipRight,2026-01-23,2026-01-27,2026-01-26,3,1,0,10.93
SHP-500807,ORD-500807,MetroCourier,2026-01-24,2026-01-27,2026-01-28,5,0,1,13.0
SHP-500808,ORD-500808,ParcelFast,2026-01-24,2026-01-27,2026-01-26,3,1,0,13.64
SHP-500809,ORD-500809,ShipRight,2026-01-25,2026-01-27,2026-01-27,4,1,0,13.67
SHP-500810,ORD-500810,NorthLine,2026-01-25,2026-01-27,2026-01-26,3,1,0,12.51
SHP-500811,ORD-500811,MetroCourier,2026-01-26,2026-01-28,2026-01-27,3,1,0,11.72
SHP-500812,ORD-500812,NorthLine,2026-01-25,2026-01-28,2026-01-26,2,1,0,13.81
SHP-500813,ORD-500813,ShipRight,2026-01-27,2026-01-28,2026-01-30,6,0,2,11.21
SHP-500814,ORD-500814,MetroCourier,2026-01-26,2026-01-28,2026-01-31,7,0,3,9.93
SHP-500815,ORD-500815,ShipRight,2026-01-24,2026-01-28,2026-01-27,3,1,0,11.36
SHP-500816,ORD-500816,MetroCourier,2026-01-26,2026-01-28,2026-01-27,3,1,0,11.11
SHP-500817,ORD-500817,ShipRight,2026-01-26,2026-01-28,2026-01-28,4,1,0,9.4
SHP-500818,ORD-500818,NorthLine,2026-01-25,2026-01-28,2026-01-26,2,1,0,8.81
SHP-500819,ORD-500819,NorthLine,2026-01-25,2026-01-28,2026-01-27,3,1,0,10.22
SHP-500820,ORD-500820,NorthLine,2026-01-25,2026-01-28,2026-01-26,2,1,0,9.35
SHP-500821,ORD-500821,ShipRight,2026-01-25,2026-01-28,2026-01-29,5,0,1,8.79
SHP-500822,ORD-500822,ShipRight,2026-01-26,2026-01-28,2026-01-28,4,1,0,11.68
SHP-500823,ORD-500823,ParcelFast,2026-01-26,2026-01-28,2026-01-30,6,0,2,11.52
SHP-500824,ORD-500824,ShipRight,2026-01-24,2026-01-28,2026-01-28,4,1,0,8.97
SHP-500825,ORD-500825,ShipRight,2026-01-25,2026-01-28,2026-01-27,3,1,0,10.17
SHP-500826,ORD-500826,ShipRight,2026-01-27,2026-01-28,2026-01-30,6,0,2,11.38
SHP-500827,ORD-500827,MetroCourier,2026-01-25,2026-01-28,2026-01-29,5,0,1,9.44
SHP-500828,ORD-500828,ParcelFast,2026-01-26,2026-01-28,2026-01-29,5,0,1,11.47
SHP-500829,ORD-500829,MetroCourier,2026-01-24,2026-01-28,2026-01-26,2,1,0,10.35
SHP-500830,ORD-500830,NorthLine,2026-01-26,2026-01-28,2026-01-27,3,1,0,10.71
SHP-500831,ORD-500831,ParcelFast,2026-01-26,2026-01-28,2026-01-28,4,1,0,11.18
SHP-500832,ORD-500832,ParcelFast,2026-01-26,2026-01-28,2026-01-31,7,0,3,10.9
SHP-500833,ORD-500833,ParcelFast,2026-01-24,2026-01-28,2026-01-25,1,1,0,11.8
SHP-500834,ORD-500834,ShipRight,2026-01-24,2026-01-28,2026-01-28,4,1,0,15.3
SHP-500835,ORD-500835,MetroCourier,2026-01-25,2026-01-28,2026-01-30,6,0,2,13.57
SHP-500836,ORD-500836,ShipRight,2026-01-24,2026-01-28,2026-01-29,5,0,1,10.37
SHP-500837,ORD-500837,NorthLine,2026-01-27,2026-01-28,2026-01-28,4,1,0,11.11
SHP-500838,ORD-500838,ParcelFast,2026-01-26,2026-01-28,2026-01-28,4,1,0,10.66
SHP-500839,ORD-500839,NorthLine,2026-01-25,2026-01-28,2026-01-29,5,0,1,13.27
SHP-500840,ORD-500840,ShipRight,2026-01-24,2026-01-28,2026-01-28,4,1,0,9.47
SHP-500841,ORD-500841,MetroCourier,2026-01-25,2026-01-28,2026-01-29,5,0,1,9.45
SHP-500842,ORD-500842,ParcelFast,2026-01-25,2026-01-28,2026-01-30,6,0,2,13.31
SHP-500843,ORD-500843,ShipRight,2026-01-24,2026-01-28,2026-01-27,3,1,0,10.2
SHP-500844,ORD-500844,MetroCourier,2026-01-26,2026-01-28,2026-01-28,4,1,0,9.93
SHP-500845,ORD-500845,NorthLine,2026-01-25,2026-01-28,2026-01-27,3,1,0,9.48
SHP-500846,ORD-500846,NorthLine,2026-01-25,2026-01-28,2026-01-29,5,0,1,12.52
SHP-500847,ORD-500847,ShipRight,2026-01-25,2026-01-29,2026-01-30,5,0,1,10.58
SHP-500848,ORD-500848,MetroCourier,2026-01-26,2026-01-29,2026-01-30,5,0,1,11.63
SHP-500849,ORD-500849,ShipRight,2026-01-28,2026-01-29,2026-01-31,6,0,2,10.93
SHP-500850,ORD-500850,MetroCourier,2026-01-27,2026-01-29,2026-01-29,4,1,0,9.6
SHP-500851,ORD-500851,ShipRight,2026-01-26,2026-01-29,2026-01-31,6,0,2,12.15
SHP-500852,ORD-500852,MetroCourier,2026-01-26,2026-01-29,2026-01-29,4,1,0,12.81
SHP-500853,ORD-500853,ShipRight,2026-01-26,2026-01-29,2026-01-30,5,0,1,13.52
SHP-500854,ORD-500854,ShipRight,2026-01-28,2026-01-29,2026-01-30,5,0,1,11.88
SHP-500855,ORD-500855,NorthLine,2026-01-27,2026-01-29,2026-02-02,8,0,4,10.99
SHP-500856,ORD-500856,ShipRight,2026-01-26,2026-01-29,2026-01-29,4,1,0,14.8
SHP-500857,ORD-500857,ParcelFast,2026-01-27,2026-01-29,2026-01-28,3,1,0,10.4
SHP-500858,ORD-500858,NorthLine,2026-01-26,2026-01-29,2026-01-31,6,0,2,13.05
SHP-500859,ORD-500859,MetroCourier,2026-01-27,2026-01-29,2026-02-01,7,0,3,9.42
SHP-500860,ORD-500860,ShipRight,2026-01-26,2026-01-29,2026-01-30,5,0,1,11.37
SHP-500861,ORD-500861,NorthLine,2026-01-28,2026-01-29,2026-02-04,10,0,6,10.81
SHP-500862,ORD-500862,NorthLine,2026-01-25,2026-01-29,2026-01-26,1,1,0,14.21
SHP-500863,ORD-500863,ShipRight,2026-01-26,2026-01-29,2026-01-31,6,0,2,12.24
SHP-500864,ORD-500864,NorthLine,2026-01-25,2026-01-29,2026-01-26,1,1,0,13.94
SHP-500865,ORD-500865,ShipRight,2026-01-26,2026-01-29,2026-01-27,2,1,0,15.82
SHP-500866,ORD-500866,ShipRight,2026-01-26,2026-01-29,2026-01-30,5,0,1,13.3
SHP-500867,ORD-500867,ParcelFast,2026-01-26,2026-01-29,2026-01-30,5,0,1,11.8
SHP-500868,ORD-500868,ParcelFast,2026-01-26,2026-01-29,2026-01-27,2,1,0,10.06
SHP-500869,ORD-500869,NorthLine,2026-01-26,2026-01-29,2026-01-27,2,1,0,13.15
SHP-500870,ORD-500870,ShipRight,2026-01-26,2026-01-29,2026-02-01,7,0,3,11.39
SHP-500871,ORD-500871,ShipRight,2026-01-27,2026-01-29,2026-02-01,7,0,3,11.05
SHP-500872,ORD-500872,NorthLine,2026-01-26,2026-01-29,2026-01-29,4,1,0,11.84
SHP-500873,ORD-500873,NorthLine,2026-01-26,2026-01-29,2026-01-27,2,1,0,11.8
SHP-500874,ORD-500874,ParcelFast,2026-01-27,2026-01-29,2026-01-29,4,1,0,10.19
SHP-500875,ORD-500875,ParcelFast,2026-01-26,2026-01-29,2026-01-29,4,1,0,12.16
SHP-500876,ORD-500876,ShipRight,2026-01-25,2026-01-29,2026-01-26,1,1,0,11.84
SHP-500877,ORD-500877,MetroCourier,2026-01-26,2026-01-29,2026-01-30,5,0,1,15.21
SHP-500878,ORD-500878,NorthLine,2026-01-26,2026-01-29,2026-01-28,3,1,0,12.09
SHP-500879,ORD-500879,NorthLine,2026-01-26,2026-01-29,2026-01-29,4,1,0,11.65
SHP-500880,ORD-500880,MetroCourier,2026-01-25,2026-01-29,2026-01-28,3,1,0,12.34
SHP-500881,ORD-500881,ParcelFast,2026-01-26,2026-01-29,2026-01-31,6,0,2,13.05
SHP-500882,ORD-500882,ParcelFast,2026-01-27,2026-01-29,2026-01-29,4,1,0,11.49
SHP-500883,ORD-500883,ParcelFast,2026-01-28,2026-01-29,2026-02-01,7,0,3,12.41
SHP-500884,ORD-500884,NorthLine,2026-01-25,2026-01-29,2026-01-29,4,1,0,11.58
SHP-500885,ORD-500885,ParcelFast,2026-01-26,2026-01-29,2026-01-30,5,0,1,12.61
SHP-500886,ORD-500886,ShipRight,2026-01-25,2026-01-29,2026-01-29,4,1,0,11.25
SHP-500887,ORD-500887,ParcelFast,2026-01-25,2026-01-29,2026-01-28,3,1,0,12.45
SHP-500888,ORD-500888,ShipRight,2026-01-26,2026-01-29,2026-01-30,5,0,1,12.84
SHP-500889,ORD-500889,ParcelFast,2026-01-27,2026-01-29,2026-01-30,5,0,1,11.16
SHP-500890,ORD-500890,NorthLine,2026-01-26,2026-01-29,2026-01-31,6,0,2,13.8
SHP-500891,ORD-500891,ShipRight,2026-01-28,2026-01-30,2026-01-29,3,1,0,12.63
SHP-500892,ORD-500892,NorthLine,2026-01-28,2026-01-30,2026-01-30,4,1,0,12.58
SHP-500893,ORD-500893,NorthLine,2026-01-27,2026-01-30,2026-01-29,3,1,0,10.68
SHP-500894,ORD-500894,ParcelFast,2026-01-27,2026-01-30,2026-01-30,4,1,0,11.88
SHP-500895,ORD-500895,NorthLine,2026-01-27,2026-01-30,2026-02-01,6,0,2,9.52
SHP-500896,ORD-500896,ParcelFast,2026-01-29,2026-01-30,2026-02-02,7,0,3,9.58
SHP-500897,ORD-500897,ShipRight,2026-01-26,2026-01-30,2026-01-29,3,1,0,12.25
SHP-500898,ORD-500898,ParcelFast,2026-01-28,2026-01-30,2026-02-01,6,0,2,10.19
SHP-500899,ORD-500899,NorthLine,2026-01-28,2026-01-30,2026-01-31,5,0,1,11.07
SHP-500900,ORD-500900,ShipRight,2026-01-27,2026-01-30,2026-02-02,7,0,3,9.37
SHP-500901,ORD-500901,ParcelFast,2026-01-26,2026-01-30,2026-01-28,2,1,0,13.08
SHP-500902,ORD-500902,ParcelFast,2026-01-27,2026-01-30,2026-01-28,2,1,0,13.22
SHP-500903,ORD-500903,ParcelFast,2026-01-29,2026-01-30,2026-02-01,6,0,2,9.13
SHP-500904,ORD-500904,NorthLine,2026-01-26,2026-01-30,2026-01-29,3,1,0,11.72
SHP-500905,ORD-500905,ParcelFast,2026-01-26,2026-01-30,2026-01-30,4,1,0,13.62
SHP-500906,ORD-500906,ParcelFast,2026-01-27,2026-01-30,2026-01-30,4,1,0,9.95
SHP-500907,ORD-500907,NorthLine,2026-01-28,2026-01-30,2026-01-30,4,1,0,11.03
SHP-500908,ORD-500908,MetroCourier,2026-01-26,2026-01-30,2026-01-29,3,1,0,11.57
SHP-500909,ORD-500909,MetroCourier,2026-01-27,2026-01-30,2026-01-31,5,0,1,11.75
SHP-500910,ORD-500910,ParcelFast,2026-01-28,2026-01-30,2026-01-30,4,1,0,13.47
SHP-500911,ORD-500911,ShipRight,2026-01-26,2026-01-30,2026-01-28,2,1,0,11.7
SHP-500912,ORD-500912,MetroCourier,2026-01-26,2026-01-30,2026-01-27,1,1,0,12.87
SHP-500913,ORD-500913,ShipRight,2026-01-27,2026-01-30,2026-01-30,4,1,0,12.06
SHP-500914,ORD-500914,NorthLine,2026-01-28,2026-01-30,2026-02-01,6,0,2,11.68
SHP-500915,ORD-500915,ParcelFast,2026-01-26,2026-01-30,2026-01-28,2,1,0,10.86
SHP-500916,ORD-500916,ParcelFast,2026-01-28,2026-01-30,2026-01-29,3,1,0,11.89
SHP-500917,ORD-500917,ShipRight,2026-01-28,2026-01-30,2026-01-30,4,1,0,12.6
SHP-500918,ORD-500918,MetroCourier,2026-01-26,2026-01-30,2026-01-27,1,1,0,13.0
SHP-500919,ORD-500919,ParcelFast,2026-01-28,2026-01-30,2026-01-29,3,1,0,8.73
SHP-500920,ORD-500920,NorthLine,2026-01-27,2026-01-30,2026-01-28,2,1,0,13.55
SHP-500921,ORD-500921,MetroCourier,2026-01-27,2026-01-30,2026-01-30,4,1,0,10.28
SHP-500922,ORD-500922,ShipRight,2026-01-27,2026-01-30,2026-01-28,2,1,0,10.39
SHP-500923,ORD-500923,ParcelFast,2026-01-27,2026-01-30,2026-01-28,2,1,0,12.14
SHP-500924,ORD-500924,MetroCourier,2026-01-27,2026-01-30,2026-01-31,5,0,1,9.56
SHP-500925,ORD-500925,NorthLine,2026-01-26,2026-01-30,2026-01-28,2,1,0,13.28
SHP-500926,ORD-500926,ParcelFast,2026-01-27,2026-01-30,2026-02-01,6,0,2,9.57
SHP-500927,ORD-500927,ShipRight,2026-01-27,2026-01-30,2026-01-29,3,1,0,10.18
SHP-500928,ORD-500928,NorthLine,2026-01-29,2026-01-30,2026-01-31,5,0,1,12.03
SHP-500929,ORD-500929,MetroCourier,2026-01-26,2026-01-30,2026-01-29,3,1,0,13.66
SHP-500930,ORD-500930,MetroCourier,2026-01-27,2026-01-30,2026-01-30,4,1,0,11.98
SHP-500931,ORD-500931,NorthLine,2026-01-29,2026-01-31,2026-02-03,7,0,3,11.54
SHP-500932,ORD-500932,ShipRight,2026-01-29,2026-01-31,2026-01-31,4,1,0,11.69
SHP-500933,ORD-500933,NorthLine,2026-01-29,2026-01-31,2026-02-02,6,0,2,11.78
SHP-500934,ORD-500934,ParcelFast,2026-01-30,2026-01-31,2026-02-02,6,0,2,11.95
SHP-500935,ORD-500935,NorthLine,2026-01-30,2026-01-31,2026-02-04,8,0,4,13.1
SHP-500936,ORD-500936,ParcelFast,2026-01-29,2026-01-31,2026-01-31,4,1,0,10.04
SHP-500937,ORD-500937,NorthLine,2026-01-29,2026-01-31,2026-01-31,4,1,0,13.68
SHP-500938,ORD-500938,MetroCourier,2026-01-28,2026-01-31,2026-01-30,3,1,0,11.47
SHP-500939,ORD-500939,ShipRight,2026-01-29,2026-01-31,2026-01-31,4,1,0,11.94
SHP-500940,ORD-500940,NorthLine,2026-01-30,2026-01-31,2026-01-31,4,1,0,12.43
SHP-500941,ORD-500941,ShipRight,2026-01-28,2026-01-31,2026-01-31,4,1,0,10.92
SHP-500942,ORD-500942,MetroCourier,2026-01-29,2026-01-31,2026-02-01,5,0,1,10.27
SHP-500943,ORD-500943,NorthLine,2026-01-28,2026-01-31,2026-02-05,9,0,5,12.94
SHP-500944,ORD-500944,ParcelFast,2026-01-29,2026-01-31,2026-01-31,4,1,0,14.6
SHP-500945,ORD-500945,NorthLine,2026-01-28,2026-01-31,2026-01-29,2,1,0,12.52
SHP-500946,ORD-500946,MetroCourier,2026-01-29,2026-01-31,2026-02-04,8,0,4,12.58
SHP-500947,ORD-500947,NorthLine,2026-01-29,2026-01-31,2026-01-31,4,1,0,10.6
SHP-500948,ORD-500948,NorthLine,2026-01-28,2026-01-31,2026-01-30,3,1,0,12.0
SHP-500949,ORD-500949,ShipRight,2026-01-30,2026-01-31,2026-02-03,7,0,3,11.95
SHP-500950,ORD-500950,ShipRight,2026-01-27,2026-01-31,2026-01-29,2,1,0,12.66
SHP-500951,ORD-500951,NorthLine,2026-01-28,2026-01-31,2026-02-01,5,0,1,14.62
SHP-500952,ORD-500952,MetroCourier,2026-01-28,2026-01-31,2026-01-31,4,1,0,11.22
SHP-500953,ORD-500953,NorthLine,2026-01-28,2026-01-31,2026-02-03,7,0,3,13.01
SHP-500954,ORD-500954,MetroCourier,2026-01-27,2026-01-31,2026-01-30,3,1,0,12.16
SHP-500955,ORD-500955,MetroCourier,2026-01-29,2026-01-31,2026-02-01,5,0,1,9.93
SHP-500956,ORD-500956,MetroCourier,2026-01-28,2026-01-31,2026-02-01,5,0,1,9.09
SHP-500957,ORD-500957,MetroCourier,2026-01-27,2026-01-31,2026-01-28,1,1,0,9.69
SHP-500958,ORD-500958,ParcelFast,2026-01-28,2026-01-31,2026-02-01,5,0,1,9.03
SHP-500959,ORD-500959,ShipRight,2026-01-28,2026-01-31,2026-02-01,5,0,1,15.39
SHP-500960,ORD-500960,NorthLine,2026-01-29,2026-01-31,2026-02-01,5,0,1,8.98
SHP-500961,ORD-500961,NorthLine,2026-01-29,2026-01-31,2026-02-01,5,0,1,13.11
SHP-500962,ORD-500962,MetroCourier,2026-01-28,2026-01-31,2026-01-31,4,1,0,10.53
SHP-500963,ORD-500963,MetroCourier,2026-01-28,2026-01-31,2026-02-01,5,0,1,9.87
SHP-500964,ORD-500964,NorthLine,2026-01-28,2026-01-31,2026-02-02,6,0,2,11.83
SHP-500965,ORD-500965,ShipRight,2026-01-28,2026-01-31,2026-01-30,3,1,0,11.62
SHP-500966,ORD-500966,MetroCourier,2026-01-28,2026-01-31,2026-02-01,5,0,1,9.74
SHP-500967,ORD-500967,NorthLine,2026-01-30,2026-02-01,2026-02-02,5,0,1,12.12
SHP-500968,ORD-500968,ShipRight,2026-01-31,2026-02-01,2026-02-06,9,0,5,10.99
SHP-500969,ORD-500969,MetroCourier,2026-01-28,2026-02-01,2026-02-01,4,1,0,12.27
SHP-500970,ORD-500970,MetroCourier,2026-01-28,2026-02-01,2026-01-30,2,1,0,9.74
SHP-500971,ORD-500971,MetroCourier,2026-01-30,2026-02-01,2026-02-03,6,0,2,12.68
SHP-500972,ORD-500972,ShipRight,2026-01-29,2026-02-01,2026-01-31,3,1,0,11.01
SHP-500973,ORD-500973,ParcelFast,2026-01-28,2026-02-01,2026-01-31,3,1,0,10.55
SHP-500974,ORD-500974,ParcelFast,2026-01-31,2026-02-01,2026-02-07,10,0,6,9.93
SHP-500975,ORD-500975,NorthLine,2026-01-28,2026-02-01,2026-01-30,2,1,0,11.4
SHP-500976,ORD-500976,ParcelFast,2026-01-29,2026-02-01,2026-02-05,8,0,4,12.52
SHP-500977,ORD-500977,ParcelFast,2026-01-29,2026-02-01,2026-01-31,3,1,0,14.34
SHP-500978,ORD-500978,ParcelFast,2026-01-30,2026-02-01,2026-02-04,7,0,3,15.02
SHP-500979,ORD-500979,MetroCourier,2026-01-29,2026-02-01,2026-02-04,7,0,3,10.84
SHP-500980,ORD-500980,ParcelFast,2026-01-28,2026-02-01,2026-01-30,2,1,0,9.99
SHP-500981,ORD-500981,MetroCourier,2026-01-29,2026-02-01,2026-02-02,5,0,1,10.53
SHP-500982,ORD-500982,MetroCourier,2026-01-29,2026-02-01,2026-02-02,5,0,1,9.55
SHP-500983,ORD-500983,NorthLine,2026-01-28,2026-02-01,2026-02-02,5,0,1,9.89
SHP-500984,ORD-500984,MetroCourier,2026-01-30,2026-02-01,2026-02-03,6,0,2,12.45
SHP-500985,ORD-500985,MetroCourier,2026-01-28,2026-02-01,2026-02-01,4,1,0,11.01
SHP-500986,ORD-500986,MetroCourier,2026-01-29,2026-02-01,2026-02-01,4,1,0,13.96
SHP-500987,ORD-500987,NorthLine,2026-01-29,2026-02-01,2026-01-31,3,1,0,10.53
SHP-500988,ORD-500988,ParcelFast,2026-01-29,2026-02-01,2026-02-01,4,1,0,10.33
SHP-500989,ORD-500989,ShipRight,2026-01-29,2026-02-01,2026-02-03,6,0,2,9.48
SHP-500990,ORD-500990,NorthLine,2026-01-29,2026-02-01,2026-01-30,2,1,0,12.59
SHP-500991,ORD-500991,ShipRight,2026-01-29,2026-02-01,2026-02-04,7,0,3,12.01
SHP-500992,ORD-500992,ParcelFast,2026-01-29,2026-02-01,2026-01-30,2,1,0,14.13
SHP-500993,ORD-500993,MetroCourier,2026-01-30,2026-02-01,2026-01-31,3,1,0,10.4
SHP-500994,ORD-500994,ParcelFast,2026-01-30,2026-02-01,2026-01-31,3,1,0,11.73
SHP-500995,ORD-500995,ParcelFast,2026-01-28,2026-02-01,2026-02-02,5,0,1,12.62
SHP-500996,ORD-500996,NorthLine,2026-01-28,2026-02-01,2026-01-30,2,1,0,9.32
SHP-500997,ORD-500997,ShipRight,2026-01-29,2026-02-01,2026-02-04,7,0,3,11.47
SHP-500998,ORD-500998,NorthLine,2026-01-30,2026-02-01,2026-01-31,3,1,0,8.74
SHP-500999,ORD-500999,ParcelFast,2026-01-30,2026-02-01,2026-02-04,7,0,3,10.19
SHP-501000,ORD-501000,NorthLine,2026-01-28,2026-02-01,2026-01-31,3,1,0,8.86
SHP-501001,ORD-501001,ParcelFast,2026-01-28,2026-02-01,2026-02-03,6,0,2,11.42
SHP-501002,ORD-501002,NorthLine,2026-01-29,2026-02-01,2026-02-02,5,0,1,12.36
SHP-501003,ORD-501003,ShipRight,2026-01-31,2026-02-01,2026-02-01,4,1,0,11.27
SHP-501004,ORD-501004,MetroCourier,2026-01-28,2026-02-01,2026-01-30,2,1,0,15.05
SHP-501005,ORD-501005,ShipRight,2026-01-28,2026-02-01,2026-01-30,2,1,0,12.67
SHP-501006,ORD-501006,ParcelFast,2026-01-30,2026-02-01,2026-02-01,4,1,0,11.52
SHP-501007,ORD-501007,MetroCourier,2026-01-29,2026-02-01,2026-01-30,2,1,0,12.7
SHP-501008,ORD-501008,NorthLine,2026-01-29,2026-02-01,2026-02-01,4,1,0,9.63
SHP-501009,ORD-501009,MetroCourier,2026-01-28,2026-02-01,2026-02-04,7,0,3,8.92
SHP-501010,ORD-501010,ParcelFast,2026-01-30,2026-02-01,2026-01-31,3,1,0,9.22
SHP-501011,ORD-501011,ShipRight,2026-01-30,2026-02-01,2026-02-04,7,0,3,14.04
SHP-501012,ORD-501012,NorthLine,2026-01-28,2026-02-01,2026-01-31,3,1,0,12.17
SHP-501013,ORD-501013,ParcelFast,2026-01-29,2026-02-02,2026-02-01,3,1,0,10.22
SHP-501014,ORD-501014,MetroCourier,2026-01-31,2026-02-02,2026-02-02,4,1,0,10.84
SHP-501015,ORD-501015,NorthLine,2026-01-31,2026-02-02,2026-02-04,6,0,2,13.45
SHP-501016,ORD-501016,NorthLine,2026-01-30,2026-02-02,2026-02-04,6,0,2,12.87
SHP-501017,ORD-501017,NorthLine,2026-01-30,2026-02-02,2026-02-03,5,0,1,12.98
SHP-501018,ORD-501018,NorthLine,2026-01-30,2026-02-02,2026-02-01,3,1,0,12.08
SHP-501019,ORD-501019,ShipRight,2026-01-30,2026-02-02,2026-01-31,2,1,0,12.2
SHP-501020,ORD-501020,ParcelFast,2026-01-30,2026-02-02,2026-01-31,2,1,0,14.83
SHP-501021,ORD-501021,ShipRight,2026-01-30,2026-02-02,2026-02-03,5,0,1,11.95
SHP-501022,ORD-501022,ParcelFast,2026-01-29,2026-02-02,2026-01-30,1,1,0,9.95
SHP-501023,ORD-501023,ShipRight,2026-01-30,2026-02-02,2026-02-02,4,1,0,10.4
SHP-501024,ORD-501024,MetroCourier,2026-01-31,2026-02-02,2026-02-05,7,0,3,12.02
SHP-501025,ORD-501025,NorthLine,2026-01-30,2026-02-02,2026-02-03,5,0,1,10.54
SHP-501026,ORD-501026,ParcelFast,2026-01-29,2026-02-02,2026-01-31,2,1,0,8.95
SHP-501027,ORD-501027,ShipRight,2026-01-31,2026-02-02,2026-02-02,4,1,0,9.33
SHP-501028,ORD-501028,ParcelFast,2026-01-29,2026-02-02,2026-02-02,4,1,0,11.12
SHP-501029,ORD-501029,MetroCourier,2026-01-30,2026-02-02,2026-01-31,2,1,0,9.11
SHP-501030,ORD-501030,NorthLine,2026-01-30,2026-02-02,2026-02-06,8,0,4,12.7
SHP-501031,ORD-501031,ParcelFast,2026-01-30,2026-02-02,2026-02-01,3,1,0,11.86
SHP-501032,ORD-501032,ShipRight,2026-01-29,2026-02-02,2026-01-30,1,1,0,9.84
SHP-501033,ORD-501033,MetroCourier,2026-01-29,2026-02-02,2026-02-02,4,1,0,11.93
SHP-501034,ORD-501034,ParcelFast,2026-01-29,2026-02-02,2026-02-01,3,1,0,10.76
SHP-501035,ORD-501035,MetroCourier,2026-01-31,2026-02-02,2026-02-04,6,0,2,11.3
SHP-501036,ORD-501036,NorthLine,2026-02-02,2026-02-03,2026-02-04,5,0,1,13.12
SHP-501037,ORD-501037,ShipRight,2026-01-31,2026-02-03,2026-02-05,6,0,2,11.24
SHP-501038,ORD-501038,ParcelFast,2026-02-01,2026-02-03,2026-02-04,5,0,1,9.98
SHP-501039,ORD-501039,ParcelFast,2026-01-30,2026-02-03,2026-02-01,2,1,0,12.06
SHP-501040,ORD-501040,ParcelFast,2026-01-31,2026-02-03,2026-02-01,2,1,0,13.88
SHP-501041,ORD-501041,ShipRight,2026-02-01,2026-02-03,2026-02-05,6,0,2,13.64
SHP-501042,ORD-501042,ParcelFast,2026-01-31,2026-02-03,2026-02-02,3,1,0,15.74
SHP-501043,ORD-501043,ParcelFast,2026-01-31,2026-02-03,2026-02-03,4,1,0,11.69
SHP-501044,ORD-501044,MetroCourier,2026-02-01,2026-02-03,2026-02-05,6,0,2,12.71
SHP-501045,ORD-501045,NorthLine,2026-01-31,2026-02-03,2026-02-06,7,0,3,13.63
SHP-501046,ORD-501046,NorthLine,2026-01-30,2026-02-03,2026-02-06,7,0,3,9.95
SHP-501047,ORD-501047,ShipRight,2026-02-01,2026-02-03,2026-02-03,4,1,0,11.9
SHP-501048,ORD-501048,ShipRight,2026-02-01,2026-02-03,2026-02-02,3,1,0,11.37
SHP-501049,ORD-501049,MetroCourier,2026-01-31,2026-02-03,2026-02-04,5,0,1,12.82
SHP-501050,ORD-501050,ShipRight,2026-02-02,2026-02-03,2026-02-03,4,1,0,11.19
SHP-501051,ORD-501051,ParcelFast,2026-01-31,2026-02-03,2026-02-02,3,1,0,12.13
SHP-501052,ORD-501052,ParcelFast,2026-01-30,2026-02-03,2026-02-02,3,1,0,12.0
SHP-501053,ORD-501053,MetroCourier,2026-01-30,2026-02-03,2026-02-03,4,1,0,10.99
SHP-501054,ORD-501054,ParcelFast,2026-01-31,2026-02-03,2026-02-02,3,1,0,12.55
SHP-501055,ORD-501055,NorthLine,2026-01-31,2026-02-03,2026-02-05,6,0,2,13.17
SHP-501056,ORD-501056,MetroCourier,2026-01-31,2026-02-03,2026-02-06,7,0,3,10.97
SHP-501057,ORD-501057,ShipRight,2026-01-31,2026-02-03,2026-02-05,6,0,2,11.18
SHP-501058,ORD-501058,ShipRight,2026-01-31,2026-02-03,2026-02-02,3,1,0,11.61
SHP-501059,ORD-501059,ParcelFast,2026-01-31,2026-02-03,2026-02-04,5,0,1,11.6
SHP-501060,ORD-501060,ShipRight,2026-01-30,2026-02-03,2026-02-02,3,1,0,12.72
SHP-501061,ORD-501061,NorthLine,2026-02-01,2026-02-03,2026-02-05,6,0,2,12.16
SHP-501062,ORD-501062,MetroCourier,2026-02-01,2026-02-03,2026-02-03,4,1,0,10.88
SHP-501063,ORD-501063,ShipRight,2026-01-30,2026-02-03,2026-02-03,4,1,0,10.37
SHP-501064,ORD-501064,NorthLine,2026-02-02,2026-02-03,2026-02-05,6,0,2,9.44
SHP-501065,ORD-501065,ParcelFast,2026-01-31,2026-02-03,2026-02-03,4,1,0,9.92
SHP-501066,ORD-501066,ParcelFast,2026-02-02,2026-02-03,2026-02-03,4,1,0,9.76
SHP-501067,ORD-501067,ShipRight,2026-01-30,2026-02-03,2026-01-31,1,1,0,12.31
SHP-501068,ORD-501068,NorthLine,2026-01-30,2026-02-03,2026-01-31,1,1,0,13.45
SHP-501069,ORD-501069,MetroCourier,2026-01-30,2026-02-03,2026-02-03,4,1,0,10.73
SHP-501070,ORD-501070,ParcelFast,2026-01-31,2026-02-03,2026-02-04,5,0,1,14.7
SHP-501071,ORD-501071,ShipRight,2026-01-31,2026-02-03,2026-02-03,4,1,0,11.88
SHP-501072,ORD-501072,MetroCourier,2026-02-01,2026-02-03,2026-02-07,8,0,4,9.44
SHP-501073,ORD-501073,ShipRight,2026-02-01,2026-02-03,2026-02-05,6,0,2,11.6
SHP-501074,ORD-501074,ParcelFast,2026-02-01,2026-02-03,2026-02-03,4,1,0,11.01
SHP-501075,ORD-501075,NorthLine,2026-01-31,2026-02-03,2026-02-05,6,0,2,11.66
SHP-501076,ORD-501076,NorthLine,2026-01-30,2026-02-03,2026-02-03,4,1,0,10.2
SHP-501077,ORD-501077,MetroCourier,2026-01-31,2026-02-03,2026-02-04,5,0,1,9.98
SHP-501078,ORD-501078,MetroCourier,2026-01-30,2026-02-03,2026-02-01,2,1,0,13.55
SHP-501079,ORD-501079,ParcelFast,2026-01-30,2026-02-03,2026-02-01,2,1,0,10.44
SHP-501080,ORD-501080,MetroCourier,2026-01-30,2026-02-03,2026-02-01,2,1,0,14.09
SHP-501081,ORD-501081,ParcelFast,2026-01-31,2026-02-03,2026-02-03,4,1,0,9.08
SHP-501082,ORD-501082,MetroCourier,2026-01-31,2026-02-03,2026-02-05,6,0,2,10.62
SHP-501083,ORD-501083,ParcelFast,2026-01-31,2026-02-03,2026-02-06,7,0,3,12.24
SHP-501084,ORD-501084,MetroCourier,2026-02-01,2026-02-03,2026-02-03,4,1,0,11.26
SHP-501085,ORD-501085,MetroCourier,2026-02-01,2026-02-03,2026-02-05,6,0,2,9.84
SHP-501086,ORD-501086,MetroCourier,2026-01-31,2026-02-04,2026-02-03,3,1,0,12.57
SHP-501087,ORD-501087,MetroCourier,2026-01-31,2026-02-04,2026-02-01,1,1,0,10.05
SHP-501088,ORD-501088,ParcelFast,2026-02-02,2026-02-04,2026-02-04,4,1,0,13.76
SHP-501089,ORD-501089,MetroCourier,2026-02-02,2026-02-04,2026-02-03,3,1,0,9.39
SHP-501090,ORD-501090,ShipRight,2026-02-02,2026-02-04,2026-02-07,7,0,3,12.0
SHP-501091,ORD-501091,ParcelFast,2026-02-01,2026-02-04,2026-02-07,7,0,3,12.33
SHP-501092,ORD-501092,NorthLine,2026-02-01,2026-02-04,2026-02-03,3,1,0,12.26
SHP-501093,ORD-501093,ParcelFast,2026-01-31,2026-02-04,2026-02-05,5,0,1,9.53
SHP-501094,ORD-501094,ShipRight,2026-02-01,2026-02-04,2026-02-02,2,1,0,11.59
SHP-501095,ORD-501095,ShipRight,2026-01-31,2026-02-04,2026-02-01,1,1,0,12.75
SHP-501096,ORD-501096,ShipRight,2026-01-31,2026-02-04,2026-02-02,2,1,0,10.83
SHP-501097,ORD-501097,MetroCourier,2026-02-01,2026-02-04,2026-02-07,7,0,3,9.88
SHP-501098,ORD-501098,ParcelFast,2026-02-02,2026-02-04,2026-02-04,4,1,0,12.64
SHP-501099,ORD-501099,NorthLine,2026-02-01,2026-02-04,2026-02-05,5,0,1,8.83
SHP-501100,ORD-501100,ParcelFast,2026-02-01,2026-02-04,2026-02-03,3,1,0,12.23
SHP-501101,ORD-501101,NorthLine,2026-02-01,2026-02-04,2026-02-03,3,1,0,12.2
SHP-501102,ORD-501102,ParcelFast,2026-02-02,2026-02-04,2026-02-04,4,1,0,11.42
SHP-501103,ORD-501103,ShipRight,2026-02-01,2026-02-04,2026-02-03,3,1,0,9.41
SHP-501104,ORD-501104,ShipRight,2026-01-31,2026-02-04,2026-02-05,5,0,1,9.34
SHP-501105,ORD-501105,MetroCourier,2026-02-03,2026-02-04,2026-02-09,9,0,5,13.79
SHP-501106,ORD-501106,ShipRight,2026-02-02,2026-02-05,2026-02-04,3,1,0,11.18
SHP-501107,ORD-501107,ShipRight,2026-02-03,2026-02-05,2026-02-05,4,1,0,12.09
SHP-501108,ORD-501108,ShipRight,2026-02-02,2026-02-05,2026-02-04,3,1,0,10.21
SHP-501109,ORD-501109,ParcelFast,2026-02-01,2026-02-05,2026-02-04,3,1,0,10.37
SHP-501110,ORD-501110,ShipRight,2026-02-02,2026-02-05,2026-02-08,7,0,3,12.66
SHP-501111,ORD-501111,ShipRight,2026-02-03,2026-02-05,2026-02-05,4,1,0,11.56
SHP-501112,ORD-501112,ParcelFast,2026-02-02,2026-02-05,2026-02-05,4,1,0,13.64
SHP-501113,ORD-501113,MetroCourier,2026-02-02,2026-02-05,2026-02-03,2,1,0,12.3
SHP-501114,ORD-501114,NorthLine,2026-02-02,2026-02-05,2026-02-04,3,1,0,10.87
SHP-501115,ORD-501115,ShipRight,2026-02-03,2026-02-05,2026-02-04,3,1,0,10.78
SHP-501116,ORD-501116,ShipRight,2026-02-02,2026-02-05,2026-02-04,3,1,0,11.02
SHP-501117,ORD-501117,ShipRight,2026-02-02,2026-02-05,2026-02-07,6,0,2,14.68
SHP-501118,ORD-501118,ShipRight,2026-02-02,2026-02-05,2026-02-07,6,0,2,10.17
SHP-501119,ORD-501119,ParcelFast,2026-02-01,2026-02-05,2026-02-02,1,1,0,12.11
SHP-501120,ORD-501120,ShipRight,2026-02-02,2026-02-05,2026-02-04,3,1,0,13.86
SHP-501121,ORD-501121,NorthLine,2026-02-03,2026-02-05,2026-02-05,4,1,0,10.1
SHP-501122,ORD-501122,ShipRight,2026-02-02,2026-02-05,2026-02-05,4,1,0,11.97
SHP-501123,ORD-501123,ParcelFast,2026-02-02,2026-02-05,2026-02-04,3,1,0,12.73
SHP-501124,ORD-501124,ParcelFast,2026-02-03,2026-02-05,2026-02-05,4,1,0,13.51
SHP-501125,ORD-501125,ParcelFast,2026-02-03,2026-02-05,2026-02-05,4,1,0,10.78
SHP-501126,ORD-501126,ShipRight,2026-02-02,2026-02-05,2026-02-04,3,1,0,10.45
SHP-501127,ORD-501127,NorthLine,2026-02-02,2026-02-05,2026-02-05,4,1,0,11.62
SHP-501128,ORD-501128,NorthLine,2026-02-03,2026-02-05,2026-02-05,4,1,0,13.04
SHP-501129,ORD-501129,ShipRight,2026-02-02,2026-02-05,2026-02-04,3,1,0,9.25
SHP-501130,ORD-501130,ShipRight,2026-02-02,2026-02-05,2026-02-07,6,0,2,12.43
SHP-501131,ORD-501131,NorthLine,2026-02-02,2026-02-05,2026-02-04,3,1,0,11.14
SHP-501132,ORD-501132,ShipRight,2026-02-01,2026-02-05,2026-02-03,2,1,0,11.12
SHP-501133,ORD-501133,NorthLine,2026-02-03,2026-02-05,2026-02-04,3,1,0,11.27
SHP-501134,ORD-501134,MetroCourier,2026-02-02,2026-02-05,2026-02-04,3,1,0,10.28
SHP-501135,ORD-501135,MetroCourier,2026-02-04,2026-02-05,2026-02-06,5,0,1,10.34
SHP-501136,ORD-501136,ParcelFast,2026-02-02,2026-02-05,2026-02-07,6,0,2,9.39
SHP-501137,ORD-501137,MetroCourier,2026-02-03,2026-02-05,2026-02-08,7,0,3,10.19
SHP-501138,ORD-501138,NorthLine,2026-02-02,2026-02-05,2026-02-04,3,1,0,11.18
SHP-501139,ORD-501139,NorthLine,2026-02-02,2026-02-05,2026-02-06,5,0,1,11.56
SHP-501140,ORD-501140,NorthLine,2026-02-02,2026-02-05,2026-02-05,4,1,0,14.39
SHP-501141,ORD-501141,MetroCourier,2026-02-02,2026-02-05,2026-02-06,5,0,1,11.31
SHP-501142,ORD-501142,ShipRight,2026-02-02,2026-02-05,2026-02-04,3,1,0,10.29
SHP-501143,ORD-501143,ShipRight,2026-02-01,2026-02-05,2026-02-06,5,0,1,10.98
SHP-501144,ORD-501144,MetroCourier,2026-02-02,2026-02-05,2026-02-04,3,1,0,11.55
SHP-501145,ORD-501145,MetroCourier,2026-02-02,2026-02-05,2026-02-03,2,1,0,13.69
SHP-501146,ORD-501146,MetroCourier,2026-02-02,2026-02-05,2026-02-08,7,0,3,9.37
SHP-501147,ORD-501147,NorthLine,2026-02-03,2026-02-06,2026-02-06,4,1,0,11.75
SHP-501148,ORD-501148,MetroCourier,2026-02-05,2026-02-06,2026-02-07,5,0,1,11.11
SHP-501149,ORD-501149,ShipRight,2026-02-04,2026-02-06,2026-02-07,5,0,1,8.87
SHP-501150,ORD-501150,NorthLine,2026-02-04,2026-02-06,2026-02-08,6,0,2,10.72
SHP-501151,ORD-501151,ShipRight,2026-02-02,2026-02-06,2026-02-06,4,1,0,8.81
SHP-501152,ORD-501152,ParcelFast,2026-02-02,2026-02-06,2026-02-03,1,1,0,11.05
SHP-501153,ORD-501153,MetroCourier,2026-02-02,2026-02-06,2026-02-05,3,1,0,9.9
SHP-501154,ORD-501154,ParcelFast,2026-02-03,2026-02-06,2026-02-04,2,1,0,10.56
SHP-501155,ORD-501155,MetroCourier,2026-02-03,2026-02-06,2026-02-06,4,1,0,11.62
SHP-501156,ORD-501156,NorthLine,2026-02-03,2026-02-06,2026-02-05,3,1,0,13.43
SHP-501157,ORD-501157,ParcelFast,2026-02-03,2026-02-06,2026-02-06,4,1,0,10.91
SHP-501158,ORD-501158,ParcelFast,2026-02-03,2026-02-06,2026-02-08,6,0,2,12.98
SHP-501159,ORD-501159,ParcelFast,2026-02-03,2026-02-06,2026-02-05,3,1,0,14.84
SHP-501160,ORD-501160,MetroCourier,2026-02-05,2026-02-06,2026-02-11,9,0,5,11.63
SHP-501161,ORD-501161,MetroCourier,2026-02-02,2026-02-06,2026-02-06,4,1,0,10.96
SHP-501162,ORD-501162,NorthLine,2026-02-04,2026-02-06,2026-02-08,6,0,2,9.58
SHP-501163,ORD-501163,MetroCourier,2026-02-05,2026-02-06,2026-02-07,5,0,1,13.02
SHP-501164,ORD-501164,ParcelFast,2026-02-03,2026-02-06,2026-02-04,2,1,0,15.01
SHP-501165,ORD-501165,MetroCourier,2026-02-03,2026-02-06,2026-02-07,5,0,1,13.01
SHP-501166,ORD-501166,ShipRight,2026-02-03,2026-02-06,2026-02-07,5,0,1,10.24
SHP-501167,ORD-501167,ParcelFast,2026-02-05,2026-02-06,2026-02-07,5,0,1,14.86
SHP-501168,ORD-501168,MetroCourier,2026-02-03,2026-02-06,2026-02-05,3,1,0,13.37
SHP-501169,ORD-501169,ShipRight,2026-02-03,2026-02-06,2026-02-05,3,1,0,13.98
SHP-501170,ORD-501170,MetroCourier,2026-02-03,2026-02-06,2026-02-05,3,1,0,12.21
SHP-501171,ORD-501171,NorthLine,2026-02-02,2026-02-06,2026-02-05,3,1,0,10.78
SHP-501172,ORD-501172,ShipRight,2026-02-04,2026-02-06,2026-02-06,4,1,0,11.85
SHP-501173,ORD-501173,NorthLine,2026-02-03,2026-02-06,2026-02-05,3,1,0,11.52
SHP-501174,ORD-501174,MetroCourier,2026-02-05,2026-02-06,2026-02-08,6,0,2,13.22
SHP-501175,ORD-501175,ShipRight,2026-02-03,2026-02-06,2026-02-06,4,1,0,10.22
SHP-501176,ORD-501176,NorthLine,2026-02-02,2026-02-06,2026-02-04,2,1,0,13.34
SHP-501177,ORD-501177,ParcelFast,2026-02-03,2026-02-06,2026-02-08,6,0,2,11.5
SHP-501178,ORD-501178,NorthLine,2026-02-02,2026-02-06,2026-02-10,8,0,4,9.03
SHP-501179,ORD-501179,ShipRight,2026-02-03,2026-02-06,2026-02-07,5,0,1,14.5
SHP-501180,ORD-501180,ShipRight,2026-02-02,2026-02-06,2026-02-03,1,1,0,14.55
SHP-501181,ORD-501181,MetroCourier,2026-02-04,2026-02-07,2026-02-07,4,1,0,12.63
SHP-501182,ORD-501182,ShipRight,2026-02-03,2026-02-07,2026-02-04,1,1,0,14.43
SHP-501183,ORD-501183,NorthLine,2026-02-04,2026-02-07,2026-02-06,3,1,0,12.0
SHP-501184,ORD-501184,ParcelFast,2026-02-04,2026-02-07,2026-02-08,5,0,1,12.09
SHP-501185,ORD-501185,NorthLine,2026-02-03,2026-02-07,2026-02-05,2,1,0,14.68
SHP-501186,ORD-501186,ParcelFast,2026-02-04,2026-02-07,2026-02-07,4,1,0,11.09
SHP-501187,ORD-501187,MetroCourier,2026-02-05,2026-02-07,2026-02-07,4,1,0,11.42
SHP-501188,ORD-501188,ParcelFast,2026-02-04,2026-02-07,2026-02-06,3,1,0,13.77
SHP-501189,ORD-501189,ParcelFast,2026-02-04,2026-02-07,2026-02-08,5,0,1,11.45
SHP-501190,ORD-501190,ParcelFast,2026-02-05,2026-02-07,2026-02-11,8,0,4,9.61
SHP-501191,ORD-501191,ShipRight,2026-02-04,2026-02-07,2026-02-06,3,1,0,10.94
SHP-501192,ORD-501192,ParcelFast,2026-02-04,2026-02-07,2026-02-08,5,0,1,12.24
SHP-501193,ORD-501193,NorthLine,2026-02-05,2026-02-07,2026-02-08,5,0,1,11.48
SHP-501194,ORD-501194,ShipRight,2026-02-03,2026-02-07,2026-02-05,2,1,0,11.52
SHP-501195,ORD-501195,NorthLine,2026-02-05,2026-02-07,2026-02-10,7,0,3,10.59
SHP-501196,ORD-501196,MetroCourier,2026-02-05,2026-02-07,2026-02-07,4,1,0,10.86
SHP-501197,ORD-501197,ShipRight,2026-02-05,2026-02-07,2026-02-08,5,0,1,15.64
SHP-501198,ORD-501198,ParcelFast,2026-02-05,2026-02-07,2026-02-08,5,0,1,12.3
SHP-501199,ORD-501199,NorthLine,2026-02-04,2026-02-07,2026-02-07,4,1,0,11.18
SHP-501200,ORD-501200,ParcelFast,2026-02-04,2026-02-07,2026-02-06,3,1,0,13.77
SHP-501201,ORD-501201,NorthLine,2026-02-03,2026-02-07,2026-02-06,3,1,0,11.95
SHP-501202,ORD-501202,ParcelFast,2026-02-06,2026-02-07,2026-02-07,4,1,0,10.64
SHP-501203,ORD-501203,MetroCourier,2026-02-03,2026-02-07,2026-02-07,4,1,0,12.3
SHP-501204,ORD-501204,ParcelFast,2026-02-04,2026-02-07,2026-02-06,3,1,0,12.66
SHP-501205,ORD-501205,NorthLine,2026-02-04,2026-02-07,2026-02-06,3,1,0,10.12
SHP-501206,ORD-501206,NorthLine,2026-02-05,2026-02-07,2026-02-07,4,1,0,13.21
SHP-501207,ORD-501207,MetroCourier,2026-02-06,2026-02-07,2026-02-08,5,0,1,11.73
SHP-501208,ORD-501208,ParcelFast,2026-02-05,2026-02-07,2026-02-06,3,1,0,11.79
SHP-501209,ORD-501209,ParcelFast,2026-02-04,2026-02-07,2026-02-07,4,1,0,13.98
SHP-501210,ORD-501210,MetroCourier,2026-02-05,2026-02-07,2026-02-07,4,1,0,9.67
SHP-501211,ORD-501211,ShipRight,2026-02-04,2026-02-07,2026-02-06,3,1,0,12.37
SHP-501212,ORD-501212,MetroCourier,2026-02-06,2026-02-07,2026-02-10,7,0,3,12.04
SHP-501213,ORD-501213,MetroCourier,2026-02-03,2026-02-07,2026-02-06,3,1,0,10.61
SHP-501214,ORD-501214,ShipRight,2026-02-03,2026-02-07,2026-02-05,2,1,0,11.03
SHP-501215,ORD-501215,MetroCourier,2026-02-03,2026-02-07,2026-02-04,1,1,0,13.35
SHP-501216,ORD-501216,MetroCourier,2026-02-05,2026-02-07,2026-02-11,8,0,4,11.13
SHP-501217,ORD-501217,MetroCourier,2026-02-04,2026-02-07,2026-02-07,4,1,0,10.71
SHP-501218,ORD-501218,ShipRight,2026-02-03,2026-02-07,2026-02-06,3,1,0,13.35
SHP-501219,ORD-501219,MetroCourier,2026-02-05,2026-02-08,2026-02-09,5,0,1,13.3
SHP-501220,ORD-501220,NorthLine,2026-02-05,2026-02-08,2026-02-06,2,1,0,11.39
SHP-501221,ORD-501221,MetroCourier,2026-02-05,2026-02-08,2026-02-06,2,1,0,10.08
SHP-501222,ORD-501222,MetroCourier,2026-02-04,2026-02-08,2026-02-08,4,1,0,10.78
SHP-501223,ORD-501223,ParcelFast,2026-02-04,2026-02-08,2026-02-08,4,1,0,10.1
SHP-501224,ORD-501224,NorthLine,2026-02-05,2026-02-08,2026-02-10,6,0,2,12.55
SHP-501225,ORD-501225,MetroCourier,2026-02-07,2026-02-08,2026-02-08,4,1,0,13.05
SHP-501226,ORD-501226,ShipRight,2026-02-04,2026-02-08,2026-02-06,2,1,0,12.4
SHP-501227,ORD-501227,ParcelFast,2026-02-05,2026-02-08,2026-02-08,4,1,0,10.38
SHP-501228,ORD-501228,NorthLine,2026-02-05,2026-02-08,2026-02-09,5,0,1,14.35
SHP-501229,ORD-501229,ShipRight,2026-02-06,2026-02-08,2026-02-08,4,1,0,11.14
SHP-501230,ORD-501230,ParcelFast,2026-02-06,2026-02-08,2026-02-09,5,0,1,10.2
SHP-501231,ORD-501231,ParcelFast,2026-02-07,2026-02-08,2026-02-10,6,0,2,10.54
SHP-501232,ORD-501232,ParcelFast,2026-02-04,2026-02-08,2026-02-06,2,1,0,12.48
SHP-501233,ORD-501233,NorthLine,2026-02-04,2026-02-08,2026-02-07,3,1,0,12.55
SHP-501234,ORD-501234,ShipRight,2026-02-04,2026-02-08,2026-02-07,3,1,0,10.19
SHP-501235,ORD-501235,NorthLine,2026-02-07,2026-02-08,2026-02-10,6,0,2,12.44
SHP-501236,ORD-501236,ShipRight,2026-02-04,2026-02-08,2026-02-08,4,1,0,9.45
SHP-501237,ORD-501237,NorthLine,2026-02-05,2026-02-08,2026-02-07,3,1,0,11.71
SHP-501238,ORD-501238,NorthLine,2026-02-04,2026-02-08,2026-02-06,2,1,0,10.85
SHP-501239,ORD-501239,ShipRight,2026-02-05,2026-02-08,2026-02-06,2,1,0,12.04
SHP-501240,ORD-501240,ShipRight,2026-02-07,2026-02-08,2026-02-10,6,0,2,9.69
SHP-501241,ORD-501241,MetroCourier,2026-02-05,2026-02-08,2026-02-07,3,1,0,13.09
SHP-501242,ORD-501242,ParcelFast,2026-02-04,2026-02-08,2026-02-07,3,1,0,11.47
SHP-501243,ORD-501243,NorthLine,2026-02-06,2026-02-08,2026-02-11,7,0,3,13.05
SHP-501244,ORD-501244,NorthLine,2026-02-07,2026-02-08,2026-02-08,4,1,0,12.84
SHP-501245,ORD-501245,NorthLine,2026-02-05,2026-02-08,2026-02-10,6,0,2,10.38
SHP-501246,ORD-501246,ParcelFast,2026-02-04,2026-02-08,2026-02-06,2,1,0,10.45
SHP-501247,ORD-501247,NorthLine,2026-02-05,2026-02-08,2026-02-08,4,1,0,9.48
SHP-501248,ORD-501248,ShipRight,2026-02-04,2026-02-08,2026-02-09,5,0,1,11.72
SHP-501249,ORD-501249,ShipRight,2026-02-07,2026-02-08,2026-02-10,6,0,2,9.58
SHP-501250,ORD-501250,ShipRight,2026-02-06,2026-02-08,2026-02-08,4,1,0,9.25
SHP-501251,ORD-501251,MetroCourier,2026-02-04,2026-02-08,2026-02-08,4,1,0,12.68
SHP-501252,ORD-501252,ShipRight,2026-02-06,2026-02-08,2026-02-10,6,0,2,12.46
SHP-501253,ORD-501253,NorthLine,2026-02-05,2026-02-08,2026-02-07,3,1,0,10.64
SHP-501254,ORD-501254,MetroCourier,2026-02-04,2026-02-08,2026-02-06,2,1,0,10.77
SHP-501255,ORD-501255,ParcelFast,2026-02-04,2026-02-08,2026-02-05,1,1,0,13.11
SHP-501256,ORD-501256,NorthLine,2026-02-04,2026-02-08,2026-02-08,4,1,0,11.66
SHP-501257,ORD-501257,ParcelFast,2026-02-05,2026-02-08,2026-02-09,5,0,1,8.85
SHP-501258,ORD-501258,ParcelFast,2026-02-06,2026-02-08,2026-02-08,4,1,0,12.45
SHP-501259,ORD-501259,ParcelFast,2026-02-06,2026-02-08,2026-02-10,6,0,2,9.53
SHP-501260,ORD-501260,MetroCourier,2026-02-05,2026-02-08,2026-02-08,4,1,0,10.1
SHP-501261,ORD-501261,ParcelFast,2026-02-04,2026-02-08,2026-02-06,2,1,0,11.4
SHP-501262,ORD-501262,ShipRight,2026-02-05,2026-02-08,2026-02-07,3,1,0,10.68
SHP-501263,ORD-501263,ShipRight,2026-02-07,2026-02-08,2026-02-12,8,0,4,9.34
SHP-501264,ORD-501264,ParcelFast,2026-02-05,2026-02-08,2026-02-06,2,1,0,12.66
SHP-501265,ORD-501265,MetroCourier,2026-02-05,2026-02-08,2026-02-09,5,0,1,11.48
SHP-501266,ORD-501266,NorthLine,2026-02-06,2026-02-08,2026-02-12,8,0,4,11.77
SHP-501267,ORD-501267,ParcelFast,2026-02-06,2026-02-08,2026-02-09,5,0,1,13.01
SHP-501268,ORD-501268,NorthLine,2026-02-05,2026-02-08,2026-02-07,3,1,0,13.72
SHP-501269,ORD-501269,NorthLine,2026-02-05,2026-02-08,2026-02-08,4,1,0,14.81
SHP-501270,ORD-501270,MetroCourier,2026-02-06,2026-02-08,2026-02-10,6,0,2,11.26
SHP-501271,ORD-501271,ShipRight,2026-02-05,2026-02-08,2026-02-08,4,1,0,12.61
SHP-501272,ORD-501272,NorthLine,2026-02-06,2026-02-08,2026-02-11,7,0,3,10.55
SHP-501273,ORD-501273,NorthLine,2026-02-07,2026-02-08,2026-02-12,8,0,4,12.66
SHP-501274,ORD-501274,ParcelFast,2026-02-06,2026-02-09,2026-02-07,2,1,0,10.41
SHP-501275,ORD-501275,NorthLine,2026-02-06,2026-02-09,2026-02-08,3,1,0,12.13
SHP-501276,ORD-501276,ShipRight,2026-02-06,2026-02-09,2026-02-11,6,0,2,14.01
SHP-501277,ORD-501277,NorthLine,2026-02-07,2026-02-09,2026-02-10,5,0,1,10.08
SHP-501278,ORD-501278,NorthLine,2026-02-08,2026-02-09,2026-02-12,7,0,3,10.42
SHP-501279,ORD-501279,NorthLine,2026-02-06,2026-02-09,2026-02-11,6,0,2,12.24
SHP-501280,ORD-501280,ParcelFast,2026-02-06,2026-02-09,2026-02-08,3,1,0,11.68
SHP-501281,ORD-501281,MetroCourier,2026-02-07,2026-02-09,2026-02-09,4,1,0,11.02
SHP-501282,ORD-501282,ParcelFast,2026-02-05,2026-02-09,2026-02-09,4,1,0,10.93
SHP-501283,ORD-501283,ParcelFast,2026-02-06,2026-02-09,2026-02-08,3,1,0,11.39
SHP-501284,ORD-501284,MetroCourier,2026-02-06,2026-02-09,2026-02-07,2,1,0,11.78
SHP-501285,ORD-501285,ShipRight,2026-02-07,2026-02-09,2026-02-08,3,1,0,9.34
SHP-501286,ORD-501286,NorthLine,2026-02-08,2026-02-09,2026-02-11,6,0,2,10.51
SHP-501287,ORD-501287,MetroCourier,2026-02-05,2026-02-09,2026-02-09,4,1,0,11.24
SHP-501288,ORD-501288,MetroCourier,2026-02-07,2026-02-09,2026-02-11,6,0,2,10.7
SHP-501289,ORD-501289,ShipRight,2026-02-06,2026-02-09,2026-02-10,5,0,1,11.83
SHP-501290,ORD-501290,NorthLine,2026-02-07,2026-02-09,2026-02-11,6,0,2,11.98
SHP-501291,ORD-501291,MetroCourier,2026-02-08,2026-02-09,2026-02-11,6,0,2,14.36
SHP-501292,ORD-501292,ShipRight,2026-02-06,2026-02-09,2026-02-07,2,1,0,9.59
SHP-501293,ORD-501293,ShipRight,2026-02-06,2026-02-09,2026-02-09,4,1,0,10.02
SHP-501294,ORD-501294,ParcelFast,2026-02-07,2026-02-09,2026-02-09,4,1,0,10.26
SHP-501295,ORD-501295,ShipRight,2026-02-05,2026-02-09,2026-02-10,5,0,1,14.01
SHP-501296,ORD-501296,ShipRight,2026-02-05,2026-02-09,2026-02-06,1,1,0,14.41
SHP-501297,ORD-501297,ParcelFast,2026-02-05,2026-02-09,2026-02-11,6,0,2,9.53
SHP-501298,ORD-501298,ShipRight,2026-02-08,2026-02-09,2026-02-13,8,0,4,12.22
SHP-501299,ORD-501299,ShipRight,2026-02-05,2026-02-09,2026-02-07,2,1,0,14.92
SHP-501300,ORD-501300,MetroCourier,2026-02-05,2026-02-09,2026-02-07,2,1,0,14.26
SHP-501301,ORD-501301,NorthLine,2026-02-07,2026-02-09,2026-02-08,3,1,0,11.78
SHP-501302,ORD-501302,MetroCourier,2026-02-06,2026-02-09,2026-02-07,2,1,0,10.96
SHP-501303,ORD-501303,NorthLine,2026-02-06,2026-02-09,2026-02-08,3,1,0,13.04
SHP-501304,ORD-501304,ShipRight,2026-02-05,2026-02-09,2026-02-07,2,1,0,13.51
SHP-501305,ORD-501305,MetroCourier,2026-02-06,2026-02-09,2026-02-07,2,1,0,10.6
SHP-501306,ORD-501306,MetroCourier,2026-02-06,2026-02-09,2026-02-08,3,1,0,9.55
SHP-501307,ORD-501307,NorthLine,2026-02-06,2026-02-09,2026-02-09,4,1,0,12.26
SHP-501308,ORD-501308,ParcelFast,2026-02-08,2026-02-09,2026-02-10,5,0,1,15.03
SHP-501309,ORD-501309,MetroCourier,2026-02-06,2026-02-09,2026-02-10,5,0,1,12.22
SHP-501310,ORD-501310,MetroCourier,2026-02-06,2026-02-09,2026-02-09,4,1,0,12.36
SHP-501311,ORD-501311,ParcelFast,2026-02-06,2026-02-09,2026-02-08,3,1,0,12.13
SHP-501312,ORD-501312,ShipRight,2026-02-07,2026-02-09,2026-02-08,3,1,0,11.62
SHP-501313,ORD-501313,NorthLine,2026-02-06,2026-02-09,2026-02-08,3,1,0,14.44
SHP-501314,ORD-501314,MetroCourier,2026-02-08,2026-02-09,2026-02-11,6,0,2,13.9
SHP-501315,ORD-501315,MetroCourier,2026-02-06,2026-02-10,2026-02-09,3,1,0,11.52
SHP-501316,ORD-501316,ShipRight,2026-02-06,2026-02-10,2026-02-07,1,1,0,11.95
SHP-501317,ORD-501317,ShipRight,2026-02-07,2026-02-10,2026-02-12,6,0,2,10.12
SHP-501318,ORD-501318,ParcelFast,2026-02-07,2026-02-10,2026-02-09,3,1,0,9.49
SHP-501319,ORD-501319,NorthLine,2026-02-08,2026-02-10,2026-02-11,5,0,1,10.81
SHP-501320,ORD-501320,ShipRight,2026-02-07,2026-02-10,2026-02-08,2,1,0,14.79
SHP-501321,ORD-501321,MetroCourier,2026-02-07,2026-02-10,2026-02-11,5,0,1,14.75
SHP-501322,ORD-501322,MetroCourier,2026-02-09,2026-02-10,2026-02-10,4,1,0,8.72
SHP-501323,ORD-501323,MetroCourier,2026-02-09,2026-02-10,2026-02-11,5,0,1,13.78
SHP-501324,ORD-501324,ParcelFast,2026-02-07,2026-02-10,2026-02-11,5,0,1,12.46
SHP-501325,ORD-501325,ShipRight,2026-02-07,2026-02-10,2026-02-08,2,1,0,12.25
SHP-501326,ORD-501326,ShipRight,2026-02-07,2026-02-10,2026-02-10,4,1,0,11.62
SHP-501327,ORD-501327,MetroCourier,2026-02-07,2026-02-10,2026-02-10,4,1,0,10.3
SHP-501328,ORD-501328,MetroCourier,2026-02-07,2026-02-10,2026-02-09,3,1,0,10.83
SHP-501329,ORD-501329,ParcelFast,2026-02-07,2026-02-10,2026-02-10,4,1,0,13.47
SHP-501330,ORD-501330,NorthLine,2026-02-06,2026-02-10,2026-02-11,5,0,1,10.85
SHP-501331,ORD-501331,MetroCourier,2026-02-06,2026-02-10,2026-02-08,2,1,0,13.66
SHP-501332,ORD-501332,NorthLine,2026-02-08,2026-02-10,2026-02-10,4,1,0,12.77
SHP-501333,ORD-501333,ParcelFast,2026-02-06,2026-02-10,2026-02-08,2,1,0,12.32
SHP-501334,ORD-501334,MetroCourier,2026-02-07,2026-02-10,2026-02-09,3,1,0,8.74
SHP-501335,ORD-501335,ParcelFast,2026-02-06,2026-02-10,2026-02-07,1,1,0,10.44
SHP-501336,ORD-501336,NorthLine,2026-02-07,2026-02-10,2026-02-11,5,0,1,11.57
SHP-501337,ORD-501337,ParcelFast,2026-02-07,2026-02-10,2026-02-09,3,1,0,11.0
SHP-501338,ORD-501338,MetroCourier,2026-02-08,2026-02-10,2026-02-10,4,1,0,12.44
SHP-501339,ORD-501339,NorthLine,2026-02-06,2026-02-10,2026-02-09,3,1,0,9.06
SHP-501340,ORD-501340,MetroCourier,2026-02-07,2026-02-10,2026-02-09,3,1,0,14.95
SHP-501341,ORD-501341,ShipRight,2026-02-07,2026-02-10,2026-02-09,3,1,0,11.04
SHP-501342,ORD-501342,NorthLine,2026-02-06,2026-02-10,2026-02-08,2,1,0,11.43
SHP-501343,ORD-501343,ParcelFast,2026-02-08,2026-02-10,2026-02-13,7,0,3,11.9
SHP-501344,ORD-501344,NorthLine,2026-02-08,2026-02-10,2026-02-11,5,0,1,11.74
SHP-501345,ORD-501345,MetroCourier,2026-02-07,2026-02-10,2026-02-12,6,0,2,11.41
SHP-501346,ORD-501346,ParcelFast,2026-02-07,2026-02-10,2026-02-09,3,1,0,10.75
SHP-501347,ORD-501347,ShipRight,2026-02-07,2026-02-10,2026-02-08,2,1,0,12.25
SHP-501348,ORD-501348,ShipRight,2026-02-07,2026-02-10,2026-02-08,2,1,0,11.34
SHP-501349,ORD-501349,ShipRight,2026-02-07,2026-02-10,2026-02-08,2,1,0,12.58
SHP-501350,ORD-501350,ShipRight,2026-02-08,2026-02-11,2026-02-11,4,1,0,8.93
SHP-501351,ORD-501351,MetroCourier,2026-02-09,2026-02-11,2026-02-12,5,0,1,12.25
SHP-501352,ORD-501352,NorthLine,2026-02-08,2026-02-11,2026-02-11,4,1,0,11.59
SHP-501353,ORD-501353,ShipRight,2026-02-08,2026-02-11,2026-02-13,6,0,2,11.34
SHP-501354,ORD-501354,ShipRight,2026-02-09,2026-02-11,2026-02-12,5,0,1,10.67
SHP-501355,ORD-501355,ShipRight,2026-02-07,2026-02-11,2026-02-12,5,0,1,11.13
SHP-501356,ORD-501356,NorthLine,2026-02-10,2026-02-11,2026-02-12,5,0,1,12.13
SHP-501357,ORD-501357,MetroCourier,2026-02-08,2026-02-11,2026-02-12,5,0,1,9.78
SHP-501358,ORD-501358,ShipRight,2026-02-08,2026-02-11,2026-02-12,5,0,1,10.47
SHP-501359,ORD-501359,NorthLine,2026-02-07,2026-02-11,2026-02-08,1,1,0,11.1
SHP-501360,ORD-501360,ShipRight,2026-02-10,2026-02-11,2026-02-13,6,0,2,11.53
SHP-501361,ORD-501361,ParcelFast,2026-02-08,2026-02-11,2026-02-12,5,0,1,12.06
SHP-501362,ORD-501362,ShipRight,2026-02-07,2026-02-11,2026-02-12,5,0,1,11.09
SHP-501363,ORD-501363,MetroCourier,2026-02-08,2026-02-11,2026-02-10,3,1,0,10.44
SHP-501364,ORD-501364,NorthLine,2026-02-10,2026-02-11,2026-02-13,6,0,2,11.15
SHP-501365,ORD-501365,ParcelFast,2026-02-09,2026-02-11,2026-02-11,4,1,0,10.43
SHP-501366,ORD-501366,ParcelFast,2026-02-08,2026-02-11,2026-02-11,4,1,0,12.34
SHP-501367,ORD-501367,MetroCourier,2026-02-08,2026-02-11,2026-02-10,3,1,0,10.72
SHP-501368,ORD-501368,ShipRight,2026-02-08,2026-02-11,2026-02-10,3,1,0,12.3
SHP-501369,ORD-501369,MetroCourier,2026-02-09,2026-02-11,2026-02-11,4,1,0,11.27
SHP-501370,ORD-501370,NorthLine,2026-02-09,2026-02-11,2026-02-11,4,1,0,11.88
SHP-501371,ORD-501371,NorthLine,2026-02-09,2026-02-11,2026-02-13,6,0,2,11.04
SHP-501372,ORD-501372,ParcelFast,2026-02-08,2026-02-11,2026-02-09,2,1,0,12.01
SHP-501373,ORD-501373,ShipRight,2026-02-09,2026-02-11,2026-02-12,5,0,1,11.69
SHP-501374,ORD-501374,MetroCourier,2026-02-09,2026-02-11,2026-02-13,6,0,2,12.37
SHP-501375,ORD-501375,NorthLine,2026-02-08,2026-02-11,2026-02-09,2,1,0,9.39
SHP-501376,ORD-501376,ParcelFast,2026-02-09,2026-02-11,2026-02-12,5,0,1,12.54
SHP-501377,ORD-501377,NorthLine,2026-02-09,2026-02-12,2026-02-10,2,1,0,10.97
SHP-501378,ORD-501378,NorthLine,2026-02-09,2026-02-12,2026-02-12,4,1,0,11.96
SHP-501379,ORD-501379,ShipRight,2026-02-10,2026-02-12,2026-02-16,8,0,4,10.74
SHP-501380,ORD-501380,NorthLine,2026-02-08,2026-02-12,2026-02-12,4,1,0,10.65
SHP-501381,ORD-501381,ShipRight,2026-02-09,2026-02-12,2026-02-12,4,1,0,11.39
SHP-501382,ORD-501382,NorthLine,2026-02-09,2026-02-12,2026-02-10,2,1,0,13.44
SHP-501383,ORD-501383,MetroCourier,2026-02-09,2026-02-12,2026-02-11,3,1,0,8.82
SHP-501384,ORD-501384,MetroCourier,2026-02-11,2026-02-12,2026-02-13,5,0,1,12.39
SHP-501385,ORD-501385,ShipRight,2026-02-10,2026-02-12,2026-02-13,5,0,1,11.15
SHP-501386,ORD-501386,ParcelFast,2026-02-09,2026-02-12,2026-02-12,4,1,0,11.59
SHP-501387,ORD-501387,NorthLine,2026-02-10,2026-02-12,2026-02-12,4,1,0,9.14
SHP-501388,ORD-501388,ParcelFast,2026-02-10,2026-02-12,2026-02-11,3,1,0,10.67
SHP-501389,ORD-501389,NorthLine,2026-02-08,2026-02-12,2026-02-11,3,1,0,10.24
SHP-501390,ORD-501390,NorthLine,2026-02-08,2026-02-12,2026-02-12,4,1,0,11.99
SHP-501391,ORD-501391,MetroCourier,2026-02-09,2026-02-12,2026-02-12,4,1,0,10.3
SHP-501392,ORD-501392,NorthLine,2026-02-09,2026-02-12,2026-02-10,2,1,0,10.48
SHP-501393,ORD-501393,MetroCourier,2026-02-09,2026-02-12,2026-02-11,3,1,0,12.38
SHP-501394,ORD-501394,MetroCourier,2026-02-09,2026-02-12,2026-02-12,4,1,0,12.62
SHP-501395,ORD-501395,ParcelFast,2026-02-10,2026-02-12,2026-02-14,6,0,2,10.58
SHP-501396,ORD-501396,ShipRight,2026-02-09,2026-02-12,2026-02-11,3,1,0,11.96
SHP-501397,ORD-501397,NorthLine,2026-02-09,2026-02-12,2026-02-14,6,0,2,13.33
SHP-501398,ORD-501398,ShipRight,2026-02-10,2026-02-12,2026-02-12,4,1,0,10.58
SHP-501399,ORD-501399,MetroCourier,2026-02-10,2026-02-12,2026-02-13,5,0,1,12.0
SHP-501400,ORD-501400,NorthLine,2026-02-09,2026-02-12,2026-02-11,3,1,0,11.87
SHP-501401,ORD-501401,NorthLine,2026-02-08,2026-02-12,2026-02-11,3,1,0,14.6
SHP-501402,ORD-501402,ParcelFast,2026-02-08,2026-02-12,2026-02-13,5,0,1,11.6
SHP-501403,ORD-501403,NorthLine,2026-02-09,2026-02-12,2026-02-11,3,1,0,13.78
SHP-501404,ORD-501404,NorthLine,2026-02-09,2026-02-12,2026-02-11,3,1,0,8.92
SHP-501405,ORD-501405,ShipRight,2026-02-08,2026-02-12,2026-02-11,3,1,0,11.58
SHP-501406,ORD-501406,ParcelFast,2026-02-10,2026-02-12,2026-02-13,5,0,1,9.41
SHP-501407,ORD-501407,ParcelFast,2026-02-09,2026-02-12,2026-02-10,2,1,0,12.06
SHP-501408,ORD-501408,NorthLine,2026-02-09,2026-02-12,2026-02-12,4,1,0,12.65
SHP-501409,ORD-501409,ParcelFast,2026-02-10,2026-02-12,2026-02-12,4,1,0,11.53
SHP-501410,ORD-501410,ShipRight,2026-02-09,2026-02-12,2026-02-13,5,0,1,11.05
SHP-501411,ORD-501411,MetroCourier,2026-02-08,2026-02-12,2026-02-10,2,1,0,10.98
SHP-501412,ORD-501412,MetroCourier,2026-02-11,2026-02-12,2026-02-13,5,0,1,12.75
SHP-501413,ORD-501413,ParcelFast,2026-02-10,2026-02-12,2026-02-11,3,1,0,13.59
SHP-501414,ORD-501414,NorthLine,2026-02-11,2026-02-12,2026-02-13,5,0,1,12.54
SHP-501415,ORD-501415,ShipRight,2026-02-09,2026-02-12,2026-02-12,4,1,0,10.81
SHP-501416,ORD-501416,MetroCourier,2026-02-08,2026-02-12,2026-02-14,6,0,2,12.16
SHP-501417,ORD-501417,MetroCourier,2026-02-10,2026-02-12,2026-02-13,5,0,1,10.93
SHP-501418,ORD-501418,ParcelFast,2026-02-09,2026-02-12,2026-02-12,4,1,0,10.92
SHP-501419,ORD-501419,NorthLine,2026-02-09,2026-02-12,2026-02-12,4,1,0,12.54
SHP-501420,ORD-501420,NorthLine,2026-02-09,2026-02-12,2026-02-12,4,1,0,10.82
SHP-501421,ORD-501421,MetroCourier,2026-02-09,2026-02-12,2026-02-12,4,1,0,9.3
SHP-501422,ORD-501422,NorthLine,2026-02-09,2026-02-12,2026-02-10,2,1,0,11.8
SHP-501423,ORD-501423,ShipRight,2026-02-09,2026-02-12,2026-02-12,4,1,0,13.3
SHP-501424,ORD-501424,ParcelFast,2026-02-08,2026-02-12,2026-02-10,2,1,0,12.56
SHP-501425,ORD-501425,MetroCourier,2026-02-08,2026-02-12,2026-02-09,1,1,0,9.23
SHP-501426,ORD-501426,ParcelFast,2026-02-09,2026-02-12,2026-02-12,4,1,0,13.48
SHP-501427,ORD-501427,MetroCourier,2026-02-10,2026-02-12,2026-02-13,5,0,1,13.32
SHP-501428,ORD-501428,ParcelFast,2026-02-10,2026-02-13,2026-02-13,4,1,0,11.63
SHP-501429,ORD-501429,NorthLine,2026-02-10,2026-02-13,2026-02-12,3,1,0,9.41
SHP-501430,ORD-501430,ShipRight,2026-02-09,2026-02-13,2026-02-11,2,1,0,10.83
SHP-501431,ORD-501431,ParcelFast,2026-02-11,2026-02-13,2026-02-16,7,0,3,13.09
SHP-501432,ORD-501432,NorthLine,2026-02-09,2026-02-13,2026-02-12,3,1,0,12.78
SHP-501433,ORD-501433,ParcelFast,2026-02-10,2026-02-13,2026-02-13,4,1,0,14.79
SHP-501434,ORD-501434,ParcelFast,2026-02-11,2026-02-13,2026-02-16,7,0,3,12.33
SHP-501435,ORD-501435,ParcelFast,2026-02-10,2026-02-13,2026-02-13,4,1,0,12.63
SHP-501436,ORD-501436,ShipRight,2026-02-09,2026-02-13,2026-02-12,3,1,0,11.13
SHP-501437,ORD-501437,ParcelFast,2026-02-10,2026-02-13,2026-02-13,4,1,0,12.15
SHP-501438,ORD-501438,NorthLine,2026-02-11,2026-02-13,2026-02-15,6,0,2,11.29
SHP-501439,ORD-501439,MetroCourier,2026-02-10,2026-02-13,2026-02-15,6,0,2,10.65
SHP-501440,ORD-501440,ParcelFast,2026-02-10,2026-02-13,2026-02-14,5,0,1,9.73
SHP-501441,ORD-501441,ParcelFast,2026-02-10,2026-02-13,2026-02-11,2,1,0,11.84
SHP-501442,ORD-501442,ParcelFast,2026-02-09,2026-02-13,2026-02-11,2,1,0,13.01
SHP-501443,ORD-501443,ParcelFast,2026-02-10,2026-02-13,2026-02-14,5,0,1,11.21
SHP-501444,ORD-501444,NorthLine,2026-02-10,2026-02-13,2026-02-12,3,1,0,11.01
SHP-501445,ORD-501445,ShipRight,2026-02-10,2026-02-13,2026-02-14,5,0,1,10.44
SHP-501446,ORD-501446,ShipRight,2026-02-09,2026-02-13,2026-02-13,4,1,0,12.15
SHP-501447,ORD-501447,MetroCourier,2026-02-12,2026-02-13,2026-02-15,6,0,2,14.78
SHP-501448,ORD-501448,MetroCourier,2026-02-12,2026-02-13,2026-02-14,5,0,1,10.27
SHP-501449,ORD-501449,MetroCourier,2026-02-10,2026-02-13,2026-02-12,3,1,0,11.72
SHP-501450,ORD-501450,ParcelFast,2026-02-10,2026-02-13,2026-02-13,4,1,0,13.78
SHP-501451,ORD-501451,MetroCourier,2026-02-10,2026-02-13,2026-02-12,3,1,0,12.04
SHP-501452,ORD-501452,NorthLine,2026-02-10,2026-02-13,2026-02-16,7,0,3,13.22
SHP-501453,ORD-501453,ShipRight,2026-02-10,2026-02-13,2026-02-11,2,1,0,10.58
SHP-501454,ORD-501454,NorthLine,2026-02-09,2026-02-13,2026-02-11,2,1,0,12.54
SHP-501455,ORD-501455,MetroCourier,2026-02-10,2026-02-13,2026-02-14,5,0,1,9.27
SHP-501456,ORD-501456,ShipRight,2026-02-10,2026-02-13,2026-02-15,6,0,2,11.93
SHP-501457,ORD-501457,ShipRight,2026-02-11,2026-02-13,2026-02-13,4,1,0,12.54
SHP-501458,ORD-501458,MetroCourier,2026-02-10,2026-02-13,2026-02-13,4,1,0,12.28
SHP-501459,ORD-501459,ParcelFast,2026-02-12,2026-02-13,2026-02-14,5,0,1,10.64
SHP-501460,ORD-501460,ParcelFast,2026-02-09,2026-02-13,2026-02-13,4,1,0,9.8
SHP-501461,ORD-501461,NorthLine,2026-02-10,2026-02-13,2026-02-12,3,1,0,10.75
SHP-501462,ORD-501462,ShipRight,2026-02-10,2026-02-13,2026-02-14,5,0,1,9.94
SHP-501463,ORD-501463,ShipRight,2026-02-09,2026-02-13,2026-02-10,1,1,0,10.11
SHP-501464,ORD-501464,MetroCourier,2026-02-10,2026-02-13,2026-02-15,6,0,2,14.92
SHP-501465,ORD-501465,ShipRight,2026-02-11,2026-02-13,2026-02-13,4,1,0,12.43
SHP-501466,ORD-501466,NorthLine,2026-02-10,2026-02-13,2026-02-12,3,1,0,10.54
SHP-501467,ORD-501467,NorthLine,2026-02-09,2026-02-13,2026-02-13,4,1,0,11.8
SHP-501468,ORD-501468,MetroCourier,2026-02-11,2026-02-13,2026-02-15,6,0,2,9.37
SHP-501469,ORD-501469,NorthLine,2026-02-11,2026-02-13,2026-02-14,5,0,1,12.4
SHP-501470,ORD-501470,MetroCourier,2026-02-10,2026-02-13,2026-02-13,4,1,0,13.17
SHP-501471,ORD-501471,ParcelFast,2026-02-09,2026-02-13,2026-02-12,3,1,0,10.76
SHP-501472,ORD-501472,ParcelFast,2026-02-12,2026-02-13,2026-02-16,7,0,3,11.18
SHP-501473,ORD-501473,ShipRight,2026-02-11,2026-02-13,2026-02-15,6,0,2,10.85
SHP-501474,ORD-501474,ParcelFast,2026-02-11,2026-02-14,2026-02-14,4,1,0,12.24
SHP-501475,ORD-501475,ShipRight,2026-02-12,2026-02-14,2026-02-14,4,1,0,12.22
SHP-501476,ORD-501476,NorthLine,2026-02-11,2026-02-14,2026-02-14,4,1,0,14.29
SHP-501477,ORD-501477,ParcelFast,2026-02-10,2026-02-14,2026-02-12,2,1,0,8.85
SHP-501478,ORD-501478,ParcelFast,2026-02-13,2026-02-14,2026-02-18,8,0,4,9.09
SHP-501479,ORD-501479,ShipRight,2026-02-13,2026-02-14,2026-02-18,8,0,4,12.13
SHP-501480,ORD-501480,ShipRight,2026-02-12,2026-02-14,2026-02-14,4,1,0,10.22
SHP-501481,ORD-501481,ShipRight,2026-02-11,2026-02-14,2026-02-13,3,1,0,9.98
SHP-501482,ORD-501482,ShipRight,2026-02-11,2026-02-14,2026-02-12,2,1,0,9.86
SHP-501483,ORD-501483,ParcelFast,2026-02-11,2026-02-14,2026-02-12,2,1,0,10.19
SHP-501484,ORD-501484,ShipRight,2026-02-12,2026-02-14,2026-02-14,4,1,0,12.14
SHP-501485,ORD-501485,ShipRight,2026-02-13,2026-02-14,2026-02-14,4,1,0,11.75
SHP-501486,ORD-501486,NorthLine,2026-02-13,2026-02-14,2026-02-19,9,0,5,9.75
SHP-501487,ORD-501487,NorthLine,2026-02-10,2026-02-14,2026-02-11,1,1,0,11.2
SHP-501488,ORD-501488,NorthLine,2026-02-12,2026-02-14,2026-02-17,7,0,3,11.24
SHP-501489,ORD-501489,ParcelFast,2026-02-12,2026-02-14,2026-02-16,6,0,2,10.2
SHP-501490,ORD-501490,ShipRight,2026-02-11,2026-02-14,2026-02-16,6,0,2,10.52
SHP-501491,ORD-501491,NorthLine,2026-02-12,2026-02-14,2026-02-14,4,1,0,12.28
SHP-501492,ORD-501492,ShipRight,2026-02-12,2026-02-14,2026-02-16,6,0,2,12.69
SHP-501493,ORD-501493,ParcelFast,2026-02-11,2026-02-14,2026-02-13,3,1,0,14.14
SHP-501494,ORD-501494,MetroCourier,2026-02-12,2026-02-14,2026-02-14,4,1,0,12.14
SHP-501495,ORD-501495,NorthLine,2026-02-11,2026-02-14,2026-02-14,4,1,0,11.61
SHP-501496,ORD-501496,NorthLine,2026-02-11,2026-02-14,2026-02-14,4,1,0,11.24
SHP-501497,ORD-501497,ShipRight,2026-02-12,2026-02-14,2026-02-15,5,0,1,10.92
SHP-501498,ORD-501498,MetroCourier,2026-02-12,2026-02-14,2026-02-14,4,1,0,11.11
SHP-501499,ORD-501499,NorthLine,2026-02-11,2026-02-14,2026-02-13,3,1,0,10.32
SHP-501500,ORD-501500,NorthLine,2026-02-12,2026-02-14,2026-02-15,5,0,1,11.92
SHP-501501,ORD-501501,MetroCourier,2026-02-11,2026-02-14,2026-02-14,4,1,0,11.33
SHP-501502,ORD-501502,NorthLine,2026-02-11,2026-02-14,2026-02-16,6,0,2,11.0
SHP-501503,ORD-501503,ShipRight,2026-02-10,2026-02-14,2026-02-13,3,1,0,11.42
SHP-501504,ORD-501504,ShipRight,2026-02-11,2026-02-14,2026-02-14,4,1,0,12.59
SHP-501505,ORD-501505,NorthLine,2026-02-12,2026-02-14,2026-02-17,7,0,3,10.14
SHP-501506,ORD-501506,ParcelFast,2026-02-11,2026-02-14,2026-02-12,2,1,0,10.85
SHP-501507,ORD-501507,NorthLine,2026-02-10,2026-02-14,2026-02-13,3,1,0,9.9
SHP-501508,ORD-501508,ParcelFast,2026-02-11,2026-02-14,2026-02-13,3,1,0,12.55
SHP-501509,ORD-501509,NorthLine,2026-02-11,2026-02-14,2026-02-19,9,0,5,9.89
SHP-501510,ORD-501510,MetroCourier,2026-02-14,2026-02-15,2026-02-15,4,1,0,8.72
SHP-501511,ORD-501511,NorthLine,2026-02-12,2026-02-15,2026-02-13,2,1,0,10.3
SHP-501512,ORD-501512,ParcelFast,2026-02-11,2026-02-15,2026-02-13,2,1,0,12.04
SHP-501513,ORD-501513,NorthLine,2026-02-13,2026-02-15,2026-02-15,4,1,0,11.12
SHP-501514,ORD-501514,ShipRight,2026-02-14,2026-02-15,2026-02-16,5,0,1,10.11
SHP-501515,ORD-501515,MetroCourier,2026-02-12,2026-02-15,2026-02-18,7,0,3,10.8
SHP-501516,ORD-501516,ShipRight,2026-02-12,2026-02-15,2026-02-19,8,0,4,12.31
SHP-501517,ORD-501517,ShipRight,2026-02-11,2026-02-15,2026-02-14,3,1,0,10.81
SHP-501518,ORD-501518,MetroCourier,2026-02-12,2026-02-15,2026-02-15,4,1,0,10.72
SHP-501519,ORD-501519,ShipRight,2026-02-13,2026-02-15,2026-02-18,7,0,3,10.78
SHP-501520,ORD-501520,ShipRight,2026-02-12,2026-02-15,2026-02-17,6,0,2,10.84
SHP-501521,ORD-501521,NorthLine,2026-02-11,2026-02-15,2026-02-16,5,0,1,9.91
SHP-501522,ORD-501522,NorthLine,2026-02-11,2026-02-15,2026-02-15,4,1,0,10.34
SHP-501523,ORD-501523,ShipRight,2026-02-13,2026-02-15,2026-02-16,5,0,1,11.36
SHP-501524,ORD-501524,ShipRight,2026-02-12,2026-02-15,2026-02-13,2,1,0,10.76
SHP-501525,ORD-501525,MetroCourier,2026-02-12,2026-02-15,2026-02-14,3,1,0,12.22
SHP-501526,ORD-501526,MetroCourier,2026-02-12,2026-02-15,2026-02-17,6,0,2,12.48
SHP-501527,ORD-501527,MetroCourier,2026-02-14,2026-02-15,2026-02-16,5,0,1,12.06
SHP-501528,ORD-501528,ParcelFast,2026-02-11,2026-02-15,2026-02-14,3,1,0,11.84
SHP-501529,ORD-501529,ShipRight,2026-02-12,2026-02-15,2026-02-14,3,1,0,12.4
SHP-501530,ORD-501530,MetroCourier,2026-02-12,2026-02-15,2026-02-13,2,1,0,9.62
SHP-501531,ORD-501531,NorthLine,2026-02-12,2026-02-15,2026-02-14,3,1,0,11.48
SHP-501532,ORD-501532,ParcelFast,2026-02-13,2026-02-15,2026-02-15,4,1,0,13.58
SHP-501533,ORD-501533,ShipRight,2026-02-12,2026-02-15,2026-02-15,4,1,0,12.54
SHP-501534,ORD-501534,ShipRight,2026-02-11,2026-02-15,2026-02-16,5,0,1,8.98
SHP-501535,ORD-501535,NorthLine,2026-02-11,2026-02-15,2026-02-15,4,1,0,10.0
SHP-501536,ORD-501536,NorthLine,2026-02-12,2026-02-15,2026-02-15,4,1,0,14.92
SHP-501537,ORD-501537,ParcelFast,2026-02-12,2026-02-15,2026-02-14,3,1,0,11.38
SHP-501538,ORD-501538,MetroCourier,2026-02-12,2026-02-15,2026-02-15,4,1,0,13.76
SHP-501539,ORD-501539,ShipRight,2026-02-12,2026-02-15,2026-02-15,4,1,0,11.4
SHP-501540,ORD-501540,MetroCourier,2026-02-13,2026-02-15,2026-02-17,6,0,2,11.84
SHP-501541,ORD-501541,ShipRight,2026-02-14,2026-02-15,2026-02-16,5,0,1,11.04
SHP-501542,ORD-501542,NorthLine,2026-02-11,2026-02-15,2026-02-15,4,1,0,11.99
SHP-501543,ORD-501543,ShipRight,2026-02-12,2026-02-15,2026-02-17,6,0,2,12.24
SHP-501544,ORD-501544,MetroCourier,2026-02-11,2026-02-15,2026-02-13,2,1,0,12.11
SHP-501545,ORD-501545,NorthLine,2026-02-12,2026-02-15,2026-02-13,2,1,0,11.92
SHP-501546,ORD-501546,MetroCourier,2026-02-11,2026-02-15,2026-02-12,1,1,0,12.17
SHP-501547,ORD-501547,NorthLine,2026-02-13,2026-02-15,2026-02-15,4,1,0,12.59
SHP-501548,ORD-501548,ShipRight,2026-02-12,2026-02-15,2026-02-13,2,1,0,9.95
SHP-501549,ORD-501549,MetroCourier,2026-02-14,2026-02-15,2026-02-18,7,0,3,11.32
SHP-501550,ORD-501550,NorthLine,2026-02-12,2026-02-15,2026-02-14,3,1,0,13.38
SHP-501551,ORD-501551,NorthLine,2026-02-12,2026-02-15,2026-02-14,3,1,0,10.98
SHP-501552,ORD-501552,NorthLine,2026-02-11,2026-02-15,2026-02-13,2,1,0,10.22
SHP-501553,ORD-501553,NorthLine,2026-02-11,2026-02-15,2026-02-13,2,1,0,12.63
SHP-501554,ORD-501554,ShipRight,2026-02-12,2026-02-15,2026-02-15,4,1,0,10.29
SHP-501555,ORD-501555,NorthLine,2026-02-13,2026-02-15,2026-02-17,6,0,2,12.12
SHP-501556,ORD-501556,ParcelFast,2026-02-11,2026-02-15,2026-02-12,1,1,0,8.89
SHP-501557,ORD-501557,ShipRight,2026-02-12,2026-02-15,2026-02-16,5,0,1,13.23
SHP-501558,ORD-501558,ShipRight,2026-02-13,2026-02-16,2026-02-16,4,1,0,11.48
SHP-501559,ORD-501559,NorthLine,2026-02-15,2026-02-16,2026-02-17,5,0,1,12.53
SHP-501560,ORD-501560,ShipRight,2026-02-13,2026-02-16,2026-02-15,3,1,0,12.6
SHP-501561,ORD-501561,NorthLine,2026-02-14,2026-02-16,2026-02-17,5,0,1,10.54
SHP-501562,ORD-501562,ParcelFast,2026-02-14,2026-02-16,2026-02-16,4,1,0,12.91
SHP-501563,ORD-501563,MetroCourier,2026-02-12,2026-02-16,2026-02-13,1,1,0,12.15
SHP-501564,ORD-501564,ParcelFast,2026-02-13,2026-02-16,2026-02-18,6,0,2,13.28
SHP-501565,ORD-501565,MetroCourier,2026-02-13,2026-02-16,2026-02-19,7,0,3,11.03
SHP-501566,ORD-501566,ShipRight,2026-02-12,2026-02-16,2026-02-14,2,1,0,11.47
SHP-501567,ORD-501567,ParcelFast,2026-02-14,2026-02-16,2026-02-17,5,0,1,12.0
SHP-501568,ORD-501568,MetroCourier,2026-02-12,2026-02-16,2026-02-13,1,1,0,9.91
SHP-501569,ORD-501569,ParcelFast,2026-02-14,2026-02-16,2026-02-17,5,0,1,11.97
SHP-501570,ORD-501570,NorthLine,2026-02-12,2026-02-16,2026-02-13,1,1,0,11.91
SHP-501571,ORD-501571,ParcelFast,2026-02-13,2026-02-16,2026-02-16,4,1,0,11.12
SHP-501572,ORD-501572,ShipRight,2026-02-14,2026-02-16,2026-02-15,3,1,0,12.23
SHP-501573,ORD-501573,ShipRight,2026-02-12,2026-02-16,2026-02-14,2,1,0,11.32
SHP-501574,ORD-501574,MetroCourier,2026-02-14,2026-02-16,2026-02-16,4,1,0,11.79
SHP-501575,ORD-501575,NorthLine,2026-02-12,2026-02-16,2026-02-13,1,1,0,13.36
SHP-501576,ORD-501576,NorthLine,2026-02-13,2026-02-16,2026-02-16,4,1,0,10.36
SHP-501577,ORD-501577,NorthLine,2026-02-12,2026-02-16,2026-02-19,7,0,3,9.06
SHP-501578,ORD-501578,ShipRight,2026-02-12,2026-02-16,2026-02-14,2,1,0,12.62
SHP-501579,ORD-501579,ShipRight,2026-02-13,2026-02-16,2026-02-17,5,0,1,9.84
SHP-501580,ORD-501580,MetroCourier,2026-02-13,2026-02-16,2026-02-15,3,1,0,11.89
SHP-501581,ORD-501581,ShipRight,2026-02-14,2026-02-16,2026-02-15,3,1,0,12.22
SHP-501582,ORD-501582,MetroCourier,2026-02-12,2026-02-16,2026-02-17,5,0,1,13.58
SHP-501583,ORD-501583,ParcelFast,2026-02-13,2026-02-16,2026-02-14,2,1,0,10.61
SHP-501584,ORD-501584,NorthLine,2026-02-15,2026-02-16,2026-02-18,6,0,2,11.03
SHP-501585,ORD-501585,ShipRight,2026-02-14,2026-02-16,2026-02-16,4,1,0,14.09
SHP-501586,ORD-501586,ParcelFast,2026-02-14,2026-02-16,2026-02-19,7,0,3,12.92
SHP-501587,ORD-501587,MetroCourier,2026-02-15,2026-02-16,2026-02-20,8,0,4,12.29
SHP-501588,ORD-501588,MetroCourier,2026-02-14,2026-02-16,2026-02-16,4,1,0,11.06
SHP-501589,ORD-501589,MetroCourier,2026-02-14,2026-02-16,2026-02-18,6,0,2,10.02
SHP-501590,ORD-501590,MetroCourier,2026-02-13,2026-02-16,2026-02-18,6,0,2,9.99
SHP-501591,ORD-501591,MetroCourier,2026-02-14,2026-02-16,2026-02-16,4,1,0,11.0
SHP-501592,ORD-501592,ParcelFast,2026-02-14,2026-02-16,2026-02-17,5,0,1,11.53
SHP-501593,ORD-501593,ShipRight,2026-02-13,2026-02-16,2026-02-17,5,0,1,9.79
SHP-501594,ORD-501594,MetroCourier,2026-02-16,2026-02-17,2026-02-18,5,0,1,14.78
SHP-501595,ORD-501595,NorthLine,2026-02-16,2026-02-17,2026-02-19,6,0,2,10.33
SHP-501596,ORD-501596,ShipRight,2026-02-14,2026-02-17,2026-02-15,2,1,0,9.84
SHP-501597,ORD-501597,ShipRight,2026-02-13,2026-02-17,2026-02-18,5,0,1,8.97
SHP-501598,ORD-501598,MetroCourier,2026-02-14,2026-02-17,2026-02-18,5,0,1,12.27
SHP-501599,ORD-501599,ShipRight,2026-02-14,2026-02-17,2026-02-19,6,0,2,8.91
SHP-501600,ORD-501600,ParcelFast,2026-02-14,2026-02-17,2026-02-19,6,0,2,14.62
SHP-501601,ORD-501601,ShipRight,2026-02-13,2026-02-17,2026-02-15,2,1,0,13.94
SHP-501602,ORD-501602,ShipRight,2026-02-14,2026-02-17,2026-02-15,2,1,0,10.66
SHP-501603,ORD-501603,NorthLine,2026-02-13,2026-02-17,2026-02-16,3,1,0,14.99
SHP-501604,ORD-501604,ParcelFast,2026-02-15,2026-02-17,2026-02-18,5,0,1,8.96
SHP-501605,ORD-501605,MetroCourier,2026-02-15,2026-02-17,2026-02-16,3,1,0,12.11
SHP-501606,ORD-501606,NorthLine,2026-02-14,2026-02-17,2026-02-16,3,1,0,11.11
SHP-501607,ORD-501607,MetroCourier,2026-02-15,2026-02-17,2026-02-19,6,0,2,9.71
SHP-501608,ORD-501608,ShipRight,2026-02-14,2026-02-17,2026-02-19,6,0,2,9.41
SHP-501609,ORD-501609,ShipRight,2026-02-14,2026-02-17,2026-02-19,6,0,2,11.62
SHP-501610,ORD-501610,ShipRight,2026-02-14,2026-02-17,2026-02-18,5,0,1,12.22
SHP-501611,ORD-501611,NorthLine,2026-02-15,2026-02-17,2026-02-19,6,0,2,12.65
SHP-501612,ORD-501612,ParcelFast,2026-02-14,2026-02-17,2026-02-18,5,0,1,14.36
SHP-501613,ORD-501613,NorthLine,2026-02-14,2026-02-17,2026-02-16,3,1,0,11.57
SHP-501614,ORD-501614,ShipRight,2026-02-14,2026-02-17,2026-02-16,3,1,0,11.55
SHP-501615,ORD-501615,ShipRight,2026-02-14,2026-02-17,2026-02-19,6,0,2,8.87
SHP-501616,ORD-501616,ParcelFast,2026-02-13,2026-02-17,2026-02-18,5,0,1,11.34
SHP-501617,ORD-501617,MetroCourier,2026-02-16,2026-02-17,2026-02-20,7,0,3,9.97
SHP-501618,ORD-501618,MetroCourier,2026-02-14,2026-02-17,2026-02-16,3,1,0,12.65
SHP-501619,ORD-501619,NorthLine,2026-02-14,2026-02-17,2026-02-17,4,1,0,9.45
SHP-501620,ORD-501620,NorthLine,2026-02-15,2026-02-17,2026-02-19,6,0,2,9.19
SHP-501621,ORD-501621,ShipRight,2026-02-13,2026-02-17,2026-02-16,3,1,0,12.88
SHP-501622,ORD-501622,MetroCourier,2026-02-14,2026-02-17,2026-02-19,6,0,2,11.48
SHP-501623,ORD-501623,ShipRight,2026-02-16,2026-02-17,2026-02-18,5,0,1,9.59
SHP-501624,ORD-501624,ParcelFast,2026-02-14,2026-02-17,2026-02-15,2,1,0,11.21
SHP-501625,ORD-501625,MetroCourier,2026-02-14,2026-02-17,2026-02-16,3,1,0,9.25
SHP-501626,ORD-501626,ParcelFast,2026-02-15,2026-02-17,2026-02-17,4,1,0,8.83
SHP-501627,ORD-501627,MetroCourier,2026-02-16,2026-02-17,2026-02-20,7,0,3,13.7
SHP-501628,ORD-501628,MetroCourier,2026-02-14,2026-02-17,2026-02-17,4,1,0,13.96
SHP-501629,ORD-501629,MetroCourier,2026-02-14,2026-02-17,2026-02-18,5,0,1,10.68
SHP-501630,ORD-501630,ShipRight,2026-02-14,2026-02-17,2026-02-15,2,1,0,9.9
SHP-501631,ORD-501631,ShipRight,2026-02-13,2026-02-17,2026-02-18,5,0,1,10.65
SHP-501632,ORD-501632,NorthLine,2026-02-14,2026-02-17,2026-02-17,4,1,0,12.29
SHP-501633,ORD-501633,ShipRight,2026-02-14,2026-02-17,2026-02-15,2,1,0,10.51
SHP-501634,ORD-501634,ShipRight,2026-02-14,2026-02-17,2026-02-15,2,1,0,10.07
SHP-501635,ORD-501635,ParcelFast,2026-02-14,2026-02-17,2026-02-19,6,0,2,12.27
SHP-501636,ORD-501636,NorthLine,2026-02-14,2026-02-17,2026-02-17,4,1,0,9.83
SHP-501637,ORD-501637,MetroCourier,2026-02-13,2026-02-17,2026-02-16,3,1,0,10.28
SHP-501638,ORD-501638,MetroCourier,2026-02-13,2026-02-17,2026-02-16,3,1,0,11.65
SHP-501639,ORD-501639,ParcelFast,2026-02-13,2026-02-17,2026-02-14,1,1,0,12.66
SHP-501640,ORD-501640,ParcelFast,2026-02-15,2026-02-17,2026-02-18,5,0,1,11.98
SHP-501641,ORD-501641,MetroCourier,2026-02-15,2026-02-17,2026-02-17,4,1,0,10.66
SHP-501642,ORD-501642,MetroCourier,2026-02-15,2026-02-18,2026-02-17,3,1,0,11.64
SHP-501643,ORD-501643,ShipRight,2026-02-14,2026-02-18,2026-02-16,2,1,0,10.22
SHP-501644,ORD-501644,MetroCourier,2026-02-14,2026-02-18,2026-02-16,2,1,0,11.35
SHP-501645,ORD-501645,MetroCourier,2026-02-14,2026-02-18,2026-02-16,2,1,0,11.11
SHP-501646,ORD-501646,ParcelFast,2026-02-16,2026-02-18,2026-02-19,5,0,1,12.21
SHP-501647,ORD-501647,NorthLine,2026-02-15,2026-02-18,2026-02-19,5,0,1,10.48
SHP-501648,ORD-501648,MetroCourier,2026-02-15,2026-02-18,2026-02-17,3,1,0,15.17
SHP-501649,ORD-501649,ShipRight,2026-02-14,2026-02-18,2026-02-16,2,1,0,11.51
SHP-501650,ORD-501650,NorthLine,2026-02-15,2026-02-18,2026-02-17,3,1,0,11.99
SHP-501651,ORD-501651,ParcelFast,2026-02-14,2026-02-18,2026-02-18,4,1,0,11.17
SHP-501652,ORD-501652,NorthLine,2026-02-15,2026-02-18,2026-02-17,3,1,0,11.47
SHP-501653,ORD-501653,ParcelFast,2026-02-15,2026-02-18,2026-02-16,2,1,0,12.67
SHP-501654,ORD-501654,ParcelFast,2026-02-15,2026-02-18,2026-02-18,4,1,0,12.33
SHP-501655,ORD-501655,ParcelFast,2026-02-15,2026-02-18,2026-02-17,3,1,0,13.81
SHP-501656,ORD-501656,ShipRight,2026-02-15,2026-02-18,2026-02-17,3,1,0,10.36
SHP-501657,ORD-501657,MetroCourier,2026-02-14,2026-02-18,2026-02-18,4,1,0,8.73
SHP-501658,ORD-501658,MetroCourier,2026-02-15,2026-02-18,2026-02-18,4,1,0,11.1
SHP-501659,ORD-501659,ParcelFast,2026-02-15,2026-02-18,2026-02-18,4,1,0,10.46
SHP-501660,ORD-501660,ParcelFast,2026-02-15,2026-02-18,2026-02-17,3,1,0,8.76
SHP-501661,ORD-501661,NorthLine,2026-02-15,2026-02-18,2026-02-18,4,1,0,10.31
SHP-501662,ORD-501662,MetroCourier,2026-02-14,2026-02-18,2026-02-15,1,1,0,11.2
SHP-501663,ORD-501663,MetroCourier,2026-02-14,2026-02-18,2026-02-18,4,1,0,13.38
SHP-501664,ORD-501664,ParcelFast,2026-02-15,2026-02-18,2026-02-17,3,1,0,12.53
SHP-501665,ORD-501665,NorthLine,2026-02-16,2026-02-18,2026-02-18,4,1,0,11.33
SHP-501666,ORD-501666,ShipRight,2026-02-15,2026-02-18,2026-02-19,5,0,1,12.98
SHP-501667,ORD-501667,ParcelFast,2026-02-14,2026-02-18,2026-02-15,1,1,0,11.98
SHP-501668,ORD-501668,ParcelFast,2026-02-16,2026-02-18,2026-02-20,6,0,2,14.68
SHP-501669,ORD-501669,ShipRight,2026-02-16,2026-02-18,2026-02-17,3,1,0,12.24
SHP-501670,ORD-501670,ShipRight,2026-02-15,2026-02-18,2026-02-16,2,1,0,10.39
SHP-501671,ORD-501671,ParcelFast,2026-02-16,2026-02-19,2026-02-17,2,1,0,8.99
SHP-501672,ORD-501672,ShipRight,2026-02-15,2026-02-19,2026-02-19,4,1,0,10.23
SHP-501673,ORD-501673,ParcelFast,2026-02-17,2026-02-19,2026-02-19,4,1,0,9.48
SHP-501674,ORD-501674,ShipRight,2026-02-15,2026-02-19,2026-02-17,2,1,0,10.93
SHP-501675,ORD-501675,ShipRight,2026-02-16,2026-02-19,2026-02-20,5,0,1,10.97
SHP-501676,ORD-501676,ShipRight,2026-02-17,2026-02-19,2026-02-19,4,1,0,9.44
SHP-501677,ORD-501677,ParcelFast,2026-02-16,2026-02-19,2026-02-18,3,1,0,12.61
SHP-501678,ORD-501678,MetroCourier,2026-02-16,2026-02-19,2026-02-19,4,1,0,14.29
SHP-501679,ORD-501679,MetroCourier,2026-02-16,2026-02-19,2026-02-18,3,1,0,11.57
SHP-501680,ORD-501680,NorthLine,2026-02-16,2026-02-19,2026-02-18,3,1,0,10.34
SHP-501681,ORD-501681,ParcelFast,2026-02-16,2026-02-19,2026-02-18,3,1,0,13.79
SHP-501682,ORD-501682,NorthLine,2026-02-16,2026-02-19,2026-02-18,3,1,0,15.07
SHP-501683,ORD-501683,NorthLine,2026-02-16,2026-02-19,2026-02-19,4,1,0,9.54
SHP-501684,ORD-501684,NorthLine,2026-02-15,2026-02-19,2026-02-16,1,1,0,10.85
SHP-501685,ORD-501685,ParcelFast,2026-02-17,2026-02-19,2026-02-19,4,1,0,11.87
SHP-501686,ORD-501686,NorthLine,2026-02-16,2026-02-19,2026-02-17,2,1,0,11.1
SHP-501687,ORD-501687,ShipRight,2026-02-17,2026-02-19,2026-02-22,7,0,3,12.3
SHP-501688,ORD-501688,ParcelFast,2026-02-15,2026-02-19,2026-02-19,4,1,0,13.53
SHP-501689,ORD-501689,ShipRight,2026-02-16,2026-02-19,2026-02-18,3,1,0,10.99
SHP-501690,ORD-501690,NorthLine,2026-02-16,2026-02-19,2026-02-18,3,1,0,13.38
SHP-501691,ORD-501691,MetroCourier,2026-02-16,2026-02-19,2026-02-20,5,0,1,12.48
SHP-501692,ORD-501692,MetroCourier,2026-02-16,2026-02-19,2026-02-17,2,1,0,8.8
SHP-501693,ORD-501693,NorthLine,2026-02-16,2026-02-19,2026-02-19,4,1,0,11.42
SHP-501694,ORD-501694,ShipRight,2026-02-16,2026-02-19,2026-02-18,3,1,0,8.87
SHP-501695,ORD-501695,NorthLine,2026-02-16,2026-02-19,2026-02-20,5,0,1,14.69
SHP-501696,ORD-501696,MetroCourier,2026-02-16,2026-02-19,2026-02-17,2,1,0,9.77
SHP-501697,ORD-501697,MetroCourier,2026-02-16,2026-02-19,2026-02-21,6,0,2,8.95
SHP-501698,ORD-501698,MetroCourier,2026-02-16,2026-02-19,2026-02-18,3,1,0,9.15
SHP-501699,ORD-501699,ShipRight,2026-02-17,2026-02-19,2026-02-20,5,0,1,11.58
SHP-501700,ORD-501700,ParcelFast,2026-02-15,2026-02-19,2026-02-20,5,0,1,11.67
SHP-501701,ORD-501701,ParcelFast,2026-02-18,2026-02-19,2026-02-22,7,0,3,9.12
SHP-501702,ORD-501702,NorthLine,2026-02-17,2026-02-19,2026-02-18,3,1,0,14.17
SHP-501703,ORD-501703,MetroCourier,2026-02-15,2026-02-19,2026-02-17,2,1,0,10.87
SHP-501704,ORD-501704,NorthLine,2026-02-15,2026-02-19,2026-02-19,4,1,0,13.42
SHP-501705,ORD-501705,MetroCourier,2026-02-16,2026-02-19,2026-02-17,2,1,0,11.9
SHP-501706,ORD-501706,ShipRight,2026-02-17,2026-02-19,2026-02-19,4,1,0,11.71
SHP-501707,ORD-501707,ShipRight,2026-02-17,2026-02-19,2026-02-20,5,0,1,10.05
SHP-501708,ORD-501708,MetroCourier,2026-02-16,2026-02-19,2026-02-18,3,1,0,11.32
SHP-501709,ORD-501709,NorthLine,2026-02-17,2026-02-19,2026-02-22,7,0,3,12.56
SHP-501710,ORD-501710,ShipRight,2026-02-17,2026-02-19,2026-02-23,8,0,4,11.08
SHP-501711,ORD-501711,MetroCourier,2026-02-17,2026-02-19,2026-02-19,4,1,0,10.82
SHP-501712,ORD-501712,ParcelFast,2026-02-15,2026-02-19,2026-02-19,4,1,0,9.21
SHP-501713,ORD-501713,MetroCourier,2026-02-15,2026-02-19,2026-02-18,3,1,0,9.94
SHP-501714,ORD-501714,MetroCourier,2026-02-16,2026-02-19,2026-02-21,6,0,2,13.64
SHP-501715,ORD-501715,MetroCourier,2026-02-17,2026-02-20,2026-02-21,5,0,1,13.99
SHP-501716,ORD-501716,ShipRight,2026-02-16,2026-02-20,2026-02-17,1,1,0,12.13
SHP-501717,ORD-501717,ShipRight,2026-02-17,2026-02-20,2026-02-21,5,0,1,11.89
SHP-501718,ORD-501718,ParcelFast,2026-02-17,2026-02-20,2026-02-19,3,1,0,9.79
SHP-501719,ORD-501719,ShipRight,2026-02-17,2026-02-20,2026-02-20,4,1,0,10.38
SHP-501720,ORD-501720,MetroCourier,2026-02-16,2026-02-20,2026-02-18,2,1,0,9.57
SHP-501721,ORD-501721,ShipRight,2026-02-16,2026-02-20,2026-02-19,3,1,0,10.55
SHP-501722,ORD-501722,ParcelFast,2026-02-16,2026-02-20,2026-02-20,4,1,0,13.94
SHP-501723,ORD-501723,ShipRight,2026-02-17,2026-02-20,2026-02-20,4,1,0,8.98
SHP-501724,ORD-501724,NorthLine,2026-02-19,2026-02-20,2026-02-21,5,0,1,12.0
SHP-501725,ORD-501725,NorthLine,2026-02-17,2026-02-20,2026-02-19,3,1,0,13.01
SHP-501726,ORD-501726,ParcelFast,2026-02-16,2026-02-20,2026-02-19,3,1,0,12.37
SHP-501727,ORD-501727,ParcelFast,2026-02-17,2026-02-20,2026-02-19,3,1,0,10.52
SHP-501728,ORD-501728,NorthLine,2026-02-17,2026-02-20,2026-02-21,5,0,1,8.85
SHP-501729,ORD-501729,NorthLine,2026-02-16,2026-02-20,2026-02-19,3,1,0,12.02
SHP-501730,ORD-501730,ParcelFast,2026-02-17,2026-02-20,2026-02-19,3,1,0,12.6
SHP-501731,ORD-501731,ParcelFast,2026-02-17,2026-02-20,2026-02-22,6,0,2,12.52
SHP-501732,ORD-501732,MetroCourier,2026-02-17,2026-02-20,2026-02-20,4,1,0,11.74
SHP-501733,ORD-501733,ParcelFast,2026-02-17,2026-02-20,2026-02-22,6,0,2,10.29
SHP-501734,ORD-501734,ParcelFast,2026-02-18,2026-02-20,2026-02-23,7,0,3,13.06
SHP-501735,ORD-501735,ShipRight,2026-02-16,2026-02-20,2026-02-18,2,1,0,13.77
SHP-501736,ORD-501736,MetroCourier,2026-02-19,2026-02-20,2026-02-21,5,0,1,9.79
SHP-501737,ORD-501737,ParcelFast,2026-02-17,2026-02-20,2026-02-20,4,1,0,12.46
SHP-501738,ORD-501738,MetroCourier,2026-02-17,2026-02-20,2026-02-22,6,0,2,12.06
SHP-501739,ORD-501739,NorthLine,2026-02-16,2026-02-20,2026-02-19,3,1,0,9.86
SHP-501740,ORD-501740,ParcelFast,2026-02-16,2026-02-20,2026-02-19,3,1,0,13.81
SHP-501741,ORD-501741,MetroCourier,2026-02-16,2026-02-20,2026-02-24,8,0,4,10.49
SHP-501742,ORD-501742,NorthLine,2026-02-17,2026-02-20,2026-02-20,4,1,0,12.63
SHP-501743,ORD-501743,ParcelFast,2026-02-16,2026-02-20,2026-02-19,3,1,0,9.51
SHP-501744,ORD-501744,MetroCourier,2026-02-17,2026-02-20,2026-02-19,3,1,0,11.0
SHP-501745,ORD-501745,MetroCourier,2026-02-18,2026-02-20,2026-02-22,6,0,2,11.82
SHP-501746,ORD-501746,NorthLine,2026-02-18,2026-02-20,2026-02-20,4,1,0,10.77
SHP-501747,ORD-501747,ShipRight,2026-02-16,2026-02-20,2026-02-20,4,1,0,13.58
SHP-501748,ORD-501748,NorthLine,2026-02-17,2026-02-20,2026-02-21,5,0,1,11.38
SHP-501749,ORD-501749,ShipRight,2026-02-17,2026-02-20,2026-02-21,5,0,1,12.32
SHP-501750,ORD-501750,ParcelFast,2026-02-17,2026-02-20,2026-02-21,5,0,1,10.68
SHP-501751,ORD-501751,ShipRight,2026-02-17,2026-02-20,2026-02-18,2,1,0,9.14
SHP-501752,ORD-501752,NorthLine,2026-02-19,2026-02-20,2026-02-21,5,0,1,10.17
SHP-501753,ORD-501753,ParcelFast,2026-02-17,2026-02-20,2026-02-22,6,0,2,12.3
SHP-501754,ORD-501754,ParcelFast,2026-02-17,2026-02-20,2026-02-20,4,1,0,9.54
SHP-501755,ORD-501755,ShipRight,2026-02-17,2026-02-20,2026-02-21,5,0,1,9.66
SHP-501756,ORD-501756,ShipRight,2026-02-19,2026-02-21,2026-02-20,3,1,0,10.76
SHP-501757,ORD-501757,ShipRight,2026-02-17,2026-02-21,2026-02-22,5,0,1,14.45
SHP-501758,ORD-501758,ParcelFast,2026-02-19,2026-02-21,2026-02-20,3,1,0,10.39
SHP-501759,ORD-501759,ShipRight,2026-02-17,2026-02-21,2026-02-25,8,0,4,12.11
SHP-501760,ORD-501760,ParcelFast,2026-02-17,2026-02-21,2026-02-19,2,1,0,11.63
SHP-501761,ORD-501761,MetroCourier,2026-02-18,2026-02-21,2026-02-22,5,0,1,14.85
SHP-501762,ORD-501762,ParcelFast,2026-02-17,2026-02-21,2026-02-20,3,1,0,8.84
SHP-501763,ORD-501763,ParcelFast,2026-02-19,2026-02-21,2026-02-24,7,0,3,12.56
SHP-501764,ORD-501764,ParcelFast,2026-02-19,2026-02-21,2026-02-23,6,0,2,13.58
SHP-501765,ORD-501765,NorthLine,2026-02-20,2026-02-21,2026-02-21,4,1,0,9.45
SHP-501766,ORD-501766,ParcelFast,2026-02-18,2026-02-21,2026-02-22,5,0,1,12.34
SHP-501767,ORD-501767,MetroCourier,2026-02-19,2026-02-21,2026-02-22,5,0,1,14.15
SHP-501768,ORD-501768,ShipRight,2026-02-18,2026-02-21,2026-02-20,3,1,0,12.39
SHP-501769,ORD-501769,MetroCourier,2026-02-18,2026-02-21,2026-02-24,7,0,3,12.41
SHP-501770,ORD-501770,NorthLine,2026-02-18,2026-02-21,2026-02-22,5,0,1,9.81
SHP-501771,ORD-501771,ParcelFast,2026-02-18,2026-02-21,2026-02-20,3,1,0,12.05
SHP-501772,ORD-501772,MetroCourier,2026-02-17,2026-02-21,2026-02-19,2,1,0,10.69
SHP-501773,ORD-501773,ShipRight,2026-02-18,2026-02-21,2026-02-20,3,1,0,11.78
SHP-501774,ORD-501774,NorthLine,2026-02-18,2026-02-21,2026-02-23,6,0,2,10.94
SHP-501775,ORD-501775,ParcelFast,2026-02-18,2026-02-21,2026-02-23,6,0,2,10.82
SHP-501776,ORD-501776,ParcelFast,2026-02-18,2026-02-21,2026-02-22,5,0,1,12.05
SHP-501777,ORD-501777,ShipRight,2026-02-17,2026-02-21,2026-02-19,2,1,0,10.13
SHP-501778,ORD-501778,MetroCourier,2026-02-18,2026-02-21,2026-02-21,4,1,0,9.02
SHP-501779,ORD-501779,ParcelFast,2026-02-17,2026-02-21,2026-02-19,2,1,0,12.35
SHP-501780,ORD-501780,NorthLine,2026-02-19,2026-02-21,2026-02-21,4,1,0,12.64
SHP-501781,ORD-501781,MetroCourier,2026-02-19,2026-02-21,2026-02-24,7,0,3,11.73
SHP-501782,ORD-501782,ShipRight,2026-02-20,2026-02-21,2026-02-22,5,0,1,12.0
SHP-501783,ORD-501783,ParcelFast,2026-02-18,2026-02-21,2026-02-20,3,1,0,12.02
SHP-501784,ORD-501784,ShipRight,2026-02-19,2026-02-21,2026-02-24,7,0,3,12.06
SHP-501785,ORD-501785,MetroCourier,2026-02-18,2026-02-21,2026-02-23,6,0,2,9.24
SHP-501786,ORD-501786,ShipRight,2026-02-19,2026-02-21,2026-02-26,9,0,5,12.26
SHP-501787,ORD-501787,MetroCourier,2026-02-19,2026-02-21,2026-02-23,6,0,2,13.4
SHP-501788,ORD-501788,NorthLine,2026-02-20,2026-02-21,2026-02-24,7,0,3,11.61
SHP-501789,ORD-501789,ParcelFast,2026-02-18,2026-02-21,2026-02-20,3,1,0,10.27
SHP-501790,ORD-501790,NorthLine,2026-02-18,2026-02-21,2026-02-23,6,0,2,9.15
SHP-501791,ORD-501791,ShipRight,2026-02-18,2026-02-21,2026-02-19,2,1,0,12.33
SHP-501792,ORD-501792,MetroCourier,2026-02-19,2026-02-21,2026-02-23,6,0,2,11.93
SHP-501793,ORD-501793,ParcelFast,2026-02-17,2026-02-21,2026-02-21,4,1,0,10.7
SHP-501794,ORD-501794,ParcelFast,2026-02-19,2026-02-21,2026-02-21,4,1,0,11.47
SHP-501795,ORD-501795,MetroCourier,2026-02-18,2026-02-21,2026-02-19,2,1,0,14.7
SHP-501796,ORD-501796,MetroCourier,2026-02-17,2026-02-21,2026-02-21,4,1,0,11.33
SHP-501797,ORD-501797,NorthLine,2026-02-18,2026-02-21,2026-02-19,2,1,0,15.2
SHP-501798,ORD-501798,NorthLine,2026-02-19,2026-02-21,2026-02-24,7,0,3,11.83
SHP-501799,ORD-501799,MetroCourier,2026-02-18,2026-02-21,2026-02-19,2,1,0,10.0
SHP-501800,ORD-501800,ShipRight,2026-02-18,2026-02-21,2026-02-21,4,1,0,9.71
SHP-501801,ORD-501801,ShipRight,2026-02-19,2026-02-21,2026-02-25,8,0,4,11.93
SHP-501802,ORD-501802,MetroCourier,2026-02-17,2026-02-21,2026-02-23,6,0,2,9.66
SHP-501803,ORD-501803,MetroCourier,2026-02-18,2026-02-21,2026-02-23,6,0,2,12.49
SHP-501804,ORD-501804,MetroCourier,2026-02-17,2026-02-21,2026-02-20,3,1,0,11.16
SHP-501805,ORD-501805,ParcelFast,2026-02-18,2026-02-21,2026-02-23,6,0,2,10.48
SHP-501806,ORD-501806,ParcelFast,2026-02-18,2026-02-21,2026-02-21,4,1,0,12.47
SHP-501807,ORD-501807,NorthLine,2026-02-20,2026-02-22,2026-02-21,3,1,0,10.5
SHP-501808,ORD-501808,MetroCourier,2026-02-19,2026-02-22,2026-02-23,5,0,1,10.02
SHP-501809,ORD-501809,ShipRight,2026-02-19,2026-02-22,2026-02-24,6,0,2,12.38
SHP-501810,ORD-501810,MetroCourier,2026-02-19,2026-02-22,2026-02-23,5,0,1,13.04
SHP-501811,ORD-501811,ShipRight,2026-02-19,2026-02-22,2026-02-22,4,1,0,11.14
SHP-501812,ORD-501812,NorthLine,2026-02-19,2026-02-22,2026-02-21,3,1,0,9.06
SHP-501813,ORD-501813,NorthLine,2026-02-18,2026-02-22,2026-02-21,3,1,0,12.11
SHP-501814,ORD-501814,MetroCourier,2026-02-21,2026-02-22,2026-02-23,5,0,1,11.58
SHP-501815,ORD-501815,ShipRight,2026-02-21,2026-02-22,2026-02-24,6,0,2,12.89
SHP-501816,ORD-501816,ParcelFast,2026-02-18,2026-02-22,2026-02-20,2,1,0,9.98
SHP-501817,ORD-501817,MetroCourier,2026-02-18,2026-02-22,2026-02-22,4,1,0,11.91
SHP-501818,ORD-501818,MetroCourier,2026-02-20,2026-02-22,2026-02-22,4,1,0,10.88
SHP-501819,ORD-501819,NorthLine,2026-02-19,2026-02-22,2026-02-22,4,1,0,16.0
SHP-501820,ORD-501820,NorthLine,2026-02-19,2026-02-22,2026-02-20,2,1,0,10.77
SHP-501821,ORD-501821,MetroCourier,2026-02-21,2026-02-22,2026-02-23,5,0,1,11.92
SHP-501822,ORD-501822,MetroCourier,2026-02-19,2026-02-22,2026-02-22,4,1,0,11.71
SHP-501823,ORD-501823,ShipRight,2026-02-19,2026-02-22,2026-02-25,7,0,3,9.49
SHP-501824,ORD-501824,MetroCourier,2026-02-19,2026-02-22,2026-02-23,5,0,1,15.64
SHP-501825,ORD-501825,ShipRight,2026-02-19,2026-02-22,2026-02-21,3,1,0,10.5
SHP-501826,ORD-501826,MetroCourier,2026-02-19,2026-02-22,2026-02-20,2,1,0,12.25
SHP-501827,ORD-501827,ShipRight,2026-02-20,2026-02-22,2026-02-22,4,1,0,11.57
SHP-501828,ORD-501828,NorthLine,2026-02-19,2026-02-22,2026-02-22,4,1,0,13.87
SHP-501829,ORD-501829,NorthLine,2026-02-18,2026-02-22,2026-02-23,5,0,1,10.96
SHP-501830,ORD-501830,NorthLine,2026-02-18,2026-02-22,2026-02-23,5,0,1,9.12
SHP-501831,ORD-501831,ShipRight,2026-02-19,2026-02-22,2026-02-21,3,1,0,11.89
SHP-501832,ORD-501832,ParcelFast,2026-02-19,2026-02-22,2026-02-22,4,1,0,13.01
SHP-501833,ORD-501833,NorthLine,2026-02-19,2026-02-22,2026-02-23,5,0,1,12.54
SHP-501834,ORD-501834,ShipRight,2026-02-20,2026-02-22,2026-02-21,3,1,0,12.19
SHP-501835,ORD-501835,ShipRight,2026-02-20,2026-02-22,2026-02-23,5,0,1,12.44
SHP-501836,ORD-501836,MetroCourier,2026-02-18,2026-02-22,2026-02-21,3,1,0,11.8
SHP-501837,ORD-501837,ShipRight,2026-02-18,2026-02-22,2026-02-20,2,1,0,10.99
SHP-501838,ORD-501838,MetroCourier,2026-02-20,2026-02-23,2026-02-23,4,1,0,12.32
SHP-501839,ORD-501839,ParcelFast,2026-02-21,2026-02-23,2026-02-24,5,0,1,10.53
SHP-501840,ORD-501840,MetroCourier,2026-02-20,2026-02-23,2026-02-23,4,1,0,14.29
SHP-501841,ORD-501841,ParcelFast,2026-02-19,2026-02-23,2026-02-22,3,1,0,11.97
SHP-501842,ORD-501842,ParcelFast,2026-02-19,2026-02-23,2026-02-21,2,1,0,9.46
SHP-501843,ORD-501843,NorthLine,2026-02-20,2026-02-23,2026-02-22,3,1,0,10.33
SHP-501844,ORD-501844,ShipRight,2026-02-20,2026-02-23,2026-02-21,2,1,0,13.76
SHP-501845,ORD-501845,MetroCourier,2026-02-20,2026-02-23,2026-02-23,4,1,0,11.73
SHP-501846,ORD-501846,ParcelFast,2026-02-20,2026-02-23,2026-02-25,6,0,2,10.16
SHP-501847,ORD-501847,ShipRight,2026-02-22,2026-02-23,2026-02-27,8,0,4,11.89
SHP-501848,ORD-501848,NorthLine,2026-02-19,2026-02-23,2026-02-23,4,1,0,10.72
SHP-501849,ORD-501849,ParcelFast,2026-02-21,2026-02-23,2026-02-25,6,0,2,9.05
SHP-501850,ORD-501850,ParcelFast,2026-02-20,2026-02-23,2026-02-21,2,1,0,12.67
SHP-501851,ORD-501851,ShipRight,2026-02-20,2026-02-23,2026-02-22,3,1,0,10.69
SHP-501852,ORD-501852,MetroCourier,2026-02-22,2026-02-23,2026-03-01,10,0,6,10.42
SHP-501853,ORD-501853,MetroCourier,2026-02-20,2026-02-23,2026-02-23,4,1,0,12.87
SHP-501854,ORD-501854,MetroCourier,2026-02-19,2026-02-23,2026-02-25,6,0,2,12.23
SHP-501855,ORD-501855,ParcelFast,2026-02-19,2026-02-23,2026-02-23,4,1,0,12.68
SHP-501856,ORD-501856,ParcelFast,2026-02-22,2026-02-23,2026-02-24,5,0,1,9.68
SHP-501857,ORD-501857,ParcelFast,2026-02-20,2026-02-23,2026-02-25,6,0,2,9.54
SHP-501858,ORD-501858,ParcelFast,2026-02-19,2026-02-23,2026-02-22,3,1,0,11.27
SHP-501859,ORD-501859,MetroCourier,2026-02-20,2026-02-23,2026-02-23,4,1,0,11.91
SHP-501860,ORD-501860,ShipRight,2026-02-19,2026-02-23,2026-02-20,1,1,0,12.25
SHP-501861,ORD-501861,ShipRight,2026-02-19,2026-02-23,2026-02-23,4,1,0,11.68
SHP-501862,ORD-501862,ShipRight,2026-02-20,2026-02-23,2026-02-21,2,1,0,13.21
SHP-501863,ORD-501863,NorthLine,2026-02-20,2026-02-23,2026-02-21,2,1,0,11.13
SHP-501864,ORD-501864,MetroCourier,2026-02-21,2026-02-23,2026-02-23,4,1,0,10.92
SHP-501865,ORD-501865,MetroCourier,2026-02-20,2026-02-23,2026-02-25,6,0,2,13.11
SHP-501866,ORD-501866,NorthLine,2026-02-21,2026-02-23,2026-02-24,5,0,1,9.6
SHP-501867,ORD-501867,NorthLine,2026-02-20,2026-02-23,2026-02-23,4,1,0,8.79
SHP-501868,ORD-501868,ShipRight,2026-02-20,2026-02-23,2026-02-21,2,1,0,12.85
SHP-501869,ORD-501869,NorthLine,2026-02-20,2026-02-24,2026-02-27,7,0,3,8.97
SHP-501870,ORD-501870,MetroCourier,2026-02-21,2026-02-24,2026-02-25,5,0,1,8.75
SHP-501871,ORD-501871,MetroCourier,2026-02-21,2026-02-24,2026-02-23,3,1,0,11.56
SHP-501872,ORD-501872,MetroCourier,2026-02-21,2026-02-24,2026-02-22,2,1,0,10.96
SHP-501873,ORD-501873,ShipRight,2026-02-20,2026-02-24,2026-02-23,3,1,0,13.59
SHP-501874,ORD-501874,ParcelFast,2026-02-22,2026-02-24,2026-02-23,3,1,0,12.35
SHP-501875,ORD-501875,NorthLine,2026-02-23,2026-02-24,2026-02-26,6,0,2,12.09
SHP-501876,ORD-501876,ShipRight,2026-02-21,2026-02-24,2026-02-23,3,1,0,11.19
SHP-501877,ORD-501877,NorthLine,2026-02-21,2026-02-24,2026-02-22,2,1,0,12.77
SHP-501878,ORD-501878,ParcelFast,2026-02-21,2026-02-24,2026-02-24,4,1,0,13.39
SHP-501879,ORD-501879,NorthLine,2026-02-22,2026-02-24,2026-02-25,5,0,1,10.66
SHP-501880,ORD-501880,MetroCourier,2026-02-21,2026-02-24,2026-02-27,7,0,3,11.06
SHP-501881,ORD-501881,ParcelFast,2026-02-22,2026-02-24,2026-02-26,6,0,2,11.58
SHP-501882,ORD-501882,ShipRight,2026-02-23,2026-02-24,2026-02-25,5,0,1,11.59
SHP-501883,ORD-501883,NorthLine,2026-02-21,2026-02-24,2026-02-25,5,0,1,11.53
SHP-501884,ORD-501884,MetroCourier,2026-02-21,2026-02-24,2026-02-25,5,0,1,11.29
SHP-501885,ORD-501885,ParcelFast,2026-02-20,2026-02-24,2026-02-24,4,1,0,11.26
SHP-501886,ORD-501886,ParcelFast,2026-02-22,2026-02-24,2026-02-24,4,1,0,10.6
SHP-501887,ORD-501887,NorthLine,2026-02-20,2026-02-24,2026-02-22,2,1,0,11.46
SHP-501888,ORD-501888,NorthLine,2026-02-22,2026-02-24,2026-02-25,5,0,1,9.52
SHP-501889,ORD-501889,NorthLine,2026-02-21,2026-02-24,2026-03-01,9,0,5,11.43
SHP-501890,ORD-501890,ParcelFast,2026-02-21,2026-02-24,2026-02-26,6,0,2,10.36
SHP-501891,ORD-501891,ParcelFast,2026-02-20,2026-02-24,2026-02-25,5,0,1,14.28
SHP-501892,ORD-501892,NorthLine,2026-02-23,2026-02-24,2026-02-28,8,0,4,9.1
SHP-501893,ORD-501893,ParcelFast,2026-02-21,2026-02-24,2026-02-24,4,1,0,10.15
SHP-501894,ORD-501894,ShipRight,2026-02-22,2026-02-24,2026-02-25,5,0,1,11.84
SHP-501895,ORD-501895,ParcelFast,2026-02-20,2026-02-24,2026-02-22,2,1,0,12.02
SHP-501896,ORD-501896,ShipRight,2026-02-22,2026-02-24,2026-03-01,9,0,5,12.11
SHP-501897,ORD-501897,ParcelFast,2026-02-23,2026-02-24,2026-02-26,6,0,2,12.79
SHP-501898,ORD-501898,NorthLine,2026-02-21,2026-02-24,2026-02-25,5,0,1,11.63
SHP-501899,ORD-501899,ShipRight,2026-02-21,2026-02-24,2026-02-22,2,1,0,12.14
SHP-501900,ORD-501900,MetroCourier,2026-02-21,2026-02-24,2026-02-23,3,1,0,12.23
SHP-501901,ORD-501901,ParcelFast,2026-02-22,2026-02-24,2026-02-23,3,1,0,12.1
SHP-501902,ORD-501902,ShipRight,2026-02-21,2026-02-24,2026-02-26,6,0,2,9.58
SHP-501903,ORD-501903,MetroCourier,2026-02-20,2026-02-24,2026-02-24,4,1,0,13.68
SHP-501904,ORD-501904,MetroCourier,2026-02-21,2026-02-24,2026-02-26,6,0,2,9.45
SHP-501905,ORD-501905,MetroCourier,2026-02-22,2026-02-24,2026-02-24,4,1,0,12.45
SHP-501906,ORD-501906,NorthLine,2026-02-22,2026-02-24,2026-02-28,8,0,4,12.79
SHP-501907,ORD-501907,ShipRight,2026-02-20,2026-02-24,2026-02-23,3,1,0,11.69
SHP-501908,ORD-501908,ShipRight,2026-02-20,2026-02-24,2026-02-24,4,1,0,14.41
SHP-501909,ORD-501909,ParcelFast,2026-02-21,2026-02-24,2026-02-23,3,1,0,11.99
SHP-501910,ORD-501910,ParcelFast,2026-02-21,2026-02-24,2026-02-25,5,0,1,11.49
SHP-501911,ORD-501911,ParcelFast,2026-02-20,2026-02-24,2026-02-24,4,1,0,8.85
SHP-501912,ORD-501912,MetroCourier,2026-02-20,2026-02-24,2026-02-23,3,1,0,10.95
SHP-501913,ORD-501913,ParcelFast,2026-02-23,2026-02-24,2026-02-26,6,0,2,10.23
SHP-501914,ORD-501914,NorthLine,2026-02-20,2026-02-24,2026-02-23,3,1,0,11.9
SHP-501915,ORD-501915,NorthLine,2026-02-21,2026-02-24,2026-02-23,3,1,0,11.31
SHP-501916,ORD-501916,ShipRight,2026-02-21,2026-02-24,2026-02-26,6,0,2,12.91
SHP-501917,ORD-501917,ParcelFast,2026-02-23,2026-02-24,2026-02-24,4,1,0,11.26
SHP-501918,ORD-501918,ParcelFast,2026-02-20,2026-02-24,2026-02-25,5,0,1,11.51
SHP-501919,ORD-501919,NorthLine,2026-02-21,2026-02-24,2026-02-23,3,1,0,12.5
SHP-501920,ORD-501920,NorthLine,2026-02-21,2026-02-24,2026-02-22,2,1,0,12.02
SHP-501921,ORD-501921,NorthLine,2026-02-21,2026-02-25,2026-02-24,3,1,0,9.68
SHP-501922,ORD-501922,NorthLine,2026-02-24,2026-02-25,2026-02-27,6,0,2,9.87
SHP-501923,ORD-501923,ParcelFast,2026-02-22,2026-02-25,2026-02-23,2,1,0,12.71
SHP-501924,ORD-501924,MetroCourier,2026-02-22,2026-02-25,2026-02-25,4,1,0,13.3
SHP-501925,ORD-501925,MetroCourier,2026-02-21,2026-02-25,2026-02-24,3,1,0,11.06
SHP-501926,ORD-501926,MetroCourier,2026-02-22,2026-02-25,2026-02-24,3,1,0,11.29
SHP-501927,ORD-501927,NorthLine,2026-02-21,2026-02-25,2026-02-22,1,1,0,8.97
SHP-501928,ORD-501928,MetroCourier,2026-02-22,2026-02-25,2026-02-26,5,0,1,13.06
SHP-501929,ORD-501929,ParcelFast,2026-02-21,2026-02-25,2026-02-23,2,1,0,12.69
SHP-501930,ORD-501930,ParcelFast,2026-02-21,2026-02-25,2026-02-24,3,1,0,12.57
SHP-501931,ORD-501931,NorthLine,2026-02-22,2026-02-25,2026-02-27,6,0,2,13.11
SHP-501932,ORD-501932,ShipRight,2026-02-22,2026-02-25,2026-02-27,6,0,2,11.3
SHP-501933,ORD-501933,ShipRight,2026-02-21,2026-02-25,2026-02-23,2,1,0,11.0
SHP-501934,ORD-501934,MetroCourier,2026-02-22,2026-02-25,2026-02-26,5,0,1,13.71
SHP-501935,ORD-501935,MetroCourier,2026-02-22,2026-02-25,2026-02-25,4,1,0,11.88
SHP-501936,ORD-501936,MetroCourier,2026-02-22,2026-02-25,2026-02-24,3,1,0,10.84
SHP-501937,ORD-501937,ShipRight,2026-02-23,2026-02-25,2026-02-25,4,1,0,10.13
SHP-501938,ORD-501938,NorthLine,2026-02-21,2026-02-25,2026-02-24,3,1,0,9.86
SHP-501939,ORD-501939,NorthLine,2026-02-22,2026-02-25,2026-02-26,5,0,1,13.5
SHP-501940,ORD-501940,ShipRight,2026-02-21,2026-02-25,2026-02-24,3,1,0,10.3
SHP-501941,ORD-501941,NorthLine,2026-02-21,2026-02-25,2026-02-23,2,1,0,11.18
SHP-501942,ORD-501942,NorthLine,2026-02-22,2026-02-25,2026-02-27,6,0,2,11.73
SHP-501943,ORD-501943,MetroCourier,2026-02-22,2026-02-25,2026-02-23,2,1,0,13.75
SHP-501944,ORD-501944,ShipRight,2026-02-22,2026-02-25,2026-02-24,3,1,0,14.16
SHP-501945,ORD-501945,NorthLine,2026-02-22,2026-02-25,2026-02-28,7,0,3,10.9
SHP-501946,ORD-501946,ShipRight,2026-02-22,2026-02-25,2026-02-23,2,1,0,8.74
SHP-501947,ORD-501947,ParcelFast,2026-02-24,2026-02-25,2026-02-27,6,0,2,10.4
SHP-501948,ORD-501948,ShipRight,2026-02-22,2026-02-25,2026-02-28,7,0,3,13.12
SHP-501949,ORD-501949,NorthLine,2026-02-21,2026-02-25,2026-02-23,2,1,0,12.46
SHP-501950,ORD-501950,MetroCourier,2026-02-22,2026-02-25,2026-02-26,5,0,1,12.7
SHP-501951,ORD-501951,MetroCourier,2026-02-24,2026-02-25,2026-02-27,6,0,2,8.8
SHP-501952,ORD-501952,ShipRight,2026-02-23,2026-02-26,2026-02-26,4,1,0,10.12
SHP-501953,ORD-501953,MetroCourier,2026-02-23,2026-02-26,2026-02-25,3,1,0,9.97
SHP-501954,ORD-501954,MetroCourier,2026-02-25,2026-02-26,2026-02-27,5,0,1,12.58
SHP-501955,ORD-501955,ShipRight,2026-02-23,2026-02-26,2026-02-26,4,1,0,10.36
SHP-501956,ORD-501956,NorthLine,2026-02-24,2026-02-26,2026-02-28,6,0,2,9.28
SHP-501957,ORD-501957,ShipRight,2026-02-23,2026-02-26,2026-02-25,3,1,0,9.44
SHP-501958,ORD-501958,NorthLine,2026-02-22,2026-02-26,2026-02-25,3,1,0,12.29
SHP-501959,ORD-501959,NorthLine,2026-02-22,2026-02-26,2026-02-27,5,0,1,11.7
SHP-501960,ORD-501960,MetroCourier,2026-02-23,2026-02-26,2026-02-25,3,1,0,10.87
SHP-501961,ORD-501961,ShipRight,2026-02-25,2026-02-26,2026-03-01,7,0,3,11.31
SHP-501962,ORD-501962,MetroCourier,2026-02-23,2026-02-26,2026-02-25,3,1,0,14.11
SHP-501963,ORD-501963,ShipRight,2026-02-23,2026-02-26,2026-02-25,3,1,0,13.27
SHP-501964,ORD-501964,MetroCourier,2026-02-25,2026-02-26,2026-03-02,8,0,4,10.26
SHP-501965,ORD-501965,ShipRight,2026-02-24,2026-02-26,2026-02-26,4,1,0,8.98
SHP-501966,ORD-501966,ShipRight,2026-02-25,2026-02-26,2026-02-26,4,1,0,9.7
SHP-501967,ORD-501967,NorthLine,2026-02-24,2026-02-26,2026-02-26,4,1,0,12.11
SHP-501968,ORD-501968,ShipRight,2026-02-22,2026-02-26,2026-02-26,4,1,0,9.7
SHP-501969,ORD-501969,ParcelFast,2026-02-25,2026-02-26,2026-02-26,4,1,0,10.01
SHP-501970,ORD-501970,ParcelFast,2026-02-25,2026-02-26,2026-02-27,5,0,1,9.32
SHP-501971,ORD-501971,NorthLine,2026-02-22,2026-02-26,2026-02-24,2,1,0,11.02
SHP-501972,ORD-501972,ShipRight,2026-02-24,2026-02-26,2026-02-27,5,0,1,12.07
SHP-501973,ORD-501973,ShipRight,2026-02-22,2026-02-26,2026-02-25,3,1,0,9.88
SHP-501974,ORD-501974,ShipRight,2026-02-22,2026-02-26,2026-02-26,4,1,0,11.06
SHP-501975,ORD-501975,ShipRight,2026-02-25,2026-02-26,2026-03-02,8,0,4,10.41
SHP-501976,ORD-501976,NorthLine,2026-02-23,2026-02-26,2026-02-25,3,1,0,12.34
SHP-501977,ORD-501977,ShipRight,2026-02-25,2026-02-26,2026-02-26,4,1,0,11.43
SHP-501978,ORD-501978,ShipRight,2026-02-22,2026-02-26,2026-02-25,3,1,0,10.43
SHP-501979,ORD-501979,ParcelFast,2026-02-23,2026-02-26,2026-02-27,5,0,1,9.37
SHP-501980,ORD-501980,ParcelFast,2026-02-24,2026-02-26,2026-02-28,6,0,2,10.46
SHP-501981,ORD-501981,NorthLine,2026-02-24,2026-02-26,2026-02-27,5,0,1,10.98
SHP-501982,ORD-501982,ParcelFast,2026-02-23,2026-02-26,2026-02-26,4,1,0,12.69
SHP-501983,ORD-501983,NorthLine,2026-02-24,2026-02-27,2026-02-26,3,1,0,10.93
SHP-501984,ORD-501984,MetroCourier,2026-02-24,2026-02-27,2026-02-27,4,1,0,8.84
SHP-501985,ORD-501985,ParcelFast,2026-02-24,2026-02-27,2026-02-25,2,1,0,10.0
SHP-501986,ORD-501986,NorthLine,2026-02-23,2026-02-27,2026-02-27,4,1,0,9.22
SHP-501987,ORD-501987,ParcelFast,2026-02-24,2026-02-27,2026-03-01,6,0,2,11.48
SHP-501988,ORD-501988,ShipRight,2026-02-24,2026-02-27,2026-02-28,5,0,1,11.97
SHP-501989,ORD-501989,MetroCourier,2026-02-25,2026-02-27,2026-03-01,6,0,2,10.23
SHP-501990,ORD-501990,ShipRight,2026-02-24,2026-02-27,2026-02-26,3,1,0,8.95
SHP-501991,ORD-501991,ParcelFast,2026-02-25,2026-02-27,2026-03-02,7,0,3,9.39
SHP-501992,ORD-501992,MetroCourier,2026-02-26,2026-02-27,2026-02-28,5,0,1,9.92
SHP-501993,ORD-501993,NorthLine,2026-02-24,2026-02-27,2026-02-25,2,1,0,9.76
SHP-501994,ORD-501994,MetroCourier,2026-02-24,2026-02-27,2026-02-25,2,1,0,10.23
SHP-501995,ORD-501995,NorthLine,2026-02-24,2026-02-27,2026-02-26,3,1,0,12.6
SHP-501996,ORD-501996,ParcelFast,2026-02-25,2026-02-27,2026-02-26,3,1,0,8.88
SHP-501997,ORD-501997,ShipRight,2026-02-23,2026-02-27,2026-03-02,7,0,3,10.54
SHP-501998,ORD-501998,MetroCourier,2026-02-24,2026-02-27,2026-02-26,3,1,0,10.4
SHP-501999,ORD-501999,MetroCourier,2026-02-25,2026-02-27,2026-02-27,4,1,0,12.59
SHP-502000,ORD-502000,ParcelFast,2026-02-24,2026-02-27,2026-02-26,3,1,0,11.08
SHP-502001,ORD-502001,ShipRight,2026-02-24,2026-02-27,2026-02-26,3,1,0,12.51
SHP-502002,ORD-502002,MetroCourier,2026-02-24,2026-02-27,2026-02-26,3,1,0,11.05
SHP-502003,ORD-502003,ParcelFast,2026-02-24,2026-02-27,2026-02-28,5,0,1,9.94
SHP-502004,ORD-502004,MetroCourier,2026-02-23,2026-02-27,2026-02-27,4,1,0,9.03
SHP-502005,ORD-502005,MetroCourier,2026-02-24,2026-02-27,2026-02-28,5,0,1,13.37
SHP-502006,ORD-502006,ParcelFast,2026-02-23,2026-02-27,2026-02-25,2,1,0,12.33
SHP-502007,ORD-502007,NorthLine,2026-02-25,2026-02-27,2026-02-26,3,1,0,10.5
SHP-502008,ORD-502008,MetroCourier,2026-02-24,2026-02-27,2026-02-26,3,1,0,12.44
SHP-502009,ORD-502009,NorthLine,2026-02-26,2026-02-27,2026-03-02,7,0,3,11.64
SHP-502010,ORD-502010,NorthLine,2026-02-26,2026-02-27,2026-03-02,7,0,3,11.62
SHP-502011,ORD-502011,ParcelFast,2026-02-24,2026-02-27,2026-02-27,4,1,0,12.4
SHP-502012,ORD-502012,ParcelFast,2026-02-23,2026-02-27,2026-02-27,4,1,0,11.23
SHP-502013,ORD-502013,ParcelFast,2026-02-24,2026-02-27,2026-02-27,4,1,0,12.7
SHP-502014,ORD-502014,NorthLine,2026-02-25,2026-02-27,2026-02-26,3,1,0,12.33
SHP-502015,ORD-502015,ShipRight,2026-02-25,2026-02-27,2026-02-27,4,1,0,9.48
SHP-502016,ORD-502016,ParcelFast,2026-02-23,2026-02-27,2026-02-28,5,0,1,12.19
SHP-502017,ORD-502017,ParcelFast,2026-02-23,2026-02-27,2026-02-27,4,1,0,12.52
SHP-502018,ORD-502018,MetroCourier,2026-02-24,2026-02-27,2026-02-28,5,0,1,8.98
SHP-502019,ORD-502019,ParcelFast,2026-02-24,2026-02-27,2026-02-27,4,1,0,9.34
SHP-502020,ORD-502020,ShipRight,2026-02-24,2026-02-27,2026-02-27,4,1,0,10.67
SHP-502021,ORD-502021,NorthLine,2026-02-26,2026-02-27,2026-03-04,9,0,5,10.19
SHP-502022,ORD-502022,NorthLine,2026-02-24,2026-02-27,2026-02-26,3,1,0,10.16
SHP-502023,ORD-502023,ParcelFast,2026-02-24,2026-02-28,2026-02-27,3,1,0,12.64
SHP-502024,ORD-502024,ParcelFast,2026-02-25,2026-02-28,2026-02-27,3,1,0,10.84
SHP-502025,ORD-502025,NorthLine,2026-02-24,2026-02-28,2026-02-25,1,1,0,11.7
SHP-502026,ORD-502026,NorthLine,2026-02-24,2026-02-28,2026-03-01,5,0,1,12.44
SHP-502027,ORD-502027,ShipRight,2026-02-26,2026-02-28,2026-03-01,5,0,1,10.0
SHP-502028,ORD-502028,ParcelFast,2026-02-26,2026-02-28,2026-03-02,6,0,2,14.75
SHP-502029,ORD-502029,ParcelFast,2026-02-25,2026-02-28,2026-03-01,5,0,1,12.43
SHP-502030,ORD-502030,NorthLine,2026-02-25,2026-02-28,2026-02-28,4,1,0,12.77
SHP-502031,ORD-502031,MetroCourier,2026-02-24,2026-02-28,2026-02-25,1,1,0,9.88
SHP-502032,ORD-502032,NorthLine,2026-02-25,2026-02-28,2026-02-27,3,1,0,12.97
SHP-502033,ORD-502033,ShipRight,2026-02-24,2026-02-28,2026-02-28,4,1,0,9.82
SHP-502034,ORD-502034,ShipRight,2026-02-25,2026-02-28,2026-03-03,7,0,3,11.77
SHP-502035,ORD-502035,MetroCourier,2026-02-25,2026-02-28,2026-03-01,5,0,1,11.79
SHP-502036,ORD-502036,NorthLine,2026-02-27,2026-02-28,2026-02-28,4,1,0,8.76
SHP-502037,ORD-502037,ShipRight,2026-02-25,2026-02-28,2026-02-28,4,1,0,10.24
SHP-502038,ORD-502038,ParcelFast,2026-02-26,2026-02-28,2026-03-02,6,0,2,11.44
SHP-502039,ORD-502039,MetroCourier,2026-02-25,2026-02-28,2026-02-26,2,1,0,9.39
SHP-502040,ORD-502040,ParcelFast,2026-02-25,2026-02-28,2026-02-27,3,1,0,11.29
SHP-502041,ORD-502041,ShipRight,2026-02-25,2026-02-28,2026-03-01,5,0,1,11.36
SHP-502042,ORD-502042,NorthLine,2026-02-25,2026-02-28,2026-02-26,2,1,0,10.47
SHP-502043,ORD-502043,NorthLine,2026-02-24,2026-02-28,2026-03-01,5,0,1,9.32
SHP-502044,ORD-502044,ShipRight,2026-02-25,2026-02-28,2026-03-01,5,0,1,10.41
SHP-502045,ORD-502045,ParcelFast,2026-02-25,2026-02-28,2026-02-27,3,1,0,12.34
SHP-502046,ORD-502046,ParcelFast,2026-02-25,2026-02-28,2026-02-28,4,1,0,11.69
SHP-502047,ORD-502047,ParcelFast,2026-02-26,2026-02-28,2026-03-02,6,0,2,11.46
SHP-502048,ORD-502048,MetroCourier,2026-02-24,2026-02-28,2026-02-25,1,1,0,12.56
SHP-502049,ORD-502049,MetroCourier,2026-02-25,2026-02-28,2026-02-27,3,1,0,12.8
SHP-502050,ORD-502050,ShipRight,2026-02-27,2026-02-28,2026-03-05,9,0,5,10.65
SHP-502051,ORD-502051,MetroCourier,2026-02-25,2026-02-28,2026-03-01,5,0,1,10.51
SHP-502052,ORD-502052,MetroCourier,2026-02-26,2026-02-28,2026-02-28,4,1,0,9.53
SHP-502053,ORD-502053,MetroCourier,2026-02-25,2026-02-28,2026-03-02,6,0,2,9.33
SHP-502054,ORD-502054,ShipRight,2026-02-26,2026-02-28,2026-03-01,5,0,1,11.24
SHP-502055,ORD-502055,ShipRight,2026-02-25,2026-02-28,2026-02-28,4,1,0,10.86
SHP-502056,ORD-502056,MetroCourier,2026-02-24,2026-02-28,2026-02-26,2,1,0,10.23
SHP-502057,ORD-502057,ShipRight,2026-02-26,2026-02-28,2026-03-02,6,0,2,9.44
SHP-502058,ORD-502058,ParcelFast,2026-02-25,2026-03-01,2026-02-27,2,1,0,10.61
SHP-502059,ORD-502059,ParcelFast,2026-02-26,2026-03-01,2026-03-04,7,0,3,11.96
SHP-502060,ORD-502060,MetroCourier,2026-02-26,2026-03-01,2026-03-01,4,1,0,9.32
SHP-502061,ORD-502061,ParcelFast,2026-02-26,2026-03-01,2026-03-03,6,0,2,12.44
SHP-502062,ORD-502062,MetroCourier,2026-02-26,2026-03-01,2026-03-03,6,0,2,10.46
SHP-502063,ORD-502063,NorthLine,2026-02-28,2026-03-01,2026-03-04,7,0,3,14.45
SHP-502064,ORD-502064,MetroCourier,2026-02-25,2026-03-01,2026-03-01,4,1,0,9.12
SHP-502065,ORD-502065,ShipRight,2026-02-28,2026-03-01,2026-03-02,5,0,1,10.89
SHP-502066,ORD-502066,ShipRight,2026-02-27,2026-03-01,2026-03-04,7,0,3,12.61
SHP-502067,ORD-502067,MetroCourier,2026-02-26,2026-03-01,2026-02-28,3,1,0,10.04
SHP-502068,ORD-502068,NorthLine,2026-02-26,2026-03-01,2026-02-27,2,1,0,12.16
SHP-502069,ORD-502069,NorthLine,2026-02-26,2026-03-01,2026-03-04,7,0,3,11.27
SHP-502070,ORD-502070,ShipRight,2026-02-27,2026-03-01,2026-03-04,7,0,3,11.63
SHP-502071,ORD-502071,ParcelFast,2026-02-26,2026-03-01,2026-02-28,3,1,0,13.04
SHP-502072,ORD-502072,ShipRight,2026-02-26,2026-03-01,2026-02-28,3,1,0,10.73
SHP-502073,ORD-502073,NorthLine,2026-02-27,2026-03-01,2026-03-03,6,0,2,11.78
SHP-502074,ORD-502074,NorthLine,2026-02-26,2026-03-01,2026-03-01,4,1,0,11.3
SHP-502075,ORD-502075,NorthLine,2026-02-26,2026-03-01,2026-02-28,3,1,0,10.67
SHP-502076,ORD-502076,ParcelFast,2026-02-26,2026-03-01,2026-03-02,5,0,1,11.23
SHP-502077,ORD-502077,ShipRight,2026-02-26,2026-03-01,2026-02-28,3,1,0,13.39
SHP-502078,ORD-502078,MetroCourier,2026-02-26,2026-03-01,2026-02-28,3,1,0,10.56
SHP-502079,ORD-502079,NorthLine,2026-02-26,2026-03-01,2026-03-03,6,0,2,9.39
SHP-502080,ORD-502080,ShipRight,2026-02-25,2026-03-01,2026-03-02,5,0,1,13.3
SHP-502081,ORD-502081,ParcelFast,2026-02-25,2026-03-01,2026-03-01,4,1,0,11.77
SHP-502082,ORD-502082,ParcelFast,2026-02-26,2026-03-01,2026-02-28,3,1,0,10.97
SHP-502083,ORD-502083,MetroCourier,2026-02-26,2026-03-01,2026-03-02,5,0,1,11.11
SHP-502084,ORD-502084,ShipRight,2026-02-26,2026-03-01,2026-03-02,5,0,1,11.25
SHP-502085,ORD-502085,MetroCourier,2026-02-26,2026-03-01,2026-03-01,4,1,0,11.71
SHP-502086,ORD-502086,MetroCourier,2026-02-26,2026-03-01,2026-02-28,3,1,0,9.69
SHP-502087,ORD-502087,ParcelFast,2026-02-26,2026-03-01,2026-03-02,5,0,1,9.66
SHP-502088,ORD-502088,MetroCourier,2026-02-26,2026-03-01,2026-02-28,3,1,0,11.9
SHP-502089,ORD-502089,MetroCourier,2026-02-26,2026-03-01,2026-02-28,3,1,0,11.72
SHP-502090,ORD-502090,MetroCourier,2026-02-27,2026-03-01,2026-03-01,4,1,0,13.24
SHP-502091,ORD-502091,ShipRight,2026-02-27,2026-03-01,2026-03-02,5,0,1,13.0
SHP-502092,ORD-502092,NorthLine,2026-02-28,2026-03-01,2026-03-04,7,0,3,9.54
SHP-502093,ORD-502093,MetroCourier,2026-02-26,2026-03-01,2026-03-01,4,1,0,11.5
SHP-502094,ORD-502094,ParcelFast,2026-02-26,2026-03-01,2026-03-01,4,1,0,15.04
SHP-502095,ORD-502095,MetroCourier,2026-02-27,2026-03-01,2026-03-03,6,0,2,12.84
SHP-502096,ORD-502096,ParcelFast,2026-02-26,2026-03-01,2026-03-03,6,0,2,12.59
SHP-502097,ORD-502097,NorthLine,2026-02-25,2026-03-01,2026-03-01,4,1,0,11.53
SHP-502098,ORD-502098,ParcelFast,2026-02-26,2026-03-01,2026-03-03,6,0,2,9.01
SHP-502099,ORD-502099,ParcelFast,2026-02-27,2026-03-01,2026-03-03,6,0,2,10.82
SHP-502100,ORD-502100,MetroCourier,2026-02-27,2026-03-01,2026-03-02,5,0,1,9.13
SHP-502101,ORD-502101,MetroCourier,2026-02-26,2026-03-01,2026-03-03,6,0,2,12.43
SHP-502102,ORD-502102,MetroCourier,2026-02-26,2026-03-01,2026-03-01,4,1,0,12.99
SHP-502103,ORD-502103,ParcelFast,2026-02-25,2026-03-01,2026-02-27,2,1,0,11.62
SHP-502104,ORD-502104,MetroCourier,2026-02-27,2026-03-01,2026-02-28,3,1,0,11.67
SHP-502105,ORD-502105,NorthLine,2026-02-26,2026-03-01,2026-03-01,4,1,0,10.54
SHP-502106,ORD-502106,NorthLine,2026-02-27,2026-03-02,2026-02-28,2,1,0,10.55
SHP-502107,ORD-502107,NorthLine,2026-02-26,2026-03-02,2026-03-01,3,1,0,9.74
SHP-502108,ORD-502108,MetroCourier,2026-02-27,2026-03-02,2026-03-02,4,1,0,9.71
SHP-502109,ORD-502109,MetroCourier,2026-02-27,2026-03-02,2026-02-28,2,1,0,9.28
SHP-502110,ORD-502110,ParcelFast,2026-02-28,2026-03-02,2026-03-02,4,1,0,9.48
SHP-502111,ORD-502111,NorthLine,2026-02-28,2026-03-02,2026-03-04,6,0,2,10.82
SHP-502112,ORD-502112,ShipRight,2026-02-28,2026-03-02,2026-03-01,3,1,0,12.3
SHP-502113,ORD-502113,NorthLine,2026-02-27,2026-03-02,2026-03-01,3,1,0,12.06
SHP-502114,ORD-502114,MetroCourier,2026-02-28,2026-03-02,2026-03-04,6,0,2,11.64
SHP-502115,ORD-502115,ParcelFast,2026-02-28,2026-03-02,2026-03-01,3,1,0,11.88
SHP-502116,ORD-502116,ParcelFast,2026-02-28,2026-03-02,2026-03-02,4,1,0,13.58
SHP-502117,ORD-502117,NorthLine,2026-03-01,2026-03-02,2026-03-05,7,0,3,11.67
SHP-502118,ORD-502118,MetroCourier,2026-02-28,2026-03-02,2026-03-02,4,1,0,13.21
SHP-502119,ORD-502119,MetroCourier,2026-02-26,2026-03-02,2026-02-28,2,1,0,12.64
SHP-502120,ORD-502120,ShipRight,2026-02-27,2026-03-02,2026-03-05,7,0,3,11.64
SHP-502121,ORD-502121,ParcelFast,2026-02-27,2026-03-02,2026-03-02,4,1,0,14.52
SHP-502122,ORD-502122,NorthLine,2026-02-27,2026-03-02,2026-03-03,5,0,1,12.88
SHP-502123,ORD-502123,ShipRight,2026-02-27,2026-03-02,2026-03-01,3,1,0,11.79
SHP-502124,ORD-502124,NorthLine,2026-02-28,2026-03-02,2026-03-04,6,0,2,11.36
SHP-502125,ORD-502125,MetroCourier,2026-02-27,2026-03-02,2026-03-02,4,1,0,12.9
SHP-502126,ORD-502126,NorthLine,2026-02-26,2026-03-02,2026-02-27,1,1,0,11.39
SHP-502127,ORD-502127,ParcelFast,2026-02-27,2026-03-02,2026-03-04,6,0,2,10.6
SHP-502128,ORD-502128,ParcelFast,2026-02-28,2026-03-02,2026-03-04,6,0,2,12.51
SHP-502129,ORD-502129,ParcelFast,2026-02-27,2026-03-02,2026-02-28,2,1,0,9.92
SHP-502130,ORD-502130,ShipRight,2026-02-26,2026-03-02,2026-03-01,3,1,0,10.96
SHP-502131,ORD-502131,NorthLine,2026-02-27,2026-03-02,2026-02-28,2,1,0,11.99
SHP-502132,ORD-502132,NorthLine,2026-02-28,2026-03-02,2026-03-06,8,0,4,10.86
SHP-502133,ORD-502133,MetroCourier,2026-02-28,2026-03-02,2026-03-03,5,0,1,9.12
SHP-502134,ORD-502134,NorthLine,2026-02-27,2026-03-02,2026-03-04,6,0,2,12.96
SHP-502135,ORD-502135,NorthLine,2026-02-27,2026-03-02,2026-02-28,2,1,0,9.77
SHP-502136,ORD-502136,NorthLine,2026-02-26,2026-03-02,2026-02-27,1,1,0,10.1
SHP-502137,ORD-502137,MetroCourier,2026-02-27,2026-03-02,2026-03-01,3,1,0,10.51
SHP-502138,ORD-502138,ShipRight,2026-02-26,2026-03-02,2026-03-01,3,1,0,11.17
SHP-502139,ORD-502139,NorthLine,2026-02-28,2026-03-02,2026-03-04,6,0,2,10.4
SHP-502140,ORD-502140,ShipRight,2026-02-27,2026-03-02,2026-03-04,6,0,2,10.49
SHP-502141,ORD-502141,MetroCourier,2026-02-27,2026-03-02,2026-03-01,3,1,0,13.71
SHP-502142,ORD-502142,ShipRight,2026-03-01,2026-03-02,2026-03-06,8,0,4,11.04
SHP-502143,ORD-502143,ParcelFast,2026-02-27,2026-03-02,2026-03-01,3,1,0,9.53
SHP-502144,ORD-502144,ShipRight,2026-02-26,2026-03-02,2026-03-01,3,1,0,11.36
SHP-502145,ORD-502145,ShipRight,2026-02-28,2026-03-02,2026-03-04,6,0,2,13.11
SHP-502146,ORD-502146,NorthLine,2026-02-28,2026-03-02,2026-03-06,8,0,4,12.15
SHP-502147,ORD-502147,NorthLine,2026-02-28,2026-03-03,2026-03-04,5,0,1,11.36
SHP-502148,ORD-502148,ParcelFast,2026-02-28,2026-03-03,2026-03-04,5,0,1,12.37
SHP-502149,ORD-502149,ShipRight,2026-02-28,2026-03-03,2026-03-03,4,1,0,8.95
SHP-502150,ORD-502150,MetroCourier,2026-02-27,2026-03-03,2026-03-01,2,1,0,10.63
SHP-502151,ORD-502151,ShipRight,2026-03-01,2026-03-03,2026-03-03,4,1,0,9.43
SHP-502152,ORD-502152,ShipRight,2026-02-27,2026-03-03,2026-03-03,4,1,0,14.02
SHP-502153,ORD-502153,ParcelFast,2026-02-27,2026-03-03,2026-03-02,3,1,0,8.78
SHP-502154,ORD-502154,ShipRight,2026-03-02,2026-03-03,2026-03-05,6,0,2,8.79
SHP-502155,ORD-502155,ShipRight,2026-02-28,2026-03-03,2026-03-02,3,1,0,12.8
SHP-502156,ORD-502156,NorthLine,2026-02-28,2026-03-03,2026-03-02,3,1,0,12.26
SHP-502157,ORD-502157,ShipRight,2026-02-27,2026-03-03,2026-03-02,3,1,0,12.21
SHP-502158,ORD-502158,NorthLine,2026-02-28,2026-03-03,2026-03-03,4,1,0,9.89
SHP-502159,ORD-502159,ShipRight,2026-02-28,2026-03-03,2026-03-02,3,1,0,10.16
SHP-502160,ORD-502160,NorthLine,2026-03-02,2026-03-03,2026-03-09,10,0,6,13.08
SHP-502161,ORD-502161,NorthLine,2026-03-01,2026-03-03,2026-03-04,5,0,1,10.48
SHP-502162,ORD-502162,ParcelFast,2026-03-01,2026-03-03,2026-03-03,4,1,0,12.36
SHP-502163,ORD-502163,ParcelFast,2026-02-28,2026-03-03,2026-03-04,5,0,1,9.3
SHP-502164,ORD-502164,ShipRight,2026-02-28,2026-03-03,2026-03-05,6,0,2,12.05
SHP-502165,ORD-502165,ParcelFast,2026-02-28,2026-03-03,2026-03-01,2,1,0,14.32
SHP-502166,ORD-502166,ShipRight,2026-02-27,2026-03-03,2026-03-01,2,1,0,12.1
SHP-502167,ORD-502167,MetroCourier,2026-02-28,2026-03-03,2026-03-02,3,1,0,13.85
SHP-502168,ORD-502168,MetroCourier,2026-02-27,2026-03-03,2026-03-02,3,1,0,14.23
SHP-502169,ORD-502169,ShipRight,2026-03-02,2026-03-03,2026-03-04,5,0,1,11.45
SHP-502170,ORD-502170,MetroCourier,2026-03-01,2026-03-03,2026-03-05,6,0,2,12.64
SHP-502171,ORD-502171,MetroCourier,2026-03-01,2026-03-03,2026-03-04,5,0,1,12.95
SHP-502172,ORD-502172,NorthLine,2026-03-01,2026-03-03,2026-03-05,6,0,2,12.66
SHP-502173,ORD-502173,NorthLine,2026-03-01,2026-03-03,2026-03-06,7,0,3,12.38
SHP-502174,ORD-502174,MetroCourier,2026-03-01,2026-03-03,2026-03-03,4,1,0,10.7
SHP-502175,ORD-502175,NorthLine,2026-02-27,2026-03-03,2026-03-02,3,1,0,9.01
SHP-502176,ORD-502176,NorthLine,2026-02-28,2026-03-03,2026-03-02,3,1,0,11.42
SHP-502177,ORD-502177,MetroCourier,2026-02-28,2026-03-03,2026-03-01,2,1,0,12.11
SHP-502178,ORD-502178,ParcelFast,2026-02-28,2026-03-03,2026-03-04,5,0,1,12.56
SHP-502179,ORD-502179,ParcelFast,2026-03-02,2026-03-03,2026-03-05,6,0,2,10.11
SHP-502180,ORD-502180,ParcelFast,2026-02-27,2026-03-03,2026-03-01,2,1,0,9.91
SHP-502181,ORD-502181,ParcelFast,2026-03-01,2026-03-03,2026-03-05,6,0,2,9.2
SHP-502182,ORD-502182,ParcelFast,2026-02-28,2026-03-03,2026-03-01,2,1,0,12.21
SHP-502183,ORD-502183,NorthLine,2026-03-02,2026-03-04,2026-03-04,4,1,0,9.18
SHP-502184,ORD-502184,NorthLine,2026-03-01,2026-03-04,2026-03-03,3,1,0,13.24
SHP-502185,ORD-502185,NorthLine,2026-03-01,2026-03-04,2026-03-02,2,1,0,10.17
SHP-502186,ORD-502186,ShipRight,2026-03-01,2026-03-04,2026-03-06,6,0,2,11.87
SHP-502187,ORD-502187,ShipRight,2026-03-01,2026-03-04,2026-03-03,3,1,0,10.32
SHP-502188,ORD-502188,ParcelFast,2026-03-02,2026-03-04,2026-03-05,5,0,1,11.4
SHP-502189,ORD-502189,ParcelFast,2026-03-02,2026-03-04,2026-03-04,4,1,0,11.55
SHP-502190,ORD-502190,MetroCourier,2026-03-01,2026-03-04,2026-03-03,3,1,0,12.65
SHP-502191,ORD-502191,NorthLine,2026-02-28,2026-03-04,2026-03-05,5,0,1,10.84
SHP-502192,ORD-502192,ShipRight,2026-02-28,2026-03-04,2026-03-02,2,1,0,10.26
SHP-502193,ORD-502193,NorthLine,2026-03-01,2026-03-04,2026-03-04,4,1,0,11.76
SHP-502194,ORD-502194,ParcelFast,2026-02-28,2026-03-04,2026-03-03,3,1,0,9.67
SHP-502195,ORD-502195,NorthLine,2026-03-02,2026-03-04,2026-03-04,4,1,0,9.0
SHP-502196,ORD-502196,ShipRight,2026-03-02,2026-03-04,2026-03-06,6,0,2,9.27
SHP-502197,ORD-502197,ParcelFast,2026-03-01,2026-03-04,2026-03-05,5,0,1,12.08
SHP-502198,ORD-502198,ParcelFast,2026-02-28,2026-03-04,2026-03-02,2,1,0,12.13
SHP-502199,ORD-502199,ParcelFast,2026-03-03,2026-03-04,2026-03-06,6,0,2,11.03
SHP-502200,ORD-502200,MetroCourier,2026-02-28,2026-03-04,2026-03-04,4,1,0,13.72
SHP-502201,ORD-502201,NorthLine,2026-03-02,2026-03-04,2026-03-04,4,1,0,11.09
SHP-502202,ORD-502202,ShipRight,2026-02-28,2026-03-04,2026-03-04,4,1,0,11.08
SHP-502203,ORD-502203,NorthLine,2026-03-01,2026-03-04,2026-03-07,7,0,3,11.19
SHP-502204,ORD-502204,MetroCourier,2026-03-01,2026-03-04,2026-03-03,3,1,0,13.88
SHP-502205,ORD-502205,ShipRight,2026-03-01,2026-03-04,2026-03-05,5,0,1,10.94
SHP-502206,ORD-502206,MetroCourier,2026-03-01,2026-03-04,2026-03-05,5,0,1,11.91
SHP-502207,ORD-502207,MetroCourier,2026-02-28,2026-03-04,2026-03-03,3,1,0,9.22
SHP-502208,ORD-502208,ShipRight,2026-03-01,2026-03-04,2026-03-07,7,0,3,14.94
SHP-502209,ORD-502209,ParcelFast,2026-03-01,2026-03-04,2026-03-02,2,1,0,10.58
SHP-502210,ORD-502210,NorthLine,2026-03-01,2026-03-04,2026-03-07,7,0,3,12.0
SHP-502211,ORD-502211,MetroCourier,2026-03-01,2026-03-04,2026-03-05,5,0,1,10.4
SHP-502212,ORD-502212,ParcelFast,2026-03-01,2026-03-04,2026-03-06,6,0,2,12.37
SHP-502213,ORD-502213,NorthLine,2026-03-02,2026-03-04,2026-03-03,3,1,0,12.27
SHP-502214,ORD-502214,ParcelFast,2026-03-01,2026-03-04,2026-03-03,3,1,0,12.65
SHP-502215,ORD-502215,ShipRight,2026-03-01,2026-03-04,2026-03-03,3,1,0,12.6
SHP-502216,ORD-502216,MetroCourier,2026-03-01,2026-03-04,2026-03-06,6,0,2,12.67
SHP-502217,ORD-502217,ShipRight,2026-03-02,2026-03-04,2026-03-05,5,0,1,11.45
SHP-502218,ORD-502218,ShipRight,2026-02-28,2026-03-04,2026-03-03,3,1,0,10.74
SHP-502219,ORD-502219,ShipRight,2026-02-28,2026-03-04,2026-03-03,3,1,0,11.14
SHP-502220,ORD-502220,NorthLine,2026-03-01,2026-03-04,2026-03-03,3,1,0,14.51
SHP-502221,ORD-502221,ShipRight,2026-03-03,2026-03-04,2026-03-04,4,1,0,8.73
SHP-502222,ORD-502222,ParcelFast,2026-03-01,2026-03-04,2026-03-03,3,1,0,13.49
SHP-502223,ORD-502223,NorthLine,2026-03-01,2026-03-04,2026-03-03,3,1,0,9.62
SHP-502224,ORD-502224,NorthLine,2026-03-01,2026-03-04,2026-03-04,4,1,0,12.02
SHP-502225,ORD-502225,ShipRight,2026-02-28,2026-03-04,2026-03-02,2,1,0,11.58
SHP-502226,ORD-502226,MetroCourier,2026-03-02,2026-03-04,2026-03-03,3,1,0,9.06
SHP-502227,ORD-502227,ParcelFast,2026-03-01,2026-03-04,2026-03-03,3,1,0,12.11
SHP-502228,ORD-502228,MetroCourier,2026-03-01,2026-03-04,2026-03-05,5,0,1,10.02
SHP-502229,ORD-502229,ParcelFast,2026-03-01,2026-03-05,2026-03-05,4,1,0,12.91
SHP-502230,ORD-502230,ShipRight,2026-03-02,2026-03-05,2026-03-09,8,0,4,10.95
SHP-502231,ORD-502231,ShipRight,2026-03-02,2026-03-05,2026-03-06,5,0,1,12.14
SHP-502232,ORD-502232,NorthLine,2026-03-02,2026-03-05,2026-03-05,4,1,0,13.66
SHP-502233,ORD-502233,MetroCourier,2026-03-03,2026-03-05,2026-03-05,4,1,0,11.72
SHP-502234,ORD-502234,ParcelFast,2026-03-03,2026-03-05,2026-03-04,3,1,0,9.91
SHP-502235,ORD-502235,MetroCourier,2026-03-01,2026-03-05,2026-03-07,6,0,2,9.53
SHP-502236,ORD-502236,ParcelFast,2026-03-04,2026-03-05,2026-03-06,5,0,1,11.47
SHP-502237,ORD-502237,ParcelFast,2026-03-02,2026-03-05,2026-03-09,8,0,4,9.88
SHP-502238,ORD-502238,ShipRight,2026-03-02,2026-03-05,2026-03-06,5,0,1,12.07
SHP-502239,ORD-502239,ParcelFast,2026-03-03,2026-03-05,2026-03-08,7,0,3,9.18
SHP-502240,ORD-502240,NorthLine,2026-03-03,2026-03-05,2026-03-06,5,0,1,12.4
SHP-502241,ORD-502241,ShipRight,2026-03-03,2026-03-05,2026-03-08,7,0,3,11.82
SHP-502242,ORD-502242,ShipRight,2026-03-02,2026-03-05,2026-03-04,3,1,0,14.48
SHP-502243,ORD-502243,ParcelFast,2026-03-02,2026-03-05,2026-03-06,5,0,1,11.77
SHP-502244,ORD-502244,NorthLine,2026-03-02,2026-03-05,2026-03-07,6,0,2,12.16
SHP-502245,ORD-502245,ShipRight,2026-03-02,2026-03-05,2026-03-06,5,0,1,10.18
SHP-502246,ORD-502246,ShipRight,2026-03-03,2026-03-05,2026-03-09,8,0,4,10.67
SHP-502247,ORD-502247,NorthLine,2026-03-01,2026-03-05,2026-03-05,4,1,0,9.3
SHP-502248,ORD-502248,NorthLine,2026-03-02,2026-03-05,2026-03-05,4,1,0,14.81
SHP-502249,ORD-502249,ShipRight,2026-03-03,2026-03-05,2026-03-07,6,0,2,10.58
SHP-502250,ORD-502250,NorthLine,2026-03-03,2026-03-05,2026-03-07,6,0,2,10.35
SHP-502251,ORD-502251,ShipRight,2026-03-03,2026-03-05,2026-03-04,3,1,0,10.66
SHP-502252,ORD-502252,NorthLine,2026-03-03,2026-03-05,2026-03-08,7,0,3,11.48
SHP-502253,ORD-502253,ShipRight,2026-03-03,2026-03-05,2026-03-04,3,1,0,10.52
SHP-502254,ORD-502254,ParcelFast,2026-03-02,2026-03-05,2026-03-05,4,1,0,12.2
SHP-502255,ORD-502255,MetroCourier,2026-03-03,2026-03-05,2026-03-07,6,0,2,13.08
SHP-502256,ORD-502256,ParcelFast,2026-03-03,2026-03-05,2026-03-07,6,0,2,11.69
SHP-502257,ORD-502257,MetroCourier,2026-03-02,2026-03-05,2026-03-04,3,1,0,10.03
SHP-502258,ORD-502258,ParcelFast,2026-03-03,2026-03-05,2026-03-08,7,0,3,12.27
SHP-502259,ORD-502259,ShipRight,2026-03-01,2026-03-05,2026-03-03,2,1,0,10.14
SHP-502260,ORD-502260,ParcelFast,2026-03-01,2026-03-05,2026-03-02,1,1,0,15.88
SHP-502261,ORD-502261,NorthLine,2026-03-04,2026-03-05,2026-03-05,4,1,0,8.89
SHP-502262,ORD-502262,ParcelFast,2026-03-02,2026-03-05,2026-03-06,5,0,1,13.28
SHP-502263,ORD-502263,ParcelFast,2026-03-03,2026-03-05,2026-03-06,5,0,1,9.78
SHP-502264,ORD-502264,NorthLine,2026-03-02,2026-03-05,2026-03-03,2,1,0,11.48
SHP-502265,ORD-502265,NorthLine,2026-03-03,2026-03-05,2026-03-06,5,0,1,12.35
SHP-502266,ORD-502266,ShipRight,2026-03-01,2026-03-05,2026-03-04,3,1,0,10.71
SHP-502267,ORD-502267,NorthLine,2026-03-01,2026-03-05,2026-03-06,5,0,1,13.47
SHP-502268,ORD-502268,ParcelFast,2026-03-02,2026-03-05,2026-03-04,3,1,0,12.51
SHP-502269,ORD-502269,ParcelFast,2026-03-02,2026-03-05,2026-03-03,2,1,0,11.83
SHP-502270,ORD-502270,ParcelFast,2026-03-03,2026-03-05,2026-03-04,3,1,0,11.85
SHP-502271,ORD-502271,ParcelFast,2026-03-05,2026-03-06,2026-03-06,4,1,0,11.12
SHP-502272,ORD-502272,ShipRight,2026-03-02,2026-03-06,2026-03-04,2,1,0,11.75
SHP-502273,ORD-502273,NorthLine,2026-03-04,2026-03-06,2026-03-08,6,0,2,10.72
SHP-502274,ORD-502274,ParcelFast,2026-03-02,2026-03-06,2026-03-05,3,1,0,11.81
SHP-502275,ORD-502275,ParcelFast,2026-03-05,2026-03-06,2026-03-08,6,0,2,11.51
SHP-502276,ORD-502276,NorthLine,2026-03-04,2026-03-06,2026-03-05,3,1,0,10.31
SHP-502277,ORD-502277,ShipRight,2026-03-03,2026-03-06,2026-03-06,4,1,0,10.91
SHP-502278,ORD-502278,NorthLine,2026-03-03,2026-03-06,2026-03-05,3,1,0,10.23
SHP-502279,ORD-502279,MetroCourier,2026-03-02,2026-03-06,2026-03-04,2,1,0,11.19
SHP-502280,ORD-502280,MetroCourier,2026-03-05,2026-03-06,2026-03-06,4,1,0,13.8
SHP-502281,ORD-502281,ShipRight,2026-03-04,2026-03-06,2026-03-08,6,0,2,11.46
SHP-502282,ORD-502282,ShipRight,2026-03-03,2026-03-06,2026-03-07,5,0,1,11.64
SHP-502283,ORD-502283,ShipRight,2026-03-02,2026-03-06,2026-03-05,3,1,0,12.38
SHP-502284,ORD-502284,ShipRight,2026-03-03,2026-03-06,2026-03-06,4,1,0,10.46
SHP-502285,ORD-502285,ParcelFast,2026-03-03,2026-03-06,2026-03-05,3,1,0,10.69
SHP-502286,ORD-502286,ShipRight,2026-03-03,2026-03-06,2026-03-07,5,0,1,12.08
SHP-502287,ORD-502287,ShipRight,2026-03-02,2026-03-06,2026-03-04,2,1,0,11.12
SHP-502288,ORD-502288,ParcelFast,2026-03-03,2026-03-06,2026-03-07,5,0,1,10.36
SHP-502289,ORD-502289,NorthLine,2026-03-03,2026-03-06,2026-03-07,5,0,1,12.27
SHP-502290,ORD-502290,MetroCourier,2026-03-03,2026-03-06,2026-03-05,3,1,0,8.87
SHP-502291,ORD-502291,MetroCourier,2026-03-05,2026-03-07,2026-03-08,5,0,1,10.85
SHP-502292,ORD-502292,MetroCourier,2026-03-04,2026-03-07,2026-03-09,6,0,2,10.08
SHP-502293,ORD-502293,MetroCourier,2026-03-04,2026-03-07,2026-03-07,4,1,0,11.12
SHP-502294,ORD-502294,MetroCourier,2026-03-04,2026-03-07,2026-03-09,6,0,2,10.66
SHP-502295,ORD-502295,ParcelFast,2026-03-05,2026-03-07,2026-03-09,6,0,2,11.94
SHP-502296,ORD-502296,ParcelFast,2026-03-04,2026-03-07,2026-03-05,2,1,0,12.63
SHP-502297,ORD-502297,ParcelFast,2026-03-03,2026-03-07,2026-03-06,3,1,0,12.06
SHP-502298,ORD-502298,NorthLine,2026-03-04,2026-03-07,2026-03-06,3,1,0,10.39
SHP-502299,ORD-502299,ShipRight,2026-03-04,2026-03-07,2026-03-10,7,0,3,8.83
SHP-502300,ORD-502300,ParcelFast,2026-03-06,2026-03-07,2026-03-12,9,0,5,10.51
SHP-502301,ORD-502301,MetroCourier,2026-03-03,2026-03-07,2026-03-05,2,1,0,12.1
SHP-502302,ORD-502302,ParcelFast,2026-03-05,2026-03-07,2026-03-07,4,1,0,11.85
SHP-502303,ORD-502303,ParcelFast,2026-03-03,2026-03-07,2026-03-06,3,1,0,9.94
SHP-502304,ORD-502304,ShipRight,2026-03-05,2026-03-07,2026-03-08,5,0,1,12.48
SHP-502305,ORD-502305,NorthLine,2026-03-04,2026-03-07,2026-03-10,7,0,3,12.35
SHP-502306,ORD-502306,NorthLine,2026-03-04,2026-03-07,2026-03-06,3,1,0,10.65
SHP-502307,ORD-502307,ShipRight,2026-03-05,2026-03-07,2026-03-08,5,0,1,11.77
SHP-502308,ORD-502308,ParcelFast,2026-03-04,2026-03-07,2026-03-07,4,1,0,11.11
SHP-502309,ORD-502309,ParcelFast,2026-03-04,2026-03-07,2026-03-06,3,1,0,9.07
SHP-502310,ORD-502310,MetroCourier,2026-03-04,2026-03-07,2026-03-09,6,0,2,12.44
SHP-502311,ORD-502311,ShipRight,2026-03-04,2026-03-07,2026-03-07,4,1,0,11.28
SHP-502312,ORD-502312,NorthLine,2026-03-05,2026-03-07,2026-03-08,5,0,1,13.27
SHP-502313,ORD-502313,ParcelFast,2026-03-04,2026-03-07,2026-03-05,2,1,0,11.04
SHP-502314,ORD-502314,ShipRight,2026-03-04,2026-03-07,2026-03-09,6,0,2,12.96
SHP-502315,ORD-502315,NorthLine,2026-03-06,2026-03-07,2026-03-07,4,1,0,11.16
SHP-502316,ORD-502316,ParcelFast,2026-03-04,2026-03-07,2026-03-05,2,1,0,10.84
SHP-502317,ORD-502317,ParcelFast,2026-03-03,2026-03-07,2026-03-08,5,0,1,10.38
SHP-502318,ORD-502318,NorthLine,2026-03-04,2026-03-07,2026-03-06,3,1,0,8.97
SHP-502319,ORD-502319,ParcelFast,2026-03-04,2026-03-07,2026-03-06,3,1,0,11.02
SHP-502320,ORD-502320,ShipRight,2026-03-04,2026-03-07,2026-03-07,4,1,0,10.38
SHP-502321,ORD-502321,ParcelFast,2026-03-04,2026-03-07,2026-03-08,5,0,1,12.05
SHP-502322,ORD-502322,NorthLine,2026-03-04,2026-03-07,2026-03-09,6,0,2,12.8
SHP-502323,ORD-502323,ShipRight,2026-03-05,2026-03-07,2026-03-09,6,0,2,11.63
SHP-502324,ORD-502324,ParcelFast,2026-03-06,2026-03-07,2026-03-10,7,0,3,9.37
SHP-502325,ORD-502325,MetroCourier,2026-03-03,2026-03-07,2026-03-05,2,1,0,11.61
SHP-502326,ORD-502326,ShipRight,2026-03-06,2026-03-07,2026-03-09,6,0,2,9.29
SHP-502327,ORD-502327,ParcelFast,2026-03-05,2026-03-07,2026-03-07,4,1,0,11.77
SHP-502328,ORD-502328,MetroCourier,2026-03-03,2026-03-07,2026-03-04,1,1,0,12.4
SHP-502329,ORD-502329,NorthLine,2026-03-04,2026-03-07,2026-03-07,4,1,0,12.57
SHP-502330,ORD-502330,NorthLine,2026-03-05,2026-03-07,2026-03-08,5,0,1,12.01
SHP-502331,ORD-502331,NorthLine,2026-03-04,2026-03-07,2026-03-05,2,1,0,8.77
SHP-502332,ORD-502332,NorthLine,2026-03-05,2026-03-07,2026-03-07,4,1,0,9.65
SHP-502333,ORD-502333,ShipRight,2026-03-03,2026-03-07,2026-03-05,2,1,0,13.02
SHP-502334,ORD-502334,MetroCourier,2026-03-04,2026-03-07,2026-03-06,3,1,0,12.5
SHP-502335,ORD-502335,ParcelFast,2026-03-06,2026-03-08,2026-03-11,7,0,3,10.31
SHP-502336,ORD-502336,ParcelFast,2026-03-07,2026-03-08,2026-03-09,5,0,1,10.81
SHP-502337,ORD-502337,ParcelFast,2026-03-06,2026-03-08,2026-03-08,4,1,0,11.58
SHP-502338,ORD-502338,ShipRight,2026-03-05,2026-03-08,2026-03-10,6,0,2,13.32
SHP-502339,ORD-502339,MetroCourier,2026-03-06,2026-03-08,2026-03-10,6,0,2,9.53
SHP-502340,ORD-502340,ParcelFast,2026-03-05,2026-03-08,2026-03-07,3,1,0,11.57
SHP-502341,ORD-502341,MetroCourier,2026-03-04,2026-03-08,2026-03-07,3,1,0,11.37
SHP-502342,ORD-502342,MetroCourier,2026-03-06,2026-03-08,2026-03-08,4,1,0,9.45
SHP-502343,ORD-502343,MetroCourier,2026-03-06,2026-03-08,2026-03-08,4,1,0,13.69
SHP-502344,ORD-502344,ParcelFast,2026-03-06,2026-03-08,2026-03-08,4,1,0,9.76
SHP-502345,ORD-502345,ShipRight,2026-03-05,2026-03-08,2026-03-10,6,0,2,9.83
SHP-502346,ORD-502346,MetroCourier,2026-03-06,2026-03-08,2026-03-07,3,1,0,9.52
SHP-502347,ORD-502347,ShipRight,2026-03-04,2026-03-08,2026-03-06,2,1,0,11.41
SHP-502348,ORD-502348,ParcelFast,2026-03-04,2026-03-08,2026-03-06,2,1,0,11.15
SHP-502349,ORD-502349,ShipRight,2026-03-05,2026-03-08,2026-03-09,5,0,1,12.25
SHP-502350,ORD-502350,ShipRight,2026-03-05,2026-03-08,2026-03-10,6,0,2,11.32
SHP-502351,ORD-502351,NorthLine,2026-03-07,2026-03-08,2026-03-09,5,0,1,10.22
SHP-502352,ORD-502352,MetroCourier,2026-03-05,2026-03-08,2026-03-08,4,1,0,12.04
SHP-502353,ORD-502353,MetroCourier,2026-03-05,2026-03-08,2026-03-09,5,0,1,9.26
SHP-502354,ORD-502354,ParcelFast,2026-03-05,2026-03-08,2026-03-08,4,1,0,13.49
SHP-502355,ORD-502355,NorthLine,2026-03-06,2026-03-08,2026-03-07,3,1,0,10.84
SHP-502356,ORD-502356,MetroCourier,2026-03-05,2026-03-08,2026-03-10,6,0,2,11.0
SHP-502357,ORD-502357,MetroCourier,2026-03-06,2026-03-08,2026-03-08,4,1,0,11.96
SHP-502358,ORD-502358,MetroCourier,2026-03-06,2026-03-08,2026-03-10,6,0,2,15.08
SHP-502359,ORD-502359,ParcelFast,2026-03-05,2026-03-08,2026-03-07,3,1,0,13.83
SHP-502360,ORD-502360,NorthLine,2026-03-06,2026-03-08,2026-03-08,4,1,0,11.31
SHP-502361,ORD-502361,ParcelFast,2026-03-05,2026-03-08,2026-03-09,5,0,1,11.84
SHP-502362,ORD-502362,ShipRight,2026-03-06,2026-03-08,2026-03-12,8,0,4,13.13
SHP-502363,ORD-502363,ShipRight,2026-03-06,2026-03-08,2026-03-10,6,0,2,12.13
SHP-502364,ORD-502364,ParcelFast,2026-03-07,2026-03-08,2026-03-09,5,0,1,10.49
SHP-502365,ORD-502365,ShipRight,2026-03-05,2026-03-08,2026-03-09,5,0,1,11.99
SHP-502366,ORD-502366,MetroCourier,2026-03-05,2026-03-08,2026-03-07,3,1,0,11.2
SHP-502367,ORD-502367,ShipRight,2026-03-06,2026-03-08,2026-03-10,6,0,2,13.88
SHP-502368,ORD-502368,MetroCourier,2026-03-05,2026-03-08,2026-03-10,6,0,2,11.42
SHP-502369,ORD-502369,NorthLine,2026-03-04,2026-03-08,2026-03-06,2,1,0,10.18
SHP-502370,ORD-502370,NorthLine,2026-03-04,2026-03-08,2026-03-05,1,1,0,11.67
SHP-502371,ORD-502371,MetroCourier,2026-03-05,2026-03-08,2026-03-09,5,0,1,9.52
SHP-502372,ORD-502372,NorthLine,2026-03-04,2026-03-08,2026-03-09,5,0,1,10.77
SHP-502373,ORD-502373,MetroCourier,2026-03-07,2026-03-09,2026-03-10,5,0,1,9.72
SHP-502374,ORD-502374,MetroCourier,2026-03-05,2026-03-09,2026-03-10,5,0,1,13.97
SHP-502375,ORD-502375,MetroCourier,2026-03-07,2026-03-09,2026-03-09,4,1,0,11.77
SHP-502376,ORD-502376,ShipRight,2026-03-07,2026-03-09,2026-03-09,4,1,0,10.19
SHP-502377,ORD-502377,ParcelFast,2026-03-07,2026-03-09,2026-03-09,4,1,0,13.29
SHP-502378,ORD-502378,MetroCourier,2026-03-05,2026-03-09,2026-03-06,1,1,0,11.31
SHP-502379,ORD-502379,MetroCourier,2026-03-08,2026-03-09,2026-03-11,6,0,2,10.18
SHP-502380,ORD-502380,ParcelFast,2026-03-07,2026-03-09,2026-03-11,6,0,2,10.89
SHP-502381,ORD-502381,ShipRight,2026-03-08,2026-03-09,2026-03-13,8,0,4,11.58
SHP-502382,ORD-502382,MetroCourier,2026-03-07,2026-03-09,2026-03-08,3,1,0,12.1
SHP-502383,ORD-502383,NorthLine,2026-03-06,2026-03-09,2026-03-07,2,1,0,10.74
SHP-502384,ORD-502384,ShipRight,2026-03-06,2026-03-09,2026-03-10,5,0,1,10.67
SHP-502385,ORD-502385,ParcelFast,2026-03-05,2026-03-09,2026-03-09,4,1,0,10.58
SHP-502386,ORD-502386,MetroCourier,2026-03-06,2026-03-09,2026-03-09,4,1,0,11.98
SHP-502387,ORD-502387,ParcelFast,2026-03-06,2026-03-09,2026-03-08,3,1,0,11.81
SHP-502388,ORD-502388,NorthLine,2026-03-06,2026-03-09,2026-03-11,6,0,2,15.07
SHP-502389,ORD-502389,MetroCourier,2026-03-06,2026-03-09,2026-03-08,3,1,0,11.01
SHP-502390,ORD-502390,NorthLine,2026-03-06,2026-03-09,2026-03-08,3,1,0,10.81
SHP-502391,ORD-502391,MetroCourier,2026-03-06,2026-03-09,2026-03-09,4,1,0,13.35
SHP-502392,ORD-502392,ParcelFast,2026-03-05,2026-03-09,2026-03-08,3,1,0,12.8
SHP-502393,ORD-502393,ParcelFast,2026-03-05,2026-03-09,2026-03-07,2,1,0,9.18
SHP-502394,ORD-502394,NorthLine,2026-03-07,2026-03-09,2026-03-11,6,0,2,8.9
SHP-502395,ORD-502395,MetroCourier,2026-03-06,2026-03-09,2026-03-08,3,1,0,10.29
SHP-502396,ORD-502396,MetroCourier,2026-03-07,2026-03-09,2026-03-10,5,0,1,11.17
SHP-502397,ORD-502397,NorthLine,2026-03-06,2026-03-09,2026-03-08,3,1,0,9.53
SHP-502398,ORD-502398,ShipRight,2026-03-06,2026-03-09,2026-03-08,3,1,0,12.25
SHP-502399,ORD-502399,NorthLine,2026-03-05,2026-03-09,2026-03-09,4,1,0,12.31
SHP-502400,ORD-502400,MetroCourier,2026-03-05,2026-03-09,2026-03-07,2,1,0,11.59
SHP-502401,ORD-502401,NorthLine,2026-03-05,2026-03-09,2026-03-07,2,1,0,11.46
SHP-502402,ORD-502402,ParcelFast,2026-03-05,2026-03-09,2026-03-06,1,1,0,11.69
SHP-502403,ORD-502403,ParcelFast,2026-03-05,2026-03-09,2026-03-11,6,0,2,12.6
SHP-502404,ORD-502404,MetroCourier,2026-03-05,2026-03-09,2026-03-08,3,1,0,11.59
SHP-502405,ORD-502405,MetroCourier,2026-03-06,2026-03-09,2026-03-13,8,0,4,12.02
SHP-502406,ORD-502406,ShipRight,2026-03-07,2026-03-09,2026-03-11,6,0,2,12.56
SHP-502407,ORD-502407,NorthLine,2026-03-05,2026-03-09,2026-03-07,2,1,0,11.68
SHP-502408,ORD-502408,ParcelFast,2026-03-05,2026-03-09,2026-03-07,2,1,0,12.01
SHP-502409,ORD-502409,ShipRight,2026-03-06,2026-03-09,2026-03-11,6,0,2,10.11
SHP-502410,ORD-502410,ShipRight,2026-03-06,2026-03-09,2026-03-11,6,0,2,11.6
SHP-502411,ORD-502411,ShipRight,2026-03-07,2026-03-09,2026-03-10,5,0,1,13.52
SHP-502412,ORD-502412,MetroCourier,2026-03-05,2026-03-09,2026-03-08,3,1,0,11.22
SHP-502413,ORD-502413,MetroCourier,2026-03-06,2026-03-09,2026-03-08,3,1,0,13.72
SHP-502414,ORD-502414,NorthLine,2026-03-06,2026-03-09,2026-03-08,3,1,0,14.35
SHP-502415,ORD-502415,ParcelFast,2026-03-06,2026-03-09,2026-03-11,6,0,2,16.22
SHP-502416,ORD-502416,MetroCourier,2026-03-07,2026-03-09,2026-03-10,5,0,1,13.37
SHP-502417,ORD-502417,NorthLine,2026-03-08,2026-03-09,2026-03-10,5,0,1,13.45
SHP-502418,ORD-502418,ShipRight,2026-03-07,2026-03-09,2026-03-11,6,0,2,11.77
SHP-502419,ORD-502419,MetroCourier,2026-03-06,2026-03-09,2026-03-10,5,0,1,16.03
SHP-502420,ORD-502420,ShipRight,2026-03-07,2026-03-09,2026-03-10,5,0,1,14.23
SHP-502421,ORD-502421,ShipRight,2026-03-08,2026-03-09,2026-03-13,8,0,4,10.6
SHP-502422,ORD-502422,NorthLine,2026-03-06,2026-03-09,2026-03-09,4,1,0,10.29
SHP-502423,ORD-502423,ParcelFast,2026-03-06,2026-03-09,2026-03-09,4,1,0,9.93
SHP-502424,ORD-502424,NorthLine,2026-03-07,2026-03-09,2026-03-10,5,0,1,11.33
SHP-502425,ORD-502425,MetroCourier,2026-03-06,2026-03-09,2026-03-08,3,1,0,9.13
SHP-502426,ORD-502426,ParcelFast,2026-03-07,2026-03-09,2026-03-10,5,0,1,10.38
SHP-502427,ORD-502427,NorthLine,2026-03-06,2026-03-09,2026-03-07,2,1,0,9.42
SHP-502428,ORD-502428,NorthLine,2026-03-06,2026-03-10,2026-03-09,3,1,0,12.34
SHP-502429,ORD-502429,ParcelFast,2026-03-07,2026-03-10,2026-03-09,3,1,0,10.92
SHP-502430,ORD-502430,ShipRight,2026-03-08,2026-03-10,2026-03-14,8,0,4,12.53
SHP-502431,ORD-502431,ShipRight,2026-03-06,2026-03-10,2026-03-08,2,1,0,11.83
SHP-502432,ORD-502432,ShipRight,2026-03-08,2026-03-10,2026-03-12,6,0,2,12.48
SHP-502433,ORD-502433,MetroCourier,2026-03-09,2026-03-10,2026-03-14,8,0,4,11.42
SHP-502434,ORD-502434,ShipRight,2026-03-07,2026-03-10,2026-03-08,2,1,0,14.86
SHP-502435,ORD-502435,ParcelFast,2026-03-06,2026-03-10,2026-03-07,1,1,0,9.16
SHP-502436,ORD-502436,ParcelFast,2026-03-07,2026-03-10,2026-03-10,4,1,0,11.31
SHP-502437,ORD-502437,NorthLine,2026-03-06,2026-03-10,2026-03-09,3,1,0,11.5
SHP-502438,ORD-502438,NorthLine,2026-03-06,2026-03-10,2026-03-11,5,0,1,13.41
SHP-502439,ORD-502439,NorthLine,2026-03-08,2026-03-10,2026-03-10,4,1,0,11.95
SHP-502440,ORD-502440,NorthLine,2026-03-08,2026-03-10,2026-03-10,4,1,0,10.97
SHP-502441,ORD-502441,ShipRight,2026-03-07,2026-03-10,2026-03-08,2,1,0,15.66
SHP-502442,ORD-502442,ParcelFast,2026-03-08,2026-03-10,2026-03-09,3,1,0,10.58
SHP-502443,ORD-502443,ShipRight,2026-03-06,2026-03-10,2026-03-08,2,1,0,11.79
SHP-502444,ORD-502444,ParcelFast,2026-03-07,2026-03-10,2026-03-11,5,0,1,8.9
SHP-502445,ORD-502445,MetroCourier,2026-03-07,2026-03-10,2026-03-12,6,0,2,11.02
SHP-502446,ORD-502446,NorthLine,2026-03-09,2026-03-10,2026-03-11,5,0,1,10.14
SHP-502447,ORD-502447,ParcelFast,2026-03-09,2026-03-10,2026-03-11,5,0,1,12.68
SHP-502448,ORD-502448,MetroCourier,2026-03-08,2026-03-10,2026-03-13,7,0,3,9.31
SHP-502449,ORD-502449,MetroCourier,2026-03-06,2026-03-10,2026-03-09,3,1,0,13.95
SHP-502450,ORD-502450,ShipRight,2026-03-07,2026-03-10,2026-03-09,3,1,0,9.0
SHP-502451,ORD-502451,MetroCourier,2026-03-08,2026-03-10,2026-03-12,6,0,2,12.45
SHP-502452,ORD-502452,MetroCourier,2026-03-07,2026-03-10,2026-03-10,4,1,0,11.21
SHP-502453,ORD-502453,MetroCourier,2026-03-07,2026-03-10,2026-03-10,4,1,0,8.96
SHP-502454,ORD-502454,ShipRight,2026-03-07,2026-03-10,2026-03-09,3,1,0,11.4
SHP-502455,ORD-502455,ParcelFast,2026-03-08,2026-03-10,2026-03-09,3,1,0,11.47
SHP-502456,ORD-502456,ParcelFast,2026-03-08,2026-03-10,2026-03-13,7,0,3,11.82
SHP-502457,ORD-502457,NorthLine,2026-03-07,2026-03-10,2026-03-08,2,1,0,13.33
SHP-502458,ORD-502458,NorthLine,2026-03-07,2026-03-10,2026-03-11,5,0,1,12.17
SHP-502459,ORD-502459,ParcelFast,2026-03-07,2026-03-10,2026-03-09,3,1,0,9.96
SHP-502460,ORD-502460,ShipRight,2026-03-06,2026-03-10,2026-03-10,4,1,0,11.36
SHP-502461,ORD-502461,ParcelFast,2026-03-07,2026-03-10,2026-03-08,2,1,0,12.9
SHP-502462,ORD-502462,ParcelFast,2026-03-09,2026-03-10,2026-03-11,5,0,1,12.93
SHP-502463,ORD-502463,ShipRight,2026-03-07,2026-03-10,2026-03-11,5,0,1,11.6
SHP-502464,ORD-502464,NorthLine,2026-03-07,2026-03-10,2026-03-11,5,0,1,11.11
SHP-502465,ORD-502465,ParcelFast,2026-03-06,2026-03-10,2026-03-09,3,1,0,9.57
SHP-502466,ORD-502466,MetroCourier,2026-03-07,2026-03-10,2026-03-09,3,1,0,11.12
SHP-502467,ORD-502467,NorthLine,2026-03-07,2026-03-10,2026-03-09,3,1,0,9.27
SHP-502468,ORD-502468,ShipRight,2026-03-07,2026-03-10,2026-03-11,5,0,1,11.81
SHP-502469,ORD-502469,ParcelFast,2026-03-07,2026-03-10,2026-03-10,4,1,0,12.59
SHP-502470,ORD-502470,ShipRight,2026-03-07,2026-03-10,2026-03-08,2,1,0,12.5
SHP-502471,ORD-502471,NorthLine,2026-03-07,2026-03-10,2026-03-10,4,1,0,11.2
SHP-502472,ORD-502472,MetroCourier,2026-03-08,2026-03-10,2026-03-13,7,0,3,10.84
SHP-502473,ORD-502473,NorthLine,2026-03-07,2026-03-10,2026-03-09,3,1,0,14.87
SHP-502474,ORD-502474,NorthLine,2026-03-07,2026-03-10,2026-03-08,2,1,0,11.37
SHP-502475,ORD-502475,NorthLine,2026-03-07,2026-03-10,2026-03-10,4,1,0,12.32
SHP-502476,ORD-502476,NorthLine,2026-03-07,2026-03-10,2026-03-09,3,1,0,11.26
SHP-502477,ORD-502477,MetroCourier,2026-03-08,2026-03-10,2026-03-12,6,0,2,11.64
SHP-502478,ORD-502478,ShipRight,2026-03-06,2026-03-10,2026-03-10,4,1,0,13.79
SHP-502479,ORD-502479,NorthLine,2026-03-07,2026-03-10,2026-03-10,4,1,0,12.94
SHP-502480,ORD-502480,ShipRight,2026-03-08,2026-03-11,2026-03-09,2,1,0,9.72
SHP-502481,ORD-502481,ShipRight,2026-03-08,2026-03-11,2026-03-12,5,0,1,9.64
SHP-502482,ORD-502482,NorthLine,2026-03-08,2026-03-11,2026-03-13,6,0,2,9.38
SHP-502483,ORD-502483,NorthLine,2026-03-07,2026-03-11,2026-03-08,1,1,0,13.25
SHP-502484,ORD-502484,ShipRight,2026-03-09,2026-03-11,2026-03-15,8,0,4,9.81
SHP-502485,ORD-502485,ShipRight,2026-03-09,2026-03-11,2026-03-13,6,0,2,13.19
SHP-502486,ORD-502486,NorthLine,2026-03-08,2026-03-11,2026-03-09,2,1,0,9.19
SHP-502487,ORD-502487,NorthLine,2026-03-08,2026-03-11,2026-03-12,5,0,1,10.43
SHP-502488,ORD-502488,ShipRight,2026-03-09,2026-03-11,2026-03-13,6,0,2,9.35
SHP-502489,ORD-502489,MetroCourier,2026-03-08,2026-03-11,2026-03-13,6,0,2,12.93
SHP-502490,ORD-502490,MetroCourier,2026-03-08,2026-03-11,2026-03-11,4,1,0,12.18
SHP-502491,ORD-502491,ShipRight,2026-03-08,2026-03-11,2026-03-14,7,0,3,10.2
SHP-502492,ORD-502492,ParcelFast,2026-03-07,2026-03-11,2026-03-10,3,1,0,12.86
SHP-502493,ORD-502493,NorthLine,2026-03-08,2026-03-11,2026-03-15,8,0,4,14.69
SHP-502494,ORD-502494,MetroCourier,2026-03-08,2026-03-11,2026-03-09,2,1,0,11.8
SHP-502495,ORD-502495,ShipRight,2026-03-08,2026-03-11,2026-03-11,4,1,0,11.76
SHP-502496,ORD-502496,NorthLine,2026-03-09,2026-03-11,2026-03-10,3,1,0,13.81
SHP-502497,ORD-502497,ParcelFast,2026-03-08,2026-03-11,2026-03-10,3,1,0,12.51
SHP-502498,ORD-502498,ParcelFast,2026-03-09,2026-03-11,2026-03-13,6,0,2,12.79
SHP-502499,ORD-502499,MetroCourier,2026-03-10,2026-03-11,2026-03-12,5,0,1,13.51
SHP-502500,ORD-502500,NorthLine,2026-03-09,2026-03-11,2026-03-10,3,1,0,9.0
SHP-502501,ORD-502501,MetroCourier,2026-03-08,2026-03-11,2026-03-11,4,1,0,9.22
SHP-502502,ORD-502502,NorthLine,2026-03-08,2026-03-11,2026-03-11,4,1,0,12.31
SHP-502503,ORD-502503,ShipRight,2026-03-08,2026-03-11,2026-03-11,4,1,0,10.74
SHP-502504,ORD-502504,MetroCourier,2026-03-10,2026-03-11,2026-03-14,7,0,3,11.52
SHP-502505,ORD-502505,ParcelFast,2026-03-07,2026-03-11,2026-03-10,3,1,0,9.14
SHP-502506,ORD-502506,MetroCourier,2026-03-07,2026-03-11,2026-03-11,4,1,0,9.23
SHP-502507,ORD-502507,NorthLine,2026-03-09,2026-03-11,2026-03-12,5,0,1,12.06
SHP-502508,ORD-502508,MetroCourier,2026-03-08,2026-03-11,2026-03-13,6,0,2,8.77
SHP-502509,ORD-502509,ParcelFast,2026-03-08,2026-03-11,2026-03-09,2,1,0,11.66
SHP-502510,ORD-502510,MetroCourier,2026-03-07,2026-03-11,2026-03-11,4,1,0,10.1
SHP-502511,ORD-502511,NorthLine,2026-03-08,2026-03-11,2026-03-12,5,0,1,10.72
SHP-502512,ORD-502512,ShipRight,2026-03-08,2026-03-11,2026-03-11,4,1,0,11.52
SHP-502513,ORD-502513,ShipRight,2026-03-08,2026-03-11,2026-03-12,5,0,1,12.24
SHP-502514,ORD-502514,NorthLine,2026-03-08,2026-03-11,2026-03-11,4,1,0,11.99
SHP-502515,ORD-502515,MetroCourier,2026-03-08,2026-03-11,2026-03-11,4,1,0,14.32
SHP-502516,ORD-502516,MetroCourier,2026-03-09,2026-03-11,2026-03-11,4,1,0,10.67
SHP-502517,ORD-502517,ShipRight,2026-03-08,2026-03-11,2026-03-10,3,1,0,9.53
SHP-502518,ORD-502518,MetroCourier,2026-03-10,2026-03-12,2026-03-13,5,0,1,13.05
SHP-502519,ORD-502519,ParcelFast,2026-03-08,2026-03-12,2026-03-15,7,0,3,10.62
SHP-502520,ORD-502520,NorthLine,2026-03-09,2026-03-12,2026-03-12,4,1,0,12.39
SHP-502521,ORD-502521,ParcelFast,2026-03-08,2026-03-12,2026-03-11,3,1,0,9.19
SHP-502522,ORD-502522,MetroCourier,2026-03-09,2026-03-12,2026-03-13,5,0,1,9.89
SHP-502523,ORD-502523,ShipRight,2026-03-09,2026-03-12,2026-03-10,2,1,0,10.65
SHP-502524,ORD-502524,NorthLine,2026-03-11,2026-03-12,2026-03-14,6,0,2,10.71
SHP-502525,ORD-502525,ParcelFast,2026-03-08,2026-03-12,2026-03-10,2,1,0,9.03
SHP-502526,ORD-502526,MetroCourier,2026-03-09,2026-03-12,2026-03-12,4,1,0,13.23
SHP-502527,ORD-502527,ParcelFast,2026-03-09,2026-03-12,2026-03-11,3,1,0,10.48
SHP-502528,ORD-502528,ParcelFast,2026-03-09,2026-03-12,2026-03-12,4,1,0,9.67
SHP-502529,ORD-502529,ParcelFast,2026-03-10,2026-03-12,2026-03-12,4,1,0,9.15
SHP-502530,ORD-502530,NorthLine,2026-03-10,2026-03-12,2026-03-14,6,0,2,10.43
SHP-502531,ORD-502531,ShipRight,2026-03-10,2026-03-12,2026-03-12,4,1,0,11.77
SHP-502532,ORD-502532,ShipRight,2026-03-11,2026-03-12,2026-03-12,4,1,0,11.75
SHP-502533,ORD-502533,NorthLine,2026-03-09,2026-03-12,2026-03-11,3,1,0,8.79
SHP-502534,ORD-502534,NorthLine,2026-03-09,2026-03-12,2026-03-11,3,1,0,15.48
SHP-502535,ORD-502535,MetroCourier,2026-03-10,2026-03-12,2026-03-13,5,0,1,10.45
SHP-502536,ORD-502536,ParcelFast,2026-03-09,2026-03-12,2026-03-10,2,1,0,11.26
SHP-502537,ORD-502537,NorthLine,2026-03-09,2026-03-12,2026-03-12,4,1,0,13.58
SHP-502538,ORD-502538,ShipRight,2026-03-09,2026-03-12,2026-03-16,8,0,4,9.49
SHP-502539,ORD-502539,ParcelFast,2026-03-10,2026-03-12,2026-03-12,4,1,0,13.66
SHP-502540,ORD-502540,ShipRight,2026-03-11,2026-03-12,2026-03-12,4,1,0,11.47
SHP-502541,ORD-502541,NorthLine,2026-03-09,2026-03-12,2026-03-10,2,1,0,11.86
SHP-502542,ORD-502542,MetroCourier,2026-03-08,2026-03-12,2026-03-14,6,0,2,9.43
SHP-502543,ORD-502543,MetroCourier,2026-03-08,2026-03-12,2026-03-10,2,1,0,13.91
SHP-502544,ORD-502544,ParcelFast,2026-03-09,2026-03-12,2026-03-13,5,0,1,11.93
SHP-502545,ORD-502545,MetroCourier,2026-03-09,2026-03-12,2026-03-11,3,1,0,12.04
SHP-502546,ORD-502546,MetroCourier,2026-03-10,2026-03-12,2026-03-13,5,0,1,10.36
SHP-502547,ORD-502547,NorthLine,2026-03-11,2026-03-12,2026-03-13,5,0,1,9.51
SHP-502548,ORD-502548,ShipRight,2026-03-09,2026-03-12,2026-03-15,7,0,3,13.38
SHP-502549,ORD-502549,MetroCourier,2026-03-09,2026-03-12,2026-03-14,6,0,2,10.1
SHP-502550,ORD-502550,ShipRight,2026-03-09,2026-03-12,2026-03-14,6,0,2,12.18
SHP-502551,ORD-502551,ParcelFast,2026-03-09,2026-03-12,2026-03-14,6,0,2,12.0
SHP-502552,ORD-502552,MetroCourier,2026-03-09,2026-03-12,2026-03-12,4,1,0,10.04
SHP-502553,ORD-502553,ShipRight,2026-03-08,2026-03-12,2026-03-11,3,1,0,10.64
SHP-502554,ORD-502554,NorthLine,2026-03-08,2026-03-12,2026-03-12,4,1,0,11.28
SHP-502555,ORD-502555,NorthLine,2026-03-10,2026-03-12,2026-03-12,4,1,0,11.96
SHP-502556,ORD-502556,MetroCourier,2026-03-08,2026-03-12,2026-03-10,2,1,0,9.35
SHP-502557,ORD-502557,ParcelFast,2026-03-09,2026-03-12,2026-03-14,6,0,2,10.44
SHP-502558,ORD-502558,ParcelFast,2026-03-09,2026-03-12,2026-03-12,4,1,0,13.12
SHP-502559,ORD-502559,ParcelFast,2026-03-08,2026-03-12,2026-03-11,3,1,0,11.71
SHP-502560,ORD-502560,NorthLine,2026-03-09,2026-03-12,2026-03-13,5,0,1,12.03
SHP-502561,ORD-502561,ShipRight,2026-03-11,2026-03-12,2026-03-14,6,0,2,11.57
SHP-502562,ORD-502562,ParcelFast,2026-03-08,2026-03-12,2026-03-10,2,1,0,11.44
SHP-502563,ORD-502563,MetroCourier,2026-03-09,2026-03-12,2026-03-13,5,0,1,10.52
SHP-502564,ORD-502564,MetroCourier,2026-03-10,2026-03-12,2026-03-11,3,1,0,9.08
SHP-502565,ORD-502565,NorthLine,2026-03-09,2026-03-12,2026-03-11,3,1,0,10.37
SHP-502566,ORD-502566,ShipRight,2026-03-10,2026-03-12,2026-03-11,3,1,0,14.31
SHP-502567,ORD-502567,NorthLine,2026-03-10,2026-03-13,2026-03-12,3,1,0,11.01
SHP-502568,ORD-502568,ShipRight,2026-03-09,2026-03-13,2026-03-14,5,0,1,9.68
SHP-502569,ORD-502569,ParcelFast,2026-03-10,2026-03-13,2026-03-12,3,1,0,12.37
SHP-502570,ORD-502570,NorthLine,2026-03-11,2026-03-13,2026-03-16,7,0,3,11.06
SHP-502571,ORD-502571,ParcelFast,2026-03-10,2026-03-13,2026-03-12,3,1,0,11.61
SHP-502572,ORD-502572,ShipRight,2026-03-12,2026-03-13,2026-03-15,6,0,2,8.79
SHP-502573,ORD-502573,NorthLine,2026-03-11,2026-03-13,2026-03-15,6,0,2,10.14
SHP-502574,ORD-502574,ParcelFast,2026-03-10,2026-03-13,2026-03-15,6,0,2,12.09
SHP-502575,ORD-502575,ParcelFast,2026-03-09,2026-03-13,2026-03-11,2,1,0,11.86
SHP-502576,ORD-502576,ParcelFast,2026-03-10,2026-03-13,2026-03-14,5,0,1,13.16
SHP-502577,ORD-502577,ShipRight,2026-03-09,2026-03-13,2026-03-14,5,0,1,10.49
SHP-502578,ORD-502578,NorthLine,2026-03-09,2026-03-13,2026-03-12,3,1,0,13.39
SHP-502579,ORD-502579,ParcelFast,2026-03-10,2026-03-13,2026-03-13,4,1,0,12.16
SHP-502580,ORD-502580,MetroCourier,2026-03-09,2026-03-13,2026-03-10,1,1,0,13.49
SHP-502581,ORD-502581,NorthLine,2026-03-10,2026-03-13,2026-03-14,5,0,1,11.04
SHP-502582,ORD-502582,MetroCourier,2026-03-10,2026-03-13,2026-03-12,3,1,0,10.71
SHP-502583,ORD-502583,NorthLine,2026-03-11,2026-03-13,2026-03-13,4,1,0,11.54
SHP-502584,ORD-502584,MetroCourier,2026-03-11,2026-03-13,2026-03-14,5,0,1,11.68
SHP-502585,ORD-502585,MetroCourier,2026-03-10,2026-03-13,2026-03-13,4,1,0,16.15
SHP-502586,ORD-502586,NorthLine,2026-03-12,2026-03-13,2026-03-14,5,0,1,11.75
SHP-502587,ORD-502587,ShipRight,2026-03-10,2026-03-13,2026-03-12,3,1,0,13.1
SHP-502588,ORD-502588,ShipRight,2026-03-09,2026-03-13,2026-03-14,5,0,1,11.56
SHP-502589,ORD-502589,ShipRight,2026-03-10,2026-03-13,2026-03-12,3,1,0,10.6
SHP-502590,ORD-502590,NorthLine,2026-03-11,2026-03-13,2026-03-16,7,0,3,9.04
SHP-502591,ORD-502591,ShipRight,2026-03-10,2026-03-13,2026-03-15,6,0,2,14.96
SHP-502592,ORD-502592,MetroCourier,2026-03-10,2026-03-13,2026-03-15,6,0,2,10.07
SHP-502593,ORD-502593,MetroCourier,2026-03-10,2026-03-13,2026-03-11,2,1,0,10.38
SHP-502594,ORD-502594,ShipRight,2026-03-10,2026-03-13,2026-03-12,3,1,0,12.3
SHP-502595,ORD-502595,ParcelFast,2026-03-10,2026-03-13,2026-03-12,3,1,0,9.32
SHP-502596,ORD-502596,ShipRight,2026-03-10,2026-03-13,2026-03-16,7,0,3,11.41
SHP-502597,ORD-502597,ShipRight,2026-03-10,2026-03-13,2026-03-13,4,1,0,13.64
SHP-502598,ORD-502598,ShipRight,2026-03-11,2026-03-13,2026-03-15,6,0,2,11.62
SHP-502599,ORD-502599,MetroCourier,2026-03-10,2026-03-13,2026-03-13,4,1,0,11.62
SHP-502600,ORD-502600,ShipRight,2026-03-10,2026-03-13,2026-03-12,3,1,0,11.79
SHP-502601,ORD-502601,NorthLine,2026-03-10,2026-03-13,2026-03-11,2,1,0,11.17
SHP-502602,ORD-502602,NorthLine,2026-03-10,2026-03-13,2026-03-11,2,1,0,11.88
SHP-502603,ORD-502603,NorthLine,2026-03-09,2026-03-13,2026-03-12,3,1,0,11.95
SHP-502604,ORD-502604,MetroCourier,2026-03-10,2026-03-13,2026-03-12,3,1,0,12.77
SHP-502605,ORD-502605,ParcelFast,2026-03-12,2026-03-14,2026-03-16,6,0,2,13.02
SHP-502606,ORD-502606,ShipRight,2026-03-12,2026-03-14,2026-03-13,3,1,0,13.56
SHP-502607,ORD-502607,MetroCourier,2026-03-11,2026-03-14,2026-03-15,5,0,1,10.97
SHP-502608,ORD-502608,MetroCourier,2026-03-12,2026-03-14,2026-03-14,4,1,0,11.57
SHP-502609,ORD-502609,NorthLine,2026-03-10,2026-03-14,2026-03-11,1,1,0,15.77
SHP-502610,ORD-502610,MetroCourier,2026-03-11,2026-03-14,2026-03-13,3,1,0,10.42
SHP-502611,ORD-502611,MetroCourier,2026-03-13,2026-03-14,2026-03-16,6,0,2,10.01
SHP-502612,ORD-502612,ShipRight,2026-03-11,2026-03-14,2026-03-13,3,1,0,12.72
SHP-502613,ORD-502613,NorthLine,2026-03-11,2026-03-14,2026-03-12,2,1,0,12.73
SHP-502614,ORD-502614,ParcelFast,2026-03-12,2026-03-14,2026-03-16,6,0,2,12.77
SHP-502615,ORD-502615,ShipRight,2026-03-11,2026-03-14,2026-03-15,5,0,1,11.53
SHP-502616,ORD-502616,NorthLine,2026-03-11,2026-03-14,2026-03-14,4,1,0,9.57
SHP-502617,ORD-502617,MetroCourier,2026-03-11,2026-03-14,2026-03-15,5,0,1,12.74
SHP-502618,ORD-502618,NorthLine,2026-03-11,2026-03-14,2026-03-13,3,1,0,11.26
SHP-502619,ORD-502619,ShipRight,2026-03-11,2026-03-14,2026-03-15,5,0,1,10.11
SHP-502620,ORD-502620,ShipRight,2026-03-10,2026-03-14,2026-03-11,1,1,0,9.15
SHP-502621,ORD-502621,ParcelFast,2026-03-11,2026-03-14,2026-03-15,5,0,1,13.22
SHP-502622,ORD-502622,ShipRight,2026-03-12,2026-03-14,2026-03-15,5,0,1,11.86
SHP-502623,ORD-502623,MetroCourier,2026-03-13,2026-03-14,2026-03-17,7,0,3,10.36
SHP-502624,ORD-502624,ShipRight,2026-03-11,2026-03-14,2026-03-13,3,1,0,8.74
SHP-502625,ORD-502625,MetroCourier,2026-03-11,2026-03-14,2026-03-15,5,0,1,11.76
SHP-502626,ORD-502626,MetroCourier,2026-03-12,2026-03-14,2026-03-15,5,0,1,13.09
SHP-502627,ORD-502627,ParcelFast,2026-03-13,2026-03-14,2026-03-14,4,1,0,13.74
SHP-502628,ORD-502628,NorthLine,2026-03-11,2026-03-14,2026-03-15,5,0,1,10.11
SHP-502629,ORD-502629,MetroCourier,2026-03-11,2026-03-14,2026-03-12,2,1,0,12.39
SHP-502630,ORD-502630,ParcelFast,2026-03-11,2026-03-14,2026-03-14,4,1,0,9.77
SHP-502631,ORD-502631,MetroCourier,2026-03-12,2026-03-14,2026-03-16,6,0,2,14.88
SHP-502632,ORD-502632,ParcelFast,2026-03-12,2026-03-14,2026-03-14,4,1,0,9.74
SHP-502633,ORD-502633,ShipRight,2026-03-11,2026-03-14,2026-03-12,2,1,0,13.02
SHP-502634,ORD-502634,ShipRight,2026-03-11,2026-03-14,2026-03-16,6,0,2,15.21
SHP-502635,ORD-502635,NorthLine,2026-03-11,2026-03-14,2026-03-15,5,0,1,12.19
SHP-502636,ORD-502636,MetroCourier,2026-03-11,2026-03-14,2026-03-14,4,1,0,9.52
SHP-502637,ORD-502637,MetroCourier,2026-03-11,2026-03-14,2026-03-16,6,0,2,13.87
SHP-502638,ORD-502638,MetroCourier,2026-03-12,2026-03-14,2026-03-17,7,0,3,12.07
SHP-502639,ORD-502639,MetroCourier,2026-03-12,2026-03-14,2026-03-14,4,1,0,11.87
SHP-502640,ORD-502640,ShipRight,2026-03-11,2026-03-14,2026-03-14,4,1,0,12.64
SHP-502641,ORD-502641,MetroCourier,2026-03-10,2026-03-14,2026-03-13,3,1,0,8.92
SHP-502642,ORD-502642,ParcelFast,2026-03-11,2026-03-14,2026-03-18,8,0,4,11.79
SHP-502643,ORD-502643,NorthLine,2026-03-11,2026-03-14,2026-03-17,7,0,3,12.42
SHP-502644,ORD-502644,MetroCourier,2026-03-11,2026-03-14,2026-03-13,3,1,0,9.28
SHP-502645,ORD-502645,MetroCourier,2026-03-11,2026-03-14,2026-03-18,8,0,4,10.11
SHP-502646,ORD-502646,NorthLine,2026-03-11,2026-03-14,2026-03-14,4,1,0,11.57
SHP-502647,ORD-502647,ParcelFast,2026-03-12,2026-03-14,2026-03-15,5,0,1,11.43
SHP-502648,ORD-502648,MetroCourier,2026-03-11,2026-03-14,2026-03-13,3,1,0,13.96
SHP-502649,ORD-502649,NorthLine,2026-03-11,2026-03-14,2026-03-12,2,1,0,14.04
SHP-502650,ORD-502650,ParcelFast,2026-03-13,2026-03-14,2026-03-14,4,1,0,9.21
SHP-502651,ORD-502651,NorthLine,2026-03-11,2026-03-14,2026-03-18,8,0,4,10.11
SHP-502652,ORD-502652,NorthLine,2026-03-12,2026-03-14,2026-03-14,4,1,0,11.6
SHP-502653,ORD-502653,ShipRight,2026-03-12,2026-03-14,2026-03-16,6,0,2,14.56
SHP-502654,ORD-502654,ShipRight,2026-03-10,2026-03-14,2026-03-14,4,1,0,13.75
SHP-502655,ORD-502655,ParcelFast,2026-03-12,2026-03-15,2026-03-13,2,1,0,10.01
SHP-502656,ORD-502656,ParcelFast,2026-03-12,2026-03-15,2026-03-15,4,1,0,12.03
SHP-502657,ORD-502657,NorthLine,2026-03-13,2026-03-15,2026-03-16,5,0,1,9.12
SHP-502658,ORD-502658,NorthLine,2026-03-11,2026-03-15,2026-03-12,1,1,0,9.03
SHP-502659,ORD-502659,MetroCourier,2026-03-12,2026-03-15,2026-03-16,5,0,1,12.6
SHP-502660,ORD-502660,MetroCourier,2026-03-12,2026-03-15,2026-03-13,2,1,0,9.24
SHP-502661,ORD-502661,MetroCourier,2026-03-12,2026-03-15,2026-03-18,7,0,3,9.79
SHP-502662,ORD-502662,ShipRight,2026-03-12,2026-03-15,2026-03-15,4,1,0,9.17
SHP-502663,ORD-502663,NorthLine,2026-03-11,2026-03-15,2026-03-13,2,1,0,11.16
SHP-502664,ORD-502664,MetroCourier,2026-03-14,2026-03-15,2026-03-17,6,0,2,10.96
SHP-502665,ORD-502665,ParcelFast,2026-03-12,2026-03-15,2026-03-14,3,1,0,10.02
SHP-502666,ORD-502666,ShipRight,2026-03-12,2026-03-15,2026-03-14,3,1,0,11.3
SHP-502667,ORD-502667,ParcelFast,2026-03-12,2026-03-15,2026-03-13,2,1,0,11.63
SHP-502668,ORD-502668,ShipRight,2026-03-12,2026-03-15,2026-03-15,4,1,0,10.93
SHP-502669,ORD-502669,ParcelFast,2026-03-13,2026-03-15,2026-03-14,3,1,0,11.54
SHP-502670,ORD-502670,NorthLine,2026-03-12,2026-03-15,2026-03-16,5,0,1,13.09
SHP-502671,ORD-502671,ShipRight,2026-03-12,2026-03-15,2026-03-13,2,1,0,11.34
SHP-502672,ORD-502672,MetroCourier,2026-03-12,2026-03-15,2026-03-13,2,1,0,9.72
SHP-502673,ORD-502673,ShipRight,2026-03-14,2026-03-15,2026-03-15,4,1,0,9.06
SHP-502674,ORD-502674,ShipRight,2026-03-13,2026-03-15,2026-03-15,4,1,0,12.2
SHP-502675,ORD-502675,ShipRight,2026-03-13,2026-03-15,2026-03-15,4,1,0,15.03
SHP-502676,ORD-502676,ShipRight,2026-03-12,2026-03-15,2026-03-16,5,0,1,11.09
SHP-502677,ORD-502677,ShipRight,2026-03-14,2026-03-15,2026-03-17,6,0,2,13.75
SHP-502678,ORD-502678,MetroCourier,2026-03-12,2026-03-15,2026-03-16,5,0,1,11.05
SHP-502679,ORD-502679,NorthLine,2026-03-13,2026-03-15,2026-03-19,8,0,4,9.1
SHP-502680,ORD-502680,MetroCourier,2026-03-11,2026-03-15,2026-03-16,5,0,1,12.0
SHP-502681,ORD-502681,MetroCourier,2026-03-12,2026-03-15,2026-03-15,4,1,0,10.41
SHP-502682,ORD-502682,ParcelFast,2026-03-13,2026-03-15,2026-03-17,6,0,2,10.86
SHP-502683,ORD-502683,ShipRight,2026-03-12,2026-03-15,2026-03-16,5,0,1,12.38
SHP-502684,ORD-502684,NorthLine,2026-03-12,2026-03-15,2026-03-14,3,1,0,11.29
SHP-502685,ORD-502685,ParcelFast,2026-03-12,2026-03-15,2026-03-16,5,0,1,8.76
SHP-502686,ORD-502686,ShipRight,2026-03-13,2026-03-15,2026-03-16,5,0,1,13.65
SHP-502687,ORD-502687,NorthLine,2026-03-12,2026-03-15,2026-03-13,2,1,0,10.39
SHP-502688,ORD-502688,NorthLine,2026-03-12,2026-03-15,2026-03-14,3,1,0,12.2
SHP-502689,ORD-502689,ParcelFast,2026-03-14,2026-03-15,2026-03-18,7,0,3,11.89
SHP-502690,ORD-502690,ParcelFast,2026-03-13,2026-03-15,2026-03-14,3,1,0,10.14
SHP-502691,ORD-502691,NorthLine,2026-03-14,2026-03-15,2026-03-18,7,0,3,11.71
SHP-502692,ORD-502692,ShipRight,2026-03-13,2026-03-15,2026-03-16,5,0,1,15.62
SHP-502693,ORD-502693,NorthLine,2026-03-13,2026-03-15,2026-03-19,8,0,4,12.3
SHP-502694,ORD-502694,ParcelFast,2026-03-13,2026-03-15,2026-03-17,6,0,2,8.83
SHP-502695,ORD-502695,ParcelFast,2026-03-13,2026-03-15,2026-03-17,6,0,2,12.63
SHP-502696,ORD-502696,NorthLine,2026-03-12,2026-03-15,2026-03-19,8,0,4,14.49
SHP-502697,ORD-502697,ParcelFast,2026-03-12,2026-03-15,2026-03-17,6,0,2,13.35
SHP-502698,ORD-502698,ShipRight,2026-03-11,2026-03-15,2026-03-14,3,1,0,11.6
SHP-502699,ORD-502699,ParcelFast,2026-03-12,2026-03-15,2026-03-13,2,1,0,11.88
SHP-502700,ORD-502700,ParcelFast,2026-03-14,2026-03-15,2026-03-16,5,0,1,10.19
SHP-502701,ORD-502701,ParcelFast,2026-03-13,2026-03-16,2026-03-17,5,0,1,8.82
SHP-502702,ORD-502702,MetroCourier,2026-03-14,2026-03-16,2026-03-17,5,0,1,9.52
SHP-502703,ORD-502703,ShipRight,2026-03-15,2026-03-16,2026-03-16,4,1,0,12.37
SHP-502704,ORD-502704,MetroCourier,2026-03-13,2026-03-16,2026-03-18,6,0,2,9.62
SHP-502705,ORD-502705,ParcelFast,2026-03-15,2026-03-16,2026-03-17,5,0,1,11.23
SHP-502706,ORD-502706,NorthLine,2026-03-13,2026-03-16,2026-03-16,4,1,0,13.87
SHP-502707,ORD-502707,ParcelFast,2026-03-13,2026-03-16,2026-03-16,4,1,0,12.6
SHP-502708,ORD-502708,ShipRight,2026-03-12,2026-03-16,2026-03-14,2,1,0,9.2
SHP-502709,ORD-502709,ShipRight,2026-03-15,2026-03-16,2026-03-22,10,0,6,9.75
SHP-502710,ORD-502710,ParcelFast,2026-03-13,2026-03-16,2026-03-16,4,1,0,9.34
SHP-502711,ORD-502711,MetroCourier,2026-03-15,2026-03-16,2026-03-17,5,0,1,10.23
SHP-502712,ORD-502712,ShipRight,2026-03-12,2026-03-16,2026-03-13,1,1,0,14.07
SHP-502713,ORD-502713,ShipRight,2026-03-13,2026-03-16,2026-03-17,5,0,1,10.16
SHP-502714,ORD-502714,ParcelFast,2026-03-14,2026-03-16,2026-03-16,4,1,0,13.63
SHP-502715,ORD-502715,ParcelFast,2026-03-13,2026-03-16,2026-03-16,4,1,0,13.23
SHP-502716,ORD-502716,ParcelFast,2026-03-12,2026-03-16,2026-03-15,3,1,0,12.27
SHP-502717,ORD-502717,ParcelFast,2026-03-12,2026-03-16,2026-03-14,2,1,0,10.05
SHP-502718,ORD-502718,MetroCourier,2026-03-14,2026-03-16,2026-03-18,6,0,2,10.62
SHP-502719,ORD-502719,ParcelFast,2026-03-13,2026-03-16,2026-03-16,4,1,0,10.25
SHP-502720,ORD-502720,ShipRight,2026-03-13,2026-03-16,2026-03-17,5,0,1,11.79
SHP-502721,ORD-502721,ParcelFast,2026-03-13,2026-03-16,2026-03-14,2,1,0,8.95
SHP-502722,ORD-502722,MetroCourier,2026-03-13,2026-03-16,2026-03-15,3,1,0,9.93
SHP-502723,ORD-502723,ParcelFast,2026-03-12,2026-03-16,2026-03-15,3,1,0,10.23
SHP-502724,ORD-502724,ParcelFast,2026-03-13,2026-03-16,2026-03-17,5,0,1,13.76
SHP-502725,ORD-502725,ShipRight,2026-03-14,2026-03-16,2026-03-16,4,1,0,9.23
SHP-502726,ORD-502726,ParcelFast,2026-03-13,2026-03-16,2026-03-15,3,1,0,14.16
SHP-502727,ORD-502727,NorthLine,2026-03-13,2026-03-16,2026-03-18,6,0,2,12.23
SHP-502728,ORD-502728,NorthLine,2026-03-13,2026-03-16,2026-03-18,6,0,2,13.93
SHP-502729,ORD-502729,NorthLine,2026-03-15,2026-03-16,2026-03-22,10,0,6,10.31
SHP-502730,ORD-502730,NorthLine,2026-03-13,2026-03-16,2026-03-14,2,1,0,11.12
SHP-502731,ORD-502731,ParcelFast,2026-03-12,2026-03-16,2026-03-18,6,0,2,9.23
SHP-502732,ORD-502732,NorthLine,2026-03-13,2026-03-16,2026-03-15,3,1,0,9.47
SHP-502733,ORD-502733,ParcelFast,2026-03-14,2026-03-16,2026-03-15,3,1,0,10.14
SHP-502734,ORD-502734,MetroCourier,2026-03-12,2026-03-16,2026-03-14,2,1,0,14.42
SHP-502735,ORD-502735,MetroCourier,2026-03-12,2026-03-16,2026-03-15,3,1,0,11.61
SHP-502736,ORD-502736,ShipRight,2026-03-12,2026-03-16,2026-03-15,3,1,0,12.65
SHP-502737,ORD-502737,ShipRight,2026-03-12,2026-03-16,2026-03-15,3,1,0,13.25
SHP-502738,ORD-502738,ShipRight,2026-03-13,2026-03-16,2026-03-15,3,1,0,8.8
SHP-502739,ORD-502739,ParcelFast,2026-03-13,2026-03-16,2026-03-14,2,1,0,11.59
SHP-502740,ORD-502740,NorthLine,2026-03-13,2026-03-16,2026-03-15,3,1,0,11.12
SHP-502741,ORD-502741,ShipRight,2026-03-14,2026-03-17,2026-03-19,6,0,2,8.92
SHP-502742,ORD-502742,ParcelFast,2026-03-15,2026-03-17,2026-03-19,6,0,2,12.61
SHP-502743,ORD-502743,NorthLine,2026-03-15,2026-03-17,2026-03-20,7,0,3,10.61
SHP-502744,ORD-502744,NorthLine,2026-03-14,2026-03-17,2026-03-16,3,1,0,13.76
SHP-502745,ORD-502745,ShipRight,2026-03-13,2026-03-17,2026-03-17,4,1,0,8.89
SHP-502746,ORD-502746,MetroCourier,2026-03-14,2026-03-17,2026-03-16,3,1,0,10.81
SHP-502747,ORD-502747,NorthLine,2026-03-14,2026-03-17,2026-03-15,2,1,0,11.9
SHP-502748,ORD-502748,NorthLine,2026-03-14,2026-03-17,2026-03-16,3,1,0,12.5
SHP-502749,ORD-502749,MetroCourier,2026-03-14,2026-03-17,2026-03-21,8,0,4,11.17
SHP-502750,ORD-502750,NorthLine,2026-03-14,2026-03-17,2026-03-18,5,0,1,12.24
SHP-502751,ORD-502751,ShipRight,2026-03-15,2026-03-17,2026-03-19,6,0,2,11.44
SHP-502752,ORD-502752,NorthLine,2026-03-14,2026-03-17,2026-03-16,3,1,0,11.68
SHP-502753,ORD-502753,MetroCourier,2026-03-13,2026-03-17,2026-03-14,1,1,0,12.59
SHP-502754,ORD-502754,ShipRight,2026-03-14,2026-03-17,2026-03-16,3,1,0,12.05
SHP-502755,ORD-502755,ShipRight,2026-03-13,2026-03-17,2026-03-16,3,1,0,10.07
SHP-502756,ORD-502756,NorthLine,2026-03-15,2026-03-17,2026-03-19,6,0,2,11.52
SHP-502757,ORD-502757,ParcelFast,2026-03-14,2026-03-17,2026-03-16,3,1,0,11.22
SHP-502758,ORD-502758,ParcelFast,2026-03-14,2026-03-17,2026-03-17,4,1,0,10.3
SHP-502759,ORD-502759,NorthLine,2026-03-14,2026-03-17,2026-03-16,3,1,0,9.93
SHP-502760,ORD-502760,ParcelFast,2026-03-14,2026-03-17,2026-03-16,3,1,0,13.5
SHP-502761,ORD-502761,ParcelFast,2026-03-14,2026-03-17,2026-03-16,3,1,0,12.05
SHP-502762,ORD-502762,ParcelFast,2026-03-14,2026-03-17,2026-03-15,2,1,0,11.49
SHP-502763,ORD-502763,NorthLine,2026-03-14,2026-03-17,2026-03-19,6,0,2,12.14
SHP-502764,ORD-502764,MetroCourier,2026-03-13,2026-03-17,2026-03-15,2,1,0,9.86
SHP-502765,ORD-502765,ParcelFast,2026-03-14,2026-03-17,2026-03-17,4,1,0,13.69
SHP-502766,ORD-502766,MetroCourier,2026-03-14,2026-03-17,2026-03-15,2,1,0,11.45
SHP-502767,ORD-502767,NorthLine,2026-03-13,2026-03-17,2026-03-14,1,1,0,14.97
SHP-502768,ORD-502768,NorthLine,2026-03-15,2026-03-17,2026-03-17,4,1,0,12.32
SHP-502769,ORD-502769,ShipRight,2026-03-14,2026-03-17,2026-03-16,3,1,0,11.23
SHP-502770,ORD-502770,NorthLine,2026-03-16,2026-03-17,2026-03-18,5,0,1,13.35
SHP-502771,ORD-502771,NorthLine,2026-03-14,2026-03-17,2026-03-16,3,1,0,9.3
SHP-502772,ORD-502772,MetroCourier,2026-03-14,2026-03-17,2026-03-16,3,1,0,12.38
SHP-502773,ORD-502773,ParcelFast,2026-03-13,2026-03-17,2026-03-14,1,1,0,10.96
SHP-502774,ORD-502774,MetroCourier,2026-03-15,2026-03-17,2026-03-17,4,1,0,9.74
SHP-502775,ORD-502775,MetroCourier,2026-03-13,2026-03-17,2026-03-15,2,1,0,11.05
SHP-502776,ORD-502776,ParcelFast,2026-03-13,2026-03-17,2026-03-18,5,0,1,12.67
SHP-502777,ORD-502777,ShipRight,2026-03-16,2026-03-17,2026-03-21,8,0,4,12.13
SHP-502778,ORD-502778,NorthLine,2026-03-13,2026-03-17,2026-03-18,5,0,1,9.53
SHP-502779,ORD-502779,ShipRight,2026-03-14,2026-03-17,2026-03-17,4,1,0,9.53
SHP-502780,ORD-502780,ParcelFast,2026-03-15,2026-03-17,2026-03-21,8,0,4,15.05
SHP-502781,ORD-502781,ParcelFast,2026-03-14,2026-03-17,2026-03-18,5,0,1,10.59
SHP-502782,ORD-502782,ParcelFast,2026-03-15,2026-03-17,2026-03-21,8,0,4,8.84
SHP-502783,ORD-502783,MetroCourier,2026-03-14,2026-03-17,2026-03-15,2,1,0,10.83
SHP-502784,ORD-502784,NorthLine,2026-03-16,2026-03-18,2026-03-21,7,0,3,9.37
SHP-502785,ORD-502785,NorthLine,2026-03-15,2026-03-18,2026-03-16,2,1,0,10.12
SHP-502786,ORD-502786,ParcelFast,2026-03-14,2026-03-18,2026-03-16,2,1,0,11.13
SHP-502787,ORD-502787,NorthLine,2026-03-14,2026-03-18,2026-03-16,2,1,0,14.15
SHP-502788,ORD-502788,NorthLine,2026-03-14,2026-03-18,2026-03-16,2,1,0,8.84
SHP-502789,ORD-502789,ParcelFast,2026-03-15,2026-03-18,2026-03-19,5,0,1,9.44
SHP-502790,ORD-502790,ShipRight,2026-03-15,2026-03-18,2026-03-19,5,0,1,12.03
SHP-502791,ORD-502791,ShipRight,2026-03-15,2026-03-18,2026-03-19,5,0,1,12.6
SHP-502792,ORD-502792,MetroCourier,2026-03-14,2026-03-18,2026-03-15,1,1,0,12.74
SHP-502793,ORD-502793,ParcelFast,2026-03-15,2026-03-18,2026-03-16,2,1,0,12.15
SHP-502794,ORD-502794,ShipRight,2026-03-16,2026-03-18,2026-03-19,5,0,1,9.4
SHP-502795,ORD-502795,ParcelFast,2026-03-14,2026-03-18,2026-03-16,2,1,0,13.4
SHP-502796,ORD-502796,ShipRight,2026-03-15,2026-03-18,2026-03-20,6,0,2,9.15
SHP-502797,ORD-502797,ParcelFast,2026-03-16,2026-03-18,2026-03-19,5,0,1,10.09
SHP-502798,ORD-502798,ShipRight,2026-03-16,2026-03-18,2026-03-18,4,1,0,11.3
SHP-502799,ORD-502799,ShipRight,2026-03-16,2026-03-18,2026-03-18,4,1,0,12.54
SHP-502800,ORD-502800,ShipRight,2026-03-15,2026-03-18,2026-03-19,5,0,1,12.32
SHP-502801,ORD-502801,NorthLine,2026-03-17,2026-03-18,2026-03-19,5,0,1,13.25
SHP-502802,ORD-502802,ShipRight,2026-03-16,2026-03-18,2026-03-18,4,1,0,11.08
SHP-502803,ORD-502803,MetroCourier,2026-03-14,2026-03-18,2026-03-17,3,1,0,11.55
SHP-502804,ORD-502804,MetroCourier,2026-03-16,2026-03-18,2026-03-23,9,0,5,11.86
SHP-502805,ORD-502805,NorthLine,2026-03-16,2026-03-18,2026-03-21,7,0,3,9.92
SHP-502806,ORD-502806,MetroCourier,2026-03-15,2026-03-18,2026-03-18,4,1,0,12.06
SHP-502807,ORD-502807,NorthLine,2026-03-14,2026-03-18,2026-03-16,2,1,0,11.56
SHP-502808,ORD-502808,MetroCourier,2026-03-15,2026-03-18,2026-03-17,3,1,0,12.13
SHP-502809,ORD-502809,NorthLine,2026-03-15,2026-03-18,2026-03-20,6,0,2,14.35
SHP-502810,ORD-502810,NorthLine,2026-03-15,2026-03-18,2026-03-17,3,1,0,11.96
SHP-502811,ORD-502811,MetroCourier,2026-03-15,2026-03-18,2026-03-19,5,0,1,11.49
SHP-502812,ORD-502812,NorthLine,2026-03-15,2026-03-18,2026-03-17,3,1,0,10.23
SHP-502813,ORD-502813,ParcelFast,2026-03-15,2026-03-18,2026-03-16,2,1,0,9.86
SHP-502814,ORD-502814,ParcelFast,2026-03-16,2026-03-18,2026-03-17,3,1,0,10.2
SHP-502815,ORD-502815,MetroCourier,2026-03-16,2026-03-18,2026-03-19,5,0,1,16.08
SHP-502816,ORD-502816,MetroCourier,2026-03-16,2026-03-18,2026-03-20,6,0,2,12.39
SHP-502817,ORD-502817,MetroCourier,2026-03-15,2026-03-18,2026-03-18,4,1,0,14.82
SHP-502818,ORD-502818,MetroCourier,2026-03-15,2026-03-18,2026-03-17,3,1,0,12.65
SHP-502819,ORD-502819,ShipRight,2026-03-14,2026-03-18,2026-03-15,1,1,0,11.66
SHP-502820,ORD-502820,MetroCourier,2026-03-14,2026-03-18,2026-03-15,1,1,0,14.97
SHP-502821,ORD-502821,ShipRight,2026-03-15,2026-03-18,2026-03-18,4,1,0,11.29
SHP-502822,ORD-502822,ParcelFast,2026-03-15,2026-03-18,2026-03-17,3,1,0,10.34
SHP-502823,ORD-502823,ParcelFast,2026-03-15,2026-03-18,2026-03-19,5,0,1,11.86
SHP-502824,ORD-502824,NorthLine,2026-03-16,2026-03-18,2026-03-22,8,0,4,12.51
SHP-502825,ORD-502825,ParcelFast,2026-03-15,2026-03-19,2026-03-20,5,0,1,9.94
SHP-502826,ORD-502826,NorthLine,2026-03-16,2026-03-19,2026-03-23,8,0,4,11.81
SHP-502827,ORD-502827,ShipRight,2026-03-16,2026-03-19,2026-03-19,4,1,0,9.66
SHP-502828,ORD-502828,ShipRight,2026-03-16,2026-03-19,2026-03-20,5,0,1,9.48
SHP-502829,ORD-502829,MetroCourier,2026-03-15,2026-03-19,2026-03-19,4,1,0,11.31
SHP-502830,ORD-502830,ParcelFast,2026-03-17,2026-03-19,2026-03-22,7,0,3,11.26
SHP-502831,ORD-502831,ShipRight,2026-03-18,2026-03-19,2026-03-20,5,0,1,12.46
SHP-502832,ORD-502832,ShipRight,2026-03-16,2026-03-19,2026-03-21,6,0,2,10.78
SHP-502833,ORD-502833,ShipRight,2026-03-16,2026-03-19,2026-03-21,6,0,2,12.02
SHP-502834,ORD-502834,ParcelFast,2026-03-16,2026-03-19,2026-03-18,3,1,0,13.56
SHP-502835,ORD-502835,NorthLine,2026-03-17,2026-03-19,2026-03-20,5,0,1,13.69
SHP-502836,ORD-502836,NorthLine,2026-03-16,2026-03-19,2026-03-18,3,1,0,12.27
SHP-502837,ORD-502837,MetroCourier,2026-03-16,2026-03-19,2026-03-19,4,1,0,9.33
SHP-502838,ORD-502838,ParcelFast,2026-03-15,2026-03-19,2026-03-17,2,1,0,13.25
SHP-502839,ORD-502839,ParcelFast,2026-03-15,2026-03-19,2026-03-19,4,1,0,11.61
SHP-502840,ORD-502840,NorthLine,2026-03-17,2026-03-19,2026-03-19,4,1,0,9.92
SHP-502841,ORD-502841,ParcelFast,2026-03-16,2026-03-19,2026-03-19,4,1,0,13.65
SHP-502842,ORD-502842,MetroCourier,2026-03-18,2026-03-19,2026-03-24,9,0,5,10.8
SHP-502843,ORD-502843,MetroCourier,2026-03-18,2026-03-19,2026-03-20,5,0,1,14.24
SHP-502844,ORD-502844,NorthLine,2026-03-15,2026-03-19,2026-03-21,6,0,2,11.01
SHP-502845,ORD-502845,NorthLine,2026-03-16,2026-03-19,2026-03-20,5,0,1,8.8
SHP-502846,ORD-502846,NorthLine,2026-03-16,2026-03-19,2026-03-19,4,1,0,8.71
SHP-502847,ORD-502847,ShipRight,2026-03-15,2026-03-19,2026-03-18,3,1,0,15.89
SHP-502848,ORD-502848,MetroCourier,2026-03-15,2026-03-19,2026-03-19,4,1,0,11.49
SHP-502849,ORD-502849,NorthLine,2026-03-17,2026-03-19,2026-03-19,4,1,0,9.07
SHP-502850,ORD-502850,MetroCourier,2026-03-16,2026-03-19,2026-03-20,5,0,1,11.3
SHP-502851,ORD-502851,ParcelFast,2026-03-17,2026-03-19,2026-03-18,3,1,0,9.14
SHP-502852,ORD-502852,ParcelFast,2026-03-16,2026-03-19,2026-03-19,4,1,0,11.99
SHP-502853,ORD-502853,MetroCourier,2026-03-17,2026-03-19,2026-03-19,4,1,0,11.98
SHP-502854,ORD-502854,ShipRight,2026-03-15,2026-03-19,2026-03-19,4,1,0,12.33
SHP-502855,ORD-502855,MetroCourier,2026-03-16,2026-03-19,2026-03-18,3,1,0,11.02
SHP-502856,ORD-502856,ShipRight,2026-03-17,2026-03-19,2026-03-21,6,0,2,10.57
SHP-502857,ORD-502857,ParcelFast,2026-03-15,2026-03-19,2026-03-17,2,1,0,12.76
SHP-502858,ORD-502858,ParcelFast,2026-03-16,2026-03-19,2026-03-20,5,0,1,15.19
SHP-502859,ORD-502859,ParcelFast,2026-03-15,2026-03-19,2026-03-19,4,1,0,13.7
SHP-502860,ORD-502860,MetroCourier,2026-03-15,2026-03-19,2026-03-18,3,1,0,9.76
SHP-502861,ORD-502861,ShipRight,2026-03-18,2026-03-19,2026-03-22,7,0,3,13.08
SHP-502862,ORD-502862,NorthLine,2026-03-17,2026-03-19,2026-03-21,6,0,2,12.62
SHP-502863,ORD-502863,ParcelFast,2026-03-16,2026-03-19,2026-03-21,6,0,2,10.49
SHP-502864,ORD-502864,MetroCourier,2026-03-17,2026-03-19,2026-03-20,5,0,1,12.69
SHP-502865,ORD-502865,NorthLine,2026-03-16,2026-03-19,2026-03-18,3,1,0,12.44
SHP-502866,ORD-502866,MetroCourier,2026-03-17,2026-03-19,2026-03-20,5,0,1,12.62
SHP-502867,ORD-502867,MetroCourier,2026-03-16,2026-03-19,2026-03-18,3,1,0,9.02
SHP-502868,ORD-502868,ParcelFast,2026-03-17,2026-03-19,2026-03-20,5,0,1,14.71
SHP-502869,ORD-502869,NorthLine,2026-03-16,2026-03-19,2026-03-18,3,1,0,12.22
SHP-502870,ORD-502870,ShipRight,2026-03-16,2026-03-19,2026-03-21,6,0,2,9.89
SHP-502871,ORD-502871,NorthLine,2026-03-16,2026-03-19,2026-03-19,4,1,0,14.43
SHP-502872,ORD-502872,MetroCourier,2026-03-16,2026-03-19,2026-03-19,4,1,0,12.22
SHP-502873,ORD-502873,ParcelFast,2026-03-16,2026-03-20,2026-03-19,3,1,0,13.15
SHP-502874,ORD-502874,MetroCourier,2026-03-16,2026-03-20,2026-03-18,2,1,0,14.42
SHP-502875,ORD-502875,NorthLine,2026-03-17,2026-03-20,2026-03-21,5,0,1,10.03
SHP-502876,ORD-502876,ParcelFast,2026-03-17,2026-03-20,2026-03-22,6,0,2,14.42
SHP-502877,ORD-502877,ShipRight,2026-03-17,2026-03-20,2026-03-21,5,0,1,14.96
SHP-502878,ORD-502878,ShipRight,2026-03-17,2026-03-20,2026-03-22,6,0,2,12.62
SHP-502879,ORD-502879,NorthLine,2026-03-16,2026-03-20,2026-03-18,2,1,0,13.05
SHP-502880,ORD-502880,ShipRight,2026-03-17,2026-03-20,2026-03-23,7,0,3,11.66
SHP-502881,ORD-502881,ParcelFast,2026-03-17,2026-03-20,2026-03-18,2,1,0,12.13
SHP-502882,ORD-502882,ShipRight,2026-03-16,2026-03-20,2026-03-21,5,0,1,12.65
SHP-502883,ORD-502883,MetroCourier,2026-03-16,2026-03-20,2026-03-18,2,1,0,12.46
SHP-502884,ORD-502884,ShipRight,2026-03-16,2026-03-20,2026-03-17,1,1,0,13.91
SHP-502885,ORD-502885,ParcelFast,2026-03-19,2026-03-20,2026-03-22,6,0,2,10.52
SHP-502886,ORD-502886,MetroCourier,2026-03-17,2026-03-20,2026-03-19,3,1,0,13.0
SHP-502887,ORD-502887,NorthLine,2026-03-17,2026-03-20,2026-03-21,5,0,1,13.79
SHP-502888,ORD-502888,NorthLine,2026-03-17,2026-03-20,2026-03-18,2,1,0,12.88
SHP-502889,ORD-502889,NorthLine,2026-03-18,2026-03-20,2026-03-22,6,0,2,13.98
SHP-502890,ORD-502890,NorthLine,2026-03-16,2026-03-20,2026-03-18,2,1,0,12.71
SHP-502891,ORD-502891,ShipRight,2026-03-16,2026-03-20,2026-03-18,2,1,0,15.07
SHP-502892,ORD-502892,ParcelFast,2026-03-16,2026-03-20,2026-03-19,3,1,0,10.56
SHP-502893,ORD-502893,ShipRight,2026-03-17,2026-03-20,2026-03-20,4,1,0,10.25
SHP-502894,ORD-502894,ShipRight,2026-03-17,2026-03-20,2026-03-21,5,0,1,10.73
SHP-502895,ORD-502895,ParcelFast,2026-03-19,2026-03-20,2026-03-20,4,1,0,8.82
SHP-502896,ORD-502896,ShipRight,2026-03-18,2026-03-20,2026-03-21,5,0,1,13.15
SHP-502897,ORD-502897,MetroCourier,2026-03-18,2026-03-20,2026-03-19,3,1,0,11.87
SHP-502898,ORD-502898,ParcelFast,2026-03-18,2026-03-20,2026-03-21,5,0,1,11.62
SHP-502899,ORD-502899,ParcelFast,2026-03-17,2026-03-20,2026-03-18,2,1,0,13.19
SHP-502900,ORD-502900,MetroCourier,2026-03-17,2026-03-20,2026-03-20,4,1,0,12.49
SHP-502901,ORD-502901,MetroCourier,2026-03-18,2026-03-20,2026-03-21,5,0,1,9.39
SHP-502902,ORD-502902,MetroCourier,2026-03-18,2026-03-20,2026-03-23,7,0,3,12.08
SHP-502903,ORD-502903,MetroCourier,2026-03-18,2026-03-20,2026-03-22,6,0,2,12.65
SHP-502904,ORD-502904,ShipRight,2026-03-17,2026-03-20,2026-03-19,3,1,0,12.61
SHP-502905,ORD-502905,NorthLine,2026-03-18,2026-03-20,2026-03-21,5,0,1,12.29
SHP-502906,ORD-502906,MetroCourier,2026-03-18,2026-03-20,2026-03-20,4,1,0,11.15
SHP-502907,ORD-502907,MetroCourier,2026-03-17,2026-03-20,2026-03-18,2,1,0,9.11
SHP-502908,ORD-502908,MetroCourier,2026-03-17,2026-03-20,2026-03-19,3,1,0,14.39
SHP-502909,ORD-502909,MetroCourier,2026-03-16,2026-03-20,2026-03-19,3,1,0,12.15
SHP-502910,ORD-502910,NorthLine,2026-03-17,2026-03-20,2026-03-19,3,1,0,9.56
SHP-502911,ORD-502911,NorthLine,2026-03-18,2026-03-20,2026-03-21,5,0,1,13.84
SHP-502912,ORD-502912,ParcelFast,2026-03-17,2026-03-21,2026-03-21,4,1,0,10.31
SHP-502913,ORD-502913,MetroCourier,2026-03-19,2026-03-21,2026-03-23,6,0,2,12.54
SHP-502914,ORD-502914,ParcelFast,2026-03-18,2026-03-21,2026-03-21,4,1,0,9.28
SHP-502915,ORD-502915,NorthLine,2026-03-18,2026-03-21,2026-03-20,3,1,0,10.72
SHP-502916,ORD-502916,NorthLine,2026-03-20,2026-03-21,2026-03-22,5,0,1,10.37
SHP-502917,ORD-502917,MetroCourier,2026-03-17,2026-03-21,2026-03-20,3,1,0,10.37
SHP-502918,ORD-502918,MetroCourier,2026-03-18,2026-03-21,2026-03-22,5,0,1,9.34
SHP-502919,ORD-502919,ShipRight,2026-03-18,2026-03-21,2026-03-22,5,0,1,10.99
SHP-502920,ORD-502920,ShipRight,2026-03-18,2026-03-21,2026-03-20,3,1,0,13.38
SHP-502921,ORD-502921,ShipRight,2026-03-18,2026-03-21,2026-03-22,5,0,1,10.42
SHP-502922,ORD-502922,ShipRight,2026-03-18,2026-03-21,2026-03-20,3,1,0,9.19
SHP-502923,ORD-502923,MetroCourier,2026-03-18,2026-03-21,2026-03-22,5,0,1,13.51
SHP-502924,ORD-502924,ParcelFast,2026-03-18,2026-03-21,2026-03-21,4,1,0,9.96
SHP-502925,ORD-502925,MetroCourier,2026-03-18,2026-03-21,2026-03-23,6,0,2,11.72
SHP-502926,ORD-502926,ShipRight,2026-03-18,2026-03-21,2026-03-23,6,0,2,12.22
SHP-502927,ORD-502927,NorthLine,2026-03-17,2026-03-21,2026-03-18,1,1,0,11.15
SHP-502928,ORD-502928,ShipRight,2026-03-18,2026-03-21,2026-03-25,8,0,4,12.6
SHP-502929,ORD-502929,ParcelFast,2026-03-17,2026-03-21,2026-03-20,3,1,0,11.58
SHP-502930,ORD-502930,ParcelFast,2026-03-18,2026-03-21,2026-03-22,5,0,1,12.25
SHP-502931,ORD-502931,ParcelFast,2026-03-19,2026-03-21,2026-03-23,6,0,2,8.84
SHP-502932,ORD-502932,MetroCourier,2026-03-18,2026-03-21,2026-03-24,7,0,3,13.46
SHP-502933,ORD-502933,ParcelFast,2026-03-18,2026-03-21,2026-03-20,3,1,0,11.65
SHP-502934,ORD-502934,ParcelFast,2026-03-17,2026-03-21,2026-03-21,4,1,0,9.63
SHP-502935,ORD-502935,NorthLine,2026-03-19,2026-03-21,2026-03-22,5,0,1,13.6
SHP-502936,ORD-502936,MetroCourier,2026-03-19,2026-03-21,2026-03-22,5,0,1,12.62
SHP-502937,ORD-502937,ParcelFast,2026-03-17,2026-03-21,2026-03-21,4,1,0,11.52
SHP-502938,ORD-502938,ParcelFast,2026-03-18,2026-03-21,2026-03-22,5,0,1,10.03
SHP-502939,ORD-502939,MetroCourier,2026-03-18,2026-03-21,2026-03-19,2,1,0,14.66
SHP-502940,ORD-502940,ParcelFast,2026-03-19,2026-03-21,2026-03-20,3,1,0,10.2
SHP-502941,ORD-502941,ShipRight,2026-03-18,2026-03-21,2026-03-21,4,1,0,11.43
SHP-502942,ORD-502942,ShipRight,2026-03-19,2026-03-21,2026-03-21,4,1,0,12.47
SHP-502943,ORD-502943,ShipRight,2026-03-18,2026-03-21,2026-03-20,3,1,0,13.16
SHP-502944,ORD-502944,ShipRight,2026-03-18,2026-03-21,2026-03-21,4,1,0,13.46
SHP-502945,ORD-502945,ParcelFast,2026-03-17,2026-03-21,2026-03-20,3,1,0,10.06
SHP-502946,ORD-502946,ShipRight,2026-03-17,2026-03-21,2026-03-20,3,1,0,11.46
SHP-502947,ORD-502947,ParcelFast,2026-03-18,2026-03-21,2026-03-19,2,1,0,12.32
SHP-502948,ORD-502948,ShipRight,2026-03-20,2026-03-21,2026-03-28,11,0,7,12.57
SHP-502949,ORD-502949,NorthLine,2026-03-19,2026-03-21,2026-03-25,8,0,4,9.25
SHP-502950,ORD-502950,MetroCourier,2026-03-19,2026-03-21,2026-03-25,8,0,4,11.41
SHP-502951,ORD-502951,ParcelFast,2026-03-18,2026-03-21,2026-03-22,5,0,1,8.83
SHP-502952,ORD-502952,MetroCourier,2026-03-18,2026-03-21,2026-03-21,4,1,0,14.02
SHP-502953,ORD-502953,NorthLine,2026-03-19,2026-03-21,2026-03-22,5,0,1,14.85
SHP-502954,ORD-502954,ShipRight,2026-03-18,2026-03-21,2026-03-23,6,0,2,11.48
SHP-502955,ORD-502955,MetroCourier,2026-03-18,2026-03-21,2026-03-21,4,1,0,11.59
SHP-502956,ORD-502956,ParcelFast,2026-03-18,2026-03-21,2026-03-21,4,1,0,8.93
SHP-502957,ORD-502957,MetroCourier,2026-03-17,2026-03-21,2026-03-21,4,1,0,9.07
SHP-502958,ORD-502958,ParcelFast,2026-03-20,2026-03-22,2026-03-24,6,0,2,10.6
SHP-502959,ORD-502959,ParcelFast,2026-03-21,2026-03-22,2026-03-22,4,1,0,9.98
SHP-502960,ORD-502960,ShipRight,2026-03-18,2026-03-22,2026-03-20,2,1,0,10.42
SHP-502961,ORD-502961,MetroCourier,2026-03-20,2026-03-22,2026-03-24,6,0,2,9.92
SHP-502962,ORD-502962,ShipRight,2026-03-21,2026-03-22,2026-03-23,5,0,1,11.29
SHP-502963,ORD-502963,NorthLine,2026-03-19,2026-03-22,2026-03-20,2,1,0,12.09
SHP-502964,ORD-502964,MetroCourier,2026-03-20,2026-03-22,2026-03-23,5,0,1,13.19
SHP-502965,ORD-502965,ShipRight,2026-03-19,2026-03-22,2026-03-23,5,0,1,11.66
SHP-502966,ORD-502966,NorthLine,2026-03-20,2026-03-22,2026-03-23,5,0,1,9.74
SHP-502967,ORD-502967,MetroCourier,2026-03-18,2026-03-22,2026-03-20,2,1,0,10.33
SHP-502968,ORD-502968,MetroCourier,2026-03-19,2026-03-22,2026-03-22,4,1,0,10.35
SHP-502969,ORD-502969,ShipRight,2026-03-19,2026-03-22,2026-03-22,4,1,0,9.23
SHP-502970,ORD-502970,NorthLine,2026-03-19,2026-03-22,2026-03-20,2,1,0,12.44
SHP-502971,ORD-502971,NorthLine,2026-03-19,2026-03-22,2026-03-24,6,0,2,11.24
SHP-502972,ORD-502972,NorthLine,2026-03-20,2026-03-22,2026-03-24,6,0,2,12.14
SHP-502973,ORD-502973,ShipRight,2026-03-20,2026-03-22,2026-03-22,4,1,0,8.95
SHP-502974,ORD-502974,ParcelFast,2026-03-19,2026-03-22,2026-03-22,4,1,0,12.47
SHP-502975,ORD-502975,ShipRight,2026-03-18,2026-03-22,2026-03-19,1,1,0,10.49
SHP-502976,ORD-502976,ParcelFast,2026-03-20,2026-03-22,2026-03-22,4,1,0,8.97
SHP-502977,ORD-502977,MetroCourier,2026-03-19,2026-03-22,2026-03-22,4,1,0,13.12
SHP-502978,ORD-502978,NorthLine,2026-03-20,2026-03-22,2026-03-22,4,1,0,9.43
SHP-502979,ORD-502979,ParcelFast,2026-03-20,2026-03-22,2026-03-23,5,0,1,13.41
SHP-502980,ORD-502980,ParcelFast,2026-03-18,2026-03-22,2026-03-19,1,1,0,13.07
SHP-502981,ORD-502981,ShipRight,2026-03-19,2026-03-22,2026-03-25,7,0,3,12.04
SHP-502982,ORD-502982,ShipRight,2026-03-18,2026-03-22,2026-03-20,2,1,0,12.08
SHP-502983,ORD-502983,NorthLine,2026-03-19,2026-03-22,2026-03-20,2,1,0,15.81
SHP-502984,ORD-502984,NorthLine,2026-03-20,2026-03-22,2026-03-21,3,1,0,8.82
SHP-502985,ORD-502985,NorthLine,2026-03-18,2026-03-22,2026-03-19,1,1,0,11.31
SHP-502986,ORD-502986,ParcelFast,2026-03-20,2026-03-22,2026-03-24,6,0,2,9.57
SHP-502987,ORD-502987,ParcelFast,2026-03-19,2026-03-22,2026-03-24,6,0,2,9.11
SHP-502988,ORD-502988,MetroCourier,2026-03-18,2026-03-22,2026-03-20,2,1,0,12.14
SHP-502989,ORD-502989,ParcelFast,2026-03-21,2026-03-22,2026-03-25,7,0,3,14.84
SHP-502990,ORD-502990,MetroCourier,2026-03-19,2026-03-22,2026-03-20,2,1,0,14.27
SHP-502991,ORD-502991,ParcelFast,2026-03-21,2026-03-22,2026-03-24,6,0,2,11.8
SHP-502992,ORD-502992,MetroCourier,2026-03-20,2026-03-22,2026-03-22,4,1,0,13.26
SHP-502993,ORD-502993,ShipRight,2026-03-20,2026-03-22,2026-03-23,5,0,1,12.53
SHP-502994,ORD-502994,MetroCourier,2026-03-19,2026-03-22,2026-03-21,3,1,0,12.3
SHP-502995,ORD-502995,NorthLine,2026-03-18,2026-03-22,2026-03-19,1,1,0,9.0
SHP-502996,ORD-502996,ParcelFast,2026-03-20,2026-03-23,2026-03-24,5,0,1,8.99
SHP-502997,ORD-502997,ParcelFast,2026-03-19,2026-03-23,2026-03-21,2,1,0,12.23
SHP-502998,ORD-502998,ParcelFast,2026-03-20,2026-03-23,2026-03-23,4,1,0,13.23
SHP-502999,ORD-502999,MetroCourier,2026-03-21,2026-03-23,2026-03-22,3,1,0,11.36
SHP-503000,ORD-503000,ParcelFast,2026-03-20,2026-03-23,2026-03-21,2,1,0,11.87
SHP-503001,ORD-503001,NorthLine,2026-03-21,2026-03-23,2026-03-24,5,0,1,11.21
SHP-503002,ORD-503002,NorthLine,2026-03-19,2026-03-23,2026-03-22,3,1,0,11.84
SHP-503003,ORD-503003,NorthLine,2026-03-19,2026-03-23,2026-03-22,3,1,0,11.9
SHP-503004,ORD-503004,MetroCourier,2026-03-20,2026-03-23,2026-03-21,2,1,0,9.27
SHP-503005,ORD-503005,ShipRight,2026-03-20,2026-03-23,2026-03-23,4,1,0,11.76
SHP-503006,ORD-503006,ShipRight,2026-03-19,2026-03-23,2026-03-21,2,1,0,11.19
SHP-503007,ORD-503007,ShipRight,2026-03-20,2026-03-23,2026-03-22,3,1,0,10.71
SHP-503008,ORD-503008,ShipRight,2026-03-22,2026-03-23,2026-03-23,4,1,0,10.9
SHP-503009,ORD-503009,MetroCourier,2026-03-19,2026-03-23,2026-03-21,2,1,0,8.87
SHP-503010,ORD-503010,ShipRight,2026-03-19,2026-03-23,2026-03-21,2,1,0,12.27
SHP-503011,ORD-503011,MetroCourier,2026-03-21,2026-03-23,2026-03-23,4,1,0,10.77
SHP-503012,ORD-503012,ShipRight,2026-03-21,2026-03-23,2026-03-22,3,1,0,13.58
SHP-503013,ORD-503013,ShipRight,2026-03-20,2026-03-23,2026-03-23,4,1,0,11.67
SHP-503014,ORD-503014,ShipRight,2026-03-20,2026-03-23,2026-03-22,3,1,0,9.97
SHP-503015,ORD-503015,NorthLine,2026-03-20,2026-03-23,2026-03-26,7,0,3,10.95
SHP-503016,ORD-503016,MetroCourier,2026-03-20,2026-03-23,2026-03-22,3,1,0,11.77
SHP-503017,ORD-503017,ParcelFast,2026-03-20,2026-03-23,2026-03-22,3,1,0,10.88
SHP-503018,ORD-503018,MetroCourier,2026-03-20,2026-03-23,2026-03-21,2,1,0,12.45
SHP-503019,ORD-503019,ParcelFast,2026-03-20,2026-03-23,2026-03-23,4,1,0,9.44
SHP-503020,ORD-503020,ShipRight,2026-03-21,2026-03-23,2026-03-24,5,0,1,9.39
SHP-503021,ORD-503021,NorthLine,2026-03-22,2026-03-23,2026-03-25,6,0,2,10.29
SHP-503022,ORD-503022,ParcelFast,2026-03-20,2026-03-23,2026-03-22,3,1,0,9.53
SHP-503023,ORD-503023,ShipRight,2026-03-19,2026-03-23,2026-03-21,2,1,0,9.52
SHP-503024,ORD-503024,ShipRight,2026-03-21,2026-03-23,2026-03-26,7,0,3,9.53
SHP-503025,ORD-503025,NorthLine,2026-03-20,2026-03-23,2026-03-21,2,1,0,13.48
SHP-503026,ORD-503026,NorthLine,2026-03-20,2026-03-23,2026-03-23,4,1,0,12.27
SHP-503027,ORD-503027,NorthLine,2026-03-21,2026-03-23,2026-03-24,5,0,1,10.55
SHP-503028,ORD-503028,ParcelFast,2026-03-19,2026-03-23,2026-03-20,1,1,0,12.67
SHP-503029,ORD-503029,ParcelFast,2026-03-20,2026-03-23,2026-03-23,4,1,0,15.78
SHP-503030,ORD-503030,ShipRight,2026-03-19,2026-03-23,2026-03-21,2,1,0,11.8
SHP-503031,ORD-503031,ParcelFast,2026-03-20,2026-03-23,2026-03-21,2,1,0,9.91
SHP-503032,ORD-503032,NorthLine,2026-03-21,2026-03-23,2026-03-23,4,1,0,11.02
SHP-503033,ORD-503033,ParcelFast,2026-03-21,2026-03-24,2026-03-22,2,1,0,11.36
SHP-503034,ORD-503034,ShipRight,2026-03-22,2026-03-24,2026-03-26,6,0,2,12.49
SHP-503035,ORD-503035,ShipRight,2026-03-21,2026-03-24,2026-03-24,4,1,0,12.27
SHP-503036,ORD-503036,NorthLine,2026-03-23,2026-03-24,2026-03-27,7,0,3,12.12
SHP-503037,ORD-503037,ParcelFast,2026-03-23,2026-03-24,2026-03-24,4,1,0,10.28
SHP-503038,ORD-503038,ShipRight,2026-03-20,2026-03-24,2026-03-21,1,1,0,12.0
SHP-503039,ORD-503039,MetroCourier,2026-03-21,2026-03-24,2026-03-24,4,1,0,12.67
SHP-503040,ORD-503040,NorthLine,2026-03-20,2026-03-24,2026-03-23,3,1,0,8.93
SHP-503041,ORD-503041,ParcelFast,2026-03-22,2026-03-24,2026-03-27,7,0,3,8.87
SHP-503042,ORD-503042,ParcelFast,2026-03-20,2026-03-24,2026-03-27,7,0,3,12.52
SHP-503043,ORD-503043,ShipRight,2026-03-21,2026-03-24,2026-03-23,3,1,0,11.36
SHP-503044,ORD-503044,NorthLine,2026-03-21,2026-03-24,2026-03-25,5,0,1,14.74
SHP-503045,ORD-503045,MetroCourier,2026-03-22,2026-03-24,2026-03-23,3,1,0,11.44
SHP-503046,ORD-503046,NorthLine,2026-03-23,2026-03-24,2026-03-27,7,0,3,9.49
SHP-503047,ORD-503047,ParcelFast,2026-03-21,2026-03-24,2026-03-22,2,1,0,9.5
SHP-503048,ORD-503048,ParcelFast,2026-03-21,2026-03-24,2026-03-25,5,0,1,9.24
SHP-503049,ORD-503049,ShipRight,2026-03-20,2026-03-24,2026-03-27,7,0,3,9.38
SHP-503050,ORD-503050,MetroCourier,2026-03-23,2026-03-24,2026-03-25,5,0,1,11.53
SHP-503051,ORD-503051,ShipRight,2026-03-22,2026-03-24,2026-03-23,3,1,0,12.18
SHP-503052,ORD-503052,ParcelFast,2026-03-21,2026-03-24,2026-03-22,2,1,0,13.16
SHP-503053,ORD-503053,MetroCourier,2026-03-22,2026-03-24,2026-03-24,4,1,0,9.54
SHP-503054,ORD-503054,ShipRight,2026-03-21,2026-03-24,2026-03-24,4,1,0,9.07
SHP-503055,ORD-503055,MetroCourier,2026-03-23,2026-03-24,2026-03-26,6,0,2,9.69
SHP-503056,ORD-503056,ShipRight,2026-03-21,2026-03-24,2026-03-24,4,1,0,10.71
SHP-503057,ORD-503057,ParcelFast,2026-03-22,2026-03-24,2026-03-25,5,0,1,11.64
SHP-503058,ORD-503058,ParcelFast,2026-03-20,2026-03-24,2026-03-22,2,1,0,9.93
SHP-503059,ORD-503059,NorthLine,2026-03-21,2026-03-24,2026-03-23,3,1,0,10.57
SHP-503060,ORD-503060,ParcelFast,2026-03-21,2026-03-24,2026-03-25,5,0,1,8.74
SHP-503061,ORD-503061,ShipRight,2026-03-22,2026-03-24,2026-03-24,4,1,0,11.3
SHP-503062,ORD-503062,NorthLine,2026-03-20,2026-03-24,2026-03-23,3,1,0,10.49
SHP-503063,ORD-503063,ParcelFast,2026-03-21,2026-03-24,2026-03-26,6,0,2,12.29
SHP-503064,ORD-503064,MetroCourier,2026-03-22,2026-03-24,2026-03-23,3,1,0,10.6
SHP-503065,ORD-503065,NorthLine,2026-03-21,2026-03-24,2026-03-24,4,1,0,10.91
SHP-503066,ORD-503066,ParcelFast,2026-03-21,2026-03-24,2026-03-28,8,0,4,15.89
SHP-503067,ORD-503067,NorthLine,2026-03-21,2026-03-24,2026-03-23,3,1,0,10.41
SHP-503068,ORD-503068,ParcelFast,2026-03-22,2026-03-24,2026-03-25,5,0,1,13.8
SHP-503069,ORD-503069,ParcelFast,2026-03-20,2026-03-24,2026-03-22,2,1,0,11.38
SHP-503070,ORD-503070,ShipRight,2026-03-20,2026-03-24,2026-03-22,2,1,0,10.73
SHP-503071,ORD-503071,ShipRight,2026-03-23,2026-03-24,2026-03-28,8,0,4,9.25
SHP-503072,ORD-503072,MetroCourier,2026-03-21,2026-03-25,2026-03-26,5,0,1,11.37
SHP-503073,ORD-503073,ParcelFast,2026-03-21,2026-03-25,2026-03-22,1,1,0,11.96
SHP-503074,ORD-503074,ShipRight,2026-03-22,2026-03-25,2026-03-23,2,1,0,10.87
SHP-503075,ORD-503075,NorthLine,2026-03-23,2026-03-25,2026-03-25,4,1,0,14.66
SHP-503076,ORD-503076,ParcelFast,2026-03-21,2026-03-25,2026-03-25,4,1,0,10.85
SHP-503077,ORD-503077,NorthLine,2026-03-22,2026-03-25,2026-03-26,5,0,1,11.78
SHP-503078,ORD-503078,ShipRight,2026-03-22,2026-03-25,2026-03-27,6,0,2,12.19
SHP-503079,ORD-503079,NorthLine,2026-03-22,2026-03-25,2026-03-24,3,1,0,11.29
SHP-503080,ORD-503080,MetroCourier,2026-03-22,2026-03-25,2026-03-23,2,1,0,12.38
SHP-503081,ORD-503081,MetroCourier,2026-03-22,2026-03-25,2026-03-25,4,1,0,12.25
SHP-503082,ORD-503082,ParcelFast,2026-03-22,2026-03-25,2026-03-27,6,0,2,10.93
SHP-503083,ORD-503083,NorthLine,2026-03-22,2026-03-25,2026-03-24,3,1,0,12.24
SHP-503084,ORD-503084,ParcelFast,2026-03-22,2026-03-25,2026-03-23,2,1,0,9.7
SHP-503085,ORD-503085,ParcelFast,2026-03-22,2026-03-25,2026-03-25,4,1,0,11.53
SHP-503086,ORD-503086,MetroCourier,2026-03-24,2026-03-25,2026-03-30,9,0,5,12.36
SHP-503087,ORD-503087,MetroCourier,2026-03-22,2026-03-25,2026-03-28,7,0,3,10.83
SHP-503088,ORD-503088,MetroCourier,2026-03-22,2026-03-25,2026-03-24,3,1,0,10.87
SHP-503089,ORD-503089,ParcelFast,2026-03-21,2026-03-25,2026-03-25,4,1,0,11.22
SHP-503090,ORD-503090,NorthLine,2026-03-24,2026-03-25,2026-03-26,5,0,1,12.12
SHP-503091,ORD-503091,MetroCourier,2026-03-24,2026-03-25,2026-03-29,8,0,4,10.73
SHP-503092,ORD-503092,ParcelFast,2026-03-23,2026-03-25,2026-03-25,4,1,0,10.92
SHP-503093,ORD-503093,ParcelFast,2026-03-21,2026-03-25,2026-03-24,3,1,0,12.1
SHP-503094,ORD-503094,ShipRight,2026-03-22,2026-03-25,2026-03-23,2,1,0,12.88
SHP-503095,ORD-503095,ParcelFast,2026-03-23,2026-03-25,2026-03-25,4,1,0,11.49
SHP-503096,ORD-503096,ShipRight,2026-03-24,2026-03-25,2026-03-27,6,0,2,11.45
SHP-503097,ORD-503097,NorthLine,2026-03-21,2026-03-25,2026-03-23,2,1,0,9.01
SHP-503098,ORD-503098,NorthLine,2026-03-24,2026-03-25,2026-03-27,6,0,2,11.38
SHP-503099,ORD-503099,NorthLine,2026-03-21,2026-03-25,2026-03-26,5,0,1,9.98
SHP-503100,ORD-503100,ParcelFast,2026-03-21,2026-03-25,2026-03-25,4,1,0,11.96
SHP-503101,ORD-503101,MetroCourier,2026-03-22,2026-03-25,2026-03-27,6,0,2,13.57
SHP-503102,ORD-503102,ParcelFast,2026-03-24,2026-03-25,2026-03-27,6,0,2,11.82
SHP-503103,ORD-503103,ParcelFast,2026-03-22,2026-03-25,2026-03-24,3,1,0,12.95
SHP-503104,ORD-503104,NorthLine,2026-03-22,2026-03-25,2026-03-26,5,0,1,12.04
SHP-503105,ORD-503105,ShipRight,2026-03-23,2026-03-25,2026-03-25,4,1,0,11.38
SHP-503106,ORD-503106,NorthLine,2026-03-23,2026-03-25,2026-03-25,4,1,0,11.5
SHP-503107,ORD-503107,MetroCourier,2026-03-22,2026-03-25,2026-03-26,5,0,1,12.22
SHP-503108,ORD-503108,ParcelFast,2026-03-22,2026-03-25,2026-03-25,4,1,0,10.98
SHP-503109,ORD-503109,ShipRight,2026-03-24,2026-03-25,2026-03-25,4,1,0,8.74
SHP-503110,ORD-503110,ShipRight,2026-03-21,2026-03-25,2026-03-24,3,1,0,12.95
SHP-503111,ORD-503111,NorthLine,2026-03-21,2026-03-25,2026-03-25,4,1,0,10.56
SHP-503112,ORD-503112,ParcelFast,2026-03-23,2026-03-25,2026-03-26,5,0,1,10.17
SHP-503113,ORD-503113,ParcelFast,2026-03-22,2026-03-25,2026-03-27,6,0,2,11.24
SHP-503114,ORD-503114,MetroCourier,2026-03-22,2026-03-25,2026-03-26,5,0,1,11.99
SHP-503115,ORD-503115,MetroCourier,2026-03-23,2026-03-25,2026-03-28,7,0,3,12.54
SHP-503116,ORD-503116,MetroCourier,2026-03-23,2026-03-25,2026-03-26,5,0,1,10.65
SHP-503117,ORD-503117,ShipRight,2026-03-21,2026-03-25,2026-03-24,3,1,0,9.2
SHP-503118,ORD-503118,MetroCourier,2026-03-24,2026-03-25,2026-03-26,5,0,1,12.49
SHP-503119,ORD-503119,ShipRight,2026-03-22,2026-03-25,2026-03-24,3,1,0,13.68
SHP-503120,ORD-503120,MetroCourier,2026-03-24,2026-03-25,2026-03-28,7,0,3,9.85
SHP-503121,ORD-503121,ParcelFast,2026-03-22,2026-03-25,2026-03-25,4,1,0,11.29
SHP-503122,ORD-503122,NorthLine,2026-03-23,2026-03-26,2026-03-24,2,1,0,14.82
SHP-503123,ORD-503123,ParcelFast,2026-03-24,2026-03-26,2026-03-29,7,0,3,15.9
SHP-503124,ORD-503124,ParcelFast,2026-03-23,2026-03-26,2026-03-24,2,1,0,12.14
SHP-503125,ORD-503125,ShipRight,2026-03-22,2026-03-26,2026-03-27,5,0,1,10.94
SHP-503126,ORD-503126,ShipRight,2026-03-23,2026-03-26,2026-03-25,3,1,0,9.6
SHP-503127,ORD-503127,ShipRight,2026-03-25,2026-03-26,2026-03-28,6,0,2,11.12
SHP-503128,ORD-503128,NorthLine,2026-03-23,2026-03-26,2026-03-25,3,1,0,10.78
SHP-503129,ORD-503129,ParcelFast,2026-03-24,2026-03-26,2026-03-26,4,1,0,9.91
SHP-503130,ORD-503130,ParcelFast,2026-03-24,2026-03-26,2026-03-26,4,1,0,11.68
SHP-503131,ORD-503131,ParcelFast,2026-03-23,2026-03-26,2026-03-24,2,1,0,11.39
SHP-503132,ORD-503132,NorthLine,2026-03-22,2026-03-26,2026-03-24,2,1,0,10.99
SHP-503133,ORD-503133,MetroCourier,2026-03-23,2026-03-26,2026-03-25,3,1,0,13.47
SHP-503134,ORD-503134,NorthLine,2026-03-25,2026-03-26,2026-03-31,9,0,5,13.48
SHP-503135,ORD-503135,ShipRight,2026-03-22,2026-03-26,2026-03-24,2,1,0,11.62
SHP-503136,ORD-503136,ParcelFast,2026-03-25,2026-03-26,2026-03-28,6,0,2,9.64
SHP-503137,ORD-503137,MetroCourier,2026-03-22,2026-03-26,2026-03-26,4,1,0,11.34
SHP-503138,ORD-503138,ParcelFast,2026-03-23,2026-03-26,2026-03-27,5,0,1,11.76
SHP-503139,ORD-503139,ShipRight,2026-03-22,2026-03-26,2026-03-24,2,1,0,10.27
SHP-503140,ORD-503140,MetroCourier,2026-03-23,2026-03-26,2026-03-29,7,0,3,11.82
SHP-503141,ORD-503141,ShipRight,2026-03-23,2026-03-26,2026-03-27,5,0,1,11.8
SHP-503142,ORD-503142,ShipRight,2026-03-23,2026-03-26,2026-03-26,4,1,0,12.99
SHP-503143,ORD-503143,NorthLine,2026-03-23,2026-03-26,2026-03-24,2,1,0,13.16
SHP-503144,ORD-503144,ParcelFast,2026-03-24,2026-03-26,2026-03-28,6,0,2,12.98
SHP-503145,ORD-503145,MetroCourier,2026-03-22,2026-03-26,2026-03-24,2,1,0,14.61
SHP-503146,ORD-503146,ShipRight,2026-03-23,2026-03-26,2026-03-25,3,1,0,10.56
SHP-503147,ORD-503147,ShipRight,2026-03-22,2026-03-26,2026-03-26,4,1,0,13.46
SHP-503148,ORD-503148,ShipRight,2026-03-23,2026-03-26,2026-03-25,3,1,0,11.16
SHP-503149,ORD-503149,MetroCourier,2026-03-22,2026-03-26,2026-03-29,7,0,3,9.3
SHP-503150,ORD-503150,ShipRight,2026-03-24,2026-03-26,2026-03-25,3,1,0,9.74
SHP-503151,ORD-503151,ShipRight,2026-03-23,2026-03-26,2026-03-29,7,0,3,9.21
SHP-503152,ORD-503152,NorthLine,2026-03-23,2026-03-26,2026-03-28,6,0,2,13.68
SHP-503153,ORD-503153,NorthLine,2026-03-23,2026-03-26,2026-03-26,4,1,0,12.14
SHP-503154,ORD-503154,ParcelFast,2026-03-23,2026-03-26,2026-03-27,5,0,1,12.48
SHP-503155,ORD-503155,ShipRight,2026-03-23,2026-03-26,2026-03-24,2,1,0,14.74
SHP-503156,ORD-503156,MetroCourier,2026-03-24,2026-03-26,2026-03-31,9,0,5,9.82
SHP-503157,ORD-503157,MetroCourier,2026-03-22,2026-03-26,2026-03-26,4,1,0,11.46
SHP-503158,ORD-503158,MetroCourier,2026-03-23,2026-03-26,2026-03-25,3,1,0,12.9
SHP-503159,ORD-503159,NorthLine,2026-03-24,2026-03-26,2026-03-29,7,0,3,9.19
SHP-503160,ORD-503160,ParcelFast,2026-03-24,2026-03-26,2026-03-27,5,0,1,9.9
SHP-503161,ORD-503161,ShipRight,2026-03-24,2026-03-26,2026-03-27,5,0,1,11.11
SHP-503162,ORD-503162,ParcelFast,2026-03-25,2026-03-26,2026-03-28,6,0,2,10.74
SHP-503163,ORD-503163,NorthLine,2026-03-26,2026-03-27,2026-03-30,7,0,3,11.86
SHP-503164,ORD-503164,MetroCourier,2026-03-23,2026-03-27,2026-03-26,3,1,0,15.1
SHP-503165,ORD-503165,ParcelFast,2026-03-24,2026-03-27,2026-03-26,3,1,0,13.79
SHP-503166,ORD-503166,NorthLine,2026-03-24,2026-03-27,2026-03-26,3,1,0,10.61
SHP-503167,ORD-503167,MetroCourier,2026-03-23,2026-03-27,2026-03-24,1,1,0,11.07
SHP-503168,ORD-503168,MetroCourier,2026-03-24,2026-03-27,2026-03-31,8,0,4,12.61
SHP-503169,ORD-503169,NorthLine,2026-03-23,2026-03-27,2026-03-24,1,1,0,9.29
SHP-503170,ORD-503170,MetroCourier,2026-03-24,2026-03-27,2026-03-25,2,1,0,13.44
SHP-503171,ORD-503171,NorthLine,2026-03-23,2026-03-27,2026-03-28,5,0,1,11.84
SHP-503172,ORD-503172,ParcelFast,2026-03-23,2026-03-27,2026-03-26,3,1,0,11.7
SHP-503173,ORD-503173,MetroCourier,2026-03-23,2026-03-27,2026-03-26,3,1,0,9.35
SHP-503174,ORD-503174,NorthLine,2026-03-23,2026-03-27,2026-03-27,4,1,0,13.28
SHP-503175,ORD-503175,ShipRight,2026-03-24,2026-03-27,2026-03-29,6,0,2,9.33
SHP-503176,ORD-503176,NorthLine,2026-03-24,2026-03-27,2026-03-25,2,1,0,11.12
SHP-503177,ORD-503177,NorthLine,2026-03-25,2026-03-27,2026-03-30,7,0,3,9.38
SHP-503178,ORD-503178,ShipRight,2026-03-24,2026-03-27,2026-03-27,4,1,0,13.75
SHP-503179,ORD-503179,ShipRight,2026-03-24,2026-03-27,2026-03-26,3,1,0,9.77
SHP-503180,ORD-503180,NorthLine,2026-03-24,2026-03-27,2026-03-26,3,1,0,9.31
SHP-503181,ORD-503181,NorthLine,2026-03-24,2026-03-27,2026-03-25,2,1,0,10.98
SHP-503182,ORD-503182,NorthLine,2026-03-23,2026-03-27,2026-03-27,4,1,0,9.46
SHP-503183,ORD-503183,ShipRight,2026-03-24,2026-03-27,2026-03-26,3,1,0,9.44
SHP-503184,ORD-503184,MetroCourier,2026-03-26,2026-03-27,2026-03-31,8,0,4,14.46
SHP-503185,ORD-503185,ParcelFast,2026-03-24,2026-03-27,2026-03-25,2,1,0,12.23
SHP-503186,ORD-503186,ParcelFast,2026-03-24,2026-03-27,2026-03-29,6,0,2,11.31
SHP-503187,ORD-503187,MetroCourier,2026-03-24,2026-03-27,2026-03-25,2,1,0,13.76
SHP-503188,ORD-503188,NorthLine,2026-03-25,2026-03-27,2026-03-28,5,0,1,11.21
SHP-503189,ORD-503189,ParcelFast,2026-03-24,2026-03-27,2026-03-26,3,1,0,9.14
SHP-503190,ORD-503190,ParcelFast,2026-03-24,2026-03-27,2026-03-27,4,1,0,10.31
SHP-503191,ORD-503191,ParcelFast,2026-03-25,2026-03-27,2026-03-30,7,0,3,13.45
SHP-503192,ORD-503192,MetroCourier,2026-03-24,2026-03-27,2026-03-27,4,1,0,9.35
SHP-503193,ORD-503193,NorthLine,2026-03-25,2026-03-27,2026-03-27,4,1,0,11.93
SHP-503194,ORD-503194,ShipRight,2026-03-24,2026-03-27,2026-03-25,2,1,0,10.85
SHP-503195,ORD-503195,NorthLine,2026-03-23,2026-03-27,2026-03-31,8,0,4,10.31
SHP-503196,ORD-503196,ParcelFast,2026-03-24,2026-03-27,2026-03-27,4,1,0,10.76
SHP-503197,ORD-503197,NorthLine,2026-03-26,2026-03-27,2026-03-28,5,0,1,11.83
SHP-503198,ORD-503198,NorthLine,2026-03-24,2026-03-27,2026-03-26,3,1,0,8.92
SHP-503199,ORD-503199,MetroCourier,2026-03-25,2026-03-27,2026-03-28,5,0,1,11.27
SHP-503200,ORD-503200,MetroCourier,2026-03-24,2026-03-27,2026-03-30,7,0,3,12.01
SHP-503201,ORD-503201,ShipRight,2026-03-24,2026-03-27,2026-03-29,6,0,2,12.62
SHP-503202,ORD-503202,ParcelFast,2026-03-24,2026-03-27,2026-03-27,4,1,0,12.84
SHP-503203,ORD-503203,ParcelFast,2026-03-25,2026-03-27,2026-03-26,3,1,0,11.94
SHP-503204,ORD-503204,MetroCourier,2026-03-24,2026-03-27,2026-03-27,4,1,0,12.64
SHP-503205,ORD-503205,MetroCourier,2026-03-23,2026-03-27,2026-03-26,3,1,0,12.73
SHP-503206,ORD-503206,ShipRight,2026-03-24,2026-03-27,2026-03-25,2,1,0,13.45
SHP-503207,ORD-503207,ParcelFast,2026-03-26,2026-03-28,2026-03-27,3,1,0,11.06
SHP-503208,ORD-503208,MetroCourier,2026-03-25,2026-03-28,2026-03-31,7,0,3,11.83
SHP-503209,ORD-503209,NorthLine,2026-03-25,2026-03-28,2026-03-27,3,1,0,11.91
SHP-503210,ORD-503210,MetroCourier,2026-03-25,2026-03-28,2026-03-27,3,1,0,12.27
SHP-503211,ORD-503211,NorthLine,2026-03-26,2026-03-28,2026-03-28,4,1,0,9.89
SHP-503212,ORD-503212,ParcelFast,2026-03-25,2026-03-28,2026-03-27,3,1,0,9.47
SHP-503213,ORD-503213,NorthLine,2026-03-26,2026-03-28,2026-03-27,3,1,0,13.37
SHP-503214,ORD-503214,NorthLine,2026-03-27,2026-03-28,2026-04-01,8,0,4,13.6
SHP-503215,ORD-503215,ParcelFast,2026-03-24,2026-03-28,2026-03-28,4,1,0,10.26
SHP-503216,ORD-503216,MetroCourier,2026-03-26,2026-03-28,2026-03-27,3,1,0,13.6
SHP-503217,ORD-503217,ShipRight,2026-03-25,2026-03-28,2026-03-28,4,1,0,11.22
SHP-503218,ORD-503218,MetroCourier,2026-03-26,2026-03-28,2026-03-30,6,0,2,8.81
SHP-503219,ORD-503219,MetroCourier,2026-03-26,2026-03-28,2026-03-30,6,0,2,10.42
SHP-503220,ORD-503220,MetroCourier,2026-03-25,2026-03-28,2026-03-28,4,1,0,13.01
SHP-503221,ORD-503221,ShipRight,2026-03-26,2026-03-28,2026-03-28,4,1,0,9.58
SHP-503222,ORD-503222,NorthLine,2026-03-24,2026-03-28,2026-03-28,4,1,0,15.05
SHP-503223,ORD-503223,NorthLine,2026-03-25,2026-03-28,2026-03-31,7,0,3,10.91
SHP-503224,ORD-503224,NorthLine,2026-03-24,2026-03-28,2026-03-29,5,0,1,10.8
SHP-503225,ORD-503225,ParcelFast,2026-03-25,2026-03-28,2026-03-27,3,1,0,11.51
SHP-503226,ORD-503226,ShipRight,2026-03-26,2026-03-28,2026-03-29,5,0,1,11.3
SHP-503227,ORD-503227,MetroCourier,2026-03-24,2026-03-28,2026-03-26,2,1,0,12.03
SHP-503228,ORD-503228,ShipRight,2026-03-25,2026-03-28,2026-03-28,4,1,0,12.35
SHP-503229,ORD-503229,NorthLine,2026-03-25,2026-03-28,2026-03-31,7,0,3,10.2
SHP-503230,ORD-503230,ShipRight,2026-03-25,2026-03-28,2026-03-26,2,1,0,10.48
SHP-503231,ORD-503231,ShipRight,2026-03-24,2026-03-28,2026-03-26,2,1,0,11.19
SHP-503232,ORD-503232,ShipRight,2026-03-24,2026-03-28,2026-03-26,2,1,0,9.61
SHP-503233,ORD-503233,ParcelFast,2026-03-25,2026-03-28,2026-03-27,3,1,0,10.92
SHP-503234,ORD-503234,ParcelFast,2026-03-25,2026-03-28,2026-03-28,4,1,0,12.15
SHP-503235,ORD-503235,ShipRight,2026-03-24,2026-03-28,2026-03-27,3,1,0,12.29
SHP-503236,ORD-503236,MetroCourier,2026-03-25,2026-03-28,2026-03-28,4,1,0,9.71
SHP-503237,ORD-503237,ParcelFast,2026-03-25,2026-03-28,2026-03-29,5,0,1,10.69
SHP-503238,ORD-503238,MetroCourier,2026-03-25,2026-03-28,2026-03-29,5,0,1,11.27
SHP-503239,ORD-503239,NorthLine,2026-03-25,2026-03-28,2026-03-29,5,0,1,8.84
SHP-503240,ORD-503240,NorthLine,2026-03-26,2026-03-28,2026-03-31,7,0,3,13.01
SHP-503241,ORD-503241,ShipRight,2026-03-25,2026-03-28,2026-03-26,2,1,0,11.09
SHP-503242,ORD-503242,ParcelFast,2026-03-26,2026-03-28,2026-03-28,4,1,0,10.73
SHP-503243,ORD-503243,NorthLine,2026-03-25,2026-03-28,2026-03-28,4,1,0,9.48
SHP-503244,ORD-503244,ParcelFast,2026-03-24,2026-03-28,2026-03-27,3,1,0,12.58
SHP-503245,ORD-503245,ShipRight,2026-03-25,2026-03-28,2026-03-29,5,0,1,9.12
SHP-503246,ORD-503246,ParcelFast,2026-03-24,2026-03-28,2026-03-25,1,1,0,9.76
SHP-503247,ORD-503247,ParcelFast,2026-03-25,2026-03-28,2026-03-26,2,1,0,12.51
SHP-503248,ORD-503248,MetroCourier,2026-03-25,2026-03-28,2026-03-26,2,1,0,10.05
SHP-503249,ORD-503249,ParcelFast,2026-03-25,2026-03-28,2026-03-28,4,1,0,8.92
SHP-503250,ORD-503250,MetroCourier,2026-03-25,2026-03-28,2026-03-27,3,1,0,10.69
SHP-503251,ORD-503251,NorthLine,2026-03-26,2026-03-28,2026-03-28,4,1,0,11.97
SHP-503252,ORD-503252,MetroCourier,2026-03-27,2026-03-29,2026-04-01,7,0,3,10.02
SHP-503253,ORD-503253,NorthLine,2026-03-26,2026-03-29,2026-03-29,4,1,0,10.78
SHP-503254,ORD-503254,ShipRight,2026-03-26,2026-03-29,2026-03-30,5,0,1,12.63
SHP-503255,ORD-503255,ShipRight,2026-03-27,2026-03-29,2026-04-01,7,0,3,12.67
SHP-503256,ORD-503256,MetroCourier,2026-03-26,2026-03-29,2026-03-27,2,1,0,10.89
SHP-503257,ORD-503257,ShipRight,2026-03-26,2026-03-29,2026-04-01,7,0,3,11.43
SHP-503258,ORD-503258,MetroCourier,2026-03-27,2026-03-29,2026-03-31,6,0,2,13.28
SHP-503259,ORD-503259,NorthLine,2026-03-26,2026-03-29,2026-03-30,5,0,1,10.53
SHP-503260,ORD-503260,ParcelFast,2026-03-26,2026-03-29,2026-03-28,3,1,0,11.66
SHP-503261,ORD-503261,NorthLine,2026-03-27,2026-03-29,2026-03-31,6,0,2,13.53
SHP-503262,ORD-503262,MetroCourier,2026-03-27,2026-03-29,2026-03-29,4,1,0,9.3
SHP-503263,ORD-503263,ParcelFast,2026-03-27,2026-03-29,2026-03-31,6,0,2,11.04
SHP-503264,ORD-503264,NorthLine,2026-03-26,2026-03-29,2026-03-29,4,1,0,11.09
SHP-503265,ORD-503265,NorthLine,2026-03-26,2026-03-29,2026-03-30,5,0,1,12.79
SHP-503266,ORD-503266,NorthLine,2026-03-26,2026-03-29,2026-03-29,4,1,0,11.23
SHP-503267,ORD-503267,MetroCourier,2026-03-26,2026-03-29,2026-03-28,3,1,0,12.0
SHP-503268,ORD-503268,ShipRight,2026-03-27,2026-03-29,2026-03-29,4,1,0,11.13
SHP-503269,ORD-503269,MetroCourier,2026-03-28,2026-03-29,2026-04-03,9,0,5,10.76
SHP-503270,ORD-503270,ParcelFast,2026-03-26,2026-03-29,2026-03-31,6,0,2,11.38
SHP-503271,ORD-503271,NorthLine,2026-03-25,2026-03-29,2026-03-27,2,1,0,12.38
SHP-503272,ORD-503272,ParcelFast,2026-03-26,2026-03-29,2026-03-29,4,1,0,11.77
SHP-503273,ORD-503273,MetroCourier,2026-03-28,2026-03-29,2026-04-01,7,0,3,12.82
SHP-503274,ORD-503274,NorthLine,2026-03-27,2026-03-29,2026-04-04,10,0,6,12.36
SHP-503275,ORD-503275,NorthLine,2026-03-28,2026-03-29,2026-03-30,5,0,1,14.23
SHP-503276,ORD-503276,ShipRight,2026-03-27,2026-03-29,2026-03-30,5,0,1,11.4
SHP-503277,ORD-503277,ShipRight,2026-03-26,2026-03-29,2026-03-31,6,0,2,9.93
SHP-503278,ORD-503278,ParcelFast,2026-03-26,2026-03-29,2026-03-30,5,0,1,10.62
SHP-503279,ORD-503279,NorthLine,2026-03-26,2026-03-29,2026-03-31,6,0,2,11.73
SHP-503280,ORD-503280,NorthLine,2026-03-25,2026-03-29,2026-03-30,5,0,1,12.02
SHP-503281,ORD-503281,ShipRight,2026-03-26,2026-03-29,2026-03-27,2,1,0,11.76
SHP-503282,ORD-503282,ParcelFast,2026-03-26,2026-03-29,2026-03-29,4,1,0,13.84
SHP-503283,ORD-503283,ParcelFast,2026-03-25,2026-03-29,2026-03-29,4,1,0,10.85
SHP-503284,ORD-503284,ParcelFast,2026-03-27,2026-03-29,2026-03-31,6,0,2,10.87
SHP-503285,ORD-503285,NorthLine,2026-03-27,2026-03-29,2026-03-30,5,0,1,13.48
SHP-503286,ORD-503286,ParcelFast,2026-03-26,2026-03-29,2026-03-29,4,1,0,11.5
SHP-503287,ORD-503287,NorthLine,2026-03-27,2026-03-29,2026-03-29,4,1,0,9.62
SHP-503288,ORD-503288,MetroCourier,2026-03-27,2026-03-29,2026-03-30,5,0,1,11.89
SHP-503289,ORD-503289,ShipRight,2026-03-25,2026-03-29,2026-03-27,2,1,0,12.44
SHP-503290,ORD-503290,NorthLine,2026-03-25,2026-03-29,2026-03-30,5,0,1,13.54
SHP-503291,ORD-503291,MetroCourier,2026-03-26,2026-03-29,2026-03-29,4,1,0,9.54
SHP-503292,ORD-503292,ParcelFast,2026-03-28,2026-03-29,2026-03-29,4,1,0,14.97
SHP-503293,ORD-503293,ParcelFast,2026-03-26,2026-03-29,2026-03-29,4,1,0,11.7
SHP-503294,ORD-503294,MetroCourier,2026-03-26,2026-03-29,2026-03-27,2,1,0,10.59
SHP-503295,ORD-503295,ShipRight,2026-03-26,2026-03-29,2026-03-28,3,1,0,10.23
SHP-503296,ORD-503296,ShipRight,2026-03-28,2026-03-29,2026-04-01,7,0,3,12.02
SHP-503297,ORD-503297,NorthLine,2026-03-27,2026-03-29,2026-04-01,7,0,3,8.87
SHP-503298,ORD-503298,NorthLine,2026-03-26,2026-03-29,2026-03-31,6,0,2,9.11
SHP-503299,ORD-503299,MetroCourier,2026-03-26,2026-03-29,2026-03-27,2,1,0,10.61
SHP-503300,ORD-503300,ShipRight,2026-03-26,2026-03-29,2026-03-30,5,0,1,11.41
SHP-503301,ORD-503301,ParcelFast,2026-03-26,2026-03-29,2026-03-28,3,1,0,11.58
SHP-503302,ORD-503302,ParcelFast,2026-03-25,2026-03-29,2026-03-27,2,1,0,11.34
SHP-503303,ORD-503303,MetroCourier,2026-03-26,2026-03-29,2026-03-29,4,1,0,13.74
SHP-503304,ORD-503304,MetroCourier,2026-03-26,2026-03-29,2026-03-28,3,1,0,10.61
SHP-503305,ORD-503305,ParcelFast,2026-03-26,2026-03-29,2026-03-28,3,1,0,11.93
SHP-503306,ORD-503306,NorthLine,2026-03-27,2026-03-29,2026-03-30,5,0,1,9.12
SHP-503307,ORD-503307,MetroCourier,2026-03-26,2026-03-29,2026-03-28,3,1,0,9.56
SHP-503308,ORD-503308,MetroCourier,2026-03-26,2026-03-29,2026-03-30,5,0,1,10.99
SHP-503309,ORD-503309,MetroCourier,2026-03-26,2026-03-29,2026-03-29,4,1,0,9.89
SHP-503310,ORD-503310,NorthLine,2026-03-26,2026-03-29,2026-03-27,2,1,0,11.8
SHP-503311,ORD-503311,ParcelFast,2026-03-26,2026-03-29,2026-03-31,6,0,2,13.09
SHP-503312,ORD-503312,NorthLine,2026-03-28,2026-03-29,2026-03-31,6,0,2,11.48
SHP-503313,ORD-503313,ParcelFast,2026-03-26,2026-03-29,2026-03-31,6,0,2,9.28
SHP-503314,ORD-503314,ParcelFast,2026-03-26,2026-03-29,2026-03-30,5,0,1,11.49
SHP-503315,ORD-503315,ParcelFast,2026-03-26,2026-03-29,2026-03-28,3,1,0,13.96
SHP-503316,ORD-503316,ParcelFast,2026-03-27,2026-03-30,2026-04-04,9,0,5,16.24
SHP-503317,ORD-503317,ParcelFast,2026-03-26,2026-03-30,2026-04-01,6,0,2,13.79
SHP-503318,ORD-503318,ParcelFast,2026-03-26,2026-03-30,2026-03-27,1,1,0,11.25
SHP-503319,ORD-503319,NorthLine,2026-03-27,2026-03-30,2026-03-29,3,1,0,10.34
SHP-503320,ORD-503320,ShipRight,2026-03-27,2026-03-30,2026-03-30,4,1,0,11.72
SHP-503321,ORD-503321,ParcelFast,2026-03-27,2026-03-30,2026-03-28,2,1,0,14.75
SHP-503322,ORD-503322,NorthLine,2026-03-29,2026-03-30,2026-03-31,5,0,1,9.56
SHP-503323,ORD-503323,ShipRight,2026-03-27,2026-03-30,2026-03-30,4,1,0,10.85
SHP-503324,ORD-503324,ShipRight,2026-03-29,2026-03-30,2026-04-03,8,0,4,11.03
SHP-503325,ORD-503325,MetroCourier,2026-03-27,2026-03-30,2026-03-30,4,1,0,13.11
SHP-503326,ORD-503326,ShipRight,2026-03-27,2026-03-30,2026-03-31,5,0,1,10.25
SHP-503327,ORD-503327,MetroCourier,2026-03-27,2026-03-30,2026-04-02,7,0,3,10.84
SHP-503328,ORD-503328,NorthLine,2026-03-27,2026-03-30,2026-03-29,3,1,0,12.51
SHP-503329,ORD-503329,ShipRight,2026-03-27,2026-03-30,2026-03-30,4,1,0,12.06
SHP-503330,ORD-503330,MetroCourier,2026-03-27,2026-03-30,2026-03-31,5,0,1,13.58
SHP-503331,ORD-503331,MetroCourier,2026-03-26,2026-03-30,2026-03-31,5,0,1,11.9
SHP-503332,ORD-503332,NorthLine,2026-03-26,2026-03-30,2026-03-27,1,1,0,9.86
SHP-503333,ORD-503333,ParcelFast,2026-03-27,2026-03-30,2026-03-31,5,0,1,9.26
SHP-503334,ORD-503334,MetroCourier,2026-03-27,2026-03-30,2026-03-30,4,1,0,12.67
SHP-503335,ORD-503335,MetroCourier,2026-03-27,2026-03-30,2026-03-31,5,0,1,9.32
SHP-503336,ORD-503336,ParcelFast,2026-03-26,2026-03-30,2026-03-28,2,1,0,12.76
SHP-503337,ORD-503337,ParcelFast,2026-03-27,2026-03-30,2026-03-31,5,0,1,11.65
SHP-503338,ORD-503338,ShipRight,2026-03-27,2026-03-30,2026-03-29,3,1,0,11.24
SHP-503339,ORD-503339,MetroCourier,2026-03-27,2026-03-30,2026-04-01,6,0,2,9.02
SHP-503340,ORD-503340,MetroCourier,2026-03-27,2026-03-30,2026-03-30,4,1,0,14.11
SHP-503341,ORD-503341,ShipRight,2026-03-27,2026-03-30,2026-03-29,3,1,0,9.75
SHP-503342,ORD-503342,NorthLine,2026-03-27,2026-03-30,2026-04-01,6,0,2,12.58
SHP-503343,ORD-503343,MetroCourier,2026-03-27,2026-03-30,2026-03-31,5,0,1,12.2
SHP-503344,ORD-503344,ShipRight,2026-03-27,2026-03-30,2026-03-31,5,0,1,10.03
SHP-503345,ORD-503345,MetroCourier,2026-03-26,2026-03-30,2026-03-28,2,1,0,12.46
SHP-503346,ORD-503346,NorthLine,2026-03-26,2026-03-30,2026-03-28,2,1,0,11.43
SHP-503347,ORD-503347,ShipRight,2026-03-29,2026-03-30,2026-03-31,5,0,1,12.87
SHP-503348,ORD-503348,NorthLine,2026-03-27,2026-03-30,2026-03-28,2,1,0,11.76
SHP-503349,ORD-503349,ShipRight,2026-03-27,2026-03-30,2026-03-29,3,1,0,8.83
SHP-503350,ORD-503350,MetroCourier,2026-03-26,2026-03-30,2026-03-29,3,1,0,9.92
SHP-503351,ORD-503351,ShipRight,2026-03-28,2026-03-30,2026-04-01,6,0,2,11.1
SHP-503352,ORD-503352,ShipRight,2026-03-27,2026-03-30,2026-03-31,5,0,1,8.77
SHP-503353,ORD-503353,ParcelFast,2026-03-28,2026-03-30,2026-03-29,3,1,0,11.09
SHP-503354,ORD-503354,ParcelFast,2026-03-27,2026-03-30,2026-03-31,5,0,1,12.84
SHP-503355,ORD-503355,MetroCourier,2026-03-29,2026-03-30,2026-04-05,10,0,6,9.13
SHP-503356,ORD-503356,ShipRight,2026-03-27,2026-03-30,2026-03-29,3,1,0,10.89
SHP-503357,ORD-503357,NorthLine,2026-03-28,2026-03-31,2026-03-31,4,1,0,10.62
SHP-503358,ORD-503358,NorthLine,2026-03-27,2026-03-31,2026-03-29,2,1,0,12.14
SHP-503359,ORD-503359,ParcelFast,2026-03-28,2026-03-31,2026-03-30,3,1,0,8.96
SHP-503360,ORD-503360,MetroCourier,2026-03-27,2026-03-31,2026-03-28,1,1,0,9.85
SHP-503361,ORD-503361,NorthLine,2026-03-28,2026-03-31,2026-04-02,6,0,2,11.06
SHP-503362,ORD-503362,ShipRight,2026-03-28,2026-03-31,2026-04-01,5,0,1,10.78
SHP-503363,ORD-503363,NorthLine,2026-03-28,2026-03-31,2026-03-30,3,1,0,11.26
SHP-503364,ORD-503364,NorthLine,2026-03-27,2026-03-31,2026-04-01,5,0,1,12.14
SHP-503365,ORD-503365,MetroCourier,2026-03-29,2026-03-31,2026-03-31,4,1,0,10.59
SHP-503366,ORD-503366,ShipRight,2026-03-27,2026-03-31,2026-03-31,4,1,0,13.35
SHP-503367,ORD-503367,ShipRight,2026-03-28,2026-03-31,2026-03-30,3,1,0,9.22
SHP-503368,ORD-503368,ShipRight,2026-03-27,2026-03-31,2026-03-29,2,1,0,11.44
SHP-503369,ORD-503369,MetroCourier,2026-03-27,2026-03-31,2026-03-31,4,1,0,11.11
SHP-503370,ORD-503370,NorthLine,2026-03-28,2026-03-31,2026-03-30,3,1,0,10.65
SHP-503371,ORD-503371,NorthLine,2026-03-27,2026-03-31,2026-03-30,3,1,0,12.5
SHP-503372,ORD-503372,ShipRight,2026-03-28,2026-03-31,2026-04-01,5,0,1,10.3
SHP-503373,ORD-503373,ShipRight,2026-03-30,2026-03-31,2026-04-03,7,0,3,14.21
SHP-503374,ORD-503374,ParcelFast,2026-03-27,2026-03-31,2026-03-31,4,1,0,10.08
SHP-503375,ORD-503375,MetroCourier,2026-03-28,2026-03-31,2026-03-29,2,1,0,15.92
SHP-503376,ORD-503376,ParcelFast,2026-03-30,2026-03-31,2026-04-02,6,0,2,9.49
SHP-503377,ORD-503377,ParcelFast,2026-03-28,2026-03-31,2026-03-31,4,1,0,11.66
SHP-503378,ORD-503378,NorthLine,2026-03-27,2026-03-31,2026-03-29,2,1,0,10.23
SHP-503379,ORD-503379,MetroCourier,2026-03-28,2026-03-31,2026-03-31,4,1,0,10.79
SHP-503380,ORD-503380,NorthLine,2026-03-29,2026-03-31,2026-04-01,5,0,1,13.71
SHP-503381,ORD-503381,ParcelFast,2026-03-27,2026-03-31,2026-04-02,6,0,2,9.55
SHP-503382,ORD-503382,MetroCourier,2026-03-27,2026-03-31,2026-03-28,1,1,0,12.87
SHP-503383,ORD-503383,NorthLine,2026-03-28,2026-03-31,2026-04-02,6,0,2,10.9
SHP-503384,ORD-503384,MetroCourier,2026-03-28,2026-03-31,2026-03-31,4,1,0,9.95
SHP-503385,ORD-503385,ParcelFast,2026-03-28,2026-03-31,2026-04-01,5,0,1,12.57
SHP-503386,ORD-503386,MetroCourier,2026-03-27,2026-03-31,2026-04-01,5,0,1,11.15
SHP-503387,ORD-503387,MetroCourier,2026-03-28,2026-03-31,2026-03-30,3,1,0,12.53
SHP-503388,ORD-503388,MetroCourier,2026-03-27,2026-03-31,2026-03-31,4,1,0,12.7
SHP-503389,ORD-503389,ShipRight,2026-03-28,2026-03-31,2026-03-31,4,1,0,14.18
SHP-503390,ORD-503390,ShipRight,2026-03-28,2026-03-31,2026-03-31,4,1,0,12.43
SHP-503391,ORD-503391,NorthLine,2026-03-29,2026-03-31,2026-03-31,4,1,0,9.5
SHP-503392,ORD-503392,ParcelFast,2026-03-28,2026-03-31,2026-03-29,2,1,0,12.5
SHP-503393,ORD-503393,ParcelFast,2026-03-27,2026-03-31,2026-04-03,7,0,3,10.62
SHP-503394,ORD-503394,NorthLine,2026-03-29,2026-03-31,2026-04-01,5,0,1,9.91
SHP-503395,ORD-503395,MetroCourier,2026-03-27,2026-03-31,2026-03-30,3,1,0,11.92
SHP-503396,ORD-503396,NorthLine,2026-03-27,2026-03-31,2026-03-30,3,1,0,12.44
SHP-503397,ORD-503397,ShipRight,2026-03-27,2026-03-31,2026-03-30,3,1,0,12.03
SHP-503398,ORD-503398,NorthLine,2026-03-28,2026-03-31,2026-03-30,3,1,0,13.08
SHP-503399,ORD-503399,ParcelFast,2026-03-28,2026-03-31,2026-03-29,2,1,0,13.67
SHP-503400,ORD-503400,ParcelFast,2026-03-28,2026-03-31,2026-03-30,3,1,0,9.45
SHP-503401,ORD-503401,NorthLine,2026-03-27,2026-03-31,2026-03-29,2,1,0,10.52
SHP-503402,ORD-503402,ShipRight,2026-03-30,2026-04-01,2026-03-31,3,1,0,13.25
SHP-503403,ORD-503403,NorthLine,2026-03-29,2026-04-01,2026-04-04,7,0,3,10.65
SHP-503404,ORD-503404,MetroCourier,2026-03-30,2026-04-01,2026-04-03,6,0,2,9.69
SHP-503405,ORD-503405,NorthLine,2026-03-29,2026-04-01,2026-04-01,4,1,0,10.9
SHP-503406,ORD-503406,ParcelFast,2026-03-29,2026-04-01,2026-04-01,4,1,0,12.54
SHP-503407,ORD-503407,ParcelFast,2026-03-29,2026-04-01,2026-04-01,4,1,0,13.71
SHP-503408,ORD-503408,ParcelFast,2026-03-30,2026-04-01,2026-04-01,4,1,0,11.27
SHP-503409,ORD-503409,MetroCourier,2026-03-30,2026-04-01,2026-04-06,9,0,5,10.59
SHP-503410,ORD-503410,NorthLine,2026-03-29,2026-04-01,2026-03-31,3,1,0,13.22
SHP-503411,ORD-503411,ParcelFast,2026-03-28,2026-04-01,2026-04-01,4,1,0,8.94
SHP-503412,ORD-503412,ShipRight,2026-03-29,2026-04-01,2026-04-01,4,1,0,12.68
SHP-503413,ORD-503413,NorthLine,2026-03-28,2026-04-01,2026-03-30,2,1,0,11.25
SHP-503414,ORD-503414,NorthLine,2026-03-29,2026-04-01,2026-04-01,4,1,0,13.71
SHP-503415,ORD-503415,ParcelFast,2026-03-29,2026-04-01,2026-03-31,3,1,0,10.08
SHP-503416,ORD-503416,ShipRight,2026-03-28,2026-04-01,2026-03-30,2,1,0,12.05
SHP-503417,ORD-503417,ParcelFast,2026-03-31,2026-04-01,2026-04-04,7,0,3,11.38
SHP-503418,ORD-503418,ShipRight,2026-03-28,2026-04-01,2026-03-30,2,1,0,10.09
SHP-503419,ORD-503419,ParcelFast,2026-03-30,2026-04-01,2026-04-04,7,0,3,11.51
SHP-503420,ORD-503420,MetroCourier,2026-03-29,2026-04-01,2026-03-30,2,1,0,10.25
SHP-503421,ORD-503421,MetroCourier,2026-03-29,2026-04-01,2026-03-30,2,1,0,10.2
SHP-503422,ORD-503422,ParcelFast,2026-03-30,2026-04-01,2026-04-01,4,1,0,13.09
SHP-503423,ORD-503423,ShipRight,2026-03-29,2026-04-01,2026-04-01,4,1,0,8.98
SHP-503424,ORD-503424,ShipRight,2026-03-29,2026-04-01,2026-04-01,4,1,0,12.61
SHP-503425,ORD-503425,MetroCourier,2026-03-28,2026-04-01,2026-03-30,2,1,0,9.41
SHP-503426,ORD-503426,MetroCourier,2026-03-31,2026-04-01,2026-04-01,4,1,0,8.99
SHP-503427,ORD-503427,NorthLine,2026-03-28,2026-04-01,2026-03-31,3,1,0,11.62
SHP-503428,ORD-503428,NorthLine,2026-03-28,2026-04-01,2026-03-29,1,1,0,11.4
SHP-503429,ORD-503429,ParcelFast,2026-03-28,2026-04-01,2026-03-30,2,1,0,11.76
SHP-503430,ORD-503430,NorthLine,2026-03-28,2026-04-01,2026-03-31,3,1,0,9.7
SHP-503431,ORD-503431,ShipRight,2026-03-29,2026-04-01,2026-04-03,6,0,2,9.19
SHP-503432,ORD-503432,ShipRight,2026-03-29,2026-04-01,2026-04-03,6,0,2,9.25
SHP-503433,ORD-503433,MetroCourier,2026-03-29,2026-04-01,2026-03-30,2,1,0,11.91
SHP-503434,ORD-503434,MetroCourier,2026-03-30,2026-04-01,2026-04-01,4,1,0,12.69
SHP-503435,ORD-503435,NorthLine,2026-03-29,2026-04-01,2026-04-05,8,0,4,11.52
SHP-503436,ORD-503436,ParcelFast,2026-03-30,2026-04-02,2026-04-01,3,1,0,13.39
SHP-503437,ORD-503437,MetroCourier,2026-03-30,2026-04-02,2026-04-01,3,1,0,10.25
SHP-503438,ORD-503438,NorthLine,2026-03-30,2026-04-02,2026-04-01,3,1,0,9.68
SHP-503439,ORD-503439,ShipRight,2026-04-01,2026-04-02,2026-04-05,7,0,3,10.16
SHP-503440,ORD-503440,MetroCourier,2026-03-30,2026-04-02,2026-04-02,4,1,0,10.69
SHP-503441,ORD-503441,ParcelFast,2026-03-30,2026-04-02,2026-04-03,5,0,1,10.5
SHP-503442,ORD-503442,NorthLine,2026-03-29,2026-04-02,2026-04-03,5,0,1,13.87
SHP-503443,ORD-503443,ParcelFast,2026-03-29,2026-04-02,2026-03-31,2,1,0,10.18
SHP-503444,ORD-503444,MetroCourier,2026-03-30,2026-04-02,2026-04-03,5,0,1,9.29
SHP-503445,ORD-503445,NorthLine,2026-03-30,2026-04-02,2026-04-02,4,1,0,11.45
SHP-503446,ORD-503446,MetroCourier,2026-03-30,2026-04-02,2026-04-01,3,1,0,8.8
SHP-503447,ORD-503447,ParcelFast,2026-03-30,2026-04-02,2026-04-04,6,0,2,12.08
SHP-503448,ORD-503448,NorthLine,2026-03-30,2026-04-02,2026-04-02,4,1,0,12.06
SHP-503449,ORD-503449,MetroCourier,2026-03-30,2026-04-02,2026-04-03,5,0,1,10.58
SHP-503450,ORD-503450,MetroCourier,2026-03-30,2026-04-02,2026-04-04,6,0,2,9.74
SHP-503451,ORD-503451,NorthLine,2026-03-30,2026-04-02,2026-04-03,5,0,1,10.53
SHP-503452,ORD-503452,MetroCourier,2026-03-31,2026-04-02,2026-04-03,5,0,1,10.52
SHP-503453,ORD-503453,ParcelFast,2026-03-30,2026-04-02,2026-03-31,2,1,0,9.57
SHP-503454,ORD-503454,NorthLine,2026-03-31,2026-04-02,2026-04-04,6,0,2,11.71
SHP-503455,ORD-503455,ShipRight,2026-03-30,2026-04-02,2026-04-04,6,0,2,8.78
SHP-503456,ORD-503456,ParcelFast,2026-03-30,2026-04-02,2026-04-01,3,1,0,13.66
SHP-503457,ORD-503457,ParcelFast,2026-04-01,2026-04-02,2026-04-05,7,0,3,11.59
SHP-503458,ORD-503458,ShipRight,2026-03-31,2026-04-02,2026-04-04,6,0,2,11.42
SHP-503459,ORD-503459,NorthLine,2026-03-30,2026-04-02,2026-04-02,4,1,0,12.47
SHP-503460,ORD-503460,ParcelFast,2026-03-29,2026-04-02,2026-03-31,2,1,0,12.01
SHP-503461,ORD-503461,ShipRight,2026-03-30,2026-04-02,2026-04-04,6,0,2,8.79
SHP-503462,ORD-503462,ShipRight,2026-03-30,2026-04-02,2026-04-02,4,1,0,10.02
SHP-503463,ORD-503463,ShipRight,2026-03-30,2026-04-02,2026-04-03,5,0,1,12.68
SHP-503464,ORD-503464,NorthLine,2026-03-31,2026-04-02,2026-04-03,5,0,1,9.81
SHP-503465,ORD-503465,NorthLine,2026-03-29,2026-04-02,2026-04-01,3,1,0,13.0
SHP-503466,ORD-503466,NorthLine,2026-03-30,2026-04-02,2026-04-05,7,0,3,10.59
SHP-503467,ORD-503467,MetroCourier,2026-03-30,2026-04-02,2026-04-01,3,1,0,12.56
SHP-503468,ORD-503468,ShipRight,2026-03-30,2026-04-02,2026-04-05,7,0,3,12.33
SHP-503469,ORD-503469,NorthLine,2026-03-30,2026-04-02,2026-04-01,3,1,0,9.9
SHP-503470,ORD-503470,ParcelFast,2026-03-30,2026-04-02,2026-04-02,4,1,0,9.34
SHP-503471,ORD-503471,ParcelFast,2026-04-01,2026-04-02,2026-04-03,5,0,1,12.82
SHP-503472,ORD-503472,ParcelFast,2026-03-30,2026-04-02,2026-03-31,2,1,0,13.66
SHP-503473,ORD-503473,MetroCourier,2026-03-29,2026-04-02,2026-04-05,7,0,3,11.2
SHP-503474,ORD-503474,ShipRight,2026-03-31,2026-04-02,2026-04-04,6,0,2,12.48
SHP-503475,ORD-503475,ParcelFast,2026-04-01,2026-04-02,2026-04-03,5,0,1,9.21
SHP-503476,ORD-503476,ShipRight,2026-03-30,2026-04-02,2026-03-31,2,1,0,11.84
SHP-503477,ORD-503477,MetroCourier,2026-04-01,2026-04-02,2026-04-03,5,0,1,12.84
SHP-503478,ORD-503478,MetroCourier,2026-03-31,2026-04-02,2026-04-02,4,1,0,12.39
SHP-503479,ORD-503479,NorthLine,2026-03-30,2026-04-02,2026-04-05,7,0,3,12.09
SHP-503480,ORD-503480,ShipRight,2026-03-31,2026-04-02,2026-04-04,6,0,2,11.32
SHP-503481,ORD-503481,MetroCourier,2026-03-30,2026-04-02,2026-04-03,5,0,1,14.2
SHP-503482,ORD-503482,ParcelFast,2026-03-30,2026-04-02,2026-04-01,3,1,0,13.6
SHP-503483,ORD-503483,ParcelFast,2026-03-30,2026-04-02,2026-04-01,3,1,0,13.88
SHP-503484,ORD-503484,ShipRight,2026-04-01,2026-04-02,2026-04-06,8,0,4,10.2
SHP-503485,ORD-503485,ParcelFast,2026-03-29,2026-04-02,2026-04-02,4,1,0,15.01
SHP-503486,ORD-503486,MetroCourier,2026-03-30,2026-04-02,2026-04-04,6,0,2,12.42
SHP-503487,ORD-503487,ShipRight,2026-03-31,2026-04-02,2026-04-03,5,0,1,10.98
SHP-503488,ORD-503488,ShipRight,2026-03-31,2026-04-03,2026-04-02,3,1,0,12.13
SHP-503489,ORD-503489,ParcelFast,2026-03-30,2026-04-03,2026-03-31,1,1,0,12.38
SHP-503490,ORD-503490,MetroCourier,2026-03-31,2026-04-03,2026-04-02,3,1,0,11.75
SHP-503491,ORD-503491,NorthLine,2026-03-31,2026-04-03,2026-04-04,5,0,1,13.75
SHP-503492,ORD-503492,MetroCourier,2026-03-31,2026-04-03,2026-04-03,4,1,0,13.47
SHP-503493,ORD-503493,MetroCourier,2026-04-01,2026-04-03,2026-04-04,5,0,1,10.33
SHP-503494,ORD-503494,NorthLine,2026-03-31,2026-04-03,2026-04-05,6,0,2,9.42
SHP-503495,ORD-503495,NorthLine,2026-03-30,2026-04-03,2026-04-01,2,1,0,10.83
SHP-503496,ORD-503496,NorthLine,2026-03-31,2026-04-03,2026-04-03,4,1,0,12.3
SHP-503497,ORD-503497,MetroCourier,2026-03-31,2026-04-03,2026-04-05,6,0,2,8.82
SHP-503498,ORD-503498,NorthLine,2026-03-31,2026-04-03,2026-04-01,2,1,0,13.71
SHP-503499,ORD-503499,ShipRight,2026-03-31,2026-04-03,2026-04-02,3,1,0,15.05
SHP-503500,ORD-503500,ParcelFast,2026-03-31,2026-04-03,2026-04-05,6,0,2,10.15
SHP-503501,ORD-503501,ShipRight,2026-03-31,2026-04-03,2026-04-04,5,0,1,12.76
SHP-503502,ORD-503502,MetroCourier,2026-04-02,2026-04-03,2026-04-04,5,0,1,13.75
SHP-503503,ORD-503503,NorthLine,2026-04-02,2026-04-03,2026-04-04,5,0,1,11.69
SHP-503504,ORD-503504,ParcelFast,2026-03-31,2026-04-03,2026-04-06,7,0,3,13.68
SHP-503505,ORD-503505,NorthLine,2026-03-31,2026-04-03,2026-04-03,4,1,0,12.6
SHP-503506,ORD-503506,ParcelFast,2026-03-31,2026-04-03,2026-04-01,2,1,0,12.84
SHP-503507,ORD-503507,ShipRight,2026-04-01,2026-04-03,2026-04-03,4,1,0,10.61
SHP-503508,ORD-503508,ParcelFast,2026-03-31,2026-04-03,2026-04-02,3,1,0,9.47
SHP-503509,ORD-503509,MetroCourier,2026-04-02,2026-04-03,2026-04-05,6,0,2,12.86
SHP-503510,ORD-503510,MetroCourier,2026-03-30,2026-04-03,2026-04-01,2,1,0,11.61
SHP-503511,ORD-503511,MetroCourier,2026-03-31,2026-04-03,2026-04-05,6,0,2,11.88
SHP-503512,ORD-503512,ParcelFast,2026-03-31,2026-04-03,2026-04-04,5,0,1,10.2
SHP-503513,ORD-503513,ShipRight,2026-03-30,2026-04-03,2026-04-02,3,1,0,10.64
SHP-503514,ORD-503514,ShipRight,2026-03-30,2026-04-03,2026-03-31,1,1,0,10.13
SHP-503515,ORD-503515,MetroCourier,2026-03-31,2026-04-03,2026-04-04,5,0,1,9.26
SHP-503516,ORD-503516,MetroCourier,2026-03-31,2026-04-03,2026-04-06,7,0,3,12.66
SHP-503517,ORD-503517,ParcelFast,2026-03-31,2026-04-03,2026-04-04,5,0,1,11.81
SHP-503518,ORD-503518,NorthLine,2026-04-01,2026-04-03,2026-04-07,8,0,4,13.03
SHP-503519,ORD-503519,ParcelFast,2026-03-31,2026-04-03,2026-04-02,3,1,0,11.3
SHP-503520,ORD-503520,ParcelFast,2026-03-31,2026-04-03,2026-04-01,2,1,0,12.59
SHP-503521,ORD-503521,NorthLine,2026-04-01,2026-04-03,2026-04-04,5,0,1,8.99
SHP-503522,ORD-503522,ShipRight,2026-03-31,2026-04-03,2026-04-03,4,1,0,9.96
SHP-503523,ORD-503523,NorthLine,2026-03-31,2026-04-03,2026-04-07,8,0,4,13.93
SHP-503524,ORD-503524,ShipRight,2026-04-02,2026-04-03,2026-04-03,4,1,0,12.42
SHP-503525,ORD-503525,NorthLine,2026-03-31,2026-04-03,2026-04-01,2,1,0,11.24
SHP-503526,ORD-503526,ParcelFast,2026-03-30,2026-04-03,2026-04-04,5,0,1,9.89
SHP-503527,ORD-503527,NorthLine,2026-03-30,2026-04-03,2026-04-04,5,0,1,9.79
SHP-503528,ORD-503528,ParcelFast,2026-04-01,2026-04-03,2026-04-02,3,1,0,10.69
SHP-503529,ORD-503529,NorthLine,2026-04-02,2026-04-03,2026-04-05,6,0,2,8.94
SHP-503530,ORD-503530,MetroCourier,2026-03-30,2026-04-03,2026-04-01,2,1,0,12.2
SHP-503531,ORD-503531,NorthLine,2026-04-01,2026-04-03,2026-04-06,7,0,3,13.6
SHP-503532,ORD-503532,ParcelFast,2026-03-30,2026-04-03,2026-04-03,4,1,0,8.94
SHP-503533,ORD-503533,ShipRight,2026-03-30,2026-04-03,2026-04-05,6,0,2,13.4
SHP-503534,ORD-503534,NorthLine,2026-03-31,2026-04-03,2026-04-06,7,0,3,9.29
SHP-503535,ORD-503535,ShipRight,2026-04-01,2026-04-04,2026-04-08,8,0,4,9.52
SHP-503536,ORD-503536,NorthLine,2026-04-02,2026-04-04,2026-04-04,4,1,0,13.68
SHP-503537,ORD-503537,MetroCourier,2026-03-31,2026-04-04,2026-04-04,4,1,0,11.64
SHP-503538,ORD-503538,MetroCourier,2026-04-01,2026-04-04,2026-04-02,2,1,0,10.91
SHP-503539,ORD-503539,ParcelFast,2026-04-03,2026-04-04,2026-04-06,6,0,2,11.79
SHP-503540,ORD-503540,MetroCourier,2026-04-01,2026-04-04,2026-04-06,6,0,2,13.72
SHP-503541,ORD-503541,ShipRight,2026-04-01,2026-04-04,2026-04-06,6,0,2,14.01
SHP-503542,ORD-503542,MetroCourier,2026-04-01,2026-04-04,2026-04-05,5,0,1,13.71
SHP-503543,ORD-503543,ParcelFast,2026-04-01,2026-04-04,2026-04-05,5,0,1,11.88
SHP-503544,ORD-503544,MetroCourier,2026-04-01,2026-04-04,2026-04-03,3,1,0,9.9
SHP-503545,ORD-503545,NorthLine,2026-04-01,2026-04-04,2026-04-04,4,1,0,10.22
SHP-503546,ORD-503546,ParcelFast,2026-04-01,2026-04-04,2026-04-06,6,0,2,12.8
SHP-503547,ORD-503547,MetroCourier,2026-04-01,2026-04-04,2026-04-02,2,1,0,12.12
SHP-503548,ORD-503548,ShipRight,2026-03-31,2026-04-04,2026-04-03,3,1,0,10.8
SHP-503549,ORD-503549,ShipRight,2026-04-02,2026-04-04,2026-04-06,6,0,2,13.03
SHP-503550,ORD-503550,MetroCourier,2026-04-01,2026-04-04,2026-04-07,7,0,3,12.39
SHP-503551,ORD-503551,ShipRight,2026-04-02,2026-04-04,2026-04-07,7,0,3,12.65
SHP-503552,ORD-503552,ParcelFast,2026-04-02,2026-04-04,2026-04-08,8,0,4,12.36
SHP-503553,ORD-503553,ParcelFast,2026-04-03,2026-04-04,2026-04-06,6,0,2,11.44
SHP-503554,ORD-503554,ParcelFast,2026-04-02,2026-04-04,2026-04-05,5,0,1,10.86
SHP-503555,ORD-503555,MetroCourier,2026-04-01,2026-04-04,2026-04-08,8,0,4,11.43
SHP-503556,ORD-503556,MetroCourier,2026-04-02,2026-04-04,2026-04-07,7,0,3,10.99
SHP-503557,ORD-503557,MetroCourier,2026-04-03,2026-04-04,2026-04-06,6,0,2,11.63
SHP-503558,ORD-503558,NorthLine,2026-04-02,2026-04-04,2026-04-06,6,0,2,12.41
SHP-503559,ORD-503559,MetroCourier,2026-04-01,2026-04-04,2026-04-04,4,1,0,11.65
SHP-503560,ORD-503560,ParcelFast,2026-03-31,2026-04-04,2026-04-01,1,1,0,10.65
SHP-503561,ORD-503561,ShipRight,2026-04-01,2026-04-04,2026-04-06,6,0,2,12.22
SHP-503562,ORD-503562,NorthLine,2026-04-01,2026-04-04,2026-04-07,7,0,3,15.97
SHP-503563,ORD-503563,MetroCourier,2026-04-01,2026-04-04,2026-04-04,4,1,0,12.29
SHP-503564,ORD-503564,ParcelFast,2026-04-02,2026-04-04,2026-04-06,6,0,2,15.7
SHP-503565,ORD-503565,ShipRight,2026-04-01,2026-04-04,2026-04-04,4,1,0,10.1
SHP-503566,ORD-503566,ParcelFast,2026-04-01,2026-04-04,2026-04-03,3,1,0,11.06
SHP-503567,ORD-503567,ShipRight,2026-04-02,2026-04-04,2026-04-05,5,0,1,11.8
SHP-503568,ORD-503568,ParcelFast,2026-04-02,2026-04-04,2026-04-04,4,1,0,11.28
SHP-503569,ORD-503569,NorthLine,2026-04-02,2026-04-04,2026-04-04,4,1,0,10.48
SHP-503570,ORD-503570,ShipRight,2026-04-01,2026-04-04,2026-04-02,2,1,0,11.09
SHP-503571,ORD-503571,MetroCourier,2026-04-01,2026-04-04,2026-04-03,3,1,0,13.11
SHP-503572,ORD-503572,NorthLine,2026-04-01,2026-04-04,2026-04-04,4,1,0,11.58
SHP-503573,ORD-503573,MetroCourier,2026-03-31,2026-04-04,2026-04-02,2,1,0,11.01
SHP-503574,ORD-503574,MetroCourier,2026-04-02,2026-04-04,2026-04-10,10,0,6,10.88
SHP-503575,ORD-503575,MetroCourier,2026-04-03,2026-04-04,2026-04-05,5,0,1,12.22
SHP-503576,ORD-503576,ParcelFast,2026-04-01,2026-04-04,2026-04-05,5,0,1,11.03
SHP-503577,ORD-503577,ShipRight,2026-04-01,2026-04-04,2026-04-04,4,1,0,12.51
SHP-503578,ORD-503578,NorthLine,2026-04-02,2026-04-05,2026-04-05,4,1,0,11.51
SHP-503579,ORD-503579,ParcelFast,2026-04-03,2026-04-05,2026-04-07,6,0,2,9.4
SHP-503580,ORD-503580,NorthLine,2026-04-03,2026-04-05,2026-04-07,6,0,2,10.25
SHP-503581,ORD-503581,ParcelFast,2026-04-02,2026-04-05,2026-04-07,6,0,2,12.11
SHP-503582,ORD-503582,MetroCourier,2026-04-02,2026-04-05,2026-04-07,6,0,2,11.14
SHP-503583,ORD-503583,MetroCourier,2026-04-02,2026-04-05,2026-04-06,5,0,1,11.92
SHP-503584,ORD-503584,NorthLine,2026-04-02,2026-04-05,2026-04-03,2,1,0,10.44
SHP-503585,ORD-503585,ShipRight,2026-04-01,2026-04-05,2026-04-05,4,1,0,14.76
SHP-503586,ORD-503586,MetroCourier,2026-04-03,2026-04-05,2026-04-04,3,1,0,9.81
SHP-503587,ORD-503587,NorthLine,2026-04-02,2026-04-05,2026-04-04,3,1,0,14.37
SHP-503588,ORD-503588,ParcelFast,2026-04-01,2026-04-05,2026-04-03,2,1,0,11.89
SHP-503589,ORD-503589,MetroCourier,2026-04-01,2026-04-05,2026-04-03,2,1,0,10.2
SHP-503590,ORD-503590,ShipRight,2026-04-04,2026-04-05,2026-04-06,5,0,1,11.76
SHP-503591,ORD-503591,NorthLine,2026-04-02,2026-04-05,2026-04-04,3,1,0,14.62
SHP-503592,ORD-503592,ShipRight,2026-04-04,2026-04-05,2026-04-08,7,0,3,11.05
SHP-503593,ORD-503593,NorthLine,2026-04-02,2026-04-05,2026-04-05,4,1,0,9.13
SHP-503594,ORD-503594,NorthLine,2026-04-03,2026-04-05,2026-04-06,5,0,1,12.64
SHP-503595,ORD-503595,NorthLine,2026-04-02,2026-04-05,2026-04-05,4,1,0,9.42
SHP-503596,ORD-503596,ShipRight,2026-04-02,2026-04-05,2026-04-07,6,0,2,10.3
SHP-503597,ORD-503597,ShipRight,2026-04-02,2026-04-05,2026-04-06,5,0,1,11.3
SHP-503598,ORD-503598,ShipRight,2026-04-03,2026-04-05,2026-04-06,5,0,1,11.84
SHP-503599,ORD-503599,NorthLine,2026-04-01,2026-04-05,2026-04-04,3,1,0,12.18
SHP-503600,ORD-503600,NorthLine,2026-04-01,2026-04-05,2026-04-02,1,1,0,10.42
SHP-503601,ORD-503601,NorthLine,2026-04-03,2026-04-05,2026-04-07,6,0,2,9.99
SHP-503602,ORD-503602,ParcelFast,2026-04-02,2026-04-05,2026-04-04,3,1,0,11.48
SHP-503603,ORD-503603,ParcelFast,2026-04-03,2026-04-05,2026-04-05,4,1,0,9.85
SHP-503604,ORD-503604,NorthLine,2026-04-02,2026-04-05,2026-04-06,5,0,1,11.23
SHP-503605,ORD-503605,NorthLine,2026-04-02,2026-04-05,2026-04-05,4,1,0,9.66
SHP-503606,ORD-503606,ParcelFast,2026-04-01,2026-04-05,2026-04-06,5,0,1,10.67
SHP-503607,ORD-503607,MetroCourier,2026-04-03,2026-04-05,2026-04-04,3,1,0,10.9
SHP-503608,ORD-503608,ParcelFast,2026-04-01,2026-04-05,2026-04-05,4,1,0,10.05
SHP-503609,ORD-503609,NorthLine,2026-04-03,2026-04-05,2026-04-05,4,1,0,13.3
SHP-503610,ORD-503610,NorthLine,2026-04-03,2026-04-05,2026-04-06,5,0,1,8.72
SHP-503611,ORD-503611,ParcelFast,2026-04-03,2026-04-05,2026-04-05,4,1,0,12.15
SHP-503612,ORD-503612,ParcelFast,2026-04-02,2026-04-05,2026-04-04,3,1,0,12.41
SHP-503613,ORD-503613,NorthLine,2026-04-02,2026-04-05,2026-04-03,2,1,0,12.08
SHP-503614,ORD-503614,ParcelFast,2026-04-02,2026-04-05,2026-04-03,2,1,0,10.64
SHP-503615,ORD-503615,ParcelFast,2026-04-02,2026-04-05,2026-04-04,3,1,0,12.88
SHP-503616,ORD-503616,ParcelFast,2026-04-02,2026-04-05,2026-04-05,4,1,0,10.8
SHP-503617,ORD-503617,ShipRight,2026-04-02,2026-04-05,2026-04-04,3,1,0,10.1
SHP-503618,ORD-503618,MetroCourier,2026-04-02,2026-04-05,2026-04-08,7,0,3,11.13
SHP-503619,ORD-503619,MetroCourier,2026-04-01,2026-04-05,2026-04-02,1,1,0,10.59
SHP-503620,ORD-503620,NorthLine,2026-04-02,2026-04-05,2026-04-04,3,1,0,12.5
SHP-503621,ORD-503621,ParcelFast,2026-04-02,2026-04-05,2026-04-04,3,1,0,10.37
SHP-503622,ORD-503622,ParcelFast,2026-04-02,2026-04-05,2026-04-10,9,0,5,9.8
SHP-503623,ORD-503623,NorthLine,2026-04-02,2026-04-06,2026-04-08,6,0,2,12.46
SHP-503624,ORD-503624,ParcelFast,2026-04-05,2026-04-06,2026-04-10,8,0,4,10.97
SHP-503625,ORD-503625,NorthLine,2026-04-03,2026-04-06,2026-04-07,5,0,1,10.12
SHP-503626,ORD-503626,NorthLine,2026-04-02,2026-04-06,2026-04-04,2,1,0,11.52
SHP-503627,ORD-503627,NorthLine,2026-04-05,2026-04-06,2026-04-06,4,1,0,11.3
SHP-503628,ORD-503628,MetroCourier,2026-04-03,2026-04-06,2026-04-06,4,1,0,12.57
SHP-503629,ORD-503629,ShipRight,2026-04-02,2026-04-06,2026-04-04,2,1,0,8.87
SHP-503630,ORD-503630,NorthLine,2026-04-03,2026-04-06,2026-04-08,6,0,2,11.42
SHP-503631,ORD-503631,NorthLine,2026-04-03,2026-04-06,2026-04-06,4,1,0,10.15
SHP-503632,ORD-503632,ShipRight,2026-04-03,2026-04-06,2026-04-05,3,1,0,13.71
SHP-503633,ORD-503633,MetroCourier,2026-04-05,2026-04-06,2026-04-06,4,1,0,10.9
SHP-503634,ORD-503634,MetroCourier,2026-04-03,2026-04-06,2026-04-06,4,1,0,13.31
SHP-503635,ORD-503635,ParcelFast,2026-04-03,2026-04-06,2026-04-05,3,1,0,11.62
SHP-503636,ORD-503636,MetroCourier,2026-04-03,2026-04-06,2026-04-05,3,1,0,12.47
SHP-503637,ORD-503637,ShipRight,2026-04-02,2026-04-06,2026-04-06,4,1,0,11.15
SHP-503638,ORD-503638,ParcelFast,2026-04-04,2026-04-06,2026-04-06,4,1,0,10.8
SHP-503639,ORD-503639,NorthLine,2026-04-03,2026-04-06,2026-04-05,3,1,0,10.67
SHP-503640,ORD-503640,ParcelFast,2026-04-02,2026-04-06,2026-04-04,2,1,0,12.01
SHP-503641,ORD-503641,NorthLine,2026-04-03,2026-04-06,2026-04-09,7,0,3,11.43
SHP-503642,ORD-503642,ShipRight,2026-04-03,2026-04-06,2026-04-04,2,1,0,10.29
SHP-503643,ORD-503643,ShipRight,2026-04-04,2026-04-06,2026-04-06,4,1,0,10.32
SHP-503644,ORD-503644,ParcelFast,2026-04-02,2026-04-06,2026-04-04,2,1,0,10.19
SHP-503645,ORD-503645,ParcelFast,2026-04-03,2026-04-06,2026-04-06,4,1,0,12.27
SHP-503646,ORD-503646,ShipRight,2026-04-03,2026-04-06,2026-04-06,4,1,0,10.02
SHP-503647,ORD-503647,NorthLine,2026-04-03,2026-04-06,2026-04-05,3,1,0,11.55
SHP-503648,ORD-503648,NorthLine,2026-04-03,2026-04-06,2026-04-08,6,0,2,9.6
SHP-503649,ORD-503649,ShipRight,2026-04-03,2026-04-06,2026-04-08,6,0,2,8.8
SHP-503650,ORD-503650,NorthLine,2026-04-03,2026-04-06,2026-04-06,4,1,0,10.17
SHP-503651,ORD-503651,MetroCourier,2026-04-02,2026-04-06,2026-04-03,1,1,0,16.05
SHP-503652,ORD-503652,NorthLine,2026-04-03,2026-04-06,2026-04-08,6,0,2,14.66
SHP-503653,ORD-503653,ShipRight,2026-04-03,2026-04-06,2026-04-07,5,0,1,11.91
SHP-503654,ORD-503654,ParcelFast,2026-04-02,2026-04-06,2026-04-05,3,1,0,12.3
SHP-503655,ORD-503655,ShipRight,2026-04-03,2026-04-06,2026-04-04,2,1,0,10.2
SHP-503656,ORD-503656,NorthLine,2026-04-03,2026-04-06,2026-04-05,3,1,0,12.68
SHP-503657,ORD-503657,ParcelFast,2026-04-02,2026-04-06,2026-04-06,4,1,0,9.69
SHP-503658,ORD-503658,ShipRight,2026-04-03,2026-04-06,2026-04-08,6,0,2,11.11
SHP-503659,ORD-503659,ParcelFast,2026-04-03,2026-04-06,2026-04-07,5,0,1,10.58
SHP-503660,ORD-503660,NorthLine,2026-04-04,2026-04-06,2026-04-06,4,1,0,10.28
SHP-503661,ORD-503661,ShipRight,2026-04-02,2026-04-06,2026-04-06,4,1,0,10.63
SHP-503662,ORD-503662,ParcelFast,2026-04-05,2026-04-07,2026-04-07,4,1,0,10.86
SHP-503663,ORD-503663,MetroCourier,2026-04-04,2026-04-07,2026-04-06,3,1,0,12.69
SHP-503664,ORD-503664,MetroCourier,2026-04-04,2026-04-07,2026-04-10,7,0,3,12.4
SHP-503665,ORD-503665,ParcelFast,2026-04-04,2026-04-07,2026-04-08,5,0,1,10.38
SHP-503666,ORD-503666,ShipRight,2026-04-03,2026-04-07,2026-04-07,4,1,0,12.69
SHP-503667,ORD-503667,MetroCourier,2026-04-04,2026-04-07,2026-04-06,3,1,0,10.5
SHP-503668,ORD-503668,ParcelFast,2026-04-04,2026-04-07,2026-04-06,3,1,0,10.66
SHP-503669,ORD-503669,MetroCourier,2026-04-05,2026-04-07,2026-04-09,6,0,2,10.65
SHP-503670,ORD-503670,MetroCourier,2026-04-03,2026-04-07,2026-04-07,4,1,0,12.46
SHP-503671,ORD-503671,ShipRight,2026-04-04,2026-04-07,2026-04-05,2,1,0,12.15
SHP-503672,ORD-503672,NorthLine,2026-04-03,2026-04-07,2026-04-08,5,0,1,9.88
SHP-503673,ORD-503673,ShipRight,2026-04-04,2026-04-07,2026-04-07,4,1,0,10.96
SHP-503674,ORD-503674,ShipRight,2026-04-03,2026-04-07,2026-04-11,8,0,4,11.65
SHP-503675,ORD-503675,ParcelFast,2026-04-05,2026-04-07,2026-04-09,6,0,2,9.59
SHP-503676,ORD-503676,NorthLine,2026-04-04,2026-04-07,2026-04-06,3,1,0,12.23
SHP-503677,ORD-503677,NorthLine,2026-04-04,2026-04-07,2026-04-09,6,0,2,9.44
SHP-503678,ORD-503678,ShipRight,2026-04-05,2026-04-07,2026-04-09,6,0,2,10.79
SHP-503679,ORD-503679,ShipRight,2026-04-04,2026-04-07,2026-04-06,3,1,0,12.47
SHP-503680,ORD-503680,MetroCourier,2026-04-05,2026-04-07,2026-04-08,5,0,1,12.1
SHP-503681,ORD-503681,MetroCourier,2026-04-04,2026-04-07,2026-04-07,4,1,0,10.49
SHP-503682,ORD-503682,NorthLine,2026-04-04,2026-04-07,2026-04-10,7,0,3,11.54
SHP-503683,ORD-503683,NorthLine,2026-04-03,2026-04-07,2026-04-06,3,1,0,11.44
SHP-503684,ORD-503684,MetroCourier,2026-04-03,2026-04-07,2026-04-08,5,0,1,10.04
SHP-503685,ORD-503685,MetroCourier,2026-04-04,2026-04-07,2026-04-08,5,0,1,10.11
SHP-503686,ORD-503686,ShipRight,2026-04-03,2026-04-07,2026-04-06,3,1,0,11.96
SHP-503687,ORD-503687,ShipRight,2026-04-06,2026-04-07,2026-04-10,7,0,3,12.78
SHP-503688,ORD-503688,MetroCourier,2026-04-04,2026-04-07,2026-04-07,4,1,0,11.67
SHP-503689,ORD-503689,ParcelFast,2026-04-04,2026-04-07,2026-04-07,4,1,0,15.4
SHP-503690,ORD-503690,NorthLine,2026-04-03,2026-04-07,2026-04-05,2,1,0,12.36
SHP-503691,ORD-503691,MetroCourier,2026-04-05,2026-04-07,2026-04-08,5,0,1,12.22
SHP-503692,ORD-503692,MetroCourier,2026-04-05,2026-04-07,2026-04-06,3,1,0,10.7
SHP-503693,ORD-503693,ParcelFast,2026-04-06,2026-04-07,2026-04-09,6,0,2,10.71
SHP-503694,ORD-503694,ShipRight,2026-04-04,2026-04-07,2026-04-07,4,1,0,14.52
SHP-503695,ORD-503695,NorthLine,2026-04-04,2026-04-07,2026-04-10,7,0,3,11.25
SHP-503696,ORD-503696,ShipRight,2026-04-04,2026-04-07,2026-04-09,6,0,2,12.34
SHP-503697,ORD-503697,ShipRight,2026-04-03,2026-04-07,2026-04-04,1,1,0,13.16
SHP-503698,ORD-503698,NorthLine,2026-04-04,2026-04-07,2026-04-06,3,1,0,10.32
SHP-503699,ORD-503699,ParcelFast,2026-04-04,2026-04-07,2026-04-10,7,0,3,9.92
SHP-503700,ORD-503700,MetroCourier,2026-04-03,2026-04-07,2026-04-04,1,1,0,12.09
SHP-503701,ORD-503701,ParcelFast,2026-04-05,2026-04-07,2026-04-07,4,1,0,14.02
SHP-503702,ORD-503702,ShipRight,2026-04-03,2026-04-07,2026-04-06,3,1,0,12.6
SHP-503703,ORD-503703,MetroCourier,2026-04-04,2026-04-08,2026-04-05,1,1,0,13.3
SHP-503704,ORD-503704,NorthLine,2026-04-04,2026-04-08,2026-04-06,2,1,0,9.03
SHP-503705,ORD-503705,NorthLine,2026-04-06,2026-04-08,2026-04-10,6,0,2,11.83
SHP-503706,ORD-503706,NorthLine,2026-04-04,2026-04-08,2026-04-09,5,0,1,11.87
SHP-503707,ORD-503707,ShipRight,2026-04-05,2026-04-08,2026-04-06,2,1,0,11.41
SHP-503708,ORD-503708,ShipRight,2026-04-04,2026-04-08,2026-04-05,1,1,0,11.01
SHP-503709,ORD-503709,ParcelFast,2026-04-04,2026-04-08,2026-04-05,1,1,0,13.41
SHP-503710,ORD-503710,MetroCourier,2026-04-05,2026-04-08,2026-04-10,6,0,2,9.65
SHP-503711,ORD-503711,MetroCourier,2026-04-05,2026-04-08,2026-04-08,4,1,0,10.77
SHP-503712,ORD-503712,ParcelFast,2026-04-04,2026-04-08,2026-04-06,2,1,0,9.65
SHP-503713,ORD-503713,MetroCourier,2026-04-04,2026-04-08,2026-04-08,4,1,0,11.51
SHP-503714,ORD-503714,NorthLine,2026-04-06,2026-04-08,2026-04-07,3,1,0,12.24
SHP-503715,ORD-503715,MetroCourier,2026-04-04,2026-04-08,2026-04-08,4,1,0,13.54
SHP-503716,ORD-503716,NorthLine,2026-04-07,2026-04-08,2026-04-11,7,0,3,9.58
SHP-503717,ORD-503717,MetroCourier,2026-04-05,2026-04-08,2026-04-07,3,1,0,10.9
SHP-503718,ORD-503718,ParcelFast,2026-04-05,2026-04-08,2026-04-08,4,1,0,10.76
SHP-503719,ORD-503719,NorthLine,2026-04-04,2026-04-08,2026-04-08,4,1,0,12.53
SHP-503720,ORD-503720,ParcelFast,2026-04-04,2026-04-08,2026-04-06,2,1,0,12.62
SHP-503721,ORD-503721,NorthLine,2026-04-05,2026-04-08,2026-04-10,6,0,2,10.66
SHP-503722,ORD-503722,NorthLine,2026-04-06,2026-04-08,2026-04-09,5,0,1,10.92
SHP-503723,ORD-503723,MetroCourier,2026-04-05,2026-04-08,2026-04-08,4,1,0,12.21
SHP-503724,ORD-503724,ParcelFast,2026-04-05,2026-04-08,2026-04-07,3,1,0,12.29
SHP-503725,ORD-503725,MetroCourier,2026-04-05,2026-04-08,2026-04-07,3,1,0,11.24
SHP-503726,ORD-503726,ShipRight,2026-04-05,2026-04-08,2026-04-11,7,0,3,13.41
SHP-503727,ORD-503727,MetroCourier,2026-04-04,2026-04-08,2026-04-12,8,0,4,10.58
SHP-503728,ORD-503728,ShipRight,2026-04-04,2026-04-08,2026-04-05,1,1,0,10.79
SHP-503729,ORD-503729,ParcelFast,2026-04-05,2026-04-08,2026-04-10,6,0,2,10.32
SHP-503730,ORD-503730,ShipRight,2026-04-05,2026-04-08,2026-04-09,5,0,1,11.46
SHP-503731,ORD-503731,NorthLine,2026-04-04,2026-04-08,2026-04-07,3,1,0,14.2
SHP-503732,ORD-503732,NorthLine,2026-04-05,2026-04-08,2026-04-12,8,0,4,10.63
SHP-503733,ORD-503733,NorthLine,2026-04-06,2026-04-08,2026-04-08,4,1,0,11.64
SHP-503734,ORD-503734,ParcelFast,2026-04-05,2026-04-08,2026-04-07,3,1,0,12.1
SHP-503735,ORD-503735,ShipRight,2026-04-06,2026-04-08,2026-04-09,5,0,1,11.4
SHP-503736,ORD-503736,ParcelFast,2026-04-06,2026-04-08,2026-04-08,4,1,0,10.38
SHP-503737,ORD-503737,ParcelFast,2026-04-05,2026-04-08,2026-04-09,5,0,1,11.43
SHP-503738,ORD-503738,NorthLine,2026-04-05,2026-04-08,2026-04-10,6,0,2,12.38
SHP-503739,ORD-503739,NorthLine,2026-04-04,2026-04-08,2026-04-06,2,1,0,11.74
SHP-503740,ORD-503740,ParcelFast,2026-04-07,2026-04-08,2026-04-13,9,0,5,11.27
SHP-503741,ORD-503741,MetroCourier,2026-04-05,2026-04-08,2026-04-09,5,0,1,12.91
SHP-503742,ORD-503742,ParcelFast,2026-04-06,2026-04-08,2026-04-09,5,0,1,10.44
SHP-503743,ORD-503743,NorthLine,2026-04-05,2026-04-08,2026-04-08,4,1,0,9.89
SHP-503744,ORD-503744,ShipRight,2026-04-04,2026-04-08,2026-04-11,7,0,3,9.12
SHP-503745,ORD-503745,ParcelFast,2026-04-05,2026-04-08,2026-04-06,2,1,0,14.83
SHP-503746,ORD-503746,ShipRight,2026-04-05,2026-04-08,2026-04-10,6,0,2,9.95
SHP-503747,ORD-503747,ParcelFast,2026-04-05,2026-04-08,2026-04-08,4,1,0,13.62
SHP-503748,ORD-503748,MetroCourier,2026-04-04,2026-04-08,2026-04-10,6,0,2,10.01
SHP-503749,ORD-503749,NorthLine,2026-04-06,2026-04-08,2026-04-09,5,0,1,13.48
SHP-503750,ORD-503750,NorthLine,2026-04-06,2026-04-09,2026-04-07,2,1,0,12.88
SHP-503751,ORD-503751,ParcelFast,2026-04-05,2026-04-09,2026-04-10,5,0,1,8.86
SHP-503752,ORD-503752,ShipRight,2026-04-06,2026-04-09,2026-04-10,5,0,1,9.07
SHP-503753,ORD-503753,ShipRight,2026-04-05,2026-04-09,2026-04-06,1,1,0,11.2
SHP-503754,ORD-503754,MetroCourier,2026-04-07,2026-04-09,2026-04-10,5,0,1,9.87
SHP-503755,ORD-503755,MetroCourier,2026-04-06,2026-04-09,2026-04-11,6,0,2,14.6
SHP-503756,ORD-503756,MetroCourier,2026-04-05,2026-04-09,2026-04-07,2,1,0,11.95
SHP-503757,ORD-503757,MetroCourier,2026-04-07,2026-04-09,2026-04-10,5,0,1,9.82
SHP-503758,ORD-503758,NorthLine,2026-04-08,2026-04-09,2026-04-11,6,0,2,12.24
SHP-503759,ORD-503759,MetroCourier,2026-04-05,2026-04-09,2026-04-07,2,1,0,13.58
SHP-503760,ORD-503760,ParcelFast,2026-04-05,2026-04-09,2026-04-10,5,0,1,12.61
SHP-503761,ORD-503761,NorthLine,2026-04-05,2026-04-09,2026-04-10,5,0,1,10.55
SHP-503762,ORD-503762,ParcelFast,2026-04-06,2026-04-09,2026-04-08,3,1,0,11.71
SHP-503763,ORD-503763,ShipRight,2026-04-06,2026-04-09,2026-04-09,4,1,0,13.87
SHP-503764,ORD-503764,NorthLine,2026-04-06,2026-04-09,2026-04-09,4,1,0,12.4
SHP-503765,ORD-503765,ShipRight,2026-04-07,2026-04-09,2026-04-11,6,0,2,11.63
SHP-503766,ORD-503766,ParcelFast,2026-04-07,2026-04-09,2026-04-10,5,0,1,11.78
SHP-503767,ORD-503767,ParcelFast,2026-04-07,2026-04-09,2026-04-10,5,0,1,13.59
SHP-503768,ORD-503768,ShipRight,2026-04-06,2026-04-09,2026-04-08,3,1,0,9.98
SHP-503769,ORD-503769,NorthLine,2026-04-05,2026-04-09,2026-04-13,8,0,4,12.32
SHP-503770,ORD-503770,NorthLine,2026-04-06,2026-04-09,2026-04-09,4,1,0,13.75
SHP-503771,ORD-503771,ParcelFast,2026-04-07,2026-04-09,2026-04-12,7,0,3,11.18
SHP-503772,ORD-503772,ParcelFast,2026-04-05,2026-04-09,2026-04-10,5,0,1,11.15
SHP-503773,ORD-503773,MetroCourier,2026-04-08,2026-04-09,2026-04-13,8,0,4,9.91
SHP-503774,ORD-503774,MetroCourier,2026-04-06,2026-04-09,2026-04-08,3,1,0,12.28
SHP-503775,ORD-503775,NorthLine,2026-04-07,2026-04-09,2026-04-14,9,0,5,13.4
SHP-503776,ORD-503776,ParcelFast,2026-04-06,2026-04-09,2026-04-10,5,0,1,9.46
SHP-503777,ORD-503777,NorthLine,2026-04-07,2026-04-09,2026-04-11,6,0,2,10.05
SHP-503778,ORD-503778,NorthLine,2026-04-06,2026-04-09,2026-04-08,3,1,0,12.0
SHP-503779,ORD-503779,MetroCourier,2026-04-06,2026-04-09,2026-04-08,3,1,0,11.2
SHP-503780,ORD-503780,ShipRight,2026-04-06,2026-04-09,2026-04-10,5,0,1,11.77
SHP-503781,ORD-503781,ShipRight,2026-04-06,2026-04-09,2026-04-10,5,0,1,14.37
SHP-503782,ORD-503782,ShipRight,2026-04-06,2026-04-10,2026-04-11,5,0,1,11.6
SHP-503783,ORD-503783,MetroCourier,2026-04-07,2026-04-10,2026-04-08,2,1,0,11.13
SHP-503784,ORD-503784,MetroCourier,2026-04-07,2026-04-10,2026-04-09,3,1,0,11.67
SHP-503785,ORD-503785,NorthLine,2026-04-06,2026-04-10,2026-04-09,3,1,0,13.22
SHP-503786,ORD-503786,MetroCourier,2026-04-08,2026-04-10,2026-04-11,5,0,1,11.3
SHP-503787,ORD-503787,MetroCourier,2026-04-07,2026-04-10,2026-04-11,5,0,1,13.94
SHP-503788,ORD-503788,ParcelFast,2026-04-07,2026-04-10,2026-04-10,4,1,0,11.35
SHP-503789,ORD-503789,NorthLine,2026-04-08,2026-04-10,2026-04-13,7,0,3,9.77
SHP-503790,ORD-503790,ShipRight,2026-04-08,2026-04-10,2026-04-09,3,1,0,8.71
SHP-503791,ORD-503791,ParcelFast,2026-04-08,2026-04-10,2026-04-11,5,0,1,11.97
SHP-503792,ORD-503792,ShipRight,2026-04-08,2026-04-10,2026-04-09,3,1,0,12.04
SHP-503793,ORD-503793,NorthLine,2026-04-08,2026-04-10,2026-04-10,4,1,0,10.48
SHP-503794,ORD-503794,ParcelFast,2026-04-07,2026-04-10,2026-04-13,7,0,3,10.97
SHP-503795,ORD-503795,ParcelFast,2026-04-07,2026-04-10,2026-04-08,2,1,0,12.08
SHP-503796,ORD-503796,NorthLine,2026-04-06,2026-04-10,2026-04-08,2,1,0,11.57
SHP-503797,ORD-503797,MetroCourier,2026-04-07,2026-04-10,2026-04-12,6,0,2,8.71
SHP-503798,ORD-503798,ShipRight,2026-04-07,2026-04-10,2026-04-09,3,1,0,9.54
SHP-503799,ORD-503799,ShipRight,2026-04-07,2026-04-10,2026-04-11,5,0,1,10.12
SHP-503800,ORD-503800,MetroCourier,2026-04-08,2026-04-10,2026-04-10,4,1,0,8.91
SHP-503801,ORD-503801,ShipRight,2026-04-08,2026-04-10,2026-04-09,3,1,0,13.23
SHP-503802,ORD-503802,NorthLine,2026-04-06,2026-04-10,2026-04-08,2,1,0,10.93
SHP-503803,ORD-503803,ShipRight,2026-04-06,2026-04-10,2026-04-08,2,1,0,10.25
SHP-503804,ORD-503804,NorthLine,2026-04-08,2026-04-10,2026-04-11,5,0,1,9.94
SHP-503805,ORD-503805,NorthLine,2026-04-07,2026-04-10,2026-04-09,3,1,0,10.38
SHP-503806,ORD-503806,MetroCourier,2026-04-08,2026-04-10,2026-04-11,5,0,1,10.01
SHP-503807,ORD-503807,MetroCourier,2026-04-06,2026-04-10,2026-04-07,1,1,0,11.04
SHP-503808,ORD-503808,ParcelFast,2026-04-07,2026-04-10,2026-04-10,4,1,0,8.89
SHP-503809,ORD-503809,ShipRight,2026-04-07,2026-04-10,2026-04-09,3,1,0,8.93
SHP-503810,ORD-503810,NorthLine,2026-04-06,2026-04-10,2026-04-11,5,0,1,10.02
SHP-503811,ORD-503811,NorthLine,2026-04-09,2026-04-10,2026-04-11,5,0,1,11.61
SHP-503812,ORD-503812,ShipRight,2026-04-07,2026-04-10,2026-04-08,2,1,0,11.14
SHP-503813,ORD-503813,NorthLine,2026-04-07,2026-04-10,2026-04-10,4,1,0,9.47
SHP-503814,ORD-503814,NorthLine,2026-04-07,2026-04-10,2026-04-10,4,1,0,10.81
SHP-503815,ORD-503815,MetroCourier,2026-04-07,2026-04-10,2026-04-12,6,0,2,13.15
SHP-503816,ORD-503816,MetroCourier,2026-04-06,2026-04-10,2026-04-10,4,1,0,11.98
SHP-503817,ORD-503817,ParcelFast,2026-04-08,2026-04-10,2026-04-09,3,1,0,12.13
SHP-503818,ORD-503818,MetroCourier,2026-04-07,2026-04-10,2026-04-12,6,0,2,11.77
SHP-503819,ORD-503819,ShipRight,2026-04-07,2026-04-10,2026-04-11,5,0,1,9.55
SHP-503820,ORD-503820,ParcelFast,2026-04-07,2026-04-10,2026-04-09,3,1,0,15.95
SHP-503821,ORD-503821,ParcelFast,2026-04-06,2026-04-10,2026-04-08,2,1,0,9.53
SHP-503822,ORD-503822,ParcelFast,2026-04-07,2026-04-10,2026-04-11,5,0,1,9.19
SHP-503823,ORD-503823,NorthLine,2026-04-06,2026-04-10,2026-04-08,2,1,0,11.41
SHP-503824,ORD-503824,ShipRight,2026-04-07,2026-04-10,2026-04-10,4,1,0,11.58
SHP-503825,ORD-503825,MetroCourier,2026-04-06,2026-04-10,2026-04-09,3,1,0,9.04
SHP-503826,ORD-503826,ShipRight,2026-04-08,2026-04-10,2026-04-14,8,0,4,10.69
SHP-503827,ORD-503827,ParcelFast,2026-04-07,2026-04-10,2026-04-11,5,0,1,12.94
SHP-503828,ORD-503828,ShipRight,2026-04-08,2026-04-11,2026-04-10,3,1,0,10.95
SHP-503829,ORD-503829,ShipRight,2026-04-10,2026-04-11,2026-04-14,7,0,3,10.0
SHP-503830,ORD-503830,NorthLine,2026-04-08,2026-04-11,2026-04-16,9,0,5,13.01
SHP-503831,ORD-503831,MetroCourier,2026-04-08,2026-04-11,2026-04-10,3,1,0,9.06
SHP-503832,ORD-503832,ShipRight,2026-04-07,2026-04-11,2026-04-10,3,1,0,10.2
SHP-503833,ORD-503833,NorthLine,2026-04-09,2026-04-11,2026-04-12,5,0,1,10.82
SHP-503834,ORD-503834,NorthLine,2026-04-10,2026-04-11,2026-04-12,5,0,1,10.03
SHP-503835,ORD-503835,MetroCourier,2026-04-07,2026-04-11,2026-04-11,4,1,0,11.35
SHP-503836,ORD-503836,MetroCourier,2026-04-08,2026-04-11,2026-04-09,2,1,0,12.48
SHP-503837,ORD-503837,MetroCourier,2026-04-08,2026-04-11,2026-04-12,5,0,1,12.1
SHP-503838,ORD-503838,ShipRight,2026-04-09,2026-04-11,2026-04-11,4,1,0,13.17
SHP-503839,ORD-503839,ParcelFast,2026-04-07,2026-04-11,2026-04-12,5,0,1,11.33
SHP-503840,ORD-503840,ShipRight,2026-04-08,2026-04-11,2026-04-14,7,0,3,11.47
SHP-503841,ORD-503841,ParcelFast,2026-04-08,2026-04-11,2026-04-13,6,0,2,11.12
SHP-503842,ORD-503842,ParcelFast,2026-04-08,2026-04-11,2026-04-16,9,0,5,11.92
SHP-503843,ORD-503843,NorthLine,2026-04-08,2026-04-11,2026-04-09,2,1,0,12.04
SHP-503844,ORD-503844,ParcelFast,2026-04-07,2026-04-11,2026-04-09,2,1,0,11.18
SHP-503845,ORD-503845,MetroCourier,2026-04-08,2026-04-11,2026-04-11,4,1,0,11.79
SHP-503846,ORD-503846,ParcelFast,2026-04-08,2026-04-11,2026-04-10,3,1,0,12.46
SHP-503847,ORD-503847,MetroCourier,2026-04-10,2026-04-11,2026-04-12,5,0,1,13.05
SHP-503848,ORD-503848,NorthLine,2026-04-09,2026-04-11,2026-04-17,10,0,6,12.07
SHP-503849,ORD-503849,ParcelFast,2026-04-08,2026-04-11,2026-04-10,3,1,0,14.66
SHP-503850,ORD-503850,NorthLine,2026-04-07,2026-04-11,2026-04-08,1,1,0,14.56
SHP-503851,ORD-503851,NorthLine,2026-04-09,2026-04-11,2026-04-13,6,0,2,9.99
SHP-503852,ORD-503852,NorthLine,2026-04-08,2026-04-11,2026-04-09,2,1,0,12.44
SHP-503853,ORD-503853,NorthLine,2026-04-08,2026-04-11,2026-04-10,3,1,0,16.13
SHP-503854,ORD-503854,ShipRight,2026-04-09,2026-04-11,2026-04-13,6,0,2,8.8
SHP-503855,ORD-503855,MetroCourier,2026-04-07,2026-04-11,2026-04-12,5,0,1,11.62
SHP-503856,ORD-503856,MetroCourier,2026-04-08,2026-04-11,2026-04-09,2,1,0,10.75
SHP-503857,ORD-503857,ParcelFast,2026-04-08,2026-04-11,2026-04-13,6,0,2,14.39
SHP-503858,ORD-503858,MetroCourier,2026-04-08,2026-04-11,2026-04-11,4,1,0,12.39
SHP-503859,ORD-503859,ParcelFast,2026-04-08,2026-04-11,2026-04-12,5,0,1,11.61
SHP-503860,ORD-503860,NorthLine,2026-04-09,2026-04-11,2026-04-14,7,0,3,11.43
SHP-503861,ORD-503861,NorthLine,2026-04-08,2026-04-11,2026-04-11,4,1,0,11.73
SHP-503862,ORD-503862,MetroCourier,2026-04-09,2026-04-11,2026-04-14,7,0,3,10.96
SHP-503863,ORD-503863,ShipRight,2026-04-08,2026-04-11,2026-04-15,8,0,4,11.47
SHP-503864,ORD-503864,NorthLine,2026-04-07,2026-04-11,2026-04-10,3,1,0,10.16
SHP-503865,ORD-503865,NorthLine,2026-04-08,2026-04-12,2026-04-09,1,1,0,10.33
SHP-503866,ORD-503866,MetroCourier,2026-04-09,2026-04-12,2026-04-12,4,1,0,11.58
SHP-503867,ORD-503867,MetroCourier,2026-04-09,2026-04-12,2026-04-10,2,1,0,10.98
SHP-503868,ORD-503868,ShipRight,2026-04-10,2026-04-12,2026-04-15,7,0,3,10.2
SHP-503869,ORD-503869,MetroCourier,2026-04-10,2026-04-12,2026-04-12,4,1,0,10.7
SHP-503870,ORD-503870,ParcelFast,2026-04-09,2026-04-12,2026-04-11,3,1,0,9.68
SHP-503871,ORD-503871,ShipRight,2026-04-11,2026-04-12,2026-04-13,5,0,1,10.19
SHP-503872,ORD-503872,ShipRight,2026-04-09,2026-04-12,2026-04-10,2,1,0,12.97
SHP-503873,ORD-503873,MetroCourier,2026-04-09,2026-04-12,2026-04-12,4,1,0,14.82
SHP-503874,ORD-503874,MetroCourier,2026-04-09,2026-04-12,2026-04-11,3,1,0,14.08
SHP-503875,ORD-503875,ShipRight,2026-04-10,2026-04-12,2026-04-11,3,1,0,12.5
SHP-503876,ORD-503876,ParcelFast,2026-04-10,2026-04-12,2026-04-14,6,0,2,11.14
SHP-503877,ORD-503877,ShipRight,2026-04-10,2026-04-12,2026-04-11,3,1,0,11.27
SHP-503878,ORD-503878,MetroCourier,2026-04-09,2026-04-12,2026-04-12,4,1,0,11.01
SHP-503879,ORD-503879,ParcelFast,2026-04-11,2026-04-12,2026-04-14,6,0,2,8.82
SHP-503880,ORD-503880,NorthLine,2026-04-09,2026-04-12,2026-04-15,7,0,3,10.23
SHP-503881,ORD-503881,ShipRight,2026-04-10,2026-04-12,2026-04-13,5,0,1,8.97
SHP-503882,ORD-503882,ShipRight,2026-04-09,2026-04-12,2026-04-14,6,0,2,13.26
SHP-503883,ORD-503883,ParcelFast,2026-04-09,2026-04-12,2026-04-13,5,0,1,11.36
SHP-503884,ORD-503884,NorthLine,2026-04-09,2026-04-12,2026-04-12,4,1,0,11.54
SHP-503885,ORD-503885,ShipRight,2026-04-09,2026-04-12,2026-04-11,3,1,0,11.73
SHP-503886,ORD-503886,ShipRight,2026-04-08,2026-04-12,2026-04-10,2,1,0,12.58
SHP-503887,ORD-503887,ShipRight,2026-04-09,2026-04-12,2026-04-12,4,1,0,9.96
SHP-503888,ORD-503888,ShipRight,2026-04-09,2026-04-12,2026-04-12,4,1,0,14.14
SHP-503889,ORD-503889,ParcelFast,2026-04-09,2026-04-12,2026-04-11,3,1,0,10.1
SHP-503890,ORD-503890,MetroCourier,2026-04-09,2026-04-12,2026-04-14,6,0,2,9.85
SHP-503891,ORD-503891,ParcelFast,2026-04-09,2026-04-12,2026-04-13,5,0,1,9.38
SHP-503892,ORD-503892,ShipRight,2026-04-09,2026-04-12,2026-04-12,4,1,0,11.09
SHP-503893,ORD-503893,ShipRight,2026-04-11,2026-04-12,2026-04-13,5,0,1,9.86
SHP-503894,ORD-503894,ShipRight,2026-04-09,2026-04-12,2026-04-13,5,0,1,11.21
SHP-503895,ORD-503895,MetroCourier,2026-04-11,2026-04-13,2026-04-13,4,1,0,13.4
SHP-503896,ORD-503896,ShipRight,2026-04-09,2026-04-13,2026-04-14,5,0,1,10.49
SHP-503897,ORD-503897,NorthLine,2026-04-09,2026-04-13,2026-04-10,1,1,0,9.81
SHP-503898,ORD-503898,NorthLine,2026-04-10,2026-04-13,2026-04-13,4,1,0,12.92
SHP-503899,ORD-503899,MetroCourier,2026-04-12,2026-04-13,2026-04-13,4,1,0,13.1
SHP-503900,ORD-503900,ShipRight,2026-04-09,2026-04-13,2026-04-17,8,0,4,9.02
SHP-503901,ORD-503901,NorthLine,2026-04-09,2026-04-13,2026-04-14,5,0,1,10.98
SHP-503902,ORD-503902,NorthLine,2026-04-10,2026-04-13,2026-04-16,7,0,3,13.82
SHP-503903,ORD-503903,ShipRight,2026-04-10,2026-04-13,2026-04-14,5,0,1,8.91
SHP-503904,ORD-503904,ShipRight,2026-04-12,2026-04-13,2026-04-14,5,0,1,10.22
SHP-503905,ORD-503905,ParcelFast,2026-04-10,2026-04-13,2026-04-11,2,1,0,9.04
SHP-503906,ORD-503906,ParcelFast,2026-04-10,2026-04-13,2026-04-13,4,1,0,11.48
SHP-503907,ORD-503907,NorthLine,2026-04-10,2026-04-13,2026-04-13,4,1,0,14.21
SHP-503908,ORD-503908,MetroCourier,2026-04-10,2026-04-13,2026-04-12,3,1,0,12.42
SHP-503909,ORD-503909,ShipRight,2026-04-11,2026-04-13,2026-04-12,3,1,0,12.26
SHP-503910,ORD-503910,MetroCourier,2026-04-10,2026-04-13,2026-04-11,2,1,0,12.53
SHP-503911,ORD-503911,ShipRight,2026-04-09,2026-04-13,2026-04-14,5,0,1,14.06
SHP-503912,ORD-503912,NorthLine,2026-04-10,2026-04-13,2026-04-13,4,1,0,12.81
SHP-503913,ORD-503913,NorthLine,2026-04-11,2026-04-13,2026-04-16,7,0,3,8.94
SHP-503914,ORD-503914,NorthLine,2026-04-09,2026-04-13,2026-04-10,1,1,0,10.68
SHP-503915,ORD-503915,NorthLine,2026-04-09,2026-04-13,2026-04-12,3,1,0,10.72
SHP-503916,ORD-503916,ShipRight,2026-04-10,2026-04-13,2026-04-12,3,1,0,15.38
SHP-503917,ORD-503917,MetroCourier,2026-04-10,2026-04-13,2026-04-12,3,1,0,13.19
SHP-503918,ORD-503918,ParcelFast,2026-04-11,2026-04-13,2026-04-16,7,0,3,11.58
SHP-503919,ORD-503919,ParcelFast,2026-04-09,2026-04-13,2026-04-11,2,1,0,9.32
SHP-503920,ORD-503920,MetroCourier,2026-04-09,2026-04-13,2026-04-10,1,1,0,11.22
SHP-503921,ORD-503921,ParcelFast,2026-04-10,2026-04-13,2026-04-17,8,0,4,14.89
SHP-503922,ORD-503922,NorthLine,2026-04-12,2026-04-13,2026-04-13,4,1,0,11.74
SHP-503923,ORD-503923,ParcelFast,2026-04-11,2026-04-13,2026-04-13,4,1,0,10.8
SHP-503924,ORD-503924,NorthLine,2026-04-11,2026-04-13,2026-04-13,4,1,0,12.25
SHP-503925,ORD-503925,MetroCourier,2026-04-10,2026-04-13,2026-04-14,5,0,1,14.3
SHP-503926,ORD-503926,ShipRight,2026-04-11,2026-04-13,2026-04-14,5,0,1,9.63
SHP-503927,ORD-503927,ShipRight,2026-04-10,2026-04-13,2026-04-12,3,1,0,15.74
SHP-503928,ORD-503928,MetroCourier,2026-04-11,2026-04-13,2026-04-13,4,1,0,11.96
SHP-503929,ORD-503929,ShipRight,2026-04-11,2026-04-13,2026-04-15,6,0,2,9.05
SHP-503930,ORD-503930,NorthLine,2026-04-12,2026-04-13,2026-04-14,5,0,1,9.66
SHP-503931,ORD-503931,MetroCourier,2026-04-11,2026-04-14,2026-04-16,6,0,2,10.82
SHP-503932,ORD-503932,ParcelFast,2026-04-11,2026-04-14,2026-04-14,4,1,0,12.49
SHP-503933,ORD-503933,ParcelFast,2026-04-10,2026-04-14,2026-04-13,3,1,0,9.44
SHP-503934,ORD-503934,ParcelFast,2026-04-11,2026-04-14,2026-04-14,4,1,0,11.15
SHP-503935,ORD-503935,ParcelFast,2026-04-11,2026-04-14,2026-04-13,3,1,0,12.21
SHP-503936,ORD-503936,ParcelFast,2026-04-11,2026-04-14,2026-04-16,6,0,2,9.16
SHP-503937,ORD-503937,ParcelFast,2026-04-10,2026-04-14,2026-04-11,1,1,0,8.8
SHP-503938,ORD-503938,ParcelFast,2026-04-12,2026-04-14,2026-04-15,5,0,1,11.04
SHP-503939,ORD-503939,MetroCourier,2026-04-10,2026-04-14,2026-04-14,4,1,0,13.53
SHP-503940,ORD-503940,ParcelFast,2026-04-11,2026-04-14,2026-04-15,5,0,1,11.31
SHP-503941,ORD-503941,ParcelFast,2026-04-11,2026-04-14,2026-04-12,2,1,0,13.94
SHP-503942,ORD-503942,ParcelFast,2026-04-11,2026-04-14,2026-04-13,3,1,0,12.65
SHP-503943,ORD-503943,ParcelFast,2026-04-12,2026-04-14,2026-04-14,4,1,0,11.25
SHP-503944,ORD-503944,MetroCourier,2026-04-12,2026-04-14,2026-04-16,6,0,2,11.48
SHP-503945,ORD-503945,MetroCourier,2026-04-11,2026-04-14,2026-04-13,3,1,0,11.25
SHP-503946,ORD-503946,ShipRight,2026-04-11,2026-04-14,2026-04-16,6,0,2,13.92
SHP-503947,ORD-503947,MetroCourier,2026-04-11,2026-04-14,2026-04-13,3,1,0,10.1
SHP-503948,ORD-503948,ShipRight,2026-04-12,2026-04-14,2026-04-13,3,1,0,9.47
SHP-503949,ORD-503949,ShipRight,2026-04-10,2026-04-14,2026-04-13,3,1,0,12.12
SHP-503950,ORD-503950,MetroCourier,2026-04-12,2026-04-14,2026-04-13,3,1,0,10.61
SHP-503951,ORD-503951,ParcelFast,2026-04-11,2026-04-14,2026-04-13,3,1,0,12.46
SHP-503952,ORD-503952,MetroCourier,2026-04-12,2026-04-14,2026-04-16,6,0,2,15.27
SHP-503953,ORD-503953,ShipRight,2026-04-11,2026-04-14,2026-04-16,6,0,2,10.06
SHP-503954,ORD-503954,MetroCourier,2026-04-11,2026-04-14,2026-04-14,4,1,0,9.94
SHP-503955,ORD-503955,MetroCourier,2026-04-11,2026-04-14,2026-04-15,5,0,1,12.31
SHP-503956,ORD-503956,ParcelFast,2026-04-11,2026-04-14,2026-04-13,3,1,0,10.43
SHP-503957,ORD-503957,ShipRight,2026-04-10,2026-04-14,2026-04-14,4,1,0,10.2
SHP-503958,ORD-503958,MetroCourier,2026-04-11,2026-04-14,2026-04-13,3,1,0,11.86
SHP-503959,ORD-503959,NorthLine,2026-04-10,2026-04-14,2026-04-15,5,0,1,11.96
SHP-503960,ORD-503960,NorthLine,2026-04-12,2026-04-14,2026-04-13,3,1,0,11.25
SHP-503961,ORD-503961,ShipRight,2026-04-13,2026-04-14,2026-04-19,9,0,5,10.98
SHP-503962,ORD-503962,ShipRight,2026-04-11,2026-04-14,2026-04-13,3,1,0,11.94
SHP-503963,ORD-503963,MetroCourier,2026-04-11,2026-04-14,2026-04-16,6,0,2,12.17
SHP-503964,ORD-503964,MetroCourier,2026-04-10,2026-04-14,2026-04-11,1,1,0,9.53
SHP-503965,ORD-503965,MetroCourier,2026-04-10,2026-04-14,2026-04-14,4,1,0,15.53
SHP-503966,ORD-503966,ParcelFast,2026-04-10,2026-04-14,2026-04-12,2,1,0,12.14
SHP-503967,ORD-503967,ShipRight,2026-04-10,2026-04-14,2026-04-11,1,1,0,9.98
SHP-503968,ORD-503968,MetroCourier,2026-04-11,2026-04-14,2026-04-14,4,1,0,10.2
SHP-503969,ORD-503969,ParcelFast,2026-04-11,2026-04-14,2026-04-14,4,1,0,11.51
SHP-503970,ORD-503970,NorthLine,2026-04-11,2026-04-14,2026-04-16,6,0,2,15.5
SHP-503971,ORD-503971,NorthLine,2026-04-13,2026-04-14,2026-04-17,7,0,3,13.25
SHP-503972,ORD-503972,MetroCourier,2026-04-12,2026-04-15,2026-04-13,2,1,0,10.61
SHP-503973,ORD-503973,ShipRight,2026-04-13,2026-04-15,2026-04-16,5,0,1,10.0
SHP-503974,ORD-503974,NorthLine,2026-04-12,2026-04-15,2026-04-16,5,0,1,8.75
SHP-503975,ORD-503975,MetroCourier,2026-04-12,2026-04-15,2026-04-14,3,1,0,11.66
SHP-503976,ORD-503976,MetroCourier,2026-04-12,2026-04-15,2026-04-13,2,1,0,11.27
SHP-503977,ORD-503977,MetroCourier,2026-04-12,2026-04-15,2026-04-15,4,1,0,10.59
SHP-503978,ORD-503978,NorthLine,2026-04-12,2026-04-15,2026-04-14,3,1,0,10.21
SHP-503979,ORD-503979,ShipRight,2026-04-12,2026-04-15,2026-04-16,5,0,1,13.72
SHP-503980,ORD-503980,ParcelFast,2026-04-14,2026-04-15,2026-04-17,6,0,2,11.09
SHP-503981,ORD-503981,ShipRight,2026-04-13,2026-04-15,2026-04-14,3,1,0,9.5
SHP-503982,ORD-503982,NorthLine,2026-04-12,2026-04-15,2026-04-15,4,1,0,12.35
SHP-503983,ORD-503983,NorthLine,2026-04-14,2026-04-15,2026-04-19,8,0,4,9.53
SHP-503984,ORD-503984,ParcelFast,2026-04-12,2026-04-15,2026-04-13,2,1,0,11.6
SHP-503985,ORD-503985,ShipRight,2026-04-13,2026-04-15,2026-04-14,3,1,0,11.17
SHP-503986,ORD-503986,NorthLine,2026-04-12,2026-04-15,2026-04-16,5,0,1,12.31
SHP-503987,ORD-503987,NorthLine,2026-04-14,2026-04-15,2026-04-19,8,0,4,9.73
SHP-503988,ORD-503988,ParcelFast,2026-04-12,2026-04-15,2026-04-17,6,0,2,10.72
SHP-503989,ORD-503989,ShipRight,2026-04-11,2026-04-15,2026-04-13,2,1,0,11.4
SHP-503990,ORD-503990,MetroCourier,2026-04-11,2026-04-15,2026-04-16,5,0,1,12.95
SHP-503991,ORD-503991,ShipRight,2026-04-14,2026-04-15,2026-04-16,5,0,1,12.84
SHP-503992,ORD-503992,NorthLine,2026-04-12,2026-04-15,2026-04-16,5,0,1,8.81
SHP-503993,ORD-503993,MetroCourier,2026-04-13,2026-04-15,2026-04-14,3,1,0,9.06
SHP-503994,ORD-503994,ShipRight,2026-04-14,2026-04-15,2026-04-17,6,0,2,10.32
SHP-503995,ORD-503995,ParcelFast,2026-04-12,2026-04-15,2026-04-14,3,1,0,9.52
SHP-503996,ORD-503996,NorthLine,2026-04-13,2026-04-15,2026-04-17,6,0,2,10.28
SHP-503997,ORD-503997,MetroCourier,2026-04-11,2026-04-15,2026-04-14,3,1,0,13.1
SHP-503998,ORD-503998,ShipRight,2026-04-12,2026-04-15,2026-04-14,3,1,0,13.2
SHP-503999,ORD-503999,ShipRight,2026-04-11,2026-04-15,2026-04-15,4,1,0,10.67
SHP-504000,ORD-504000,ShipRight,2026-04-11,2026-04-15,2026-04-14,3,1,0,10.54
SHP-504001,ORD-504001,MetroCourier,2026-04-14,2026-04-15,2026-04-16,5,0,1,11.16
SHP-504002,ORD-504002,NorthLine,2026-04-13,2026-04-15,2026-04-19,8,0,4,14.61
SHP-504003,ORD-504003,NorthLine,2026-04-11,2026-04-15,2026-04-14,3,1,0,14.67
SHP-504004,ORD-504004,ParcelFast,2026-04-13,2026-04-15,2026-04-15,4,1,0,8.82
SHP-504005,ORD-504005,NorthLine,2026-04-12,2026-04-15,2026-04-15,4,1,0,9.29
SHP-504006,ORD-504006,MetroCourier,2026-04-13,2026-04-15,2026-04-17,6,0,2,13.04
SHP-504007,ORD-504007,MetroCourier,2026-04-11,2026-04-15,2026-04-13,2,1,0,12.24
SHP-504008,ORD-504008,MetroCourier,2026-04-12,2026-04-15,2026-04-14,3,1,0,10.04
SHP-504009,ORD-504009,ShipRight,2026-04-11,2026-04-15,2026-04-12,1,1,0,9.08
SHP-504010,ORD-504010,ShipRight,2026-04-12,2026-04-15,2026-04-14,3,1,0,9.6
SHP-504011,ORD-504011,NorthLine,2026-04-12,2026-04-15,2026-04-15,4,1,0,10.92
SHP-504012,ORD-504012,ParcelFast,2026-04-11,2026-04-15,2026-04-17,6,0,2,12.25
SHP-504013,ORD-504013,ShipRight,2026-04-13,2026-04-16,2026-04-18,6,0,2,12.96
SHP-504014,ORD-504014,ParcelFast,2026-04-13,2026-04-16,2026-04-14,2,1,0,10.26
SHP-504015,ORD-504015,NorthLine,2026-04-15,2026-04-16,2026-04-20,8,0,4,10.04
SHP-504016,ORD-504016,ShipRight,2026-04-13,2026-04-16,2026-04-16,4,1,0,9.06
SHP-504017,ORD-504017,MetroCourier,2026-04-13,2026-04-16,2026-04-17,5,0,1,11.48
SHP-504018,ORD-504018,ShipRight,2026-04-13,2026-04-16,2026-04-15,3,1,0,11.72
SHP-504019,ORD-504019,MetroCourier,2026-04-13,2026-04-16,2026-04-17,5,0,1,11.31
SHP-504020,ORD-504020,MetroCourier,2026-04-12,2026-04-16,2026-04-16,4,1,0,10.42
SHP-504021,ORD-504021,ShipRight,2026-04-14,2026-04-16,2026-04-17,5,0,1,9.29
SHP-504022,ORD-504022,MetroCourier,2026-04-12,2026-04-16,2026-04-16,4,1,0,12.56
SHP-504023,ORD-504023,NorthLine,2026-04-14,2026-04-16,2026-04-17,5,0,1,12.14
SHP-504024,ORD-504024,ShipRight,2026-04-13,2026-04-16,2026-04-17,5,0,1,8.9
SHP-504025,ORD-504025,MetroCourier,2026-04-14,2026-04-16,2026-04-18,6,0,2,13.99
SHP-504026,ORD-504026,NorthLine,2026-04-13,2026-04-16,2026-04-15,3,1,0,8.95
SHP-504027,ORD-504027,ParcelFast,2026-04-15,2026-04-16,2026-04-22,10,0,6,13.96
SHP-504028,ORD-504028,ParcelFast,2026-04-12,2026-04-16,2026-04-15,3,1,0,14.18
SHP-504029,ORD-504029,MetroCourier,2026-04-13,2026-04-16,2026-04-14,2,1,0,12.22
SHP-504030,ORD-504030,MetroCourier,2026-04-14,2026-04-16,2026-04-16,4,1,0,14.87
SHP-504031,ORD-504031,ParcelFast,2026-04-13,2026-04-16,2026-04-14,2,1,0,11.64
SHP-504032,ORD-504032,ShipRight,2026-04-14,2026-04-16,2026-04-16,4,1,0,11.05
SHP-504033,ORD-504033,ShipRight,2026-04-13,2026-04-16,2026-04-18,6,0,2,10.51
SHP-504034,ORD-504034,ParcelFast,2026-04-13,2026-04-16,2026-04-16,4,1,0,13.45
SHP-504035,ORD-504035,ParcelFast,2026-04-13,2026-04-16,2026-04-16,4,1,0,9.25
SHP-504036,ORD-504036,ShipRight,2026-04-14,2026-04-16,2026-04-16,4,1,0,11.72
SHP-504037,ORD-504037,NorthLine,2026-04-14,2026-04-16,2026-04-18,6,0,2,11.49
SHP-504038,ORD-504038,NorthLine,2026-04-15,2026-04-16,2026-04-17,5,0,1,11.03
SHP-504039,ORD-504039,ShipRight,2026-04-14,2026-04-16,2026-04-15,3,1,0,11.25
SHP-504040,ORD-504040,ParcelFast,2026-04-15,2026-04-16,2026-04-18,6,0,2,12.49
SHP-504041,ORD-504041,ParcelFast,2026-04-14,2026-04-16,2026-04-16,4,1,0,11.06
SHP-504042,ORD-504042,ParcelFast,2026-04-13,2026-04-16,2026-04-16,4,1,0,11.17
SHP-504043,ORD-504043,NorthLine,2026-04-15,2026-04-16,2026-04-18,6,0,2,12.46
SHP-504044,ORD-504044,ShipRight,2026-04-12,2026-04-16,2026-04-15,3,1,0,14.64
SHP-504045,ORD-504045,MetroCourier,2026-04-13,2026-04-16,2026-04-17,5,0,1,11.27
SHP-504046,ORD-504046,NorthLine,2026-04-14,2026-04-16,2026-04-16,4,1,0,10.42
SHP-504047,ORD-504047,ParcelFast,2026-04-15,2026-04-16,2026-04-18,6,0,2,9.9
SHP-504048,ORD-504048,NorthLine,2026-04-13,2026-04-16,2026-04-17,5,0,1,10.88
SHP-504049,ORD-504049,ParcelFast,2026-04-12,2026-04-16,2026-04-17,5,0,1,9.91
SHP-504050,ORD-504050,ParcelFast,2026-04-13,2026-04-16,2026-04-14,2,1,0,9.31
SHP-504051,ORD-504051,NorthLine,2026-04-13,2026-04-16,2026-04-17,5,0,1,13.55
SHP-504052,ORD-504052,NorthLine,2026-04-14,2026-04-16,2026-04-19,7,0,3,12.51
SHP-504053,ORD-504053,MetroCourier,2026-04-12,2026-04-16,2026-04-14,2,1,0,11.39
SHP-504054,ORD-504054,MetroCourier,2026-04-12,2026-04-16,2026-04-14,2,1,0,11.27
SHP-504055,ORD-504055,ParcelFast,2026-04-14,2026-04-17,2026-04-18,5,0,1,11.8
SHP-504056,ORD-504056,ParcelFast,2026-04-14,2026-04-17,2026-04-16,3,1,0,10.2
SHP-504057,ORD-504057,NorthLine,2026-04-15,2026-04-17,2026-04-17,4,1,0,8.75
SHP-504058,ORD-504058,NorthLine,2026-04-13,2026-04-17,2026-04-18,5,0,1,10.53
SHP-504059,ORD-504059,NorthLine,2026-04-16,2026-04-17,2026-04-19,6,0,2,13.45
SHP-504060,ORD-504060,MetroCourier,2026-04-14,2026-04-17,2026-04-17,4,1,0,10.82
SHP-504061,ORD-504061,MetroCourier,2026-04-15,2026-04-17,2026-04-22,9,0,5,10.61
SHP-504062,ORD-504062,MetroCourier,2026-04-14,2026-04-17,2026-04-19,6,0,2,11.15
SHP-504063,ORD-504063,ShipRight,2026-04-13,2026-04-17,2026-04-18,5,0,1,10.88
SHP-504064,ORD-504064,MetroCourier,2026-04-13,2026-04-17,2026-04-16,3,1,0,11.82
SHP-504065,ORD-504065,NorthLine,2026-04-14,2026-04-17,2026-04-17,4,1,0,13.85
SHP-504066,ORD-504066,ShipRight,2026-04-15,2026-04-17,2026-04-20,7,0,3,11.02
SHP-504067,ORD-504067,ShipRight,2026-04-15,2026-04-17,2026-04-17,4,1,0,10.44
SHP-504068,ORD-504068,ShipRight,2026-04-15,2026-04-17,2026-04-17,4,1,0,12.62
SHP-504069,ORD-504069,ParcelFast,2026-04-13,2026-04-17,2026-04-15,2,1,0,12.33
SHP-504070,ORD-504070,MetroCourier,2026-04-14,2026-04-17,2026-04-17,4,1,0,12.05
SHP-504071,ORD-504071,NorthLine,2026-04-15,2026-04-17,2026-04-18,5,0,1,9.57
SHP-504072,ORD-504072,ShipRight,2026-04-14,2026-04-17,2026-04-15,2,1,0,11.99
SHP-504073,ORD-504073,MetroCourier,2026-04-15,2026-04-17,2026-04-17,4,1,0,10.41
SHP-504074,ORD-504074,ParcelFast,2026-04-14,2026-04-17,2026-04-18,5,0,1,10.19
SHP-504075,ORD-504075,ShipRight,2026-04-14,2026-04-17,2026-04-22,9,0,5,10.51
SHP-504076,ORD-504076,ShipRight,2026-04-14,2026-04-17,2026-04-18,5,0,1,13.3
SHP-504077,ORD-504077,MetroCourier,2026-04-14,2026-04-17,2026-04-17,4,1,0,11.23
SHP-504078,ORD-504078,ParcelFast,2026-04-13,2026-04-17,2026-04-15,2,1,0,14.92
SHP-504079,ORD-504079,ParcelFast,2026-04-13,2026-04-17,2026-04-18,5,0,1,10.64
SHP-504080,ORD-504080,MetroCourier,2026-04-14,2026-04-17,2026-04-18,5,0,1,14.06
SHP-504081,ORD-504081,MetroCourier,2026-04-13,2026-04-17,2026-04-15,2,1,0,9.24
SHP-504082,ORD-504082,ShipRight,2026-04-14,2026-04-17,2026-04-18,5,0,1,12.29
SHP-504083,ORD-504083,ParcelFast,2026-04-13,2026-04-17,2026-04-14,1,1,0,11.36
SHP-504084,ORD-504084,MetroCourier,2026-04-14,2026-04-17,2026-04-18,5,0,1,10.18
SHP-504085,ORD-504085,ParcelFast,2026-04-13,2026-04-17,2026-04-16,3,1,0,13.12
SHP-504086,ORD-504086,ShipRight,2026-04-14,2026-04-17,2026-04-19,6,0,2,12.02
SHP-504087,ORD-504087,ShipRight,2026-04-13,2026-04-17,2026-04-16,3,1,0,13.28
SHP-504088,ORD-504088,ShipRight,2026-04-15,2026-04-17,2026-04-17,4,1,0,10.99
SHP-504089,ORD-504089,ShipRight,2026-04-13,2026-04-17,2026-04-16,3,1,0,9.16
SHP-504090,ORD-504090,NorthLine,2026-04-16,2026-04-17,2026-04-18,5,0,1,11.19
SHP-504091,ORD-504091,MetroCourier,2026-04-14,2026-04-17,2026-04-17,4,1,0,10.7
SHP-504092,ORD-504092,NorthLine,2026-04-14,2026-04-17,2026-04-16,3,1,0,10.59
SHP-504093,ORD-504093,MetroCourier,2026-04-14,2026-04-17,2026-04-18,5,0,1,14.55
SHP-504094,ORD-504094,MetroCourier,2026-04-15,2026-04-18,2026-04-19,5,0,1,10.76
SHP-504095,ORD-504095,ParcelFast,2026-04-14,2026-04-18,2026-04-21,7,0,3,11.6
SHP-504096,ORD-504096,ShipRight,2026-04-15,2026-04-18,2026-04-16,2,1,0,10.41
SHP-504097,ORD-504097,NorthLine,2026-04-15,2026-04-18,2026-04-18,4,1,0,11.87
SHP-504098,ORD-504098,NorthLine,2026-04-16,2026-04-18,2026-04-19,5,0,1,10.9
SHP-504099,ORD-504099,MetroCourier,2026-04-15,2026-04-18,2026-04-17,3,1,0,11.67
SHP-504100,ORD-504100,MetroCourier,2026-04-14,2026-04-18,2026-04-16,2,1,0,12.62
SHP-504101,ORD-504101,ParcelFast,2026-04-16,2026-04-18,2026-04-17,3,1,0,9.39
SHP-504102,ORD-504102,ParcelFast,2026-04-15,2026-04-18,2026-04-18,4,1,0,12.27
SHP-504103,ORD-504103,MetroCourier,2026-04-16,2026-04-18,2026-04-23,9,0,5,10.82
SHP-504104,ORD-504104,MetroCourier,2026-04-14,2026-04-18,2026-04-16,2,1,0,16.12
SHP-504105,ORD-504105,ShipRight,2026-04-17,2026-04-18,2026-04-20,6,0,2,9.08
SHP-504106,ORD-504106,ShipRight,2026-04-15,2026-04-18,2026-04-19,5,0,1,9.92
SHP-504107,ORD-504107,NorthLine,2026-04-17,2026-04-18,2026-04-21,7,0,3,10.73
SHP-504108,ORD-504108,ParcelFast,2026-04-16,2026-04-18,2026-04-21,7,0,3,9.04
SHP-504109,ORD-504109,MetroCourier,2026-04-17,2026-04-18,2026-04-20,6,0,2,10.34
SHP-504110,ORD-504110,ShipRight,2026-04-15,2026-04-18,2026-04-20,6,0,2,9.72
SHP-504111,ORD-504111,MetroCourier,2026-04-15,2026-04-18,2026-04-17,3,1,0,11.72
SHP-504112,ORD-504112,MetroCourier,2026-04-15,2026-04-18,2026-04-20,6,0,2,9.79
SHP-504113,ORD-504113,NorthLine,2026-04-14,2026-04-18,2026-04-17,3,1,0,12.09
SHP-504114,ORD-504114,MetroCourier,2026-04-16,2026-04-18,2026-04-19,5,0,1,12.29
SHP-504115,ORD-504115,MetroCourier,2026-04-16,2026-04-18,2026-04-18,4,1,0,8.93
SHP-504116,ORD-504116,ShipRight,2026-04-15,2026-04-18,2026-04-20,6,0,2,11.73
SHP-504117,ORD-504117,ShipRight,2026-04-14,2026-04-18,2026-04-15,1,1,0,12.54
SHP-504118,ORD-504118,NorthLine,2026-04-17,2026-04-18,2026-04-18,4,1,0,9.96
SHP-504119,ORD-504119,MetroCourier,2026-04-15,2026-04-18,2026-04-18,4,1,0,11.62
SHP-504120,ORD-504120,NorthLine,2026-04-15,2026-04-18,2026-04-17,3,1,0,10.96
SHP-504121,ORD-504121,NorthLine,2026-04-17,2026-04-18,2026-04-18,4,1,0,11.66
SHP-504122,ORD-504122,ShipRight,2026-04-14,2026-04-18,2026-04-19,5,0,1,10.98
SHP-504123,ORD-504123,MetroCourier,2026-04-17,2026-04-18,2026-04-20,6,0,2,8.86
SHP-504124,ORD-504124,NorthLine,2026-04-15,2026-04-18,2026-04-22,8,0,4,10.86
SHP-504125,ORD-504125,NorthLine,2026-04-15,2026-04-18,2026-04-19,5,0,1,13.61
SHP-504126,ORD-504126,ParcelFast,2026-04-15,2026-04-18,2026-04-18,4,1,0,11.21
SHP-504127,ORD-504127,ShipRight,2026-04-15,2026-04-18,2026-04-16,2,1,0,13.57
SHP-504128,ORD-504128,NorthLine,2026-04-15,2026-04-18,2026-04-21,7,0,3,11.65
SHP-504129,ORD-504129,ShipRight,2026-04-15,2026-04-18,2026-04-16,2,1,0,11.99
SHP-504130,ORD-504130,ShipRight,2026-04-16,2026-04-18,2026-04-21,7,0,3,12.21
SHP-504131,ORD-504131,MetroCourier,2026-04-14,2026-04-18,2026-04-18,4,1,0,11.43
SHP-504132,ORD-504132,ShipRight,2026-04-16,2026-04-18,2026-04-20,6,0,2,9.88
SHP-504133,ORD-504133,NorthLine,2026-04-14,2026-04-18,2026-04-18,4,1,0,12.41
SHP-504134,ORD-504134,ShipRight,2026-04-15,2026-04-19,2026-04-18,3,1,0,11.22
SHP-504135,ORD-504135,MetroCourier,2026-04-16,2026-04-19,2026-04-20,5,0,1,14.38
SHP-504136,ORD-504136,NorthLine,2026-04-16,2026-04-19,2026-04-19,4,1,0,13.22
SHP-504137,ORD-504137,ShipRight,2026-04-16,2026-04-19,2026-04-17,2,1,0,8.91
SHP-504138,ORD-504138,ShipRight,2026-04-16,2026-04-19,2026-04-19,4,1,0,11.78
SHP-504139,ORD-504139,ShipRight,2026-04-16,2026-04-19,2026-04-19,4,1,0,12.28
SHP-504140,ORD-504140,ParcelFast,2026-04-16,2026-04-19,2026-04-19,4,1,0,10.03
SHP-504141,ORD-504141,ShipRight,2026-04-16,2026-04-19,2026-04-18,3,1,0,11.76
SHP-504142,ORD-504142,MetroCourier,2026-04-16,2026-04-19,2026-04-18,3,1,0,15.09
SHP-504143,ORD-504143,ShipRight,2026-04-16,2026-04-19,2026-04-18,3,1,0,11.59
SHP-504144,ORD-504144,ParcelFast,2026-04-16,2026-04-19,2026-04-20,5,0,1,10.05
SHP-504145,ORD-504145,ParcelFast,2026-04-16,2026-04-19,2026-04-20,5,0,1,9.18
SHP-504146,ORD-504146,ParcelFast,2026-04-16,2026-04-19,2026-04-19,4,1,0,12.49
SHP-504147,ORD-504147,ParcelFast,2026-04-15,2026-04-19,2026-04-18,3,1,0,10.57
SHP-504148,ORD-504148,MetroCourier,2026-04-16,2026-04-19,2026-04-18,3,1,0,10.36
SHP-504149,ORD-504149,ParcelFast,2026-04-16,2026-04-19,2026-04-18,3,1,0,11.73
SHP-504150,ORD-504150,MetroCourier,2026-04-16,2026-04-19,2026-04-18,3,1,0,8.73
SHP-504151,ORD-504151,ParcelFast,2026-04-16,2026-04-19,2026-04-18,3,1,0,10.29
SHP-504152,ORD-504152,MetroCourier,2026-04-16,2026-04-19,2026-04-22,7,0,3,11.76
SHP-504153,ORD-504153,ShipRight,2026-04-16,2026-04-19,2026-04-19,4,1,0,14.23
SHP-504154,ORD-504154,ParcelFast,2026-04-17,2026-04-19,2026-04-19,4,1,0,9.34
SHP-504155,ORD-504155,ShipRight,2026-04-17,2026-04-19,2026-04-21,6,0,2,10.19
SHP-504156,ORD-504156,NorthLine,2026-04-17,2026-04-19,2026-04-19,4,1,0,11.03
SHP-504157,ORD-504157,MetroCourier,2026-04-16,2026-04-19,2026-04-20,5,0,1,12.69
SHP-504158,ORD-504158,ShipRight,2026-04-16,2026-04-19,2026-04-19,4,1,0,10.38
SHP-504159,ORD-504159,NorthLine,2026-04-15,2026-04-19,2026-04-17,2,1,0,14.24
SHP-504160,ORD-504160,ShipRight,2026-04-16,2026-04-19,2026-04-19,4,1,0,12.25
SHP-504161,ORD-504161,ParcelFast,2026-04-16,2026-04-19,2026-04-19,4,1,0,11.24
SHP-504162,ORD-504162,ShipRight,2026-04-17,2026-04-19,2026-04-19,4,1,0,9.04
SHP-504163,ORD-504163,NorthLine,2026-04-16,2026-04-19,2026-04-18,3,1,0,9.29
SHP-504164,ORD-504164,ParcelFast,2026-04-16,2026-04-19,2026-04-18,3,1,0,9.27
SHP-504165,ORD-504165,ShipRight,2026-04-17,2026-04-19,2026-04-22,7,0,3,10.04
SHP-504166,ORD-504166,NorthLine,2026-04-15,2026-04-19,2026-04-17,2,1,0,8.73
SHP-504167,ORD-504167,MetroCourier,2026-04-15,2026-04-19,2026-04-18,3,1,0,10.26
SHP-504168,ORD-504168,ShipRight,2026-04-17,2026-04-20,2026-04-19,3,1,0,10.31
SHP-504169,ORD-504169,ParcelFast,2026-04-18,2026-04-20,2026-04-21,5,0,1,10.23
SHP-504170,ORD-504170,ParcelFast,2026-04-18,2026-04-20,2026-04-20,4,1,0,11.83
SHP-504171,ORD-504171,NorthLine,2026-04-18,2026-04-20,2026-04-21,5,0,1,9.49
SHP-504172,ORD-504172,ShipRight,2026-04-17,2026-04-20,2026-04-22,6,0,2,11.65
SHP-504173,ORD-504173,ShipRight,2026-04-18,2026-04-20,2026-04-20,4,1,0,11.81
SHP-504174,ORD-504174,NorthLine,2026-04-19,2026-04-20,2026-04-22,6,0,2,11.82
SHP-504175,ORD-504175,ShipRight,2026-04-18,2026-04-20,2026-04-21,5,0,1,10.87
SHP-504176,ORD-504176,NorthLine,2026-04-17,2026-04-20,2026-04-19,3,1,0,12.3
SHP-504177,ORD-504177,NorthLine,2026-04-18,2026-04-20,2026-04-22,6,0,2,11.29
SHP-504178,ORD-504178,ShipRight,2026-04-17,2026-04-20,2026-04-20,4,1,0,9.61
SHP-504179,ORD-504179,NorthLine,2026-04-19,2026-04-20,2026-04-23,7,0,3,9.47
SHP-504180,ORD-504180,NorthLine,2026-04-18,2026-04-20,2026-04-20,4,1,0,11.15
SHP-504181,ORD-504181,ShipRight,2026-04-17,2026-04-20,2026-04-22,6,0,2,13.3
SHP-504182,ORD-504182,ShipRight,2026-04-17,2026-04-20,2026-04-18,2,1,0,12.29
SHP-504183,ORD-504183,NorthLine,2026-04-16,2026-04-20,2026-04-20,4,1,0,9.53
SHP-504184,ORD-504184,MetroCourier,2026-04-17,2026-04-20,2026-04-22,6,0,2,10.88
SHP-504185,ORD-504185,NorthLine,2026-04-17,2026-04-20,2026-04-20,4,1,0,9.72
SHP-504186,ORD-504186,MetroCourier,2026-04-17,2026-04-20,2026-04-19,3,1,0,10.19
SHP-504187,ORD-504187,ShipRight,2026-04-18,2026-04-20,2026-04-23,7,0,3,11.08
SHP-504188,ORD-504188,MetroCourier,2026-04-16,2026-04-20,2026-04-19,3,1,0,12.38
SHP-504189,ORD-504189,ShipRight,2026-04-17,2026-04-20,2026-04-19,3,1,0,9.91
SHP-504190,ORD-504190,ParcelFast,2026-04-16,2026-04-20,2026-04-19,3,1,0,12.52
SHP-504191,ORD-504191,ShipRight,2026-04-17,2026-04-20,2026-04-21,5,0,1,9.58
SHP-504192,ORD-504192,NorthLine,2026-04-17,2026-04-20,2026-04-19,3,1,0,9.81
SHP-504193,ORD-504193,ShipRight,2026-04-18,2026-04-20,2026-04-24,8,0,4,13.8
SHP-504194,ORD-504194,ParcelFast,2026-04-18,2026-04-20,2026-04-24,8,0,4,9.59
SHP-504195,ORD-504195,NorthLine,2026-04-19,2026-04-20,2026-04-20,4,1,0,10.5
SHP-504196,ORD-504196,NorthLine,2026-04-17,2026-04-20,2026-04-22,6,0,2,9.84
SHP-504197,ORD-504197,ShipRight,2026-04-18,2026-04-20,2026-04-21,5,0,1,8.81
SHP-504198,ORD-504198,ShipRight,2026-04-17,2026-04-20,2026-04-22,6,0,2,9.69
SHP-504199,ORD-504199,NorthLine,2026-04-18,2026-04-20,2026-04-19,3,1,0,9.32
SHP-504200,ORD-504200,MetroCourier,2026-04-17,2026-04-20,2026-04-19,3,1,0,9.16
SHP-504201,ORD-504201,ParcelFast,2026-04-18,2026-04-20,2026-04-21,5,0,1,12.45
SHP-504202,ORD-504202,NorthLine,2026-04-18,2026-04-20,2026-04-21,5,0,1,15.75
SHP-504203,ORD-504203,MetroCourier,2026-04-16,2026-04-20,2026-04-17,1,1,0,13.15
SHP-504204,ORD-504204,ShipRight,2026-04-18,2026-04-20,2026-04-20,4,1,0,10.7
SHP-504205,ORD-504205,MetroCourier,2026-04-18,2026-04-20,2026-04-24,8,0,4,13.56
SHP-504206,ORD-504206,MetroCourier,2026-04-17,2026-04-20,2026-04-19,3,1,0,11.49
SHP-504207,ORD-504207,ParcelFast,2026-04-19,2026-04-20,2026-04-22,6,0,2,13.82
SHP-504208,ORD-504208,NorthLine,2026-04-17,2026-04-20,2026-04-20,4,1,0,10.79
SHP-504209,ORD-504209,MetroCourier,2026-04-16,2026-04-20,2026-04-18,2,1,0,10.77
SHP-504210,ORD-504210,ParcelFast,2026-04-17,2026-04-20,2026-04-20,4,1,0,9.77
SHP-504211,ORD-504211,ShipRight,2026-04-18,2026-04-20,2026-04-22,6,0,2,12.14
SHP-504212,ORD-504212,ParcelFast,2026-04-17,2026-04-20,2026-04-21,5,0,1,12.2
SHP-504213,ORD-504213,ShipRight,2026-04-16,2026-04-20,2026-04-19,3,1,0,11.74
SHP-504214,ORD-504214,ShipRight,2026-04-18,2026-04-20,2026-04-20,4,1,0,9.68
SHP-504215,ORD-504215,NorthLine,2026-04-17,2026-04-20,2026-04-20,4,1,0,10.32
SHP-504216,ORD-504216,NorthLine,2026-04-18,2026-04-20,2026-04-20,4,1,0,13.05
SHP-504217,ORD-504217,NorthLine,2026-04-18,2026-04-21,2026-04-21,4,1,0,13.55
SHP-504218,ORD-504218,MetroCourier,2026-04-18,2026-04-21,2026-04-23,6,0,2,13.16
SHP-504219,ORD-504219,ParcelFast,2026-04-18,2026-04-21,2026-04-20,3,1,0,9.43
SHP-504220,ORD-504220,MetroCourier,2026-04-18,2026-04-21,2026-04-22,5,0,1,10.87
SHP-504221,ORD-504221,NorthLine,2026-04-19,2026-04-21,2026-04-23,6,0,2,11.22
SHP-504222,ORD-504222,MetroCourier,2026-04-18,2026-04-21,2026-04-19,2,1,0,11.16
SHP-504223,ORD-504223,MetroCourier,2026-04-17,2026-04-21,2026-04-20,3,1,0,9.46
SHP-504224,ORD-504224,MetroCourier,2026-04-19,2026-04-21,2026-04-24,7,0,3,11.44
SHP-504225,ORD-504225,NorthLine,2026-04-18,2026-04-21,2026-04-20,3,1,0,10.08
SHP-504226,ORD-504226,ShipRight,2026-04-18,2026-04-21,2026-04-20,3,1,0,13.63
SHP-504227,ORD-504227,ParcelFast,2026-04-17,2026-04-21,2026-04-20,3,1,0,15.87
SHP-504228,ORD-504228,MetroCourier,2026-04-18,2026-04-21,2026-04-21,4,1,0,14.55
SHP-504229,ORD-504229,ParcelFast,2026-04-17,2026-04-21,2026-04-19,2,1,0,11.91
SHP-504230,ORD-504230,ShipRight,2026-04-17,2026-04-21,2026-04-23,6,0,2,10.31
SHP-504231,ORD-504231,NorthLine,2026-04-19,2026-04-21,2026-04-24,7,0,3,10.86
SHP-504232,ORD-504232,NorthLine,2026-04-18,2026-04-21,2026-04-20,3,1,0,10.75
SHP-504233,ORD-504233,ShipRight,2026-04-18,2026-04-21,2026-04-22,5,0,1,15.07
SHP-504234,ORD-504234,ParcelFast,2026-04-19,2026-04-21,2026-04-20,3,1,0,10.33
SHP-504235,ORD-504235,NorthLine,2026-04-19,2026-04-21,2026-04-23,6,0,2,10.91
SHP-504236,ORD-504236,MetroCourier,2026-04-18,2026-04-21,2026-04-22,5,0,1,9.77
SHP-504237,ORD-504237,NorthLine,2026-04-19,2026-04-21,2026-04-24,7,0,3,11.85
SHP-504238,ORD-504238,ParcelFast,2026-04-18,2026-04-21,2026-04-22,5,0,1,8.87
SHP-504239,ORD-504239,MetroCourier,2026-04-17,2026-04-21,2026-04-23,6,0,2,11.89
SHP-504240,ORD-504240,NorthLine,2026-04-20,2026-04-21,2026-04-22,5,0,1,9.6
SHP-504241,ORD-504241,NorthLine,2026-04-17,2026-04-21,2026-04-18,1,1,0,10.96
SHP-504242,ORD-504242,ParcelFast,2026-04-17,2026-04-21,2026-04-19,2,1,0,12.26
SHP-504243,ORD-504243,NorthLine,2026-04-18,2026-04-21,2026-04-24,7,0,3,10.62
SHP-504244,ORD-504244,ParcelFast,2026-04-18,2026-04-21,2026-04-22,5,0,1,12.3
SHP-504245,ORD-504245,ShipRight,2026-04-17,2026-04-21,2026-04-19,2,1,0,12.76
SHP-504246,ORD-504246,NorthLine,2026-04-17,2026-04-21,2026-04-22,5,0,1,11.88
SHP-504247,ORD-504247,NorthLine,2026-04-18,2026-04-21,2026-04-22,5,0,1,10.24
SHP-504248,ORD-504248,ShipRight,2026-04-18,2026-04-21,2026-04-21,4,1,0,10.44
SHP-504249,ORD-504249,NorthLine,2026-04-18,2026-04-21,2026-04-21,4,1,0,10.46
SHP-504250,ORD-504250,MetroCourier,2026-04-17,2026-04-21,2026-04-20,3,1,0,12.56
SHP-504251,ORD-504251,NorthLine,2026-04-18,2026-04-21,2026-04-22,5,0,1,10.05
SHP-504252,ORD-504252,NorthLine,2026-04-20,2026-04-21,2026-04-23,6,0,2,12.03
SHP-504253,ORD-504253,NorthLine,2026-04-17,2026-04-21,2026-04-18,1,1,0,11.48
SHP-504254,ORD-504254,NorthLine,2026-04-19,2026-04-21,2026-04-22,5,0,1,9.5
SHP-504255,ORD-504255,NorthLine,2026-04-17,2026-04-21,2026-04-20,3,1,0,13.05
SHP-504256,ORD-504256,ParcelFast,2026-04-17,2026-04-21,2026-04-18,1,1,0,14.37
SHP-504257,ORD-504257,NorthLine,2026-04-19,2026-04-21,2026-04-22,5,0,1,11.02
SHP-504258,ORD-504258,ParcelFast,2026-04-18,2026-04-21,2026-04-20,3,1,0,10.5
SHP-504259,ORD-504259,ShipRight,2026-04-18,2026-04-21,2026-04-21,4,1,0,15.04
SHP-504260,ORD-504260,MetroCourier,2026-04-19,2026-04-21,2026-04-21,4,1,0,11.41
SHP-504261,ORD-504261,NorthLine,2026-04-19,2026-04-21,2026-04-22,5,0,1,10.12
SHP-504262,ORD-504262,ParcelFast,2026-04-19,2026-04-22,2026-04-20,2,1,0,12.21
SHP-504263,ORD-504263,ParcelFast,2026-04-21,2026-04-22,2026-04-25,7,0,3,8.81
SHP-504264,ORD-504264,ParcelFast,2026-04-20,2026-04-22,2026-04-21,3,1,0,9.5
SHP-504265,ORD-504265,ParcelFast,2026-04-19,2026-04-22,2026-04-23,5,0,1,11.79
SHP-504266,ORD-504266,NorthLine,2026-04-19,2026-04-22,2026-04-24,6,0,2,10.96
SHP-504267,ORD-504267,ParcelFast,2026-04-19,2026-04-22,2026-04-24,6,0,2,9.17
SHP-504268,ORD-504268,ShipRight,2026-04-19,2026-04-22,2026-04-21,3,1,0,9.15
SHP-504269,ORD-504269,ShipRight,2026-04-18,2026-04-22,2026-04-21,3,1,0,10.85
SHP-504270,ORD-504270,MetroCourier,2026-04-18,2026-04-22,2026-04-22,4,1,0,13.41
SHP-504271,ORD-504271,ParcelFast,2026-04-20,2026-04-22,2026-04-24,6,0,2,10.45
SHP-504272,ORD-504272,ParcelFast,2026-04-18,2026-04-22,2026-04-21,3,1,0,11.67
SHP-504273,ORD-504273,MetroCourier,2026-04-19,2026-04-22,2026-04-22,4,1,0,9.57
SHP-504274,ORD-504274,NorthLine,2026-04-19,2026-04-22,2026-04-22,4,1,0,12.72
SHP-504275,ORD-504275,ShipRight,2026-04-21,2026-04-22,2026-04-24,6,0,2,12.13
SHP-504276,ORD-504276,MetroCourier,2026-04-19,2026-04-22,2026-04-21,3,1,0,11.46
SHP-504277,ORD-504277,NorthLine,2026-04-21,2026-04-22,2026-04-24,6,0,2,10.24
SHP-504278,ORD-504278,NorthLine,2026-04-18,2026-04-22,2026-04-24,6,0,2,12.87
SHP-504279,ORD-504279,NorthLine,2026-04-18,2026-04-22,2026-04-19,1,1,0,9.9
SHP-504280,ORD-504280,ShipRight,2026-04-19,2026-04-22,2026-04-22,4,1,0,12.33
SHP-504281,ORD-504281,MetroCourier,2026-04-20,2026-04-22,2026-04-22,4,1,0,13.41
SHP-504282,ORD-504282,ParcelFast,2026-04-20,2026-04-22,2026-04-22,4,1,0,12.01
SHP-504283,ORD-504283,ShipRight,2026-04-21,2026-04-22,2026-04-23,5,0,1,12.86
SHP-504284,ORD-504284,ParcelFast,2026-04-18,2026-04-22,2026-04-19,1,1,0,10.74
SHP-504285,ORD-504285,MetroCourier,2026-04-19,2026-04-22,2026-04-20,2,1,0,9.53
SHP-504286,ORD-504286,ShipRight,2026-04-19,2026-04-22,2026-04-21,3,1,0,12.49
SHP-504287,ORD-504287,MetroCourier,2026-04-20,2026-04-22,2026-04-26,8,0,4,13.88
SHP-504288,ORD-504288,ParcelFast,2026-04-19,2026-04-22,2026-04-24,6,0,2,13.24
SHP-504289,ORD-504289,NorthLine,2026-04-19,2026-04-22,2026-04-22,4,1,0,11.26
SHP-504290,ORD-504290,ShipRight,2026-04-18,2026-04-22,2026-04-19,1,1,0,12.11
SHP-504291,ORD-504291,ShipRight,2026-04-18,2026-04-22,2026-04-19,1,1,0,11.32
SHP-504292,ORD-504292,NorthLine,2026-04-19,2026-04-22,2026-04-21,3,1,0,9.24
SHP-504293,ORD-504293,ParcelFast,2026-04-18,2026-04-22,2026-04-21,3,1,0,9.79
SHP-504294,ORD-504294,ParcelFast,2026-04-19,2026-04-22,2026-04-26,8,0,4,9.01
SHP-504295,ORD-504295,ParcelFast,2026-04-20,2026-04-22,2026-04-21,3,1,0,9.08
SHP-504296,ORD-504296,MetroCourier,2026-04-19,2026-04-22,2026-04-23,5,0,1,13.33
SHP-504297,ORD-504297,MetroCourier,2026-04-18,2026-04-22,2026-04-20,2,1,0,13.36
SHP-504298,ORD-504298,ShipRight,2026-04-19,2026-04-22,2026-04-22,4,1,0,12.26
SHP-504299,ORD-504299,MetroCourier,2026-04-19,2026-04-22,2026-04-22,4,1,0,12.16
SHP-504300,ORD-504300,NorthLine,2026-04-19,2026-04-22,2026-04-22,4,1,0,12.11
SHP-504301,ORD-504301,ShipRight,2026-04-19,2026-04-22,2026-04-24,6,0,2,9.12
SHP-504302,ORD-504302,MetroCourier,2026-04-21,2026-04-22,2026-04-24,6,0,2,13.74
SHP-504303,ORD-504303,NorthLine,2026-04-21,2026-04-22,2026-04-22,4,1,0,8.85
SHP-504304,ORD-504304,MetroCourier,2026-04-19,2026-04-22,2026-04-21,3,1,0,11.85
SHP-504305,ORD-504305,MetroCourier,2026-04-19,2026-04-22,2026-04-23,5,0,1,12.64
SHP-504306,ORD-504306,ShipRight,2026-04-19,2026-04-22,2026-04-22,4,1,0,11.62
SHP-504307,ORD-504307,ShipRight,2026-04-19,2026-04-22,2026-04-23,5,0,1,10.52
SHP-504308,ORD-504308,NorthLine,2026-04-20,2026-04-23,2026-04-23,4,1,0,11.79
SHP-504309,ORD-504309,MetroCourier,2026-04-20,2026-04-23,2026-04-25,6,0,2,12.33
SHP-504310,ORD-504310,ShipRight,2026-04-20,2026-04-23,2026-04-22,3,1,0,10.97
SHP-504311,ORD-504311,MetroCourier,2026-04-20,2026-04-23,2026-04-22,3,1,0,11.07
SHP-504312,ORD-504312,NorthLine,2026-04-21,2026-04-23,2026-04-26,7,0,3,13.18
SHP-504313,ORD-504313,MetroCourier,2026-04-20,2026-04-23,2026-04-23,4,1,0,15.08
SHP-504314,ORD-504314,MetroCourier,2026-04-20,2026-04-23,2026-04-24,5,0,1,11.98
SHP-504315,ORD-504315,ParcelFast,2026-04-20,2026-04-23,2026-04-22,3,1,0,12.18
SHP-504316,ORD-504316,MetroCourier,2026-04-20,2026-04-23,2026-04-26,7,0,3,14.91
SHP-504317,ORD-504317,MetroCourier,2026-04-20,2026-04-23,2026-04-24,5,0,1,8.84
SHP-504318,ORD-504318,NorthLine,2026-04-21,2026-04-23,2026-04-25,6,0,2,12.4
SHP-504319,ORD-504319,MetroCourier,2026-04-20,2026-04-23,2026-04-25,6,0,2,15.98
SHP-504320,ORD-504320,ParcelFast,2026-04-20,2026-04-23,2026-04-25,6,0,2,10.54
SHP-504321,ORD-504321,MetroCourier,2026-04-20,2026-04-23,2026-04-24,5,0,1,11.86
SHP-504322,ORD-504322,ShipRight,2026-04-19,2026-04-23,2026-04-23,4,1,0,9.6
SHP-504323,ORD-504323,ShipRight,2026-04-20,2026-04-23,2026-04-22,3,1,0,10.71
SHP-504324,ORD-504324,ParcelFast,2026-04-20,2026-04-23,2026-04-21,2,1,0,11.57
SHP-504325,ORD-504325,ParcelFast,2026-04-21,2026-04-23,2026-04-23,4,1,0,11.03
SHP-504326,ORD-504326,ShipRight,2026-04-20,2026-04-23,2026-04-25,6,0,2,10.11
SHP-504327,ORD-504327,NorthLine,2026-04-21,2026-04-23,2026-04-24,5,0,1,11.47
SHP-504328,ORD-504328,ShipRight,2026-04-21,2026-04-23,2026-04-24,5,0,1,11.12
SHP-504329,ORD-504329,ParcelFast,2026-04-20,2026-04-23,2026-04-22,3,1,0,12.05
SHP-504330,ORD-504330,MetroCourier,2026-04-21,2026-04-23,2026-04-26,7,0,3,13.1
SHP-504331,ORD-504331,ParcelFast,2026-04-20,2026-04-23,2026-04-22,3,1,0,10.88
SHP-504332,ORD-504332,ShipRight,2026-04-19,2026-04-23,2026-04-22,3,1,0,10.55
SHP-504333,ORD-504333,ShipRight,2026-04-21,2026-04-23,2026-04-25,6,0,2,14.8
SHP-504334,ORD-504334,ShipRight,2026-04-20,2026-04-23,2026-04-22,3,1,0,14.63
SHP-504335,ORD-504335,NorthLine,2026-04-21,2026-04-23,2026-04-26,7,0,3,11.12
SHP-504336,ORD-504336,NorthLine,2026-04-20,2026-04-23,2026-04-23,4,1,0,11.54
SHP-504337,ORD-504337,ParcelFast,2026-04-20,2026-04-23,2026-04-25,6,0,2,8.88
SHP-504338,ORD-504338,MetroCourier,2026-04-20,2026-04-23,2026-04-26,7,0,3,9.01
SHP-504339,ORD-504339,ParcelFast,2026-04-20,2026-04-23,2026-04-23,4,1,0,9.93
SHP-504340,ORD-504340,ParcelFast,2026-04-21,2026-04-23,2026-04-24,5,0,1,13.41
SHP-504341,ORD-504341,ParcelFast,2026-04-21,2026-04-24,2026-04-25,5,0,1,11.13
SHP-504342,ORD-504342,MetroCourier,2026-04-21,2026-04-24,2026-04-23,3,1,0,9.55
SHP-504343,ORD-504343,MetroCourier,2026-04-21,2026-04-24,2026-04-26,6,0,2,9.19
SHP-504344,ORD-504344,ParcelFast,2026-04-22,2026-04-24,2026-04-24,4,1,0,10.9
SHP-504345,ORD-504345,NorthLine,2026-04-22,2026-04-24,2026-04-26,6,0,2,14.01
SHP-504346,ORD-504346,MetroCourier,2026-04-22,2026-04-24,2026-04-23,3,1,0,11.18
SHP-504347,ORD-504347,ShipRight,2026-04-23,2026-04-24,2026-04-26,6,0,2,12.56
SHP-504348,ORD-504348,NorthLine,2026-04-20,2026-04-24,2026-04-23,3,1,0,12.18
SHP-504349,ORD-504349,NorthLine,2026-04-21,2026-04-24,2026-04-25,5,0,1,12.65
SHP-504350,ORD-504350,NorthLine,2026-04-21,2026-04-24,2026-04-23,3,1,0,12.68
SHP-504351,ORD-504351,MetroCourier,2026-04-20,2026-04-24,2026-04-26,6,0,2,10.87
SHP-504352,ORD-504352,ShipRight,2026-04-21,2026-04-24,2026-04-27,7,0,3,11.29
SHP-504353,ORD-504353,NorthLine,2026-04-20,2026-04-24,2026-04-24,4,1,0,10.35
SHP-504354,ORD-504354,ParcelFast,2026-04-21,2026-04-24,2026-04-25,5,0,1,12.45
SHP-504355,ORD-504355,MetroCourier,2026-04-21,2026-04-24,2026-04-25,5,0,1,15.36
SHP-504356,ORD-504356,NorthLine,2026-04-23,2026-04-24,2026-04-25,5,0,1,10.88
SHP-504357,ORD-504357,MetroCourier,2026-04-21,2026-04-24,2026-04-23,3,1,0,9.66
SHP-504358,ORD-504358,ShipRight,2026-04-22,2026-04-24,2026-04-27,7,0,3,9.9
SHP-504359,ORD-504359,NorthLine,2026-04-23,2026-04-24,2026-04-27,7,0,3,12.85
SHP-504360,ORD-504360,NorthLine,2026-04-20,2026-04-24,2026-04-21,1,1,0,11.42
SHP-504361,ORD-504361,MetroCourier,2026-04-22,2026-04-24,2026-04-24,4,1,0,9.93
SHP-504362,ORD-504362,MetroCourier,2026-04-21,2026-04-24,2026-04-26,6,0,2,11.3
SHP-504363,ORD-504363,ParcelFast,2026-04-20,2026-04-24,2026-04-23,3,1,0,13.54
SHP-504364,ORD-504364,MetroCourier,2026-04-23,2026-04-24,2026-04-26,6,0,2,13.55
SHP-504365,ORD-504365,ShipRight,2026-04-21,2026-04-24,2026-04-26,6,0,2,12.56
SHP-504366,ORD-504366,MetroCourier,2026-04-20,2026-04-24,2026-04-24,4,1,0,11.4
SHP-504367,ORD-504367,ParcelFast,2026-04-21,2026-04-24,2026-04-28,8,0,4,9.49
SHP-504368,ORD-504368,MetroCourier,2026-04-21,2026-04-24,2026-04-24,4,1,0,10.54
SHP-504369,ORD-504369,ParcelFast,2026-04-21,2026-04-24,2026-04-23,3,1,0,10.03
SHP-504370,ORD-504370,MetroCourier,2026-04-23,2026-04-24,2026-04-29,9,0,5,12.39
SHP-504371,ORD-504371,NorthLine,2026-04-20,2026-04-24,2026-04-24,4,1,0,12.47
SHP-504372,ORD-504372,NorthLine,2026-04-21,2026-04-24,2026-04-26,6,0,2,9.59
SHP-504373,ORD-504373,NorthLine,2026-04-21,2026-04-24,2026-04-24,4,1,0,10.0
SHP-504374,ORD-504374,ShipRight,2026-04-22,2026-04-24,2026-04-26,6,0,2,11.54
SHP-504375,ORD-504375,NorthLine,2026-04-20,2026-04-24,2026-04-21,1,1,0,12.07
SHP-504376,ORD-504376,ParcelFast,2026-04-21,2026-04-24,2026-04-26,6,0,2,13.45
SHP-504377,ORD-504377,ShipRight,2026-04-20,2026-04-24,2026-04-26,6,0,2,11.7
SHP-504378,ORD-504378,ShipRight,2026-04-22,2026-04-24,2026-04-25,5,0,1,10.66
SHP-504379,ORD-504379,MetroCourier,2026-04-20,2026-04-24,2026-04-22,2,1,0,11.17
SHP-504380,ORD-504380,NorthLine,2026-04-21,2026-04-24,2026-04-22,2,1,0,10.73
SHP-504381,ORD-504381,ParcelFast,2026-04-21,2026-04-24,2026-04-24,4,1,0,9.63
SHP-504382,ORD-504382,NorthLine,2026-04-23,2026-04-25,2026-04-24,3,1,0,11.33
SHP-504383,ORD-504383,MetroCourier,2026-04-23,2026-04-25,2026-04-27,6,0,2,12.17
SHP-504384,ORD-504384,NorthLine,2026-04-23,2026-04-25,2026-04-29,8,0,4,12.13
SHP-504385,ORD-504385,ShipRight,2026-04-21,2026-04-25,2026-04-22,1,1,0,12.57
SHP-504386,ORD-504386,NorthLine,2026-04-21,2026-04-25,2026-04-26,5,0,1,11.25
SHP-504387,ORD-504387,ParcelFast,2026-04-21,2026-04-25,2026-04-22,1,1,0,11.22
SHP-504388,ORD-504388,ShipRight,2026-04-23,2026-04-25,2026-04-24,3,1,0,13.49
SHP-504389,ORD-504389,ShipRight,2026-04-22,2026-04-25,2026-04-25,4,1,0,11.92
SHP-504390,ORD-504390,NorthLine,2026-04-23,2026-04-25,2026-04-27,6,0,2,14.21
SHP-504391,ORD-504391,ShipRight,2026-04-21,2026-04-25,2026-04-25,4,1,0,9.67
SHP-504392,ORD-504392,NorthLine,2026-04-23,2026-04-25,2026-04-24,3,1,0,9.75
SHP-504393,ORD-504393,MetroCourier,2026-04-22,2026-04-25,2026-04-23,2,1,0,12.61
SHP-504394,ORD-504394,ShipRight,2026-04-22,2026-04-25,2026-04-23,2,1,0,12.23
SHP-504395,ORD-504395,ParcelFast,2026-04-22,2026-04-25,2026-04-25,4,1,0,14.32
SHP-504396,ORD-504396,ShipRight,2026-04-21,2026-04-25,2026-04-22,1,1,0,10.21
SHP-504397,ORD-504397,MetroCourier,2026-04-24,2026-04-25,2026-04-28,7,0,3,9.35
SHP-504398,ORD-504398,MetroCourier,2026-04-22,2026-04-25,2026-04-26,5,0,1,9.17
SHP-504399,ORD-504399,ParcelFast,2026-04-22,2026-04-25,2026-04-26,5,0,1,14.32
SHP-504400,ORD-504400,MetroCourier,2026-04-22,2026-04-25,2026-04-26,5,0,1,9.89
SHP-504401,ORD-504401,NorthLine,2026-04-21,2026-04-25,2026-04-23,2,1,0,15.02
SHP-504402,ORD-504402,MetroCourier,2026-04-22,2026-04-25,2026-04-23,2,1,0,9.19
SHP-504403,ORD-504403,MetroCourier,2026-04-22,2026-04-25,2026-04-27,6,0,2,11.97
SHP-504404,ORD-504404,ParcelFast,2026-04-23,2026-04-25,2026-04-24,3,1,0,10.28
SHP-504405,ORD-504405,MetroCourier,2026-04-21,2026-04-25,2026-04-26,5,0,1,9.46
SHP-504406,ORD-504406,ParcelFast,2026-04-24,2026-04-25,2026-04-28,7,0,3,12.89
SHP-504407,ORD-504407,ShipRight,2026-04-21,2026-04-25,2026-04-23,2,1,0,12.63
SHP-504408,ORD-504408,ShipRight,2026-04-22,2026-04-25,2026-04-25,4,1,0,11.52
SHP-504409,ORD-504409,ShipRight,2026-04-22,2026-04-25,2026-04-27,6,0,2,11.96
SHP-504410,ORD-504410,MetroCourier,2026-04-23,2026-04-25,2026-04-24,3,1,0,10.85
SHP-504411,ORD-504411,ParcelFast,2026-04-23,2026-04-25,2026-04-29,8,0,4,12.91
SHP-504412,ORD-504412,NorthLine,2026-04-21,2026-04-25,2026-04-24,3,1,0,12.53
SHP-504413,ORD-504413,NorthLine,2026-04-22,2026-04-25,2026-04-24,3,1,0,12.73
SHP-504414,ORD-504414,ShipRight,2026-04-22,2026-04-25,2026-04-24,3,1,0,11.18
SHP-504415,ORD-504415,MetroCourier,2026-04-21,2026-04-25,2026-04-26,5,0,1,12.56
SHP-504416,ORD-504416,NorthLine,2026-04-23,2026-04-25,2026-04-26,5,0,1,10.69
SHP-504417,ORD-504417,ParcelFast,2026-04-21,2026-04-25,2026-04-27,6,0,2,10.29
SHP-504418,ORD-504418,ParcelFast,2026-04-21,2026-04-25,2026-04-23,2,1,0,10.96
SHP-504419,ORD-504419,ParcelFast,2026-04-23,2026-04-25,2026-04-29,8,0,4,11.18
SHP-504420,ORD-504420,MetroCourier,2026-04-23,2026-04-25,2026-04-25,4,1,0,13.42
SHP-504421,ORD-504421,NorthLine,2026-04-21,2026-04-25,2026-04-24,3,1,0,10.86
SHP-504422,ORD-504422,ShipRight,2026-04-22,2026-04-25,2026-04-24,3,1,0,9.42
SHP-504423,ORD-504423,ShipRight,2026-04-21,2026-04-25,2026-04-29,8,0,4,10.15
SHP-504424,ORD-504424,ShipRight,2026-04-21,2026-04-25,2026-04-24,3,1,0,13.03
SHP-504425,ORD-504425,MetroCourier,2026-04-22,2026-04-25,2026-04-25,4,1,0,15.04
SHP-504426,ORD-504426,MetroCourier,2026-04-22,2026-04-25,2026-04-23,2,1,0,11.43
SHP-504427,ORD-504427,NorthLine,2026-04-23,2026-04-26,2026-04-25,3,1,0,12.16
SHP-504428,ORD-504428,ShipRight,2026-04-23,2026-04-26,2026-04-28,6,0,2,11.07
SHP-504429,ORD-504429,ParcelFast,2026-04-23,2026-04-26,2026-04-26,4,1,0,8.95
SHP-504430,ORD-504430,ShipRight,2026-04-22,2026-04-26,2026-04-24,2,1,0,8.78
SHP-504431,ORD-504431,NorthLine,2026-04-22,2026-04-26,2026-04-26,4,1,0,11.99
SHP-504432,ORD-504432,NorthLine,2026-04-22,2026-04-26,2026-04-28,6,0,2,12.48
SHP-504433,ORD-504433,ShipRight,2026-04-24,2026-04-26,2026-04-27,5,0,1,11.75
SHP-504434,ORD-504434,MetroCourier,2026-04-23,2026-04-26,2026-04-27,5,0,1,11.5
SHP-504435,ORD-504435,ShipRight,2026-04-24,2026-04-26,2026-04-26,4,1,0,10.73
SHP-504436,ORD-504436,MetroCourier,2026-04-23,2026-04-26,2026-04-25,3,1,0,11.74
SHP-504437,ORD-504437,ParcelFast,2026-04-23,2026-04-26,2026-04-26,4,1,0,13.63
SHP-504438,ORD-504438,ShipRight,2026-04-24,2026-04-26,2026-04-26,4,1,0,10.53
SHP-504439,ORD-504439,ShipRight,2026-04-22,2026-04-26,2026-04-24,2,1,0,12.34
SHP-504440,ORD-504440,MetroCourier,2026-04-22,2026-04-26,2026-04-23,1,1,0,13.14
SHP-504441,ORD-504441,ShipRight,2026-04-23,2026-04-26,2026-04-28,6,0,2,12.73
SHP-504442,ORD-504442,NorthLine,2026-04-23,2026-04-26,2026-04-26,4,1,0,10.55
SHP-504443,ORD-504443,NorthLine,2026-04-23,2026-04-26,2026-04-26,4,1,0,10.03
SHP-504444,ORD-504444,NorthLine,2026-04-23,2026-04-26,2026-04-25,3,1,0,11.27
SHP-504445,ORD-504445,NorthLine,2026-04-23,2026-04-26,2026-04-24,2,1,0,11.38
SHP-504446,ORD-504446,ShipRight,2026-04-23,2026-04-26,2026-04-28,6,0,2,11.43
SHP-504447,ORD-504447,ParcelFast,2026-04-24,2026-04-26,2026-04-26,4,1,0,10.96
SHP-504448,ORD-504448,ShipRight,2026-04-24,2026-04-26,2026-04-25,3,1,0,14.1
SHP-504449,ORD-504449,ShipRight,2026-04-23,2026-04-26,2026-04-26,4,1,0,10.24
SHP-504450,ORD-504450,NorthLine,2026-04-23,2026-04-26,2026-04-26,4,1,0,10.66
SHP-504451,ORD-504451,MetroCourier,2026-04-24,2026-04-26,2026-04-26,4,1,0,11.52
SHP-504452,ORD-504452,ShipRight,2026-04-24,2026-04-26,2026-04-25,3,1,0,12.45
SHP-504453,ORD-504453,MetroCourier,2026-04-23,2026-04-26,2026-04-27,5,0,1,12.48
SHP-504454,ORD-504454,MetroCourier,2026-04-22,2026-04-26,2026-04-24,2,1,0,13.04
SHP-504455,ORD-504455,NorthLine,2026-04-24,2026-04-26,2026-04-29,7,0,3,12.31
SHP-504456,ORD-504456,NorthLine,2026-04-23,2026-04-26,2026-04-24,2,1,0,9.04
SHP-504457,ORD-504457,MetroCourier,2026-04-23,2026-04-26,2026-04-26,4,1,0,13.37
SHP-504458,ORD-504458,MetroCourier,2026-04-23,2026-04-26,2026-04-26,4,1,0,9.08
SHP-504459,ORD-504459,NorthLine,2026-04-22,2026-04-26,2026-04-23,1,1,0,9.48
SHP-504460,ORD-504460,MetroCourier,2026-04-24,2026-04-26,2026-04-26,4,1,0,10.4
SHP-504461,ORD-504461,MetroCourier,2026-04-22,2026-04-26,2026-04-23,1,1,0,10.01
SHP-504462,ORD-504462,ShipRight,2026-04-25,2026-04-26,2026-04-29,7,0,3,11.83
SHP-504463,ORD-504463,NorthLine,2026-04-22,2026-04-26,2026-04-25,3,1,0,11.74
SHP-504464,ORD-504464,ParcelFast,2026-04-22,2026-04-26,2026-04-24,2,1,0,12.11
SHP-504465,ORD-504465,MetroCourier,2026-04-24,2026-04-26,2026-04-26,4,1,0,10.33
SHP-504466,ORD-504466,ShipRight,2026-04-23,2026-04-26,2026-04-24,2,1,0,10.43
SHP-504467,ORD-504467,MetroCourier,2026-04-24,2026-04-26,2026-04-27,5,0,1,8.99
SHP-504468,ORD-504468,NorthLine,2026-04-22,2026-04-26,2026-04-26,4,1,0,9.54
SHP-504469,ORD-504469,ShipRight,2026-04-22,2026-04-26,2026-04-25,3,1,0,15.86
SHP-504470,ORD-504470,ParcelFast,2026-04-24,2026-04-26,2026-04-26,4,1,0,9.03
SHP-504471,ORD-504471,NorthLine,2026-04-22,2026-04-26,2026-04-25,3,1,0,11.36
SHP-504472,ORD-504472,ParcelFast,2026-04-24,2026-04-26,2026-04-28,6,0,2,12.84
SHP-504473,ORD-504473,MetroCourier,2026-04-23,2026-04-26,2026-04-27,5,0,1,10.02
SHP-504474,ORD-504474,MetroCourier,2026-04-23,2026-04-26,2026-04-25,3,1,0,11.21
SHP-504475,ORD-504475,NorthLine,2026-04-24,2026-04-26,2026-04-28,6,0,2,11.35
SHP-504476,ORD-504476,ShipRight,2026-04-23,2026-04-26,2026-04-26,4,1,0,12.1
SHP-504477,ORD-504477,ParcelFast,2026-04-24,2026-04-26,2026-04-28,6,0,2,12.57
SHP-504478,ORD-504478,ParcelFast,2026-04-25,2026-04-26,2026-04-27,5,0,1,11.1
SHP-504479,ORD-504479,ParcelFast,2026-04-23,2026-04-27,2026-04-27,4,1,0,10.54
SHP-504480,ORD-504480,ParcelFast,2026-04-24,2026-04-27,2026-04-25,2,1,0,10.34
SHP-504481,ORD-504481,MetroCourier,2026-04-26,2026-04-27,2026-05-01,8,0,4,14.06
SHP-504482,ORD-504482,ShipRight,2026-04-23,2026-04-27,2026-04-27,4,1,0,9.51
SHP-504483,ORD-504483,ShipRight,2026-04-23,2026-04-27,2026-04-26,3,1,0,11.88
SHP-504484,ORD-504484,ParcelFast,2026-04-25,2026-04-27,2026-05-03,10,0,6,13.57
SHP-504485,ORD-504485,NorthLine,2026-04-24,2026-04-27,2026-04-26,3,1,0,11.79
SHP-504486,ORD-504486,MetroCourier,2026-04-24,2026-04-27,2026-04-28,5,0,1,10.75
SHP-504487,ORD-504487,ShipRight,2026-04-25,2026-04-27,2026-05-01,8,0,4,11.67
SHP-504488,ORD-504488,MetroCourier,2026-04-25,2026-04-27,2026-04-27,4,1,0,10.17
SHP-504489,ORD-504489,MetroCourier,2026-04-25,2026-04-27,2026-04-26,3,1,0,9.17
SHP-504490,ORD-504490,ShipRight,2026-04-24,2026-04-27,2026-04-28,5,0,1,10.93
SHP-504491,ORD-504491,NorthLine,2026-04-24,2026-04-27,2026-04-27,4,1,0,14.57
SHP-504492,ORD-504492,MetroCourier,2026-04-24,2026-04-27,2026-04-27,4,1,0,13.59
SHP-504493,ORD-504493,NorthLine,2026-04-24,2026-04-27,2026-04-26,3,1,0,12.35
SHP-504494,ORD-504494,ParcelFast,2026-04-25,2026-04-27,2026-04-27,4,1,0,12.68
SHP-504495,ORD-504495,ShipRight,2026-04-24,2026-04-27,2026-04-28,5,0,1,9.34
SHP-504496,ORD-504496,ShipRight,2026-04-23,2026-04-27,2026-04-28,5,0,1,13.09
SHP-504497,ORD-504497,NorthLine,2026-04-26,2026-04-27,2026-04-28,5,0,1,13.19
SHP-504498,ORD-504498,ParcelFast,2026-04-26,2026-04-27,2026-05-02,9,0,5,11.6
SHP-504499,ORD-504499,ParcelFast,2026-04-24,2026-04-27,2026-04-30,7,0,3,15.2
SHP-504500,ORD-504500,ParcelFast,2026-04-25,2026-04-27,2026-04-27,4,1,0,9.42
SHP-504501,ORD-504501,ParcelFast,2026-04-23,2026-04-27,2026-04-26,3,1,0,12.11
SHP-504502,ORD-504502,NorthLine,2026-04-23,2026-04-27,2026-04-26,3,1,0,11.35
SHP-504503,ORD-504503,MetroCourier,2026-04-23,2026-04-27,2026-04-28,5,0,1,10.16
SHP-504504,ORD-504504,ShipRight,2026-04-23,2026-04-27,2026-04-25,2,1,0,8.98
SHP-504505,ORD-504505,ParcelFast,2026-04-26,2026-04-27,2026-04-29,6,0,2,11.14
SHP-504506,ORD-504506,ShipRight,2026-04-25,2026-04-27,2026-04-26,3,1,0,11.08
SHP-504507,ORD-504507,NorthLine,2026-04-25,2026-04-27,2026-04-29,6,0,2,10.2
SHP-504508,ORD-504508,MetroCourier,2026-04-24,2026-04-27,2026-04-25,2,1,0,11.8
SHP-504509,ORD-504509,NorthLine,2026-04-24,2026-04-27,2026-04-29,6,0,2,12.79
SHP-504510,ORD-504510,MetroCourier,2026-04-25,2026-04-27,2026-04-29,6,0,2,9.91
SHP-504511,ORD-504511,NorthLine,2026-04-24,2026-04-27,2026-04-26,3,1,0,10.78
SHP-504512,ORD-504512,ParcelFast,2026-04-23,2026-04-27,2026-04-24,1,1,0,11.41
SHP-504513,ORD-504513,NorthLine,2026-04-25,2026-04-27,2026-04-27,4,1,0,9.57
SHP-504514,ORD-504514,ShipRight,2026-04-23,2026-04-27,2026-04-25,2,1,0,12.17
SHP-504515,ORD-504515,ParcelFast,2026-04-25,2026-04-27,2026-04-26,3,1,0,12.16
SHP-504516,ORD-504516,MetroCourier,2026-04-24,2026-04-27,2026-04-28,5,0,1,12.66
SHP-504517,ORD-504517,NorthLine,2026-04-26,2026-04-27,2026-04-29,6,0,2,12.54
SHP-504518,ORD-504518,NorthLine,2026-04-24,2026-04-27,2026-04-25,2,1,0,12.26
SHP-504519,ORD-504519,NorthLine,2026-04-23,2026-04-27,2026-04-29,6,0,2,15.49
SHP-504520,ORD-504520,ShipRight,2026-04-23,2026-04-27,2026-04-27,4,1,0,14.62
SHP-504521,ORD-504521,ShipRight,2026-04-24,2026-04-27,2026-04-27,4,1,0,9.48
SHP-504522,ORD-504522,NorthLine,2026-04-23,2026-04-27,2026-04-25,2,1,0,9.2
SHP-504523,ORD-504523,NorthLine,2026-04-25,2026-04-27,2026-04-27,4,1,0,16.03
SHP-504524,ORD-504524,MetroCourier,2026-04-26,2026-04-28,2026-04-28,4,1,0,11.04
SHP-504525,ORD-504525,ParcelFast,2026-04-25,2026-04-28,2026-05-01,7,0,3,14.68
SHP-504526,ORD-504526,ParcelFast,2026-04-27,2026-04-28,2026-04-29,5,0,1,10.57
SHP-504527,ORD-504527,MetroCourier,2026-04-25,2026-04-28,2026-04-27,3,1,0,12.87
SHP-504528,ORD-504528,ShipRight,2026-04-27,2026-04-28,2026-04-29,5,0,1,13.15
SHP-504529,ORD-504529,MetroCourier,2026-04-26,2026-04-28,2026-04-27,3,1,0,10.76
SHP-504530,ORD-504530,MetroCourier,2026-04-25,2026-04-28,2026-04-30,6,0,2,14.15
SHP-504531,ORD-504531,MetroCourier,2026-04-25,2026-04-28,2026-04-30,6,0,2,8.73
SHP-504532,ORD-504532,ShipRight,2026-04-25,2026-04-28,2026-05-01,7,0,3,11.62
SHP-504533,ORD-504533,ParcelFast,2026-04-24,2026-04-28,2026-04-26,2,1,0,11.95
SHP-504534,ORD-504534,NorthLine,2026-04-26,2026-04-28,2026-05-01,7,0,3,8.75
SHP-504535,ORD-504535,MetroCourier,2026-04-25,2026-04-28,2026-04-27,3,1,0,12.69
SHP-504536,ORD-504536,ParcelFast,2026-04-27,2026-04-28,2026-05-02,8,0,4,11.02
SHP-504537,ORD-504537,MetroCourier,2026-04-24,2026-04-28,2026-04-27,3,1,0,13.51
SHP-504538,ORD-504538,ShipRight,2026-04-24,2026-04-28,2026-04-28,4,1,0,9.84
SHP-504539,ORD-504539,ParcelFast,2026-04-27,2026-04-28,2026-04-30,6,0,2,9.33
SHP-504540,ORD-504540,NorthLine,2026-04-24,2026-04-28,2026-04-29,5,0,1,12.29
SHP-504541,ORD-504541,MetroCourier,2026-04-27,2026-04-28,2026-05-01,7,0,3,12.7
SHP-504542,ORD-504542,MetroCourier,2026-04-25,2026-04-28,2026-04-29,5,0,1,11.72
SHP-504543,ORD-504543,ParcelFast,2026-04-27,2026-04-28,2026-05-05,11,0,7,10.18
SHP-504544,ORD-504544,ShipRight,2026-04-26,2026-04-28,2026-04-28,4,1,0,10.91
SHP-504545,ORD-504545,ShipRight,2026-04-24,2026-04-28,2026-04-28,4,1,0,12.4
SHP-504546,ORD-504546,ShipRight,2026-04-25,2026-04-28,2026-04-26,2,1,0,15.0
SHP-504547,ORD-504547,NorthLine,2026-04-24,2026-04-28,2026-04-30,6,0,2,9.53
SHP-504548,ORD-504548,ParcelFast,2026-04-25,2026-04-28,2026-04-28,4,1,0,12.65
SHP-504549,ORD-504549,MetroCourier,2026-04-25,2026-04-28,2026-04-29,5,0,1,13.01
SHP-504550,ORD-504550,MetroCourier,2026-04-25,2026-04-28,2026-05-01,7,0,3,14.94
SHP-504551,ORD-504551,MetroCourier,2026-04-24,2026-04-28,2026-04-27,3,1,0,10.94
SHP-504552,ORD-504552,MetroCourier,2026-04-26,2026-04-28,2026-04-28,4,1,0,13.09
SHP-504553,ORD-504553,ShipRight,2026-04-27,2026-04-28,2026-04-28,4,1,0,10.91
SHP-504554,ORD-504554,ParcelFast,2026-04-26,2026-04-28,2026-05-01,7,0,3,12.96
SHP-504555,ORD-504555,ShipRight,2026-04-25,2026-04-28,2026-04-29,5,0,1,10.16
SHP-504556,ORD-504556,MetroCourier,2026-04-27,2026-04-28,2026-04-29,5,0,1,9.73
SHP-504557,ORD-504557,NorthLine,2026-04-27,2026-04-28,2026-04-30,6,0,2,14.08
SHP-504558,ORD-504558,NorthLine,2026-04-25,2026-04-28,2026-04-28,4,1,0,12.78
SHP-504559,ORD-504559,NorthLine,2026-04-27,2026-04-28,2026-05-01,7,0,3,9.64
SHP-504560,ORD-504560,ShipRight,2026-04-27,2026-04-29,2026-05-03,8,0,4,11.57
SHP-504561,ORD-504561,NorthLine,2026-04-26,2026-04-29,2026-04-29,4,1,0,11.21
SHP-504562,ORD-504562,ParcelFast,2026-04-26,2026-04-29,2026-04-27,2,1,0,12.19
SHP-504563,ORD-504563,NorthLine,2026-04-25,2026-04-29,2026-04-27,2,1,0,11.84
SHP-504564,ORD-504564,NorthLine,2026-04-26,2026-04-29,2026-05-01,6,0,2,8.75
SHP-504565,ORD-504565,ParcelFast,2026-04-28,2026-04-29,2026-05-01,6,0,2,11.88
SHP-504566,ORD-504566,NorthLine,2026-04-26,2026-04-29,2026-04-30,5,0,1,12.58
SHP-504567,ORD-504567,MetroCourier,2026-04-27,2026-04-29,2026-05-02,7,0,3,12.36
SHP-504568,ORD-504568,NorthLine,2026-04-26,2026-04-29,2026-04-28,3,1,0,11.98
SHP-504569,ORD-504569,ParcelFast,2026-04-26,2026-04-29,2026-04-30,5,0,1,10.24
SHP-504570,ORD-504570,ShipRight,2026-04-25,2026-04-29,2026-04-28,3,1,0,9.55
SHP-504571,ORD-504571,ShipRight,2026-04-26,2026-04-29,2026-05-01,6,0,2,16.08
SHP-504572,ORD-504572,ShipRight,2026-04-27,2026-04-29,2026-05-02,7,0,3,11.74
SHP-504573,ORD-504573,MetroCourier,2026-04-26,2026-04-29,2026-05-02,7,0,3,10.08
SHP-504574,ORD-504574,ShipRight,2026-04-25,2026-04-29,2026-04-28,3,1,0,9.82
SHP-504575,ORD-504575,ParcelFast,2026-04-26,2026-04-29,2026-04-30,5,0,1,10.98
SHP-504576,ORD-504576,NorthLine,2026-04-26,2026-04-29,2026-04-28,3,1,0,12.56
SHP-504577,ORD-504577,MetroCourier,2026-04-28,2026-04-29,2026-05-01,6,0,2,12.36
SHP-504578,ORD-504578,NorthLine,2026-04-27,2026-04-29,2026-04-30,5,0,1,11.06
SHP-504579,ORD-504579,ParcelFast,2026-04-26,2026-04-29,2026-04-30,5,0,1,11.1
SHP-504580,ORD-504580,ShipRight,2026-04-25,2026-04-29,2026-04-28,3,1,0,12.38
SHP-504581,ORD-504581,MetroCourier,2026-04-25,2026-04-29,2026-04-30,5,0,1,13.74
SHP-504582,ORD-504582,ParcelFast,2026-04-27,2026-04-29,2026-04-28,3,1,0,9.55
SHP-504583,ORD-504583,ShipRight,2026-04-25,2026-04-29,2026-04-27,2,1,0,10.75
SHP-504584,ORD-504584,NorthLine,2026-04-27,2026-04-29,2026-05-03,8,0,4,9.53
SHP-504585,ORD-504585,NorthLine,2026-04-27,2026-04-29,2026-04-30,5,0,1,10.28
SHP-504586,ORD-504586,ParcelFast,2026-04-26,2026-04-29,2026-04-27,2,1,0,11.64
SHP-504587,ORD-504587,MetroCourier,2026-04-26,2026-04-29,2026-05-01,6,0,2,13.46
SHP-504588,ORD-504588,ParcelFast,2026-04-27,2026-04-29,2026-04-29,4,1,0,12.23
SHP-504589,ORD-504589,NorthLine,2026-04-26,2026-04-29,2026-04-28,3,1,0,11.99
SHP-504590,ORD-504590,ShipRight,2026-04-26,2026-04-29,2026-04-30,5,0,1,11.61
SHP-504591,ORD-504591,NorthLine,2026-04-25,2026-04-29,2026-04-28,3,1,0,10.49
SHP-504592,ORD-504592,ParcelFast,2026-04-25,2026-04-29,2026-04-29,4,1,0,11.27
SHP-504593,ORD-504593,NorthLine,2026-04-27,2026-04-29,2026-04-30,5,0,1,15.88
SHP-504594,ORD-504594,NorthLine,2026-04-25,2026-04-29,2026-04-28,3,1,0,12.64
SHP-504595,ORD-504595,ShipRight,2026-04-26,2026-04-29,2026-04-29,4,1,0,12.54
SHP-504596,ORD-504596,NorthLine,2026-04-26,2026-04-29,2026-04-28,3,1,0,10.23
SHP-504597,ORD-504597,ParcelFast,2026-04-27,2026-04-29,2026-05-01,6,0,2,11.93
SHP-504598,ORD-504598,ShipRight,2026-04-26,2026-04-29,2026-04-28,3,1,0,11.79
SHP-504599,ORD-504599,NorthLine,2026-04-25,2026-04-29,2026-04-26,1,1,0,11.92
SHP-504600,ORD-504600,ParcelFast,2026-04-25,2026-04-29,2026-04-27,2,1,0,11.8
SHP-504601,ORD-504601,ShipRight,2026-04-25,2026-04-29,2026-04-29,4,1,0,15.86
SHP-504602,ORD-504602,MetroCourier,2026-04-27,2026-04-29,2026-04-28,3,1,0,8.73
SHP-504603,ORD-504603,MetroCourier,2026-04-26,2026-04-29,2026-05-01,6,0,2,10.62
SHP-504604,ORD-504604,ParcelFast,2026-04-27,2026-04-29,2026-04-29,4,1,0,12.35
SHP-504605,ORD-504605,ParcelFast,2026-04-26,2026-04-30,2026-04-28,2,1,0,13.7
SHP-504606,ORD-504606,NorthLine,2026-04-27,2026-04-30,2026-05-01,5,0,1,12.43
SHP-504607,ORD-504607,MetroCourier,2026-04-28,2026-04-30,2026-04-30,4,1,0,10.51
SHP-504608,ORD-504608,ShipRight,2026-04-28,2026-04-30,2026-05-01,5,0,1,10.17
SHP-504609,ORD-504609,NorthLine,2026-04-27,2026-04-30,2026-04-29,3,1,0,12.01
SHP-504610,ORD-504610,MetroCourier,2026-04-29,2026-04-30,2026-05-02,6,0,2,11.9
SHP-504611,ORD-504611,MetroCourier,2026-04-27,2026-04-30,2026-04-30,4,1,0,10.63
SHP-504612,ORD-504612,NorthLine,2026-04-28,2026-04-30,2026-05-02,6,0,2,11.98
SHP-504613,ORD-504613,ParcelFast,2026-04-26,2026-04-30,2026-04-29,3,1,0,13.65
SHP-504614,ORD-504614,ShipRight,2026-04-26,2026-04-30,2026-04-29,3,1,0,10.61
SHP-504615,ORD-504615,ShipRight,2026-04-26,2026-04-30,2026-05-01,5,0,1,11.83
SHP-504616,ORD-504616,ShipRight,2026-04-27,2026-04-30,2026-04-29,3,1,0,9.6
SHP-504617,ORD-504617,MetroCourier,2026-04-28,2026-04-30,2026-04-29,3,1,0,12.1
SHP-504618,ORD-504618,NorthLine,2026-04-27,2026-04-30,2026-04-28,2,1,0,12.61
SHP-504619,ORD-504619,MetroCourier,2026-04-28,2026-04-30,2026-04-30,4,1,0,10.25
SHP-504620,ORD-504620,ShipRight,2026-04-27,2026-04-30,2026-04-30,4,1,0,12.01
SHP-504621,ORD-504621,NorthLine,2026-04-29,2026-04-30,2026-05-01,5,0,1,11.51
SHP-504622,ORD-504622,ShipRight,2026-04-26,2026-04-30,2026-04-29,3,1,0,13.76
SHP-504623,ORD-504623,MetroCourier,2026-04-28,2026-04-30,2026-04-30,4,1,0,12.5
SHP-504624,ORD-504624,MetroCourier,2026-04-28,2026-04-30,2026-05-02,6,0,2,13.19
SHP-504625,ORD-504625,NorthLine,2026-04-27,2026-04-30,2026-04-29,3,1,0,10.59
SHP-504626,ORD-504626,MetroCourier,2026-04-28,2026-04-30,2026-05-02,6,0,2,10.44
SHP-504627,ORD-504627,ParcelFast,2026-04-27,2026-04-30,2026-04-30,4,1,0,11.81
SHP-504628,ORD-504628,ShipRight,2026-04-28,2026-04-30,2026-05-03,7,0,3,10.28
SHP-504629,ORD-504629,MetroCourier,2026-04-26,2026-04-30,2026-05-03,7,0,3,9.55
SHP-504630,ORD-504630,MetroCourier,2026-04-26,2026-04-30,2026-04-28,2,1,0,11.93
SHP-504631,ORD-504631,ShipRight,2026-04-28,2026-04-30,2026-05-02,6,0,2,9.86
SHP-504632,ORD-504632,MetroCourier,2026-04-27,2026-04-30,2026-04-29,3,1,0,9.57
SHP-504633,ORD-504633,ShipRight,2026-04-28,2026-04-30,2026-04-29,3,1,0,12.23
SHP-504634,ORD-504634,MetroCourier,2026-04-28,2026-04-30,2026-04-30,4,1,0,12.02
SHP-504635,ORD-504635,MetroCourier,2026-04-27,2026-04-30,2026-04-28,2,1,0,14.65
SHP-504636,ORD-504636,ShipRight,2026-04-27,2026-04-30,2026-05-01,5,0,1,13.62
SHP-504637,ORD-504637,ParcelFast,2026-04-27,2026-04-30,2026-04-29,3,1,0,12.75
SHP-504638,ORD-504638,ParcelFast,2026-04-27,2026-04-30,2026-04-28,2,1,0,12.02
SHP-504639,ORD-504639,ParcelFast,2026-04-27,2026-04-30,2026-04-29,3,1,0,11.93
SHP-504640,ORD-504640,NorthLine,2026-04-26,2026-04-30,2026-04-28,2,1,0,10.52
SHP-504641,ORD-504641,NorthLine,2026-04-28,2026-04-30,2026-05-03,7,0,3,12.53
SHP-504642,ORD-504642,ParcelFast,2026-04-26,2026-04-30,2026-04-29,3,1,0,10.09
SHP-504643,ORD-504643,ShipRight,2026-04-27,2026-04-30,2026-05-02,6,0,2,10.11
SHP-504644,ORD-504644,NorthLine,2026-04-27,2026-04-30,2026-05-02,6,0,2,10.56
SHP-504645,ORD-504645,ShipRight,2026-04-27,2026-04-30,2026-04-29,3,1,0,9.61
SHP-504646,ORD-504646,ParcelFast,2026-04-29,2026-04-30,2026-05-05,9,0,5,11.35
SHP-504647,ORD-504647,ShipRight,2026-04-30,2026-05-01,2026-05-02,5,0,1,13.26
SHP-504648,ORD-504648,NorthLine,2026-04-29,2026-05-01,2026-05-02,5,0,1,10.7
SHP-504649,ORD-504649,MetroCourier,2026-04-28,2026-05-01,2026-05-02,5,0,1,10.15
SHP-504650,ORD-504650,ParcelFast,2026-04-29,2026-05-01,2026-05-04,7,0,3,12.48
SHP-504651,ORD-504651,NorthLine,2026-04-28,2026-05-01,2026-04-30,3,1,0,13.07
SHP-504652,ORD-504652,MetroCourier,2026-04-30,2026-05-01,2026-05-04,7,0,3,13.89
SHP-504653,ORD-504653,MetroCourier,2026-04-28,2026-05-01,2026-04-30,3,1,0,8.75
SHP-504654,ORD-504654,NorthLine,2026-04-28,2026-05-01,2026-05-02,5,0,1,8.9
SHP-504655,ORD-504655,ShipRight,2026-04-28,2026-05-01,2026-04-29,2,1,0,10.85
SHP-504656,ORD-504656,ParcelFast,2026-04-27,2026-05-01,2026-05-05,8,0,4,10.8
SHP-504657,ORD-504657,ShipRight,2026-04-28,2026-05-01,2026-04-29,2,1,0,11.82
SHP-504658,ORD-504658,NorthLine,2026-04-30,2026-05-01,2026-05-02,5,0,1,12.25
SHP-504659,ORD-504659,ShipRight,2026-04-27,2026-05-01,2026-05-01,4,1,0,15.79
SHP-504660,ORD-504660,MetroCourier,2026-04-27,2026-05-01,2026-04-29,2,1,0,9.61
SHP-504661,ORD-504661,NorthLine,2026-04-29,2026-05-01,2026-05-04,7,0,3,13.27
SHP-504662,ORD-504662,NorthLine,2026-04-27,2026-05-01,2026-04-30,3,1,0,9.77
SHP-504663,ORD-504663,ShipRight,2026-04-29,2026-05-01,2026-05-03,6,0,2,10.46
SHP-504664,ORD-504664,ParcelFast,2026-04-30,2026-05-01,2026-05-05,8,0,4,12.15
SHP-504665,ORD-504665,ParcelFast,2026-04-28,2026-05-01,2026-05-03,6,0,2,11.95
SHP-504666,ORD-504666,MetroCourier,2026-04-27,2026-05-01,2026-05-02,5,0,1,10.13
SHP-504667,ORD-504667,MetroCourier,2026-04-30,2026-05-01,2026-05-02,5,0,1,11.88
SHP-504668,ORD-504668,NorthLine,2026-04-28,2026-05-01,2026-05-01,4,1,0,10.07
SHP-504669,ORD-504669,ShipRight,2026-04-28,2026-05-01,2026-04-30,3,1,0,12.83
SHP-504670,ORD-504670,ShipRight,2026-04-28,2026-05-01,2026-05-01,4,1,0,11.48
SHP-504671,ORD-504671,ParcelFast,2026-04-28,2026-05-01,2026-04-30,3,1,0,14.48
SHP-504672,ORD-504672,ShipRight,2026-04-28,2026-05-01,2026-05-01,4,1,0,10.32
SHP-504673,ORD-504673,ParcelFast,2026-04-29,2026-05-01,2026-05-04,7,0,3,9.27
SHP-504674,ORD-504674,ShipRight,2026-04-28,2026-05-01,2026-05-01,4,1,0,9.21
SHP-504675,ORD-504675,ShipRight,2026-04-28,2026-05-01,2026-04-30,3,1,0,10.91
SHP-504676,ORD-504676,ParcelFast,2026-04-28,2026-05-01,2026-04-29,2,1,0,8.76
SHP-504677,ORD-504677,ShipRight,2026-04-28,2026-05-01,2026-04-30,3,1,0,10.96
SHP-504678,ORD-504678,MetroCourier,2026-04-30,2026-05-01,2026-05-02,5,0,1,14.39
SHP-504679,ORD-504679,MetroCourier,2026-04-28,2026-05-01,2026-05-03,6,0,2,14.16
SHP-504680,ORD-504680,ParcelFast,2026-04-28,2026-05-01,2026-04-30,3,1,0,12.42
SHP-504681,ORD-504681,ShipRight,2026-04-27,2026-05-01,2026-04-28,1,1,0,10.5
SHP-504682,ORD-504682,ParcelFast,2026-04-28,2026-05-01,2026-05-02,5,0,1,12.05
SHP-504683,ORD-504683,ParcelFast,2026-04-28,2026-05-01,2026-04-30,3,1,0,11.71
SHP-504684,ORD-504684,ShipRight,2026-04-28,2026-05-01,2026-05-02,5,0,1,13.26
SHP-504685,ORD-504685,MetroCourier,2026-04-28,2026-05-01,2026-04-30,3,1,0,12.06
SHP-504686,ORD-504686,ParcelFast,2026-04-28,2026-05-01,2026-05-02,5,0,1,8.82
SHP-504687,ORD-504687,MetroCourier,2026-04-27,2026-05-01,2026-05-03,6,0,2,13.25
SHP-504688,ORD-504688,ShipRight,2026-04-28,2026-05-01,2026-05-01,4,1,0,10.35
SHP-504689,ORD-504689,NorthLine,2026-04-28,2026-05-01,2026-05-01,4,1,0,10.95
SHP-504690,ORD-504690,ShipRight,2026-04-28,2026-05-02,2026-04-29,1,1,0,11.48
SHP-504691,ORD-504691,NorthLine,2026-04-28,2026-05-02,2026-04-29,1,1,0,10.77
SHP-504692,ORD-504692,NorthLine,2026-04-29,2026-05-02,2026-05-02,4,1,0,10.5
SHP-504693,ORD-504693,ShipRight,2026-04-29,2026-05-02,2026-05-03,5,0,1,10.83
SHP-504694,ORD-504694,MetroCourier,2026-04-30,2026-05-02,2026-05-02,4,1,0,9.96
SHP-504695,ORD-504695,ParcelFast,2026-04-30,2026-05-02,2026-05-04,6,0,2,8.91
SHP-504696,ORD-504696,ShipRight,2026-04-28,2026-05-02,2026-05-03,5,0,1,10.29
SHP-504697,ORD-504697,ParcelFast,2026-04-29,2026-05-02,2026-05-03,5,0,1,9.08
SHP-504698,ORD-504698,ShipRight,2026-04-30,2026-05-02,2026-05-01,3,1,0,12.0
SHP-504699,ORD-504699,MetroCourier,2026-04-30,2026-05-02,2026-05-02,4,1,0,13.62
SHP-504700,ORD-504700,NorthLine,2026-04-29,2026-05-02,2026-04-30,2,1,0,12.05
SHP-504701,ORD-504701,NorthLine,2026-05-01,2026-05-02,2026-05-04,6,0,2,11.6
SHP-504702,ORD-504702,ShipRight,2026-04-30,2026-05-02,2026-05-02,4,1,0,12.32
SHP-504703,ORD-504703,ShipRight,2026-04-29,2026-05-02,2026-05-04,6,0,2,12.2
SHP-504704,ORD-504704,NorthLine,2026-04-28,2026-05-02,2026-05-03,5,0,1,14.55
SHP-504705,ORD-504705,ShipRight,2026-04-30,2026-05-02,2026-05-01,3,1,0,9.19
SHP-504706,ORD-504706,ParcelFast,2026-04-29,2026-05-02,2026-05-03,5,0,1,12.79
SHP-504707,ORD-504707,ParcelFast,2026-04-30,2026-05-02,2026-05-04,6,0,2,10.96
SHP-504708,ORD-504708,MetroCourier,2026-04-28,2026-05-02,2026-05-02,4,1,0,8.82
SHP-504709,ORD-504709,ShipRight,2026-04-28,2026-05-02,2026-04-30,2,1,0,9.64
SHP-504710,ORD-504710,ParcelFast,2026-04-29,2026-05-02,2026-05-04,6,0,2,11.91
SHP-504711,ORD-504711,ShipRight,2026-04-29,2026-05-02,2026-04-30,2,1,0,12.89
SHP-504712,ORD-504712,ShipRight,2026-04-29,2026-05-02,2026-05-01,3,1,0,9.7
SHP-504713,ORD-504713,NorthLine,2026-04-28,2026-05-02,2026-05-03,5,0,1,12.53
SHP-504714,ORD-504714,ShipRight,2026-05-01,2026-05-02,2026-05-05,7,0,3,12.58
SHP-504715,ORD-504715,MetroCourier,2026-04-29,2026-05-02,2026-05-01,3,1,0,9.8
SHP-504716,ORD-504716,ShipRight,2026-04-28,2026-05-02,2026-05-02,4,1,0,11.04
SHP-504717,ORD-504717,ParcelFast,2026-04-30,2026-05-02,2026-05-03,5,0,1,13.24
SHP-504718,ORD-504718,ShipRight,2026-04-30,2026-05-02,2026-05-03,5,0,1,8.94
SHP-504719,ORD-504719,ParcelFast,2026-04-30,2026-05-02,2026-05-01,3,1,0,12.42
SHP-504720,ORD-504720,ShipRight,2026-05-01,2026-05-02,2026-05-06,8,0,4,16.04
SHP-504721,ORD-504721,MetroCourier,2026-04-28,2026-05-02,2026-05-01,3,1,0,10.65
SHP-504722,ORD-504722,ShipRight,2026-04-29,2026-05-02,2026-05-03,5,0,1,9.13
SHP-504723,ORD-504723,ShipRight,2026-04-30,2026-05-02,2026-05-01,3,1,0,11.38
SHP-504724,ORD-504724,ParcelFast,2026-04-29,2026-05-02,2026-05-03,5,0,1,12.49
SHP-504725,ORD-504725,ShipRight,2026-04-28,2026-05-02,2026-04-30,2,1,0,10.43
SHP-504726,ORD-504726,ShipRight,2026-04-28,2026-05-02,2026-04-30,2,1,0,13.41
SHP-504727,ORD-504727,ShipRight,2026-04-28,2026-05-02,2026-04-30,2,1,0,11.87
SHP-504728,ORD-504728,MetroCourier,2026-04-29,2026-05-02,2026-05-04,6,0,2,11.13
SHP-504729,ORD-504729,ShipRight,2026-04-29,2026-05-02,2026-05-06,8,0,4,15.88
SHP-504730,ORD-504730,NorthLine,2026-04-28,2026-05-02,2026-05-01,3,1,0,9.28
SHP-504731,ORD-504731,ShipRight,2026-04-29,2026-05-02,2026-05-03,5,0,1,12.6
SHP-504732,ORD-504732,MetroCourier,2026-04-28,2026-05-02,2026-05-01,3,1,0,10.38
SHP-504733,ORD-504733,MetroCourier,2026-04-28,2026-05-02,2026-05-02,4,1,0,9.97
SHP-504734,ORD-504734,ParcelFast,2026-04-28,2026-05-02,2026-04-30,2,1,0,11.38
SHP-504735,ORD-504735,MetroCourier,2026-04-29,2026-05-03,2026-05-02,3,1,0,11.09
SHP-504736,ORD-504736,ParcelFast,2026-05-01,2026-05-03,2026-05-04,5,0,1,11.84
SHP-504737,ORD-504737,MetroCourier,2026-04-29,2026-05-03,2026-05-01,2,1,0,12.36
SHP-504738,ORD-504738,NorthLine,2026-04-30,2026-05-03,2026-05-04,5,0,1,9.4
SHP-504739,ORD-504739,ShipRight,2026-05-01,2026-05-03,2026-05-07,8,0,4,9.09
SHP-504740,ORD-504740,ShipRight,2026-05-01,2026-05-03,2026-05-03,4,1,0,9.55
SHP-504741,ORD-504741,ShipRight,2026-04-30,2026-05-03,2026-05-01,2,1,0,11.17
SHP-504742,ORD-504742,ParcelFast,2026-04-30,2026-05-03,2026-05-03,4,1,0,12.2
SHP-504743,ORD-504743,MetroCourier,2026-04-29,2026-05-03,2026-05-01,2,1,0,9.81
SHP-504744,ORD-504744,ParcelFast,2026-04-30,2026-05-03,2026-05-02,3,1,0,12.67
SHP-504745,ORD-504745,ShipRight,2026-04-30,2026-05-03,2026-05-01,2,1,0,12.55
SHP-504746,ORD-504746,MetroCourier,2026-04-30,2026-05-03,2026-05-03,4,1,0,11.88
SHP-504747,ORD-504747,ShipRight,2026-04-30,2026-05-03,2026-05-03,4,1,0,9.56
SHP-504748,ORD-504748,NorthLine,2026-05-01,2026-05-03,2026-05-04,5,0,1,11.19
SHP-504749,ORD-504749,NorthLine,2026-04-30,2026-05-03,2026-05-01,2,1,0,14.7
SHP-504750,ORD-504750,NorthLine,2026-04-29,2026-05-03,2026-05-03,4,1,0,8.82
SHP-504751,ORD-504751,ParcelFast,2026-05-01,2026-05-03,2026-05-02,3,1,0,14.19
SHP-504752,ORD-504752,NorthLine,2026-04-30,2026-05-03,2026-05-02,3,1,0,12.66
SHP-504753,ORD-504753,MetroCourier,2026-04-30,2026-05-03,2026-05-03,4,1,0,12.1
SHP-504754,ORD-504754,ShipRight,2026-04-30,2026-05-03,2026-05-04,5,0,1,12.86
SHP-504755,ORD-504755,ParcelFast,2026-04-29,2026-05-03,2026-05-01,2,1,0,9.77
SHP-504756,ORD-504756,ShipRight,2026-04-30,2026-05-03,2026-05-04,5,0,1,9.88
SHP-504757,ORD-504757,ParcelFast,2026-04-30,2026-05-03,2026-05-04,5,0,1,13.22
SHP-504758,ORD-504758,MetroCourier,2026-04-30,2026-05-03,2026-05-01,2,1,0,9.37
SHP-504759,ORD-504759,ParcelFast,2026-04-30,2026-05-03,2026-05-01,2,1,0,13.91
SHP-504760,ORD-504760,ParcelFast,2026-05-02,2026-05-03,2026-05-06,7,0,3,10.78
SHP-504761,ORD-504761,ShipRight,2026-04-30,2026-05-03,2026-05-04,5,0,1,12.48
SHP-504762,ORD-504762,ShipRight,2026-04-30,2026-05-03,2026-05-06,7,0,3,13.71
SHP-504763,ORD-504763,NorthLine,2026-04-30,2026-05-03,2026-05-02,3,1,0,12.53
SHP-504764,ORD-504764,NorthLine,2026-04-30,2026-05-03,2026-05-02,3,1,0,9.45
SHP-504765,ORD-504765,ParcelFast,2026-05-02,2026-05-03,2026-05-04,5,0,1,12.1
SHP-504766,ORD-504766,MetroCourier,2026-05-01,2026-05-03,2026-05-06,7,0,3,12.82
SHP-504767,ORD-504767,MetroCourier,2026-04-30,2026-05-03,2026-05-01,2,1,0,11.62
SHP-504768,ORD-504768,NorthLine,2026-04-29,2026-05-03,2026-04-30,1,1,0,12.26
SHP-504769,ORD-504769,MetroCourier,2026-04-30,2026-05-03,2026-05-03,4,1,0,13.52
SHP-504770,ORD-504770,ShipRight,2026-05-01,2026-05-03,2026-05-05,6,0,2,11.0
SHP-504771,ORD-504771,MetroCourier,2026-04-30,2026-05-03,2026-05-02,3,1,0,12.23
SHP-504772,ORD-504772,MetroCourier,2026-04-30,2026-05-03,2026-05-01,2,1,0,12.77
SHP-504773,ORD-504773,ParcelFast,2026-04-30,2026-05-04,2026-05-02,2,1,0,11.34
SHP-504774,ORD-504774,NorthLine,2026-05-01,2026-05-04,2026-05-04,4,1,0,13.18
SHP-504775,ORD-504775,ParcelFast,2026-05-02,2026-05-04,2026-05-04,4,1,0,12.15
SHP-504776,ORD-504776,NorthLine,2026-05-01,2026-05-04,2026-05-05,5,0,1,12.16
SHP-504777,ORD-504777,MetroCourier,2026-05-01,2026-05-04,2026-05-07,7,0,3,9.76
SHP-504778,ORD-504778,NorthLine,2026-05-01,2026-05-04,2026-05-02,2,1,0,13.35
SHP-504779,ORD-504779,ParcelFast,2026-04-30,2026-05-04,2026-05-03,3,1,0,12.58
SHP-504780,ORD-504780,ParcelFast,2026-05-01,2026-05-04,2026-05-07,7,0,3,11.49
SHP-504781,ORD-504781,MetroCourier,2026-04-30,2026-05-04,2026-05-02,2,1,0,12.1
SHP-504782,ORD-504782,MetroCourier,2026-05-01,2026-05-04,2026-05-03,3,1,0,10.18
SHP-504783,ORD-504783,ParcelFast,2026-05-01,2026-05-04,2026-05-05,5,0,1,16.09
SHP-504784,ORD-504784,ShipRight,2026-04-30,2026-05-04,2026-05-06,6,0,2,14.83
SHP-504785,ORD-504785,MetroCourier,2026-05-01,2026-05-04,2026-05-02,2,1,0,9.17
SHP-504786,ORD-504786,ShipRight,2026-05-01,2026-05-04,2026-05-04,4,1,0,10.33
SHP-504787,ORD-504787,NorthLine,2026-05-01,2026-05-04,2026-05-05,5,0,1,11.85
SHP-504788,ORD-504788,ParcelFast,2026-05-01,2026-05-04,2026-05-05,5,0,1,13.98
SHP-504789,ORD-504789,ShipRight,2026-05-02,2026-05-04,2026-05-03,3,1,0,10.43
SHP-504790,ORD-504790,ShipRight,2026-05-02,2026-05-04,2026-05-07,7,0,3,10.46
SHP-504791,ORD-504791,ParcelFast,2026-05-02,2026-05-04,2026-05-03,3,1,0,10.91
SHP-504792,ORD-504792,ParcelFast,2026-05-01,2026-05-04,2026-05-03,3,1,0,12.49
SHP-504793,ORD-504793,NorthLine,2026-05-01,2026-05-04,2026-05-02,2,1,0,10.56
SHP-504794,ORD-504794,ParcelFast,2026-04-30,2026-05-04,2026-05-05,5,0,1,10.4
SHP-504795,ORD-504795,MetroCourier,2026-05-02,2026-05-04,2026-05-05,5,0,1,11.73
SHP-504796,ORD-504796,ParcelFast,2026-05-01,2026-05-04,2026-05-06,6,0,2,10.73
SHP-504797,ORD-504797,ParcelFast,2026-05-01,2026-05-04,2026-05-05,5,0,1,11.56
SHP-504798,ORD-504798,MetroCourier,2026-05-02,2026-05-04,2026-05-04,4,1,0,12.49
SHP-504799,ORD-504799,MetroCourier,2026-04-30,2026-05-04,2026-05-02,2,1,0,11.35
SHP-504800,ORD-504800,NorthLine,2026-04-30,2026-05-04,2026-05-02,2,1,0,12.63
SHP-504801,ORD-504801,MetroCourier,2026-04-30,2026-05-04,2026-05-04,4,1,0,9.99
SHP-504802,ORD-504802,ShipRight,2026-05-01,2026-05-04,2026-05-04,4,1,0,11.64
SHP-504803,ORD-504803,ParcelFast,2026-05-01,2026-05-04,2026-05-03,3,1,0,12.52
SHP-504804,ORD-504804,NorthLine,2026-04-30,2026-05-04,2026-05-02,2,1,0,10.58
SHP-504805,ORD-504805,ShipRight,2026-04-30,2026-05-04,2026-05-03,3,1,0,13.51
SHP-504806,ORD-504806,ShipRight,2026-05-03,2026-05-04,2026-05-05,5,0,1,11.95
SHP-504807,ORD-504807,NorthLine,2026-05-01,2026-05-04,2026-05-06,6,0,2,10.22
SHP-504808,ORD-504808,ShipRight,2026-05-01,2026-05-04,2026-05-04,4,1,0,10.64
SHP-504809,ORD-504809,ParcelFast,2026-04-30,2026-05-04,2026-05-03,3,1,0,9.06
SHP-504810,ORD-504810,ParcelFast,2026-05-01,2026-05-04,2026-05-03,3,1,0,10.05
SHP-504811,ORD-504811,ShipRight,2026-04-30,2026-05-04,2026-05-03,3,1,0,9.99
SHP-504812,ORD-504812,NorthLine,2026-05-01,2026-05-04,2026-05-02,2,1,0,11.58
SHP-504813,ORD-504813,ParcelFast,2026-05-01,2026-05-04,2026-05-03,3,1,0,12.38
SHP-504814,ORD-504814,ParcelFast,2026-05-01,2026-05-04,2026-05-03,3,1,0,10.73
SHP-504815,ORD-504815,ParcelFast,2026-05-01,2026-05-04,2026-05-06,6,0,2,10.15
SHP-504816,ORD-504816,ShipRight,2026-05-01,2026-05-04,2026-05-07,7,0,3,11.4
SHP-504817,ORD-504817,MetroCourier,2026-05-01,2026-05-04,2026-05-05,5,0,1,10.51
SHP-504818,ORD-504818,ParcelFast,2026-05-02,2026-05-04,2026-05-03,3,1,0,8.9
SHP-504819,ORD-504819,MetroCourier,2026-05-01,2026-05-04,2026-05-03,3,1,0,11.85
SHP-504820,ORD-504820,NorthLine,2026-05-01,2026-05-04,2026-05-04,4,1,0,10.66
SHP-504821,ORD-504821,ParcelFast,2026-05-02,2026-05-05,2026-05-06,5,0,1,12.01
SHP-504822,ORD-504822,ParcelFast,2026-05-02,2026-05-05,2026-05-06,5,0,1,12.12
SHP-504823,ORD-504823,NorthLine,2026-05-02,2026-05-05,2026-05-10,9,0,5,10.65
SHP-504824,ORD-504824,ShipRight,2026-05-02,2026-05-05,2026-05-06,5,0,1,13.67
SHP-504825,ORD-504825,MetroCourier,2026-05-02,2026-05-05,2026-05-04,3,1,0,9.38
SHP-504826,ORD-504826,NorthLine,2026-05-02,2026-05-05,2026-05-04,3,1,0,11.45
SHP-504827,ORD-504827,ParcelFast,2026-05-02,2026-05-05,2026-05-05,4,1,0,10.42
SHP-504828,ORD-504828,MetroCourier,2026-05-02,2026-05-05,2026-05-07,6,0,2,14.42
SHP-504829,ORD-504829,ShipRight,2026-05-01,2026-05-05,2026-05-09,8,0,4,12.13
SHP-504830,ORD-504830,ShipRight,2026-05-02,2026-05-05,2026-05-03,2,1,0,13.09
SHP-504831,ORD-504831,ParcelFast,2026-05-03,2026-05-05,2026-05-07,6,0,2,13.16
SHP-504832,ORD-504832,NorthLine,2026-05-02,2026-05-05,2026-05-06,5,0,1,11.95
SHP-504833,ORD-504833,ShipRight,2026-05-02,2026-05-05,2026-05-04,3,1,0,12.34
SHP-504834,ORD-504834,NorthLine,2026-05-02,2026-05-05,2026-05-03,2,1,0,12.05
SHP-504835,ORD-504835,MetroCourier,2026-05-03,2026-05-05,2026-05-06,5,0,1,12.18
SHP-504836,ORD-504836,ParcelFast,2026-05-02,2026-05-05,2026-05-07,6,0,2,9.9
SHP-504837,ORD-504837,NorthLine,2026-05-04,2026-05-05,2026-05-07,6,0,2,10.19
SHP-504838,ORD-504838,MetroCourier,2026-05-04,2026-05-05,2026-05-06,5,0,1,12.84
SHP-504839,ORD-504839,NorthLine,2026-05-02,2026-05-05,2026-05-05,4,1,0,9.61
SHP-504840,ORD-504840,ParcelFast,2026-05-03,2026-05-05,2026-05-06,5,0,1,12.01
SHP-504841,ORD-504841,NorthLine,2026-05-01,2026-05-05,2026-05-05,4,1,0,12.34
SHP-504842,ORD-504842,ParcelFast,2026-05-02,2026-05-05,2026-05-06,5,0,1,10.82
SHP-504843,ORD-504843,NorthLine,2026-05-03,2026-05-05,2026-05-08,7,0,3,13.89
SHP-504844,ORD-504844,MetroCourier,2026-05-02,2026-05-05,2026-05-06,5,0,1,12.57
SHP-504845,ORD-504845,ShipRight,2026-05-02,2026-05-05,2026-05-04,3,1,0,10.0
SHP-504846,ORD-504846,NorthLine,2026-05-01,2026-05-05,2026-05-05,4,1,0,10.63
SHP-504847,ORD-504847,NorthLine,2026-05-02,2026-05-05,2026-05-06,5,0,1,13.9
SHP-504848,ORD-504848,ParcelFast,2026-05-03,2026-05-05,2026-05-06,5,0,1,12.5
SHP-504849,ORD-504849,NorthLine,2026-05-01,2026-05-05,2026-05-03,2,1,0,10.37
SHP-504850,ORD-504850,NorthLine,2026-05-02,2026-05-05,2026-05-03,2,1,0,10.66
SHP-504851,ORD-504851,ParcelFast,2026-05-02,2026-05-05,2026-05-05,4,1,0,11.65
SHP-504852,ORD-504852,ParcelFast,2026-05-02,2026-05-05,2026-05-03,2,1,0,10.34
SHP-504853,ORD-504853,MetroCourier,2026-05-01,2026-05-05,2026-05-02,1,1,0,10.33
SHP-504854,ORD-504854,ParcelFast,2026-05-02,2026-05-05,2026-05-04,3,1,0,9.07
SHP-504855,ORD-504855,ParcelFast,2026-05-02,2026-05-05,2026-05-03,2,1,0,12.07
SHP-504856,ORD-504856,ShipRight,2026-05-04,2026-05-05,2026-05-08,7,0,3,10.09
SHP-504857,ORD-504857,NorthLine,2026-05-04,2026-05-05,2026-05-06,5,0,1,9.98
SHP-504858,ORD-504858,ShipRight,2026-05-01,2026-05-05,2026-05-03,2,1,0,10.05
SHP-504859,ORD-504859,ParcelFast,2026-05-02,2026-05-05,2026-05-05,4,1,0,16.04
SHP-504860,ORD-504860,ShipRight,2026-05-02,2026-05-05,2026-05-06,5,0,1,12.51
SHP-504861,ORD-504861,ShipRight,2026-05-01,2026-05-05,2026-05-05,4,1,0,12.3
SHP-504862,ORD-504862,MetroCourier,2026-05-04,2026-05-05,2026-05-06,5,0,1,11.66
SHP-504863,ORD-504863,ShipRight,2026-05-02,2026-05-06,2026-05-04,2,1,0,11.08
SHP-504864,ORD-504864,MetroCourier,2026-05-04,2026-05-06,2026-05-06,4,1,0,10.29
SHP-504865,ORD-504865,ParcelFast,2026-05-02,2026-05-06,2026-05-07,5,0,1,8.82
SHP-504866,ORD-504866,ShipRight,2026-05-04,2026-05-06,2026-05-07,5,0,1,10.06
SHP-504867,ORD-504867,ParcelFast,2026-05-03,2026-05-06,2026-05-08,6,0,2,10.86
SHP-504868,ORD-504868,ShipRight,2026-05-02,2026-05-06,2026-05-05,3,1,0,8.98
SHP-504869,ORD-504869,NorthLine,2026-05-04,2026-05-06,2026-05-08,6,0,2,11.44
SHP-504870,ORD-504870,NorthLine,2026-05-03,2026-05-06,2026-05-05,3,1,0,13.61
SHP-504871,ORD-504871,ParcelFast,2026-05-02,2026-05-06,2026-05-09,7,0,3,10.12
SHP-504872,ORD-504872,NorthLine,2026-05-03,2026-05-06,2026-05-07,5,0,1,10.36
SHP-504873,ORD-504873,NorthLine,2026-05-05,2026-05-06,2026-05-07,5,0,1,13.81
SHP-504874,ORD-504874,NorthLine,2026-05-04,2026-05-06,2026-05-07,5,0,1,8.94
SHP-504875,ORD-504875,ParcelFast,2026-05-02,2026-05-06,2026-05-07,5,0,1,10.31
SHP-504876,ORD-504876,ParcelFast,2026-05-03,2026-05-06,2026-05-07,5,0,1,11.41
SHP-504877,ORD-504877,ShipRight,2026-05-04,2026-05-06,2026-05-09,7,0,3,14.98
SHP-504878,ORD-504878,MetroCourier,2026-05-05,2026-05-06,2026-05-07,5,0,1,9.96
SHP-504879,ORD-504879,NorthLine,2026-05-03,2026-05-06,2026-05-05,3,1,0,10.92
SHP-504880,ORD-504880,MetroCourier,2026-05-03,2026-05-06,2026-05-05,3,1,0,10.44
SHP-504881,ORD-504881,NorthLine,2026-05-03,2026-05-06,2026-05-04,2,1,0,9.8
SHP-504882,ORD-504882,ParcelFast,2026-05-02,2026-05-06,2026-05-05,3,1,0,9.82
SHP-504883,ORD-504883,MetroCourier,2026-05-02,2026-05-06,2026-05-04,2,1,0,12.17
SHP-504884,ORD-504884,NorthLine,2026-05-03,2026-05-06,2026-05-05,3,1,0,11.62
SHP-504885,ORD-504885,NorthLine,2026-05-04,2026-05-06,2026-05-06,4,1,0,9.57
SHP-504886,ORD-504886,ParcelFast,2026-05-04,2026-05-06,2026-05-07,5,0,1,13.49
SHP-504887,ORD-504887,ParcelFast,2026-05-03,2026-05-06,2026-05-09,7,0,3,9.78
SHP-504888,ORD-504888,NorthLine,2026-05-03,2026-05-06,2026-05-07,5,0,1,13.96
SHP-504889,ORD-504889,MetroCourier,2026-05-03,2026-05-06,2026-05-05,3,1,0,11.03
SHP-504890,ORD-504890,MetroCourier,2026-05-02,2026-05-06,2026-05-03,1,1,0,10.07
SHP-504891,ORD-504891,ShipRight,2026-05-03,2026-05-06,2026-05-05,3,1,0,10.48
SHP-504892,ORD-504892,ShipRight,2026-05-05,2026-05-06,2026-05-08,6,0,2,12.48
SHP-504893,ORD-504893,MetroCourier,2026-05-03,2026-05-06,2026-05-05,3,1,0,10.6
SHP-504894,ORD-504894,MetroCourier,2026-05-03,2026-05-06,2026-05-06,4,1,0,13.56
SHP-504895,ORD-504895,NorthLine,2026-05-03,2026-05-06,2026-05-06,4,1,0,11.89
SHP-504896,ORD-504896,NorthLine,2026-05-03,2026-05-06,2026-05-06,4,1,0,14.08
SHP-504897,ORD-504897,ParcelFast,2026-05-03,2026-05-06,2026-05-05,3,1,0,10.32
SHP-504898,ORD-504898,NorthLine,2026-05-03,2026-05-06,2026-05-08,6,0,2,13.32
SHP-504899,ORD-504899,NorthLine,2026-05-03,2026-05-06,2026-05-09,7,0,3,11.7
SHP-504900,ORD-504900,ShipRight,2026-05-04,2026-05-06,2026-05-05,3,1,0,11.56
SHP-504901,ORD-504901,ParcelFast,2026-05-03,2026-05-07,2026-05-05,2,1,0,11.16
SHP-504902,ORD-504902,NorthLine,2026-05-04,2026-05-07,2026-05-07,4,1,0,10.51
SHP-504903,ORD-504903,ParcelFast,2026-05-04,2026-05-07,2026-05-08,5,0,1,12.2
SHP-504904,ORD-504904,ParcelFast,2026-05-05,2026-05-07,2026-05-10,7,0,3,11.39
SHP-504905,ORD-504905,ParcelFast,2026-05-04,2026-05-07,2026-05-08,5,0,1,12.86
SHP-504906,ORD-504906,MetroCourier,2026-05-04,2026-05-07,2026-05-06,3,1,0,11.36
SHP-504907,ORD-504907,ParcelFast,2026-05-03,2026-05-07,2026-05-05,2,1,0,10.14
SHP-504908,ORD-504908,ShipRight,2026-05-05,2026-05-07,2026-05-07,4,1,0,10.48
SHP-504909,ORD-504909,ParcelFast,2026-05-04,2026-05-07,2026-05-11,8,0,4,11.27
SHP-504910,ORD-504910,NorthLine,2026-05-04,2026-05-07,2026-05-05,2,1,0,14.01
SHP-504911,ORD-504911,ParcelFast,2026-05-04,2026-05-07,2026-05-08,5,0,1,9.91
SHP-504912,ORD-504912,NorthLine,2026-05-05,2026-05-07,2026-05-08,5,0,1,8.83
SHP-504913,ORD-504913,ShipRight,2026-05-05,2026-05-07,2026-05-10,7,0,3,10.04
SHP-504914,ORD-504914,ParcelFast,2026-05-04,2026-05-07,2026-05-09,6,0,2,10.37
SHP-504915,ORD-504915,ParcelFast,2026-05-05,2026-05-07,2026-05-07,4,1,0,12.66
SHP-504916,ORD-504916,ParcelFast,2026-05-05,2026-05-07,2026-05-07,4,1,0,12.59
SHP-504917,ORD-504917,ShipRight,2026-05-06,2026-05-07,2026-05-07,4,1,0,13.49
SHP-504918,ORD-504918,ParcelFast,2026-05-04,2026-05-07,2026-05-06,3,1,0,10.55
SHP-504919,ORD-504919,ParcelFast,2026-05-04,2026-05-07,2026-05-06,3,1,0,10.3
SHP-504920,ORD-504920,ShipRight,2026-05-04,2026-05-07,2026-05-06,3,1,0,12.04
SHP-504921,ORD-504921,ParcelFast,2026-05-03,2026-05-07,2026-05-08,5,0,1,8.86
SHP-504922,ORD-504922,MetroCourier,2026-05-03,2026-05-07,2026-05-06,3,1,0,11.11
SHP-504923,ORD-504923,MetroCourier,2026-05-03,2026-05-07,2026-05-04,1,1,0,9.49
SHP-504924,ORD-504924,MetroCourier,2026-05-05,2026-05-07,2026-05-08,5,0,1,8.95
SHP-504925,ORD-504925,NorthLine,2026-05-04,2026-05-07,2026-05-06,3,1,0,12.61
SHP-504926,ORD-504926,NorthLine,2026-05-04,2026-05-07,2026-05-07,4,1,0,11.28
SHP-504927,ORD-504927,ParcelFast,2026-05-03,2026-05-07,2026-05-04,1,1,0,10.35
SHP-504928,ORD-504928,ShipRight,2026-05-03,2026-05-07,2026-05-06,3,1,0,9.59
SHP-504929,ORD-504929,MetroCourier,2026-05-05,2026-05-07,2026-05-07,4,1,0,11.01
SHP-504930,ORD-504930,MetroCourier,2026-05-05,2026-05-07,2026-05-09,6,0,2,10.95
SHP-504931,ORD-504931,MetroCourier,2026-05-04,2026-05-07,2026-05-09,6,0,2,13.64
SHP-504932,ORD-504932,MetroCourier,2026-05-06,2026-05-07,2026-05-08,5,0,1,11.32
SHP-504933,ORD-504933,ShipRight,2026-05-04,2026-05-07,2026-05-08,5,0,1,11.86
SHP-504934,ORD-504934,ParcelFast,2026-05-03,2026-05-07,2026-05-08,5,0,1,8.98
SHP-504935,ORD-504935,MetroCourier,2026-05-04,2026-05-07,2026-05-06,3,1,0,8.96
SHP-504936,ORD-504936,NorthLine,2026-05-05,2026-05-07,2026-05-09,6,0,2,14.5
SHP-504937,ORD-504937,NorthLine,2026-05-03,2026-05-07,2026-05-08,5,0,1,11.47
SHP-504938,ORD-504938,ParcelFast,2026-05-05,2026-05-07,2026-05-09,6,0,2,9.31
SHP-504939,ORD-504939,MetroCourier,2026-05-05,2026-05-07,2026-05-11,8,0,4,11.37
SHP-504940,ORD-504940,NorthLine,2026-05-05,2026-05-07,2026-05-07,4,1,0,11.79
SHP-504941,ORD-504941,MetroCourier,2026-05-03,2026-05-07,2026-05-07,4,1,0,9.49
SHP-504942,ORD-504942,MetroCourier,2026-05-06,2026-05-07,2026-05-10,7,0,3,12.44
SHP-504943,ORD-504943,ShipRight,2026-05-04,2026-05-07,2026-05-07,4,1,0,10.07
SHP-504944,ORD-504944,ShipRight,2026-05-04,2026-05-07,2026-05-09,6,0,2,10.09
SHP-504945,ORD-504945,MetroCourier,2026-05-05,2026-05-08,2026-05-08,4,1,0,13.0
SHP-504946,ORD-504946,ShipRight,2026-05-04,2026-05-08,2026-05-09,5,0,1,11.8
SHP-504947,ORD-504947,NorthLine,2026-05-06,2026-05-08,2026-05-09,5,0,1,11.14
SHP-504948,ORD-504948,MetroCourier,2026-05-04,2026-05-08,2026-05-07,3,1,0,10.33
SHP-504949,ORD-504949,ShipRight,2026-05-05,2026-05-08,2026-05-09,5,0,1,9.88
SHP-504950,ORD-504950,ShipRight,2026-05-04,2026-05-08,2026-05-08,4,1,0,13.18
SHP-504951,ORD-504951,ParcelFast,2026-05-07,2026-05-08,2026-05-11,7,0,3,11.75
SHP-504952,ORD-504952,NorthLine,2026-05-05,2026-05-08,2026-05-10,6,0,2,10.49
SHP-504953,ORD-504953,MetroCourier,2026-05-05,2026-05-08,2026-05-08,4,1,0,11.96
SHP-504954,ORD-504954,ShipRight,2026-05-06,2026-05-08,2026-05-11,7,0,3,11.17
SHP-504955,ORD-504955,MetroCourier,2026-05-05,2026-05-08,2026-05-07,3,1,0,9.43
SHP-504956,ORD-504956,NorthLine,2026-05-05,2026-05-08,2026-05-11,7,0,3,11.13
SHP-504957,ORD-504957,NorthLine,2026-05-04,2026-05-08,2026-05-07,3,1,0,13.23
SHP-504958,ORD-504958,MetroCourier,2026-05-07,2026-05-08,2026-05-10,6,0,2,10.54
SHP-504959,ORD-504959,NorthLine,2026-05-06,2026-05-08,2026-05-08,4,1,0,9.36
SHP-504960,ORD-504960,MetroCourier,2026-05-05,2026-05-08,2026-05-06,2,1,0,9.21
SHP-504961,ORD-504961,MetroCourier,2026-05-06,2026-05-08,2026-05-07,3,1,0,12.67
SHP-504962,ORD-504962,NorthLine,2026-05-05,2026-05-08,2026-05-08,4,1,0,12.3
SHP-504963,ORD-504963,ParcelFast,2026-05-05,2026-05-08,2026-05-08,4,1,0,10.82
SHP-504964,ORD-504964,ShipRight,2026-05-05,2026-05-08,2026-05-06,2,1,0,11.7
SHP-504965,ORD-504965,ShipRight,2026-05-05,2026-05-08,2026-05-07,3,1,0,12.21
SHP-504966,ORD-504966,ShipRight,2026-05-05,2026-05-08,2026-05-06,2,1,0,9.79
SHP-504967,ORD-504967,ParcelFast,2026-05-06,2026-05-08,2026-05-08,4,1,0,11.98
SHP-504968,ORD-504968,ShipRight,2026-05-05,2026-05-08,2026-05-08,4,1,0,9.21
SHP-504969,ORD-504969,NorthLine,2026-05-06,2026-05-08,2026-05-10,6,0,2,12.79
SHP-504970,ORD-504970,MetroCourier,2026-05-05,2026-05-08,2026-05-08,4,1,0,11.39
SHP-504971,ORD-504971,ShipRight,2026-05-06,2026-05-08,2026-05-07,3,1,0,13.03
SHP-504972,ORD-504972,MetroCourier,2026-05-04,2026-05-08,2026-05-05,1,1,0,11.28
SHP-504973,ORD-504973,ParcelFast,2026-05-06,2026-05-08,2026-05-08,4,1,0,9.35
SHP-504974,ORD-504974,MetroCourier,2026-05-05,2026-05-08,2026-05-07,3,1,0,10.18
SHP-504975,ORD-504975,MetroCourier,2026-05-06,2026-05-08,2026-05-09,5,0,1,14.67
SHP-504976,ORD-504976,NorthLine,2026-05-06,2026-05-09,2026-05-10,5,0,1,11.26
SHP-504977,ORD-504977,NorthLine,2026-05-06,2026-05-09,2026-05-09,4,1,0,11.1
SHP-504978,ORD-504978,MetroCourier,2026-05-08,2026-05-09,2026-05-10,5,0,1,12.86
SHP-504979,ORD-504979,MetroCourier,2026-05-06,2026-05-09,2026-05-08,3,1,0,11.51
SHP-504980,ORD-504980,ShipRight,2026-05-07,2026-05-09,2026-05-09,4,1,0,10.84
SHP-504981,ORD-504981,NorthLine,2026-05-06,2026-05-09,2026-05-08,3,1,0,10.12
SHP-504982,ORD-504982,ParcelFast,2026-05-05,2026-05-09,2026-05-10,5,0,1,9.15
SHP-504983,ORD-504983,MetroCourier,2026-05-08,2026-05-09,2026-05-12,7,0,3,11.74
SHP-504984,ORD-504984,ShipRight,2026-05-06,2026-05-09,2026-05-09,4,1,0,11.33
SHP-504985,ORD-504985,NorthLine,2026-05-07,2026-05-09,2026-05-08,3,1,0,12.67
SHP-504986,ORD-504986,MetroCourier,2026-05-05,2026-05-09,2026-05-08,3,1,0,10.09
SHP-504987,ORD-504987,MetroCourier,2026-05-07,2026-05-09,2026-05-09,4,1,0,10.26
SHP-504988,ORD-504988,ShipRight,2026-05-06,2026-05-09,2026-05-09,4,1,0,10.11
SHP-504989,ORD-504989,ParcelFast,2026-05-06,2026-05-09,2026-05-10,5,0,1,9.55
SHP-504990,ORD-504990,MetroCourier,2026-05-07,2026-05-09,2026-05-11,6,0,2,13.5
SHP-504991,ORD-504991,MetroCourier,2026-05-07,2026-05-09,2026-05-09,4,1,0,11.21
SHP-504992,ORD-504992,ParcelFast,2026-05-05,2026-05-09,2026-05-09,4,1,0,16.28
SHP-504993,ORD-504993,ShipRight,2026-05-08,2026-05-09,2026-05-10,5,0,1,12.54
SHP-504994,ORD-504994,ParcelFast,2026-05-06,2026-05-09,2026-05-08,3,1,0,10.8
SHP-504995,ORD-504995,NorthLine,2026-05-06,2026-05-09,2026-05-09,4,1,0,13.58
SHP-504996,ORD-504996,NorthLine,2026-05-06,2026-05-09,2026-05-08,3,1,0,11.37
SHP-504997,ORD-504997,NorthLine,2026-05-06,2026-05-09,2026-05-07,2,1,0,13.95
SHP-504998,ORD-504998,ParcelFast,2026-05-08,2026-05-09,2026-05-10,5,0,1,15.04
SHP-504999,ORD-504999,NorthLine,2026-05-06,2026-05-09,2026-05-08,3,1,0,11.39
SHP-505000,ORD-505000,ParcelFast,2026-05-07,2026-05-09,2026-05-08,3,1,0,12.31
SHP-505001,ORD-505001,ParcelFast,2026-05-07,2026-05-09,2026-05-11,6,0,2,9.91
SHP-505002,ORD-505002,NorthLine,2026-05-06,2026-05-09,2026-05-09,4,1,0,11.14
SHP-505003,ORD-505003,ParcelFast,2026-05-08,2026-05-09,2026-05-11,6,0,2,11.28
SHP-505004,ORD-505004,ShipRight,2026-05-07,2026-05-09,2026-05-10,5,0,1,11.9
SHP-505005,ORD-505005,NorthLine,2026-05-05,2026-05-09,2026-05-07,2,1,0,11.08
SHP-505006,ORD-505006,MetroCourier,2026-05-05,2026-05-09,2026-05-06,1,1,0,10.77
SHP-505007,ORD-505007,NorthLine,2026-05-05,2026-05-09,2026-05-10,5,0,1,11.37
SHP-505008,ORD-505008,ParcelFast,2026-05-06,2026-05-09,2026-05-08,3,1,0,13.07
SHP-505009,ORD-505009,NorthLine,2026-05-06,2026-05-09,2026-05-11,6,0,2,12.21
SHP-505010,ORD-505010,ShipRight,2026-05-05,2026-05-09,2026-05-09,4,1,0,11.79
SHP-505011,ORD-505011,ShipRight,2026-05-06,2026-05-09,2026-05-09,4,1,0,10.67
SHP-505012,ORD-505012,NorthLine,2026-05-05,2026-05-09,2026-05-08,3,1,0,10.62
SHP-505013,ORD-505013,ParcelFast,2026-05-06,2026-05-09,2026-05-09,4,1,0,14.35
SHP-505014,ORD-505014,NorthLine,2026-05-06,2026-05-09,2026-05-10,5,0,1,10.16
SHP-505015,ORD-505015,MetroCourier,2026-05-06,2026-05-09,2026-05-11,6,0,2,11.82
SHP-505016,ORD-505016,ShipRight,2026-05-06,2026-05-09,2026-05-07,2,1,0,9.01
SHP-505017,ORD-505017,MetroCourier,2026-05-07,2026-05-09,2026-05-09,4,1,0,9.19
SHP-505018,ORD-505018,NorthLine,2026-05-07,2026-05-10,2026-05-09,3,1,0,11.87
SHP-505019,ORD-505019,ParcelFast,2026-05-07,2026-05-10,2026-05-10,4,1,0,11.58
SHP-505020,ORD-505020,NorthLine,2026-05-06,2026-05-10,2026-05-09,3,1,0,11.51
SHP-505021,ORD-505021,ParcelFast,2026-05-06,2026-05-10,2026-05-10,4,1,0,12.85
SHP-505022,ORD-505022,MetroCourier,2026-05-07,2026-05-10,2026-05-09,3,1,0,11.48
SHP-505023,ORD-505023,ShipRight,2026-05-06,2026-05-10,2026-05-09,3,1,0,13.87
SHP-505024,ORD-505024,ParcelFast,2026-05-07,2026-05-10,2026-05-11,5,0,1,8.74
SHP-505025,ORD-505025,NorthLine,2026-05-08,2026-05-10,2026-05-10,4,1,0,9.99
SHP-505026,ORD-505026,NorthLine,2026-05-07,2026-05-10,2026-05-09,3,1,0,9.22
SHP-505027,ORD-505027,MetroCourier,2026-05-07,2026-05-10,2026-05-11,5,0,1,14.77
SHP-505028,ORD-505028,NorthLine,2026-05-07,2026-05-10,2026-05-09,3,1,0,9.56
SHP-505029,ORD-505029,ShipRight,2026-05-06,2026-05-10,2026-05-07,1,1,0,10.03
SHP-505030,ORD-505030,MetroCourier,2026-05-08,2026-05-10,2026-05-12,6,0,2,13.43
SHP-505031,ORD-505031,NorthLine,2026-05-09,2026-05-10,2026-05-13,7,0,3,10.98
SHP-505032,ORD-505032,ShipRight,2026-05-08,2026-05-10,2026-05-09,3,1,0,9.15
SHP-505033,ORD-505033,ParcelFast,2026-05-08,2026-05-10,2026-05-10,4,1,0,13.87
SHP-505034,ORD-505034,ShipRight,2026-05-08,2026-05-10,2026-05-11,5,0,1,12.41
SHP-505035,ORD-505035,ParcelFast,2026-05-06,2026-05-10,2026-05-08,2,1,0,12.17
SHP-505036,ORD-505036,NorthLine,2026-05-06,2026-05-10,2026-05-12,6,0,2,10.19
SHP-505037,ORD-505037,ParcelFast,2026-05-07,2026-05-10,2026-05-10,4,1,0,9.39
SHP-505038,ORD-505038,MetroCourier,2026-05-06,2026-05-10,2026-05-07,1,1,0,12.65
SHP-505039,ORD-505039,ShipRight,2026-05-07,2026-05-10,2026-05-11,5,0,1,11.21
SHP-505040,ORD-505040,NorthLine,2026-05-09,2026-05-10,2026-05-10,4,1,0,8.87
SHP-505041,ORD-505041,MetroCourier,2026-05-07,2026-05-10,2026-05-09,3,1,0,15.0
SHP-505042,ORD-505042,ParcelFast,2026-05-07,2026-05-10,2026-05-08,2,1,0,9.41
SHP-505043,ORD-505043,ParcelFast,2026-05-07,2026-05-10,2026-05-09,3,1,0,13.36
SHP-505044,ORD-505044,ShipRight,2026-05-07,2026-05-10,2026-05-13,7,0,3,11.6
SHP-505045,ORD-505045,MetroCourier,2026-05-07,2026-05-10,2026-05-13,7,0,3,11.35
SHP-505046,ORD-505046,ParcelFast,2026-05-07,2026-05-10,2026-05-09,3,1,0,11.7
SHP-505047,ORD-505047,NorthLine,2026-05-07,2026-05-10,2026-05-11,5,0,1,9.3
SHP-505048,ORD-505048,NorthLine,2026-05-06,2026-05-10,2026-05-11,5,0,1,12.31
SHP-505049,ORD-505049,ParcelFast,2026-05-07,2026-05-10,2026-05-11,5,0,1,9.11
SHP-505050,ORD-505050,MetroCourier,2026-05-06,2026-05-10,2026-05-09,3,1,0,10.6
SHP-505051,ORD-505051,NorthLine,2026-05-07,2026-05-10,2026-05-10,4,1,0,10.93
SHP-505052,ORD-505052,NorthLine,2026-05-06,2026-05-10,2026-05-08,2,1,0,12.48
SHP-505053,ORD-505053,ParcelFast,2026-05-09,2026-05-11,2026-05-13,6,0,2,10.83
SHP-505054,ORD-505054,ParcelFast,2026-05-09,2026-05-11,2026-05-13,6,0,2,9.98
SHP-505055,ORD-505055,ShipRight,2026-05-09,2026-05-11,2026-05-14,7,0,3,12.54
SHP-505056,ORD-505056,MetroCourier,2026-05-08,2026-05-11,2026-05-11,4,1,0,10.71
SHP-505057,ORD-505057,NorthLine,2026-05-08,2026-05-11,2026-05-11,4,1,0,11.23
SHP-505058,ORD-505058,ShipRight,2026-05-08,2026-05-11,2026-05-09,2,1,0,13.77
SHP-505059,ORD-505059,MetroCourier,2026-05-08,2026-05-11,2026-05-10,3,1,0,12.84
SHP-505060,ORD-505060,ParcelFast,2026-05-08,2026-05-11,2026-05-11,4,1,0,12.0
SHP-505061,ORD-505061,ShipRight,2026-05-08,2026-05-11,2026-05-11,4,1,0,11.53
SHP-505062,ORD-505062,MetroCourier,2026-05-10,2026-05-11,2026-05-12,5,0,1,9.55
SHP-505063,ORD-505063,ShipRight,2026-05-08,2026-05-11,2026-05-12,5,0,1,12.66
SHP-505064,ORD-505064,NorthLine,2026-05-09,2026-05-11,2026-05-10,3,1,0,10.75
SHP-505065,ORD-505065,NorthLine,2026-05-07,2026-05-11,2026-05-11,4,1,0,12.18
SHP-505066,ORD-505066,ShipRight,2026-05-09,2026-05-11,2026-05-10,3,1,0,12.63
SHP-505067,ORD-505067,MetroCourier,2026-05-08,2026-05-11,2026-05-11,4,1,0,8.76
SHP-505068,ORD-505068,MetroCourier,2026-05-10,2026-05-11,2026-05-15,8,0,4,9.1
SHP-505069,ORD-505069,MetroCourier,2026-05-07,2026-05-11,2026-05-08,1,1,0,12.13
SHP-505070,ORD-505070,NorthLine,2026-05-07,2026-05-11,2026-05-12,5,0,1,11.22
SHP-505071,ORD-505071,ShipRight,2026-05-08,2026-05-11,2026-05-10,3,1,0,13.15
SHP-505072,ORD-505072,ParcelFast,2026-05-07,2026-05-11,2026-05-12,5,0,1,14.04
SHP-505073,ORD-505073,NorthLine,2026-05-10,2026-05-11,2026-05-11,4,1,0,12.43
SHP-505074,ORD-505074,ParcelFast,2026-05-07,2026-05-11,2026-05-08,1,1,0,12.01
SHP-505075,ORD-505075,ParcelFast,2026-05-09,2026-05-11,2026-05-11,4,1,0,11.81
SHP-505076,ORD-505076,MetroCourier,2026-05-08,2026-05-11,2026-05-11,4,1,0,14.33
SHP-505077,ORD-505077,ParcelFast,2026-05-08,2026-05-11,2026-05-11,4,1,0,10.55
SHP-505078,ORD-505078,ParcelFast,2026-05-09,2026-05-11,2026-05-11,4,1,0,10.01
SHP-505079,ORD-505079,ParcelFast,2026-05-09,2026-05-11,2026-05-13,6,0,2,11.35
SHP-505080,ORD-505080,MetroCourier,2026-05-07,2026-05-11,2026-05-09,2,1,0,11.89
SHP-505081,ORD-505081,NorthLine,2026-05-07,2026-05-11,2026-05-10,3,1,0,13.64
SHP-505082,ORD-505082,ParcelFast,2026-05-07,2026-05-11,2026-05-09,2,1,0,11.72
SHP-505083,ORD-505083,MetroCourier,2026-05-09,2026-05-11,2026-05-13,6,0,2,11.84
SHP-505084,ORD-505084,NorthLine,2026-05-07,2026-05-11,2026-05-08,1,1,0,9.29
SHP-505085,ORD-505085,NorthLine,2026-05-07,2026-05-11,2026-05-09,2,1,0,11.16
SHP-505086,ORD-505086,ParcelFast,2026-05-08,2026-05-11,2026-05-10,3,1,0,10.54
SHP-505087,ORD-505087,MetroCourier,2026-05-08,2026-05-11,2026-05-13,6,0,2,13.6
SHP-505088,ORD-505088,NorthLine,2026-05-09,2026-05-11,2026-05-11,4,1,0,10.89
SHP-505089,ORD-505089,MetroCourier,2026-05-08,2026-05-11,2026-05-10,3,1,0,8.97
SHP-505090,ORD-505090,NorthLine,2026-05-08,2026-05-11,2026-05-09,2,1,0,12.62
SHP-505091,ORD-505091,ShipRight,2026-05-08,2026-05-11,2026-05-12,5,0,1,12.55
SHP-505092,ORD-505092,ShipRight,2026-05-08,2026-05-11,2026-05-10,3,1,0,11.43
SHP-505093,ORD-505093,ParcelFast,2026-05-11,2026-05-12,2026-05-16,8,0,4,11.98
SHP-505094,ORD-505094,ParcelFast,2026-05-08,2026-05-12,2026-05-12,4,1,0,14.57
SHP-505095,ORD-505095,MetroCourier,2026-05-10,2026-05-12,2026-05-11,3,1,0,13.5
SHP-505096,ORD-505096,ParcelFast,2026-05-10,2026-05-12,2026-05-12,4,1,0,10.94
SHP-505097,ORD-505097,ShipRight,2026-05-09,2026-05-12,2026-05-11,3,1,0,10.65
SHP-505098,ORD-505098,ShipRight,2026-05-08,2026-05-12,2026-05-11,3,1,0,11.39
SHP-505099,ORD-505099,ShipRight,2026-05-09,2026-05-12,2026-05-11,3,1,0,13.73
SHP-505100,ORD-505100,MetroCourier,2026-05-09,2026-05-12,2026-05-13,5,0,1,11.21
SHP-505101,ORD-505101,ShipRight,2026-05-08,2026-05-12,2026-05-12,4,1,0,14.11
SHP-505102,ORD-505102,ParcelFast,2026-05-09,2026-05-12,2026-05-12,4,1,0,9.67
SHP-505103,ORD-505103,ParcelFast,2026-05-08,2026-05-12,2026-05-13,5,0,1,14.01
SHP-505104,ORD-505104,ShipRight,2026-05-09,2026-05-12,2026-05-10,2,1,0,13.26
SHP-505105,ORD-505105,ParcelFast,2026-05-09,2026-05-12,2026-05-11,3,1,0,11.22
SHP-505106,ORD-505106,ShipRight,2026-05-10,2026-05-12,2026-05-13,5,0,1,12.27
SHP-505107,ORD-505107,NorthLine,2026-05-11,2026-05-12,2026-05-15,7,0,3,9.67
SHP-505108,ORD-505108,MetroCourier,2026-05-09,2026-05-12,2026-05-11,3,1,0,9.33
SHP-505109,ORD-505109,NorthLine,2026-05-10,2026-05-12,2026-05-12,4,1,0,14.25
SHP-505110,ORD-505110,NorthLine,2026-05-09,2026-05-12,2026-05-11,3,1,0,9.67
SHP-505111,ORD-505111,NorthLine,2026-05-08,2026-05-12,2026-05-13,5,0,1,10.84
SHP-505112,ORD-505112,NorthLine,2026-05-08,2026-05-12,2026-05-11,3,1,0,11.9
SHP-505113,ORD-505113,NorthLine,2026-05-10,2026-05-12,2026-05-13,5,0,1,14.26
SHP-505114,ORD-505114,NorthLine,2026-05-09,2026-05-12,2026-05-11,3,1,0,12.66
SHP-505115,ORD-505115,ShipRight,2026-05-08,2026-05-12,2026-05-09,1,1,0,9.46
SHP-505116,ORD-505116,ShipRight,2026-05-09,2026-05-12,2026-05-11,3,1,0,11.63
SHP-505117,ORD-505117,NorthLine,2026-05-09,2026-05-12,2026-05-15,7,0,3,11.71
SHP-505118,ORD-505118,NorthLine,2026-05-09,2026-05-12,2026-05-10,2,1,0,13.83
SHP-505119,ORD-505119,MetroCourier,2026-05-09,2026-05-12,2026-05-14,6,0,2,9.95
SHP-505120,ORD-505120,ParcelFast,2026-05-09,2026-05-12,2026-05-13,5,0,1,10.69
SHP-505121,ORD-505121,ShipRight,2026-05-09,2026-05-12,2026-05-10,2,1,0,12.57
SHP-505122,ORD-505122,MetroCourier,2026-05-09,2026-05-12,2026-05-13,5,0,1,11.68
SHP-505123,ORD-505123,NorthLine,2026-05-10,2026-05-12,2026-05-13,5,0,1,9.27
SHP-505124,ORD-505124,MetroCourier,2026-05-08,2026-05-12,2026-05-12,4,1,0,9.08
SHP-505125,ORD-505125,ParcelFast,2026-05-09,2026-05-12,2026-05-10,2,1,0,10.16
SHP-505126,ORD-505126,ShipRight,2026-05-08,2026-05-12,2026-05-10,2,1,0,11.55
SHP-505127,ORD-505127,ShipRight,2026-05-09,2026-05-12,2026-05-11,3,1,0,11.66
SHP-505128,ORD-505128,ShipRight,2026-05-10,2026-05-12,2026-05-13,5,0,1,10.25
SHP-505129,ORD-505129,NorthLine,2026-05-09,2026-05-12,2026-05-11,3,1,0,11.78
SHP-505130,ORD-505130,NorthLine,2026-05-10,2026-05-12,2026-05-12,4,1,0,11.06
SHP-505131,ORD-505131,MetroCourier,2026-05-09,2026-05-12,2026-05-14,6,0,2,10.5
SHP-505132,ORD-505132,NorthLine,2026-05-09,2026-05-12,2026-05-12,4,1,0,14.31
SHP-505133,ORD-505133,NorthLine,2026-05-08,2026-05-12,2026-05-10,2,1,0,12.0
SHP-505134,ORD-505134,ShipRight,2026-05-11,2026-05-12,2026-05-15,7,0,3,10.59
SHP-505135,ORD-505135,ParcelFast,2026-05-09,2026-05-12,2026-05-11,3,1,0,9.54
SHP-505136,ORD-505136,MetroCourier,2026-05-09,2026-05-12,2026-05-12,4,1,0,8.9
SHP-505137,ORD-505137,NorthLine,2026-05-09,2026-05-12,2026-05-12,4,1,0,13.27
SHP-505138,ORD-505138,ParcelFast,2026-05-08,2026-05-12,2026-05-10,2,1,0,9.97
SHP-505139,ORD-505139,ShipRight,2026-05-09,2026-05-12,2026-05-11,3,1,0,14.15
SHP-505140,ORD-505140,MetroCourier,2026-05-10,2026-05-13,2026-05-13,4,1,0,13.28
SHP-505141,ORD-505141,ShipRight,2026-05-11,2026-05-13,2026-05-13,4,1,0,12.5
SHP-505142,ORD-505142,ParcelFast,2026-05-10,2026-05-13,2026-05-13,4,1,0,13.25
SHP-505143,ORD-505143,ParcelFast,2026-05-11,2026-05-13,2026-05-13,4,1,0,12.51
SHP-505144,ORD-505144,MetroCourier,2026-05-09,2026-05-13,2026-05-11,2,1,0,10.34
SHP-505145,ORD-505145,NorthLine,2026-05-11,2026-05-13,2026-05-14,5,0,1,11.56
SHP-505146,ORD-505146,MetroCourier,2026-05-10,2026-05-13,2026-05-14,5,0,1,9.79
SHP-505147,ORD-505147,ParcelFast,2026-05-09,2026-05-13,2026-05-11,2,1,0,10.63
SHP-505148,ORD-505148,MetroCourier,2026-05-10,2026-05-13,2026-05-15,6,0,2,10.94
SHP-505149,ORD-505149,NorthLine,2026-05-09,2026-05-13,2026-05-11,2,1,0,11.18
SHP-505150,ORD-505150,NorthLine,2026-05-09,2026-05-13,2026-05-12,3,1,0,9.89
SHP-505151,ORD-505151,ParcelFast,2026-05-10,2026-05-13,2026-05-13,4,1,0,10.09
SHP-505152,ORD-505152,MetroCourier,2026-05-11,2026-05-13,2026-05-13,4,1,0,11.65
SHP-505153,ORD-505153,MetroCourier,2026-05-09,2026-05-13,2026-05-12,3,1,0,9.34
SHP-505154,ORD-505154,MetroCourier,2026-05-10,2026-05-13,2026-05-15,6,0,2,16.1
SHP-505155,ORD-505155,ParcelFast,2026-05-09,2026-05-13,2026-05-12,3,1,0,11.71
SHP-505156,ORD-505156,NorthLine,2026-05-11,2026-05-13,2026-05-12,3,1,0,12.37
SHP-505157,ORD-505157,NorthLine,2026-05-12,2026-05-13,2026-05-13,4,1,0,10.16
SHP-505158,ORD-505158,ShipRight,2026-05-09,2026-05-13,2026-05-10,1,1,0,11.35
SHP-505159,ORD-505159,MetroCourier,2026-05-09,2026-05-13,2026-05-12,3,1,0,13.24
SHP-505160,ORD-505160,ShipRight,2026-05-10,2026-05-13,2026-05-15,6,0,2,10.5
SHP-505161,ORD-505161,ParcelFast,2026-05-09,2026-05-13,2026-05-10,1,1,0,11.56
SHP-505162,ORD-505162,ShipRight,2026-05-11,2026-05-13,2026-05-13,4,1,0,11.98
SHP-505163,ORD-505163,ParcelFast,2026-05-10,2026-05-13,2026-05-15,6,0,2,11.79
SHP-505164,ORD-505164,ShipRight,2026-05-10,2026-05-13,2026-05-13,4,1,0,13.7
SHP-505165,ORD-505165,NorthLine,2026-05-09,2026-05-13,2026-05-13,4,1,0,12.79
SHP-505166,ORD-505166,ShipRight,2026-05-10,2026-05-13,2026-05-11,2,1,0,11.28
SHP-505167,ORD-505167,ParcelFast,2026-05-09,2026-05-13,2026-05-13,4,1,0,12.72
SHP-505168,ORD-505168,ShipRight,2026-05-12,2026-05-13,2026-05-14,5,0,1,8.82
SHP-505169,ORD-505169,MetroCourier,2026-05-11,2026-05-13,2026-05-13,4,1,0,12.06
SHP-505170,ORD-505170,ParcelFast,2026-05-10,2026-05-13,2026-05-12,3,1,0,10.1
SHP-505171,ORD-505171,NorthLine,2026-05-10,2026-05-13,2026-05-11,2,1,0,13.11
SHP-505172,ORD-505172,ParcelFast,2026-05-09,2026-05-13,2026-05-10,1,1,0,13.7
SHP-505173,ORD-505173,NorthLine,2026-05-12,2026-05-13,2026-05-16,7,0,3,9.25
SHP-505174,ORD-505174,NorthLine,2026-05-10,2026-05-13,2026-05-11,2,1,0,12.61
SHP-505175,ORD-505175,ParcelFast,2026-05-11,2026-05-13,2026-05-12,3,1,0,8.85
SHP-505176,ORD-505176,ParcelFast,2026-05-09,2026-05-13,2026-05-13,4,1,0,9.45
SHP-505177,ORD-505177,ParcelFast,2026-05-09,2026-05-13,2026-05-15,6,0,2,10.48
SHP-505178,ORD-505178,NorthLine,2026-05-09,2026-05-13,2026-05-14,5,0,1,9.61
SHP-505179,ORD-505179,MetroCourier,2026-05-10,2026-05-13,2026-05-14,5,0,1,12.13
SHP-505180,ORD-505180,MetroCourier,2026-05-10,2026-05-13,2026-05-15,6,0,2,11.88
SHP-505181,ORD-505181,NorthLine,2026-05-10,2026-05-13,2026-05-12,3,1,0,9.94
SHP-505182,ORD-505182,ParcelFast,2026-05-10,2026-05-13,2026-05-13,4,1,0,10.74
SHP-505183,ORD-505183,ParcelFast,2026-05-11,2026-05-13,2026-05-15,6,0,2,11.34
SHP-505184,ORD-505184,NorthLine,2026-05-11,2026-05-13,2026-05-15,6,0,2,11.76
SHP-505185,ORD-505185,ParcelFast,2026-05-11,2026-05-13,2026-05-16,7,0,3,10.86
SHP-505186,ORD-505186,ShipRight,2026-05-09,2026-05-13,2026-05-12,3,1,0,10.45
SHP-505187,ORD-505187,ShipRight,2026-05-11,2026-05-13,2026-05-15,6,0,2,9.65
SHP-505188,ORD-505188,ParcelFast,2026-05-12,2026-05-13,2026-05-17,8,0,4,9.35
SHP-505189,ORD-505189,MetroCourier,2026-05-10,2026-05-13,2026-05-13,4,1,0,10.28
SHP-505190,ORD-505190,ParcelFast,2026-05-09,2026-05-13,2026-05-11,2,1,0,11.77
SHP-505191,ORD-505191,ParcelFast,2026-05-09,2026-05-13,2026-05-13,4,1,0,16.17
SHP-505192,ORD-505192,ShipRight,2026-05-10,2026-05-13,2026-05-12,3,1,0,12.9
SHP-505193,ORD-505193,NorthLine,2026-05-10,2026-05-13,2026-05-17,8,0,4,9.56
SHP-505194,ORD-505194,ParcelFast,2026-05-12,2026-05-13,2026-05-18,9,0,5,9.86
SHP-505195,ORD-505195,MetroCourier,2026-05-11,2026-05-13,2026-05-15,6,0,2,11.98
SHP-505196,ORD-505196,ParcelFast,2026-05-11,2026-05-14,2026-05-15,5,0,1,12.36
SHP-505197,ORD-505197,MetroCourier,2026-05-10,2026-05-14,2026-05-15,5,0,1,8.78
SHP-505198,ORD-505198,ParcelFast,2026-05-10,2026-05-14,2026-05-12,2,1,0,10.57
SHP-505199,ORD-505199,ShipRight,2026-05-11,2026-05-14,2026-05-14,4,1,0,9.81
SHP-505200,ORD-505200,MetroCourier,2026-05-11,2026-05-14,2026-05-15,5,0,1,10.15
SHP-505201,ORD-505201,ParcelFast,2026-05-10,2026-05-14,2026-05-13,3,1,0,12.46
SHP-505202,ORD-505202,MetroCourier,2026-05-11,2026-05-14,2026-05-13,3,1,0,11.65
SHP-505203,ORD-505203,ParcelFast,2026-05-10,2026-05-14,2026-05-13,3,1,0,9.49
SHP-505204,ORD-505204,NorthLine,2026-05-11,2026-05-14,2026-05-17,7,0,3,12.37
SHP-505205,ORD-505205,NorthLine,2026-05-11,2026-05-14,2026-05-13,3,1,0,9.76
SHP-505206,ORD-505206,NorthLine,2026-05-13,2026-05-14,2026-05-17,7,0,3,11.53
SHP-505207,ORD-505207,NorthLine,2026-05-10,2026-05-14,2026-05-12,2,1,0,12.46
SHP-505208,ORD-505208,NorthLine,2026-05-12,2026-05-14,2026-05-15,5,0,1,13.84
SHP-505209,ORD-505209,MetroCourier,2026-05-11,2026-05-14,2026-05-15,5,0,1,9.37
SHP-505210,ORD-505210,MetroCourier,2026-05-13,2026-05-14,2026-05-15,5,0,1,13.3
SHP-505211,ORD-505211,MetroCourier,2026-05-11,2026-05-14,2026-05-13,3,1,0,9.0
SHP-505212,ORD-505212,ShipRight,2026-05-11,2026-05-14,2026-05-12,2,1,0,10.73
SHP-505213,ORD-505213,ParcelFast,2026-05-10,2026-05-14,2026-05-14,4,1,0,13.72
SHP-505214,ORD-505214,NorthLine,2026-05-12,2026-05-14,2026-05-17,7,0,3,12.03
SHP-505215,ORD-505215,MetroCourier,2026-05-10,2026-05-14,2026-05-14,4,1,0,15.54
SHP-505216,ORD-505216,MetroCourier,2026-05-11,2026-05-14,2026-05-12,2,1,0,11.74
SHP-505217,ORD-505217,MetroCourier,2026-05-10,2026-05-14,2026-05-13,3,1,0,12.33
SHP-505218,ORD-505218,ParcelFast,2026-05-11,2026-05-14,2026-05-13,3,1,0,9.1
SHP-505219,ORD-505219,ShipRight,2026-05-10,2026-05-14,2026-05-11,1,1,0,9.38
SHP-505220,ORD-505220,MetroCourier,2026-05-11,2026-05-14,2026-05-13,3,1,0,9.91
SHP-505221,ORD-505221,MetroCourier,2026-05-11,2026-05-14,2026-05-18,8,0,4,10.68
SHP-505222,ORD-505222,NorthLine,2026-05-11,2026-05-14,2026-05-13,3,1,0,12.36
SHP-505223,ORD-505223,ShipRight,2026-05-11,2026-05-14,2026-05-15,5,0,1,10.29
SHP-505224,ORD-505224,ParcelFast,2026-05-10,2026-05-14,2026-05-13,3,1,0,9.71
SHP-505225,ORD-505225,ShipRight,2026-05-13,2026-05-14,2026-05-14,4,1,0,11.2
SHP-505226,ORD-505226,NorthLine,2026-05-11,2026-05-14,2026-05-16,6,0,2,10.43
SHP-505227,ORD-505227,MetroCourier,2026-05-10,2026-05-14,2026-05-12,2,1,0,10.19
SHP-505228,ORD-505228,NorthLine,2026-05-11,2026-05-14,2026-05-15,5,0,1,10.89
SHP-505229,ORD-505229,ShipRight,2026-05-12,2026-05-14,2026-05-16,6,0,2,10.09
SHP-505230,ORD-505230,ShipRight,2026-05-10,2026-05-14,2026-05-15,5,0,1,13.33
SHP-505231,ORD-505231,NorthLine,2026-05-12,2026-05-14,2026-05-14,4,1,0,9.64
SHP-505232,ORD-505232,MetroCourier,2026-05-12,2026-05-14,2026-05-14,4,1,0,8.77
SHP-505233,ORD-505233,ParcelFast,2026-05-12,2026-05-14,2026-05-15,5,0,1,9.68
SHP-505234,ORD-505234,NorthLine,2026-05-13,2026-05-14,2026-05-14,4,1,0,13.03
SHP-505235,ORD-505235,ShipRight,2026-05-12,2026-05-14,2026-05-16,6,0,2,9.67
SHP-505236,ORD-505236,NorthLine,2026-05-11,2026-05-14,2026-05-12,2,1,0,10.48
SHP-505237,ORD-505237,MetroCourier,2026-05-11,2026-05-14,2026-05-12,2,1,0,11.46
SHP-505238,ORD-505238,MetroCourier,2026-05-10,2026-05-14,2026-05-11,1,1,0,9.32
SHP-505239,ORD-505239,NorthLine,2026-05-10,2026-05-14,2026-05-12,2,1,0,8.95
SHP-505240,ORD-505240,ParcelFast,2026-05-12,2026-05-14,2026-05-15,5,0,1,11.91
SHP-505241,ORD-505241,ParcelFast,2026-05-12,2026-05-14,2026-05-17,7,0,3,10.4
SHP-505242,ORD-505242,ShipRight,2026-05-11,2026-05-14,2026-05-13,3,1,0,8.73
SHP-505243,ORD-505243,ParcelFast,2026-05-10,2026-05-14,2026-05-13,3,1,0,13.18
SHP-505244,ORD-505244,MetroCourier,2026-05-12,2026-05-14,2026-05-15,5,0,1,13.37
SHP-505245,ORD-505245,MetroCourier,2026-05-10,2026-05-14,2026-05-15,5,0,1,11.48
SHP-505246,ORD-505246,MetroCourier,2026-05-10,2026-05-14,2026-05-14,4,1,0,9.02
SHP-505247,ORD-505247,ParcelFast,2026-05-11,2026-05-14,2026-05-12,2,1,0,9.19
SHP-505248,ORD-505248,ParcelFast,2026-05-11,2026-05-14,2026-05-15,5,0,1,13.55
SHP-505249,ORD-505249,ShipRight,2026-05-11,2026-05-14,2026-05-12,2,1,0,9.8
SHP-505250,ORD-505250,ShipRight,2026-05-13,2026-05-14,2026-05-17,7,0,3,11.26
SHP-505251,ORD-505251,ParcelFast,2026-05-11,2026-05-14,2026-05-13,3,1,0,11.22
SHP-505252,ORD-505252,ShipRight,2026-05-11,2026-05-14,2026-05-16,6,0,2,11.91
SHP-505253,ORD-505253,MetroCourier,2026-05-13,2026-05-14,2026-05-14,4,1,0,11.49
SHP-505254,ORD-505254,MetroCourier,2026-05-12,2026-05-15,2026-05-15,4,1,0,11.52
SHP-505255,ORD-505255,NorthLine,2026-05-12,2026-05-15,2026-05-16,5,0,1,15.93
SHP-505256,ORD-505256,ShipRight,2026-05-12,2026-05-15,2026-05-16,5,0,1,14.51
SHP-505257,ORD-505257,ParcelFast,2026-05-13,2026-05-15,2026-05-14,3,1,0,10.06
SHP-505258,ORD-505258,NorthLine,2026-05-14,2026-05-15,2026-05-16,5,0,1,11.87
SHP-505259,ORD-505259,MetroCourier,2026-05-11,2026-05-15,2026-05-15,4,1,0,12.07
SHP-505260,ORD-505260,MetroCourier,2026-05-11,2026-05-15,2026-05-13,2,1,0,12.64
SHP-505261,ORD-505261,ShipRight,2026-05-12,2026-05-15,2026-05-15,4,1,0,8.94
SHP-505262,ORD-505262,ParcelFast,2026-05-12,2026-05-15,2026-05-18,7,0,3,9.25
SHP-505263,ORD-505263,ParcelFast,2026-05-12,2026-05-15,2026-05-14,3,1,0,9.8
SHP-505264,ORD-505264,NorthLine,2026-05-12,2026-05-15,2026-05-14,3,1,0,12.94
SHP-505265,ORD-505265,NorthLine,2026-05-11,2026-05-15,2026-05-15,4,1,0,11.42
SHP-505266,ORD-505266,MetroCourier,2026-05-11,2026-05-15,2026-05-15,4,1,0,9.82
SHP-505267,ORD-505267,ParcelFast,2026-05-12,2026-05-15,2026-05-16,5,0,1,11.91
SHP-505268,ORD-505268,NorthLine,2026-05-13,2026-05-15,2026-05-17,6,0,2,12.09
SHP-505269,ORD-505269,ParcelFast,2026-05-12,2026-05-15,2026-05-17,6,0,2,11.36
SHP-505270,ORD-505270,ShipRight,2026-05-13,2026-05-15,2026-05-17,6,0,2,10.66
SHP-505271,ORD-505271,NorthLine,2026-05-13,2026-05-15,2026-05-15,4,1,0,11.87
SHP-505272,ORD-505272,ParcelFast,2026-05-13,2026-05-15,2026-05-15,4,1,0,10.34
SHP-505273,ORD-505273,ParcelFast,2026-05-12,2026-05-15,2026-05-17,6,0,2,16.08
SHP-505274,ORD-505274,MetroCourier,2026-05-12,2026-05-15,2026-05-14,3,1,0,12.45
SHP-505275,ORD-505275,NorthLine,2026-05-14,2026-05-15,2026-05-17,6,0,2,11.07
SHP-505276,ORD-505276,NorthLine,2026-05-12,2026-05-15,2026-05-16,5,0,1,12.68
SHP-505277,ORD-505277,ParcelFast,2026-05-11,2026-05-15,2026-05-13,2,1,0,10.35
SHP-505278,ORD-505278,MetroCourier,2026-05-12,2026-05-15,2026-05-15,4,1,0,12.18
SHP-505279,ORD-505279,ShipRight,2026-05-12,2026-05-15,2026-05-14,3,1,0,8.74
SHP-505280,ORD-505280,NorthLine,2026-05-11,2026-05-15,2026-05-14,3,1,0,11.61
SHP-505281,ORD-505281,NorthLine,2026-05-12,2026-05-15,2026-05-17,6,0,2,13.41
SHP-505282,ORD-505282,NorthLine,2026-05-14,2026-05-15,2026-05-17,6,0,2,11.93
SHP-505283,ORD-505283,ParcelFast,2026-05-12,2026-05-15,2026-05-14,3,1,0,13.53
SHP-505284,ORD-505284,NorthLine,2026-05-13,2026-05-15,2026-05-18,7,0,3,12.68
SHP-505285,ORD-505285,ParcelFast,2026-05-13,2026-05-15,2026-05-17,6,0,2,12.45
SHP-505286,ORD-505286,MetroCourier,2026-05-12,2026-05-15,2026-05-15,4,1,0,12.26
SHP-505287,ORD-505287,MetroCourier,2026-05-12,2026-05-15,2026-05-15,4,1,0,10.49
SHP-505288,ORD-505288,ShipRight,2026-05-11,2026-05-15,2026-05-16,5,0,1,12.27
SHP-505289,ORD-505289,ParcelFast,2026-05-11,2026-05-15,2026-05-15,4,1,0,10.58
SHP-505290,ORD-505290,MetroCourier,2026-05-11,2026-05-15,2026-05-15,4,1,0,12.54
SHP-505291,ORD-505291,ShipRight,2026-05-12,2026-05-15,2026-05-15,4,1,0,10.0
SHP-505292,ORD-505292,ParcelFast,2026-05-12,2026-05-15,2026-05-15,4,1,0,13.7
SHP-505293,ORD-505293,ParcelFast,2026-05-11,2026-05-15,2026-05-15,4,1,0,11.23
SHP-505294,ORD-505294,NorthLine,2026-05-13,2026-05-16,2026-05-16,4,1,0,10.7
SHP-505295,ORD-505295,ParcelFast,2026-05-13,2026-05-16,2026-05-16,4,1,0,14.93
SHP-505296,ORD-505296,ParcelFast,2026-05-15,2026-05-16,2026-05-16,4,1,0,12.04
SHP-505297,ORD-505297,ParcelFast,2026-05-13,2026-05-16,2026-05-14,2,1,0,10.6
SHP-505298,ORD-505298,ShipRight,2026-05-15,2026-05-16,2026-05-19,7,0,3,12.63
SHP-505299,ORD-505299,NorthLine,2026-05-13,2026-05-16,2026-05-16,4,1,0,10.91
SHP-505300,ORD-505300,MetroCourier,2026-05-14,2026-05-16,2026-05-17,5,0,1,10.05
SHP-505301,ORD-505301,MetroCourier,2026-05-13,2026-05-16,2026-05-17,5,0,1,11.13
SHP-505302,ORD-505302,MetroCourier,2026-05-12,2026-05-16,2026-05-14,2,1,0,9.6
SHP-505303,ORD-505303,ShipRight,2026-05-12,2026-05-16,2026-05-16,4,1,0,12.3
SHP-505304,ORD-505304,ShipRight,2026-05-13,2026-05-16,2026-05-16,4,1,0,11.89
SHP-505305,ORD-505305,NorthLine,2026-05-15,2026-05-16,2026-05-18,6,0,2,11.27
SHP-505306,ORD-505306,ShipRight,2026-05-14,2026-05-16,2026-05-17,5,0,1,9.8
SHP-505307,ORD-505307,ParcelFast,2026-05-13,2026-05-16,2026-05-16,4,1,0,10.28
SHP-505308,ORD-505308,NorthLine,2026-05-12,2026-05-16,2026-05-17,5,0,1,11.03
SHP-505309,ORD-505309,ParcelFast,2026-05-13,2026-05-16,2026-05-16,4,1,0,10.19
SHP-505310,ORD-505310,MetroCourier,2026-05-12,2026-05-16,2026-05-15,3,1,0,13.69
SHP-505311,ORD-505311,MetroCourier,2026-05-15,2026-05-16,2026-05-19,7,0,3,10.44
SHP-505312,ORD-505312,NorthLine,2026-05-12,2026-05-16,2026-05-17,5,0,1,9.87
SHP-505313,ORD-505313,MetroCourier,2026-05-13,2026-05-16,2026-05-18,6,0,2,13.71
SHP-505314,ORD-505314,ShipRight,2026-05-13,2026-05-16,2026-05-14,2,1,0,10.56
SHP-505315,ORD-505315,ParcelFast,2026-05-13,2026-05-16,2026-05-15,3,1,0,11.21
SHP-505316,ORD-505316,ShipRight,2026-05-14,2026-05-16,2026-05-18,6,0,2,9.18
SHP-505317,ORD-505317,ShipRight,2026-05-14,2026-05-16,2026-05-18,6,0,2,8.93
SHP-505318,ORD-505318,NorthLine,2026-05-12,2026-05-16,2026-05-16,4,1,0,9.95
SHP-505319,ORD-505319,NorthLine,2026-05-13,2026-05-16,2026-05-16,4,1,0,11.13
SHP-505320,ORD-505320,MetroCourier,2026-05-13,2026-05-16,2026-05-16,4,1,0,10.17
SHP-505321,ORD-505321,ShipRight,2026-05-14,2026-05-16,2026-05-17,5,0,1,13.28
SHP-505322,ORD-505322,MetroCourier,2026-05-15,2026-05-16,2026-05-17,5,0,1,10.94
SHP-505323,ORD-505323,MetroCourier,2026-05-12,2026-05-16,2026-05-15,3,1,0,10.78
SHP-505324,ORD-505324,NorthLine,2026-05-14,2026-05-16,2026-05-18,6,0,2,10.12
SHP-505325,ORD-505325,ParcelFast,2026-05-12,2026-05-16,2026-05-15,3,1,0,12.12
SHP-505326,ORD-505326,NorthLine,2026-05-13,2026-05-16,2026-05-16,4,1,0,10.94
SHP-505327,ORD-505327,ShipRight,2026-05-14,2026-05-16,2026-05-17,5,0,1,11.25
SHP-505328,ORD-505328,ShipRight,2026-05-13,2026-05-16,2026-05-17,5,0,1,11.18
SHP-505329,ORD-505329,MetroCourier,2026-05-14,2026-05-16,2026-05-18,6,0,2,8.97
SHP-505330,ORD-505330,ParcelFast,2026-05-15,2026-05-17,2026-05-18,5,0,1,10.59
SHP-505331,ORD-505331,NorthLine,2026-05-16,2026-05-17,2026-05-17,4,1,0,11.19
SHP-505332,ORD-505332,MetroCourier,2026-05-15,2026-05-17,2026-05-18,5,0,1,10.07
SHP-505333,ORD-505333,ShipRight,2026-05-14,2026-05-17,2026-05-17,4,1,0,8.99
SHP-505334,ORD-505334,MetroCourier,2026-05-13,2026-05-17,2026-05-18,5,0,1,8.92
SHP-505335,ORD-505335,ShipRight,2026-05-13,2026-05-17,2026-05-14,1,1,0,11.39
SHP-505336,ORD-505336,NorthLine,2026-05-14,2026-05-17,2026-05-16,3,1,0,11.01
SHP-505337,ORD-505337,MetroCourier,2026-05-15,2026-05-17,2026-05-17,4,1,0,10.83
SHP-505338,ORD-505338,ParcelFast,2026-05-14,2026-05-17,2026-05-18,5,0,1,9.2
SHP-505339,ORD-505339,MetroCourier,2026-05-14,2026-05-17,2026-05-16,3,1,0,11.26
SHP-505340,ORD-505340,MetroCourier,2026-05-15,2026-05-17,2026-05-18,5,0,1,15.01
SHP-505341,ORD-505341,NorthLine,2026-05-16,2026-05-17,2026-05-19,6,0,2,10.71
SHP-505342,ORD-505342,ParcelFast,2026-05-15,2026-05-17,2026-05-18,5,0,1,13.7
SHP-505343,ORD-505343,ShipRight,2026-05-15,2026-05-17,2026-05-17,4,1,0,9.33
SHP-505344,ORD-505344,ParcelFast,2026-05-15,2026-05-17,2026-05-17,4,1,0,13.8
SHP-505345,ORD-505345,ParcelFast,2026-05-13,2026-05-17,2026-05-14,1,1,0,12.43
SHP-505346,ORD-505346,ParcelFast,2026-05-14,2026-05-17,2026-05-20,7,0,3,11.12
SHP-505347,ORD-505347,ParcelFast,2026-05-15,2026-05-17,2026-05-20,7,0,3,10.03
SHP-505348,ORD-505348,NorthLine,2026-05-14,2026-05-17,2026-05-17,4,1,0,13.21
SHP-505349,ORD-505349,NorthLine,2026-05-14,2026-05-17,2026-05-19,6,0,2,11.12
SHP-505350,ORD-505350,ParcelFast,2026-05-15,2026-05-17,2026-05-17,4,1,0,11.35
SHP-505351,ORD-505351,NorthLine,2026-05-13,2026-05-17,2026-05-16,3,1,0,12.27
SHP-505352,ORD-505352,MetroCourier,2026-05-13,2026-05-17,2026-05-15,2,1,0,11.28
SHP-505353,ORD-505353,NorthLine,2026-05-15,2026-05-17,2026-05-19,6,0,2,11.7
SHP-505354,ORD-505354,ShipRight,2026-05-13,2026-05-17,2026-05-20,7,0,3,13.27
SHP-505355,ORD-505355,ShipRight,2026-05-13,2026-05-17,2026-05-16,3,1,0,12.51
SHP-505356,ORD-505356,ParcelFast,2026-05-14,2026-05-17,2026-05-17,4,1,0,11.6
SHP-505357,ORD-505357,NorthLine,2026-05-15,2026-05-17,2026-05-16,3,1,0,9.05
SHP-505358,ORD-505358,ShipRight,2026-05-15,2026-05-17,2026-05-23,10,0,6,10.04
SHP-505359,ORD-505359,NorthLine,2026-05-14,2026-05-17,2026-05-18,5,0,1,12.56
SHP-505360,ORD-505360,NorthLine,2026-05-14,2026-05-17,2026-05-15,2,1,0,9.61
SHP-505361,ORD-505361,ShipRight,2026-05-14,2026-05-17,2026-05-18,5,0,1,8.89
SHP-505362,ORD-505362,NorthLine,2026-05-14,2026-05-17,2026-05-17,4,1,0,12.31
SHP-505363,ORD-505363,MetroCourier,2026-05-14,2026-05-17,2026-05-18,5,0,1,10.33
SHP-505364,ORD-505364,ParcelFast,2026-05-14,2026-05-17,2026-05-18,5,0,1,13.17
SHP-505365,ORD-505365,MetroCourier,2026-05-16,2026-05-17,2026-05-22,9,0,5,8.93
SHP-505366,ORD-505366,MetroCourier,2026-05-13,2026-05-17,2026-05-16,3,1,0,10.35
SHP-505367,ORD-505367,MetroCourier,2026-05-13,2026-05-17,2026-05-15,2,1,0,10.11
SHP-505368,ORD-505368,ParcelFast,2026-05-14,2026-05-17,2026-05-16,3,1,0,12.11
SHP-505369,ORD-505369,ParcelFast,2026-05-14,2026-05-17,2026-05-15,2,1,0,10.19
SHP-505370,ORD-505370,ParcelFast,2026-05-14,2026-05-17,2026-05-17,4,1,0,12.58
SHP-505371,ORD-505371,ParcelFast,2026-05-14,2026-05-17,2026-05-17,4,1,0,11.0
SHP-505372,ORD-505372,NorthLine,2026-05-14,2026-05-17,2026-05-17,4,1,0,12.05
SHP-505373,ORD-505373,ShipRight,2026-05-14,2026-05-17,2026-05-15,2,1,0,9.46
SHP-505374,ORD-505374,NorthLine,2026-05-13,2026-05-17,2026-05-15,2,1,0,14.86
SHP-505375,ORD-505375,NorthLine,2026-05-15,2026-05-18,2026-05-17,3,1,0,9.47
SHP-505376,ORD-505376,ShipRight,2026-05-15,2026-05-18,2026-05-16,2,1,0,10.41
SHP-505377,ORD-505377,MetroCourier,2026-05-15,2026-05-18,2026-05-17,3,1,0,9.21
SHP-505378,ORD-505378,ShipRight,2026-05-15,2026-05-18,2026-05-19,5,0,1,15.66
SHP-505379,ORD-505379,NorthLine,2026-05-15,2026-05-18,2026-05-17,3,1,0,10.47
SHP-505380,ORD-505380,NorthLine,2026-05-14,2026-05-18,2026-05-19,5,0,1,14.36
SHP-505381,ORD-505381,NorthLine,2026-05-15,2026-05-18,2026-05-19,5,0,1,11.65
SHP-505382,ORD-505382,MetroCourier,2026-05-15,2026-05-18,2026-05-18,4,1,0,8.89
SHP-505383,ORD-505383,MetroCourier,2026-05-15,2026-05-18,2026-05-17,3,1,0,12.01
SHP-505384,ORD-505384,ParcelFast,2026-05-15,2026-05-18,2026-05-19,5,0,1,10.46
SHP-505385,ORD-505385,ShipRight,2026-05-14,2026-05-18,2026-05-16,2,1,0,12.24
SHP-505386,ORD-505386,ParcelFast,2026-05-15,2026-05-18,2026-05-18,4,1,0,12.13
SHP-505387,ORD-505387,ParcelFast,2026-05-14,2026-05-18,2026-05-18,4,1,0,9.04
SHP-505388,ORD-505388,ShipRight,2026-05-15,2026-05-18,2026-05-16,2,1,0,11.37
SHP-505389,ORD-505389,ShipRight,2026-05-16,2026-05-18,2026-05-19,5,0,1,13.12
SHP-505390,ORD-505390,ParcelFast,2026-05-14,2026-05-18,2026-05-16,2,1,0,10.4
SHP-505391,ORD-505391,MetroCourier,2026-05-15,2026-05-18,2026-05-17,3,1,0,11.95
SHP-505392,ORD-505392,NorthLine,2026-05-16,2026-05-18,2026-05-20,6,0,2,13.16
SHP-505393,ORD-505393,MetroCourier,2026-05-15,2026-05-18,2026-05-20,6,0,2,11.8
SHP-505394,ORD-505394,MetroCourier,2026-05-15,2026-05-18,2026-05-18,4,1,0,12.09
SHP-505395,ORD-505395,MetroCourier,2026-05-15,2026-05-18,2026-05-17,3,1,0,10.17
SHP-505396,ORD-505396,ParcelFast,2026-05-15,2026-05-18,2026-05-18,4,1,0,13.77
SHP-505397,ORD-505397,MetroCourier,2026-05-15,2026-05-18,2026-05-20,6,0,2,11.7
SHP-505398,ORD-505398,ShipRight,2026-05-16,2026-05-18,2026-05-19,5,0,1,10.19
SHP-505399,ORD-505399,ShipRight,2026-05-14,2026-05-18,2026-05-20,6,0,2,11.99
SHP-505400,ORD-505400,MetroCourier,2026-05-15,2026-05-18,2026-05-18,4,1,0,8.92
SHP-505401,ORD-505401,ParcelFast,2026-05-15,2026-05-18,2026-05-21,7,0,3,10.97
SHP-505402,ORD-505402,ParcelFast,2026-05-14,2026-05-18,2026-05-17,3,1,0,9.67
SHP-505403,ORD-505403,ParcelFast,2026-05-15,2026-05-18,2026-05-17,3,1,0,10.84
SHP-505404,ORD-505404,MetroCourier,2026-05-17,2026-05-18,2026-05-21,7,0,3,8.73
SHP-505405,ORD-505405,ParcelFast,2026-05-15,2026-05-18,2026-05-17,3,1,0,8.98
SHP-505406,ORD-505406,ShipRight,2026-05-16,2026-05-18,2026-05-19,5,0,1,10.05
SHP-505407,ORD-505407,MetroCourier,2026-05-15,2026-05-18,2026-05-20,6,0,2,12.04
SHP-505408,ORD-505408,ParcelFast,2026-05-16,2026-05-18,2026-05-21,7,0,3,10.65
SHP-505409,ORD-505409,ParcelFast,2026-05-16,2026-05-19,2026-05-19,4,1,0,12.58
SHP-505410,ORD-505410,MetroCourier,2026-05-16,2026-05-19,2026-05-19,4,1,0,11.36
SHP-505411,ORD-505411,ParcelFast,2026-05-16,2026-05-19,2026-05-19,4,1,0,11.08
SHP-505412,ORD-505412,MetroCourier,2026-05-17,2026-05-19,2026-05-22,7,0,3,11.85
SHP-505413,ORD-505413,NorthLine,2026-05-17,2026-05-19,2026-05-22,7,0,3,12.97
SHP-505414,ORD-505414,NorthLine,2026-05-18,2026-05-19,2026-05-23,8,0,4,10.32
SHP-505415,ORD-505415,ShipRight,2026-05-15,2026-05-19,2026-05-17,2,1,0,10.63
SHP-505416,ORD-505416,ShipRight,2026-05-16,2026-05-19,2026-05-21,6,0,2,10.15
SHP-505417,ORD-505417,NorthLine,2026-05-16,2026-05-19,2026-05-17,2,1,0,12.7
SHP-505418,ORD-505418,NorthLine,2026-05-15,2026-05-19,2026-05-17,2,1,0,13.13
SHP-505419,ORD-505419,NorthLine,2026-05-15,2026-05-19,2026-05-17,2,1,0,11.85
SHP-505420,ORD-505420,MetroCourier,2026-05-16,2026-05-19,2026-05-18,3,1,0,11.46
SHP-505421,ORD-505421,MetroCourier,2026-05-17,2026-05-19,2026-05-22,7,0,3,9.55
SHP-505422,ORD-505422,MetroCourier,2026-05-17,2026-05-19,2026-05-23,8,0,4,12.17
SHP-505423,ORD-505423,ParcelFast,2026-05-16,2026-05-19,2026-05-19,4,1,0,12.5
SHP-505424,ORD-505424,ShipRight,2026-05-16,2026-05-19,2026-05-19,4,1,0,9.92
SHP-505425,ORD-505425,ParcelFast,2026-05-16,2026-05-19,2026-05-18,3,1,0,10.7
SHP-505426,ORD-505426,ParcelFast,2026-05-16,2026-05-19,2026-05-20,5,0,1,12.74
SHP-505427,ORD-505427,ParcelFast,2026-05-17,2026-05-19,2026-05-18,3,1,0,11.92
SHP-505428,ORD-505428,ShipRight,2026-05-16,2026-05-19,2026-05-22,7,0,3,13.87
SHP-505429,ORD-505429,ParcelFast,2026-05-17,2026-05-19,2026-05-23,8,0,4,10.25
SHP-505430,ORD-505430,MetroCourier,2026-05-16,2026-05-19,2026-05-17,2,1,0,10.08
SHP-505431,ORD-505431,ParcelFast,2026-05-17,2026-05-19,2026-05-20,5,0,1,8.81
SHP-505432,ORD-505432,ParcelFast,2026-05-16,2026-05-19,2026-05-23,8,0,4,10.85
SHP-505433,ORD-505433,ParcelFast,2026-05-16,2026-05-19,2026-05-18,3,1,0,12.64
SHP-505434,ORD-505434,ShipRight,2026-05-15,2026-05-19,2026-05-18,3,1,0,12.52
SHP-505435,ORD-505435,NorthLine,2026-05-16,2026-05-19,2026-05-21,6,0,2,9.69
SHP-505436,ORD-505436,MetroCourier,2026-05-17,2026-05-19,2026-05-19,4,1,0,11.29
SHP-505437,ORD-505437,ShipRight,2026-05-16,2026-05-19,2026-05-18,3,1,0,9.37
SHP-505438,ORD-505438,MetroCourier,2026-05-16,2026-05-19,2026-05-19,4,1,0,10.9
SHP-505439,ORD-505439,ParcelFast,2026-05-16,2026-05-19,2026-05-19,4,1,0,14.46
SHP-505440,ORD-505440,ParcelFast,2026-05-17,2026-05-19,2026-05-18,3,1,0,12.86
SHP-505441,ORD-505441,ShipRight,2026-05-17,2026-05-19,2026-05-18,3,1,0,14.78
SHP-505442,ORD-505442,ParcelFast,2026-05-16,2026-05-19,2026-05-17,2,1,0,10.93
SHP-505443,ORD-505443,ParcelFast,2026-05-16,2026-05-19,2026-05-19,4,1,0,9.74
SHP-505444,ORD-505444,MetroCourier,2026-05-17,2026-05-19,2026-05-18,3,1,0,10.78
SHP-505445,ORD-505445,NorthLine,2026-05-16,2026-05-19,2026-05-18,3,1,0,12.17
SHP-505446,ORD-505446,ShipRight,2026-05-17,2026-05-20,2026-05-23,7,0,3,10.66
SHP-505447,ORD-505447,NorthLine,2026-05-16,2026-05-20,2026-05-18,2,1,0,12.59
SHP-505448,ORD-505448,ParcelFast,2026-05-17,2026-05-20,2026-05-20,4,1,0,15.07
SHP-505449,ORD-505449,ShipRight,2026-05-16,2026-05-20,2026-05-21,5,0,1,13.87
SHP-505450,ORD-505450,MetroCourier,2026-05-17,2026-05-20,2026-05-22,6,0,2,10.72
SHP-505451,ORD-505451,ParcelFast,2026-05-19,2026-05-20,2026-05-21,5,0,1,9.96
SHP-505452,ORD-505452,ShipRight,2026-05-17,2026-05-20,2026-05-19,3,1,0,10.03
SHP-505453,ORD-505453,ParcelFast,2026-05-16,2026-05-20,2026-05-18,2,1,0,13.28
SHP-505454,ORD-505454,ParcelFast,2026-05-17,2026-05-20,2026-05-18,2,1,0,13.28
SHP-505455,ORD-505455,MetroCourier,2026-05-17,2026-05-20,2026-05-18,2,1,0,10.65
SHP-505456,ORD-505456,ShipRight,2026-05-17,2026-05-20,2026-05-19,3,1,0,11.34
SHP-505457,ORD-505457,ShipRight,2026-05-17,2026-05-20,2026-05-22,6,0,2,12.53
SHP-505458,ORD-505458,ShipRight,2026-05-19,2026-05-20,2026-05-21,5,0,1,9.8
SHP-505459,ORD-505459,ShipRight,2026-05-18,2026-05-20,2026-05-21,5,0,1,10.71
SHP-505460,ORD-505460,NorthLine,2026-05-17,2026-05-20,2026-05-19,3,1,0,12.71
SHP-505461,ORD-505461,MetroCourier,2026-05-16,2026-05-20,2026-05-20,4,1,0,10.98
SHP-505462,ORD-505462,ShipRight,2026-05-18,2026-05-20,2026-05-21,5,0,1,10.46
SHP-505463,ORD-505463,MetroCourier,2026-05-16,2026-05-20,2026-05-19,3,1,0,11.35
SHP-505464,ORD-505464,ParcelFast,2026-05-17,2026-05-20,2026-05-20,4,1,0,9.21
SHP-505465,ORD-505465,MetroCourier,2026-05-17,2026-05-20,2026-05-22,6,0,2,9.77
SHP-505466,ORD-505466,NorthLine,2026-05-17,2026-05-20,2026-05-22,6,0,2,13.65
SHP-505467,ORD-505467,NorthLine,2026-05-16,2026-05-20,2026-05-19,3,1,0,10.11
SHP-505468,ORD-505468,ShipRight,2026-05-17,2026-05-20,2026-05-21,5,0,1,11.09
SHP-505469,ORD-505469,ParcelFast,2026-05-16,2026-05-20,2026-05-18,2,1,0,11.53
SHP-505470,ORD-505470,MetroCourier,2026-05-17,2026-05-20,2026-05-18,2,1,0,11.92
SHP-505471,ORD-505471,MetroCourier,2026-05-16,2026-05-20,2026-05-20,4,1,0,11.72
SHP-505472,ORD-505472,MetroCourier,2026-05-16,2026-05-20,2026-05-18,2,1,0,12.04
SHP-505473,ORD-505473,ShipRight,2026-05-17,2026-05-20,2026-05-19,3,1,0,9.44
SHP-505474,ORD-505474,ParcelFast,2026-05-18,2026-05-20,2026-05-19,3,1,0,10.41
SHP-505475,ORD-505475,ShipRight,2026-05-19,2026-05-20,2026-05-24,8,0,4,10.53
SHP-505476,ORD-505476,ParcelFast,2026-05-17,2026-05-20,2026-05-22,6,0,2,9.12
SHP-505477,ORD-505477,NorthLine,2026-05-19,2026-05-20,2026-05-23,7,0,3,11.56
SHP-505478,ORD-505478,NorthLine,2026-05-17,2026-05-20,2026-05-20,4,1,0,11.43
SHP-505479,ORD-505479,MetroCourier,2026-05-17,2026-05-20,2026-05-24,8,0,4,14.54
SHP-505480,ORD-505480,MetroCourier,2026-05-17,2026-05-20,2026-05-20,4,1,0,8.83
SHP-505481,ORD-505481,ParcelFast,2026-05-17,2026-05-20,2026-05-21,5,0,1,15.78
SHP-505482,ORD-505482,NorthLine,2026-05-16,2026-05-20,2026-05-20,4,1,0,9.33
SHP-505483,ORD-505483,NorthLine,2026-05-17,2026-05-20,2026-05-20,4,1,0,10.91
SHP-505484,ORD-505484,MetroCourier,2026-05-16,2026-05-20,2026-05-19,3,1,0,11.51
SHP-505485,ORD-505485,ParcelFast,2026-05-17,2026-05-20,2026-05-19,3,1,0,12.39
SHP-505486,ORD-505486,NorthLine,2026-05-17,2026-05-20,2026-05-21,5,0,1,10.17
SHP-505487,ORD-505487,MetroCourier,2026-05-16,2026-05-20,2026-05-18,2,1,0,11.89
SHP-505488,ORD-505488,ParcelFast,2026-05-17,2026-05-20,2026-05-20,4,1,0,12.0
SHP-505489,ORD-505489,NorthLine,2026-05-16,2026-05-20,2026-05-19,3,1,0,9.01
SHP-505490,ORD-505490,ShipRight,2026-05-17,2026-05-20,2026-05-21,5,0,1,9.5
SHP-505491,ORD-505491,NorthLine,2026-05-16,2026-05-20,2026-05-19,3,1,0,8.9
SHP-505492,ORD-505492,ShipRight,2026-05-18,2026-05-20,2026-05-20,4,1,0,11.62
SHP-505493,ORD-505493,NorthLine,2026-05-18,2026-05-20,2026-05-19,3,1,0,10.75
SHP-505494,ORD-505494,ShipRight,2026-05-16,2026-05-20,2026-05-21,5,0,1,8.96
SHP-505495,ORD-505495,ParcelFast,2026-05-18,2026-05-20,2026-05-23,7,0,3,13.89
SHP-505496,ORD-505496,MetroCourier,2026-05-19,2026-05-20,2026-05-20,4,1,0,10.82
SHP-505497,ORD-505497,MetroCourier,2026-05-17,2026-05-20,2026-05-20,4,1,0,11.62
SHP-505498,ORD-505498,NorthLine,2026-05-18,2026-05-20,2026-05-21,5,0,1,11.87
SHP-505499,ORD-505499,MetroCourier,2026-05-17,2026-05-20,2026-05-19,3,1,0,13.12
SHP-505500,ORD-505500,ShipRight,2026-05-16,2026-05-20,2026-05-22,6,0,2,10.93
SHP-505501,ORD-505501,ShipRight,2026-05-16,2026-05-20,2026-05-20,4,1,0,12.2
SHP-505502,ORD-505502,NorthLine,2026-05-19,2026-05-21,2026-05-21,4,1,0,15.91
SHP-505503,ORD-505503,MetroCourier,2026-05-19,2026-05-21,2026-05-21,4,1,0,14.68
SHP-505504,ORD-505504,ShipRight,2026-05-17,2026-05-21,2026-05-22,5,0,1,12.93
SHP-505505,ORD-505505,MetroCourier,2026-05-19,2026-05-21,2026-05-25,8,0,4,11.13
SHP-505506,ORD-505506,ParcelFast,2026-05-18,2026-05-21,2026-05-21,4,1,0,11.05
SHP-505507,ORD-505507,NorthLine,2026-05-18,2026-05-21,2026-05-23,6,0,2,11.42
SHP-505508,ORD-505508,ParcelFast,2026-05-17,2026-05-21,2026-05-21,4,1,0,12.04
SHP-505509,ORD-505509,NorthLine,2026-05-18,2026-05-21,2026-05-21,4,1,0,13.25
SHP-505510,ORD-505510,NorthLine,2026-05-19,2026-05-21,2026-05-20,3,1,0,12.26
SHP-505511,ORD-505511,MetroCourier,2026-05-18,2026-05-21,2026-05-21,4,1,0,8.74
SHP-505512,ORD-505512,ParcelFast,2026-05-18,2026-05-21,2026-05-22,5,0,1,10.62
SHP-505513,ORD-505513,MetroCourier,2026-05-18,2026-05-21,2026-05-23,6,0,2,13.66
SHP-505514,ORD-505514,ShipRight,2026-05-19,2026-05-21,2026-05-23,6,0,2,10.55
SHP-505515,ORD-505515,ShipRight,2026-05-18,2026-05-21,2026-05-21,4,1,0,10.17
SHP-505516,ORD-505516,NorthLine,2026-05-17,2026-05-21,2026-05-22,5,0,1,10.3
SHP-505517,ORD-505517,NorthLine,2026-05-17,2026-05-21,2026-05-20,3,1,0,12.65
SHP-505518,ORD-505518,ParcelFast,2026-05-17,2026-05-21,2026-05-18,1,1,0,11.72
SHP-505519,ORD-505519,ParcelFast,2026-05-17,2026-05-21,2026-05-20,3,1,0,8.84
SHP-505520,ORD-505520,ParcelFast,2026-05-18,2026-05-21,2026-05-20,3,1,0,9.92
SHP-505521,ORD-505521,ParcelFast,2026-05-19,2026-05-21,2026-05-20,3,1,0,11.22
SHP-505522,ORD-505522,ShipRight,2026-05-18,2026-05-21,2026-05-19,2,1,0,13.7
SHP-505523,ORD-505523,ParcelFast,2026-05-17,2026-05-21,2026-05-21,4,1,0,8.85
SHP-505524,ORD-505524,MetroCourier,2026-05-18,2026-05-21,2026-05-22,5,0,1,12.19
SHP-505525,ORD-505525,ShipRight,2026-05-17,2026-05-21,2026-05-20,3,1,0,15.09
SHP-505526,ORD-505526,MetroCourier,2026-05-18,2026-05-21,2026-05-22,5,0,1,11.48
SHP-505527,ORD-505527,NorthLine,2026-05-18,2026-05-21,2026-05-20,3,1,0,12.29
SHP-505528,ORD-505528,NorthLine,2026-05-18,2026-05-21,2026-05-19,2,1,0,9.57
SHP-505529,ORD-505529,NorthLine,2026-05-17,2026-05-21,2026-05-20,3,1,0,10.31
SHP-505530,ORD-505530,MetroCourier,2026-05-17,2026-05-21,2026-05-19,2,1,0,9.87
SHP-505531,ORD-505531,MetroCourier,2026-05-18,2026-05-21,2026-05-19,2,1,0,10.96
SHP-505532,ORD-505532,NorthLine,2026-05-18,2026-05-21,2026-05-21,4,1,0,11.13
SHP-505533,ORD-505533,ParcelFast,2026-05-20,2026-05-21,2026-05-22,5,0,1,14.69
SHP-505534,ORD-505534,MetroCourier,2026-05-19,2026-05-21,2026-05-25,8,0,4,9.34
SHP-505535,ORD-505535,ParcelFast,2026-05-17,2026-05-21,2026-05-19,2,1,0,13.62
SHP-505536,ORD-505536,NorthLine,2026-05-17,2026-05-21,2026-05-19,2,1,0,11.76
SHP-505537,ORD-505537,NorthLine,2026-05-18,2026-05-21,2026-05-20,3,1,0,10.77
SHP-505538,ORD-505538,ShipRight,2026-05-20,2026-05-21,2026-05-22,5,0,1,12.46
SHP-505539,ORD-505539,ParcelFast,2026-05-18,2026-05-21,2026-05-25,8,0,4,9.49
SHP-505540,ORD-505540,ShipRight,2026-05-18,2026-05-21,2026-05-23,6,0,2,12.22
SHP-505541,ORD-505541,MetroCourier,2026-05-18,2026-05-21,2026-05-20,3,1,0,11.32
SHP-505542,ORD-505542,NorthLine,2026-05-20,2026-05-21,2026-05-22,5,0,1,12.93
SHP-505543,ORD-505543,MetroCourier,2026-05-18,2026-05-21,2026-05-19,2,1,0,13.78
SHP-505544,ORD-505544,ParcelFast,2026-05-17,2026-05-21,2026-05-18,1,1,0,11.56
SHP-505545,ORD-505545,ShipRight,2026-05-17,2026-05-21,2026-05-18,1,1,0,13.34
SHP-505546,ORD-505546,MetroCourier,2026-05-19,2026-05-21,2026-05-23,6,0,2,12.07
SHP-505547,ORD-505547,ShipRight,2026-05-17,2026-05-21,2026-05-19,2,1,0,10.74
SHP-505548,ORD-505548,NorthLine,2026-05-18,2026-05-21,2026-05-25,8,0,4,10.74
SHP-505549,ORD-505549,ParcelFast,2026-05-17,2026-05-21,2026-05-19,2,1,0,10.16
SHP-505550,ORD-505550,MetroCourier,2026-05-18,2026-05-21,2026-05-20,3,1,0,12.33
SHP-505551,ORD-505551,NorthLine,2026-05-18,2026-05-21,2026-05-23,6,0,2,12.56
SHP-505552,ORD-505552,ShipRight,2026-05-19,2026-05-21,2026-05-24,7,0,3,10.78
SHP-505553,ORD-505553,MetroCourier,2026-05-19,2026-05-21,2026-05-22,5,0,1,11.41
SHP-505554,ORD-505554,ShipRight,2026-05-19,2026-05-22,2026-05-26,8,0,4,9.14
SHP-505555,ORD-505555,NorthLine,2026-05-19,2026-05-22,2026-05-21,3,1,0,9.39
SHP-505556,ORD-505556,ParcelFast,2026-05-21,2026-05-22,2026-05-27,9,0,5,12.04
SHP-505557,ORD-505557,MetroCourier,2026-05-21,2026-05-22,2026-05-26,8,0,4,13.36
SHP-505558,ORD-505558,ParcelFast,2026-05-19,2026-05-22,2026-05-21,3,1,0,12.7
SHP-505559,ORD-505559,MetroCourier,2026-05-19,2026-05-22,2026-05-21,3,1,0,11.94
SHP-505560,ORD-505560,ParcelFast,2026-05-18,2026-05-22,2026-05-21,3,1,0,10.42
SHP-505561,ORD-505561,NorthLine,2026-05-20,2026-05-22,2026-05-24,6,0,2,12.35
SHP-505562,ORD-505562,MetroCourier,2026-05-19,2026-05-22,2026-05-24,6,0,2,11.66
SHP-505563,ORD-505563,NorthLine,2026-05-19,2026-05-22,2026-05-20,2,1,0,10.96
SHP-505564,ORD-505564,ShipRight,2026-05-21,2026-05-22,2026-05-26,8,0,4,8.85
SHP-505565,ORD-505565,ParcelFast,2026-05-20,2026-05-22,2026-05-21,3,1,0,11.67
SHP-505566,ORD-505566,NorthLine,2026-05-18,2026-05-22,2026-05-20,2,1,0,12.31
SHP-505567,ORD-505567,MetroCourier,2026-05-18,2026-05-22,2026-05-19,1,1,0,10.81
SHP-505568,ORD-505568,ShipRight,2026-05-20,2026-05-22,2026-05-22,4,1,0,13.09
SHP-505569,ORD-505569,MetroCourier,2026-05-20,2026-05-22,2026-05-23,5,0,1,12.03
SHP-505570,ORD-505570,ParcelFast,2026-05-19,2026-05-22,2026-05-22,4,1,0,11.66
SHP-505571,ORD-505571,ParcelFast,2026-05-18,2026-05-22,2026-05-19,1,1,0,13.77
SHP-505572,ORD-505572,MetroCourier,2026-05-20,2026-05-22,2026-05-22,4,1,0,12.04
SHP-505573,ORD-505573,NorthLine,2026-05-18,2026-05-22,2026-05-20,2,1,0,10.16
SHP-505574,ORD-505574,MetroCourier,2026-05-20,2026-05-22,2026-05-27,9,0,5,12.03
SHP-505575,ORD-505575,ShipRight,2026-05-19,2026-05-22,2026-05-21,3,1,0,12.72
SHP-505576,ORD-505576,ParcelFast,2026-05-19,2026-05-22,2026-05-24,6,0,2,9.89
SHP-505577,ORD-505577,ShipRight,2026-05-19,2026-05-22,2026-05-25,7,0,3,10.2
SHP-505578,ORD-505578,ParcelFast,2026-05-20,2026-05-22,2026-05-21,3,1,0,10.13
SHP-505579,ORD-505579,MetroCourier,2026-05-20,2026-05-22,2026-05-21,3,1,0,11.99
SHP-505580,ORD-505580,NorthLine,2026-05-19,2026-05-22,2026-05-22,4,1,0,12.24
SHP-505581,ORD-505581,NorthLine,2026-05-20,2026-05-22,2026-05-22,4,1,0,11.31
SHP-505582,ORD-505582,ParcelFast,2026-05-19,2026-05-22,2026-05-21,3,1,0,8.82
SHP-505583,ORD-505583,NorthLine,2026-05-18,2026-05-22,2026-05-21,3,1,0,9.29
SHP-505584,ORD-505584,NorthLine,2026-05-20,2026-05-22,2026-05-21,3,1,0,12.21
SHP-505585,ORD-505585,ShipRight,2026-05-19,2026-05-22,2026-05-22,4,1,0,9.41
SHP-505586,ORD-505586,MetroCourier,2026-05-19,2026-05-23,2026-05-20,1,1,0,9.16
SHP-505587,ORD-505587,ShipRight,2026-05-19,2026-05-23,2026-05-23,4,1,0,12.27
SHP-505588,ORD-505588,ShipRight,2026-05-21,2026-05-23,2026-05-23,4,1,0,12.51
SHP-505589,ORD-505589,ShipRight,2026-05-21,2026-05-23,2026-05-22,3,1,0,11.81
SHP-505590,ORD-505590,MetroCourier,2026-05-19,2026-05-23,2026-05-25,6,0,2,9.63
SHP-505591,ORD-505591,MetroCourier,2026-05-21,2026-05-23,2026-05-24,5,0,1,9.53
SHP-505592,ORD-505592,ParcelFast,2026-05-21,2026-05-23,2026-05-24,5,0,1,10.52
SHP-505593,ORD-505593,MetroCourier,2026-05-20,2026-05-23,2026-05-24,5,0,1,9.1
SHP-505594,ORD-505594,MetroCourier,2026-05-20,2026-05-23,2026-05-24,5,0,1,13.25
SHP-505595,ORD-505595,NorthLine,2026-05-22,2026-05-23,2026-05-24,5,0,1,13.61
SHP-505596,ORD-505596,ParcelFast,2026-05-20,2026-05-23,2026-05-24,5,0,1,13.12
SHP-505597,ORD-505597,NorthLine,2026-05-19,2026-05-23,2026-05-20,1,1,0,11.82
SHP-505598,ORD-505598,NorthLine,2026-05-19,2026-05-23,2026-05-20,1,1,0,15.9
SHP-505599,ORD-505599,MetroCourier,2026-05-19,2026-05-23,2026-05-20,1,1,0,14.48
SHP-505600,ORD-505600,MetroCourier,2026-05-21,2026-05-23,2026-05-25,6,0,2,14.42
SHP-505601,ORD-505601,MetroCourier,2026-05-20,2026-05-23,2026-05-24,5,0,1,12.48
SHP-505602,ORD-505602,MetroCourier,2026-05-21,2026-05-23,2026-05-26,7,0,3,9.29
SHP-505603,ORD-505603,MetroCourier,2026-05-22,2026-05-23,2026-05-27,8,0,4,14.35
SHP-505604,ORD-505604,ParcelFast,2026-05-19,2026-05-23,2026-05-20,1,1,0,9.2
SHP-505605,ORD-505605,ShipRight,2026-05-20,2026-05-23,2026-05-21,2,1,0,10.62
SHP-505606,ORD-505606,ParcelFast,2026-05-22,2026-05-23,2026-05-24,5,0,1,13.48
SHP-505607,ORD-505607,ParcelFast,2026-05-20,2026-05-23,2026-05-25,6,0,2,11.88
SHP-505608,ORD-505608,ShipRight,2026-05-19,2026-05-23,2026-05-25,6,0,2,12.39
SHP-505609,ORD-505609,ParcelFast,2026-05-21,2026-05-23,2026-05-22,3,1,0,11.77
SHP-505610,ORD-505610,ShipRight,2026-05-21,2026-05-23,2026-05-23,4,1,0,11.98
SHP-505611,ORD-505611,MetroCourier,2026-05-20,2026-05-23,2026-05-22,3,1,0,11.1
SHP-505612,ORD-505612,ShipRight,2026-05-20,2026-05-23,2026-05-22,3,1,0,13.5
SHP-505613,ORD-505613,ParcelFast,2026-05-22,2026-05-23,2026-05-28,9,0,5,10.05
SHP-505614,ORD-505614,NorthLine,2026-05-21,2026-05-24,2026-05-22,2,1,0,9.64
SHP-505615,ORD-505615,NorthLine,2026-05-21,2026-05-24,2026-05-24,4,1,0,11.9
SHP-505616,ORD-505616,MetroCourier,2026-05-21,2026-05-24,2026-05-22,2,1,0,12.29
SHP-505617,ORD-505617,ShipRight,2026-05-21,2026-05-24,2026-05-23,3,1,0,16.01
SHP-505618,ORD-505618,ParcelFast,2026-05-21,2026-05-24,2026-05-24,4,1,0,14.77
SHP-505619,ORD-505619,ShipRight,2026-05-21,2026-05-24,2026-05-25,5,0,1,11.18
SHP-505620,ORD-505620,NorthLine,2026-05-22,2026-05-24,2026-05-26,6,0,2,13.22
SHP-505621,ORD-505621,ParcelFast,2026-05-21,2026-05-24,2026-05-23,3,1,0,12.31
SHP-505622,ORD-505622,ParcelFast,2026-05-21,2026-05-24,2026-05-22,2,1,0,11.33
SHP-505623,ORD-505623,ParcelFast,2026-05-21,2026-05-24,2026-05-23,3,1,0,12.34
SHP-505624,ORD-505624,ParcelFast,2026-05-20,2026-05-24,2026-05-22,2,1,0,12.85
SHP-505625,ORD-505625,MetroCourier,2026-05-20,2026-05-24,2026-05-21,1,1,0,15.45
SHP-505626,ORD-505626,ShipRight,2026-05-21,2026-05-24,2026-05-23,3,1,0,15.0
SHP-505627,ORD-505627,MetroCourier,2026-05-21,2026-05-24,2026-05-26,6,0,2,8.77
SHP-505628,ORD-505628,NorthLine,2026-05-21,2026-05-24,2026-05-27,7,0,3,12.01
SHP-505629,ORD-505629,ShipRight,2026-05-21,2026-05-24,2026-05-24,4,1,0,11.63
SHP-505630,ORD-505630,ShipRight,2026-05-21,2026-05-24,2026-05-26,6,0,2,11.33
SHP-505631,ORD-505631,NorthLine,2026-05-20,2026-05-24,2026-05-21,1,1,0,9.4
SHP-505632,ORD-505632,MetroCourier,2026-05-22,2026-05-24,2026-05-25,5,0,1,12.19
SHP-505633,ORD-505633,ShipRight,2026-05-21,2026-05-24,2026-05-27,7,0,3,10.88
SHP-505634,ORD-505634,ParcelFast,2026-05-20,2026-05-24,2026-05-24,4,1,0,12.33
SHP-505635,ORD-505635,MetroCourier,2026-05-22,2026-05-24,2026-05-23,3,1,0,9.91
SHP-505636,ORD-505636,MetroCourier,2026-05-20,2026-05-24,2026-05-25,5,0,1,11.13
SHP-505637,ORD-505637,MetroCourier,2026-05-21,2026-05-24,2026-05-27,7,0,3,9.06
SHP-505638,ORD-505638,ParcelFast,2026-05-21,2026-05-24,2026-05-22,2,1,0,15.02
SHP-505639,ORD-505639,ShipRight,2026-05-22,2026-05-24,2026-05-24,4,1,0,12.35
SHP-505640,ORD-505640,MetroCourier,2026-05-20,2026-05-24,2026-05-23,3,1,0,10.87
SHP-505641,ORD-505641,ParcelFast,2026-05-21,2026-05-24,2026-05-23,3,1,0,9.36
SHP-505642,ORD-505642,NorthLine,2026-05-22,2026-05-24,2026-05-24,4,1,0,12.32
SHP-505643,ORD-505643,MetroCourier,2026-05-22,2026-05-24,2026-05-24,4,1,0,12.78
SHP-505644,ORD-505644,ShipRight,2026-05-21,2026-05-24,2026-05-24,4,1,0,10.64
SHP-505645,ORD-505645,ShipRight,2026-05-23,2026-05-24,2026-05-26,6,0,2,10.11
SHP-505646,ORD-505646,ShipRight,2026-05-21,2026-05-24,2026-05-26,6,0,2,14.99
SHP-505647,ORD-505647,ShipRight,2026-05-22,2026-05-24,2026-05-26,6,0,2,12.55
SHP-505648,ORD-505648,ParcelFast,2026-05-21,2026-05-24,2026-05-24,4,1,0,12.13
SHP-505649,ORD-505649,ShipRight,2026-05-21,2026-05-24,2026-05-22,2,1,0,10.65
SHP-505650,ORD-505650,MetroCourier,2026-05-23,2026-05-24,2026-05-24,4,1,0,11.34
SHP-505651,ORD-505651,MetroCourier,2026-05-21,2026-05-24,2026-05-25,5,0,1,13.05
SHP-505652,ORD-505652,ParcelFast,2026-05-20,2026-05-24,2026-05-27,7,0,3,9.39
SHP-505653,ORD-505653,NorthLine,2026-05-21,2026-05-24,2026-05-25,5,0,1,9.62
SHP-505654,ORD-505654,NorthLine,2026-05-23,2026-05-24,2026-05-28,8,0,4,10.25
SHP-505655,ORD-505655,ShipRight,2026-05-22,2026-05-25,2026-05-24,3,1,0,12.91
SHP-505656,ORD-505656,ShipRight,2026-05-23,2026-05-25,2026-05-27,6,0,2,10.45
SHP-505657,ORD-505657,ParcelFast,2026-05-22,2026-05-25,2026-05-24,3,1,0,10.37
SHP-505658,ORD-505658,NorthLine,2026-05-22,2026-05-25,2026-05-25,4,1,0,11.89
SHP-505659,ORD-505659,MetroCourier,2026-05-21,2026-05-25,2026-05-24,3,1,0,12.78
SHP-505660,ORD-505660,MetroCourier,2026-05-23,2026-05-25,2026-05-26,5,0,1,12.69
SHP-505661,ORD-505661,ParcelFast,2026-05-22,2026-05-25,2026-05-23,2,1,0,12.38
SHP-505662,ORD-505662,ShipRight,2026-05-23,2026-05-25,2026-05-27,6,0,2,14.48
SHP-505663,ORD-505663,ParcelFast,2026-05-21,2026-05-25,2026-05-24,3,1,0,11.2
SHP-505664,ORD-505664,MetroCourier,2026-05-23,2026-05-25,2026-05-27,6,0,2,9.39
SHP-505665,ORD-505665,ParcelFast,2026-05-22,2026-05-25,2026-05-27,6,0,2,12.57
SHP-505666,ORD-505666,ParcelFast,2026-05-22,2026-05-25,2026-05-26,5,0,1,14.81
SHP-505667,ORD-505667,NorthLine,2026-05-22,2026-05-25,2026-05-23,2,1,0,8.76
SHP-505668,ORD-505668,ShipRight,2026-05-22,2026-05-25,2026-05-23,2,1,0,10.64
SHP-505669,ORD-505669,ParcelFast,2026-05-24,2026-05-25,2026-05-25,4,1,0,10.2
SHP-505670,ORD-505670,NorthLine,2026-05-22,2026-05-25,2026-05-30,9,0,5,10.62
SHP-505671,ORD-505671,ParcelFast,2026-05-23,2026-05-25,2026-05-27,6,0,2,14.1
SHP-505672,ORD-505672,NorthLine,2026-05-22,2026-05-25,2026-05-24,3,1,0,10.14
SHP-505673,ORD-505673,ParcelFast,2026-05-22,2026-05-25,2026-05-26,5,0,1,12.29
SHP-505674,ORD-505674,ShipRight,2026-05-22,2026-05-25,2026-05-25,4,1,0,9.96
SHP-505675,ORD-505675,MetroCourier,2026-05-22,2026-05-25,2026-05-27,6,0,2,9.49
SHP-505676,ORD-505676,ParcelFast,2026-05-22,2026-05-25,2026-05-24,3,1,0,9.55
SHP-505677,ORD-505677,NorthLine,2026-05-22,2026-05-25,2026-05-25,4,1,0,10.66
SHP-505678,ORD-505678,NorthLine,2026-05-21,2026-05-25,2026-05-25,4,1,0,10.36
SHP-505679,ORD-505679,ShipRight,2026-05-21,2026-05-25,2026-05-23,2,1,0,10.61
SHP-505680,ORD-505680,ShipRight,2026-05-23,2026-05-25,2026-05-25,4,1,0,10.65
SHP-505681,ORD-505681,ShipRight,2026-05-22,2026-05-25,2026-05-26,5,0,1,8.97
SHP-505682,ORD-505682,ShipRight,2026-05-23,2026-05-26,2026-05-25,3,1,0,13.2
SHP-505683,ORD-505683,NorthLine,2026-05-22,2026-05-26,2026-05-25,3,1,0,9.35
SHP-505684,ORD-505684,ShipRight,2026-05-24,2026-05-26,2026-05-26,4,1,0,12.11
SHP-505685,ORD-505685,MetroCourier,2026-05-25,2026-05-26,2026-05-27,5,0,1,14.55
SHP-505686,ORD-505686,NorthLine,2026-05-24,2026-05-26,2026-05-27,5,0,1,11.93
SHP-505687,ORD-505687,ParcelFast,2026-05-23,2026-05-26,2026-05-26,4,1,0,10.88
SHP-505688,ORD-505688,MetroCourier,2026-05-24,2026-05-26,2026-05-27,5,0,1,10.41
SHP-505689,ORD-505689,ShipRight,2026-05-24,2026-05-26,2026-05-26,4,1,0,8.74
SHP-505690,ORD-505690,ParcelFast,2026-05-23,2026-05-26,2026-05-26,4,1,0,12.03
SHP-505691,ORD-505691,ShipRight,2026-05-25,2026-05-26,2026-05-30,8,0,4,10.9
SHP-505692,ORD-505692,MetroCourier,2026-05-22,2026-05-26,2026-05-25,3,1,0,11.61
SHP-505693,ORD-505693,MetroCourier,2026-05-24,2026-05-26,2026-05-27,5,0,1,14.4
SHP-505694,ORD-505694,MetroCourier,2026-05-23,2026-05-26,2026-05-26,4,1,0,12.17
SHP-505695,ORD-505695,MetroCourier,2026-05-23,2026-05-26,2026-05-28,6,0,2,9.55
SHP-505696,ORD-505696,ParcelFast,2026-05-23,2026-05-26,2026-05-24,2,1,0,9.29
SHP-505697,ORD-505697,ParcelFast,2026-05-23,2026-05-26,2026-05-25,3,1,0,13.16
SHP-505698,ORD-505698,ShipRight,2026-05-24,2026-05-26,2026-05-28,6,0,2,11.72
SHP-505699,ORD-505699,ParcelFast,2026-05-23,2026-05-26,2026-05-25,3,1,0,15.75
SHP-505700,ORD-505700,NorthLine,2026-05-23,2026-05-26,2026-05-26,4,1,0,11.95
SHP-505701,ORD-505701,NorthLine,2026-05-25,2026-05-26,2026-05-27,5,0,1,10.15
SHP-505702,ORD-505702,MetroCourier,2026-05-24,2026-05-26,2026-05-29,7,0,3,12.2
SHP-505703,ORD-505703,ShipRight,2026-05-24,2026-05-26,2026-05-27,5,0,1,12.61
SHP-505704,ORD-505704,ShipRight,2026-05-22,2026-05-26,2026-05-25,3,1,0,11.92
SHP-505705,ORD-505705,ShipRight,2026-05-23,2026-05-26,2026-05-25,3,1,0,10.6
SHP-505706,ORD-505706,ShipRight,2026-05-24,2026-05-27,2026-05-26,3,1,0,12.5
SHP-505707,ORD-505707,NorthLine,2026-05-25,2026-05-27,2026-05-30,7,0,3,15.03
SHP-505708,ORD-505708,NorthLine,2026-05-25,2026-05-27,2026-05-28,5,0,1,12.0
SHP-505709,ORD-505709,ShipRight,2026-05-23,2026-05-27,2026-05-25,2,1,0,12.32
SHP-505710,ORD-505710,ShipRight,2026-05-25,2026-05-27,2026-05-27,4,1,0,12.39
SHP-505711,ORD-505711,ParcelFast,2026-05-23,2026-05-27,2026-05-26,3,1,0,11.62
SHP-505712,ORD-505712,ParcelFast,2026-05-24,2026-05-27,2026-05-26,3,1,0,11.76
SHP-505713,ORD-505713,ParcelFast,2026-05-24,2026-05-27,2026-05-28,5,0,1,12.66
SHP-505714,ORD-505714,ParcelFast,2026-05-23,2026-05-27,2026-05-26,3,1,0,10.19
SHP-505715,ORD-505715,ShipRight,2026-05-24,2026-05-27,2026-05-29,6,0,2,10.45
SHP-505716,ORD-505716,NorthLine,2026-05-24,2026-05-27,2026-05-26,3,1,0,10.91
SHP-505717,ORD-505717,NorthLine,2026-05-24,2026-05-27,2026-05-28,5,0,1,13.2
SHP-505718,ORD-505718,ParcelFast,2026-05-24,2026-05-27,2026-05-28,5,0,1,13.2
SHP-505719,ORD-505719,ParcelFast,2026-05-25,2026-05-27,2026-05-27,4,1,0,9.29
SHP-505720,ORD-505720,NorthLine,2026-05-24,2026-05-27,2026-05-27,4,1,0,10.92
SHP-505721,ORD-505721,ParcelFast,2026-05-24,2026-05-27,2026-05-28,5,0,1,10.42
SHP-505722,ORD-505722,ParcelFast,2026-05-23,2026-05-27,2026-05-27,4,1,0,10.13
SHP-505723,ORD-505723,MetroCourier,2026-05-24,2026-05-27,2026-05-27,4,1,0,10.22
SHP-505724,ORD-505724,ShipRight,2026-05-23,2026-05-27,2026-05-25,2,1,0,10.06
SHP-505725,ORD-505725,ShipRight,2026-05-25,2026-05-27,2026-05-28,5,0,1,9.8
SHP-505726,ORD-505726,ParcelFast,2026-05-24,2026-05-27,2026-05-27,4,1,0,11.64
SHP-505727,ORD-505727,ParcelFast,2026-05-24,2026-05-28,2026-05-29,5,0,1,9.15
SHP-505728,ORD-505728,NorthLine,2026-05-25,2026-05-28,2026-05-27,3,1,0,11.42
SHP-505729,ORD-505729,MetroCourier,2026-05-25,2026-05-28,2026-05-27,3,1,0,14.1
SHP-505730,ORD-505730,ParcelFast,2026-05-25,2026-05-28,2026-05-26,2,1,0,11.52
SHP-505731,ORD-505731,ShipRight,2026-05-25,2026-05-28,2026-05-27,3,1,0,14.4
SHP-505732,ORD-505732,MetroCourier,2026-05-25,2026-05-28,2026-05-26,2,1,0,9.55
SHP-505733,ORD-505733,ShipRight,2026-05-25,2026-05-28,2026-05-27,3,1,0,12.01
SHP-505734,ORD-505734,ParcelFast,2026-05-26,2026-05-28,2026-05-28,4,1,0,15.12
SHP-505735,ORD-505735,MetroCourier,2026-05-25,2026-05-28,2026-05-27,3,1,0,13.15
SHP-505736,ORD-505736,ParcelFast,2026-05-26,2026-05-28,2026-05-29,5,0,1,11.81
SHP-505737,ORD-505737,MetroCourier,2026-05-26,2026-05-28,2026-05-27,3,1,0,11.4
SHP-505738,ORD-505738,MetroCourier,2026-05-25,2026-05-28,2026-05-28,4,1,0,12.52
SHP-505739,ORD-505739,ShipRight,2026-05-25,2026-05-28,2026-05-26,2,1,0,10.8
SHP-505740,ORD-505740,ShipRight,2026-05-25,2026-05-28,2026-05-28,4,1,0,13.74
SHP-505741,ORD-505741,ShipRight,2026-05-25,2026-05-28,2026-05-27,3,1,0,11.28
SHP-505742,ORD-505742,MetroCourier,2026-05-26,2026-05-28,2026-05-30,6,0,2,10.66
SHP-505743,ORD-505743,ParcelFast,2026-05-24,2026-05-28,2026-05-29,5,0,1,11.75
SHP-505744,ORD-505744,MetroCourier,2026-05-25,2026-05-28,2026-05-29,5,0,1,11.2
SHP-505745,ORD-505745,ShipRight,2026-05-24,2026-05-28,2026-05-27,3,1,0,9.56
SHP-505746,ORD-505746,ShipRight,2026-05-26,2026-05-28,2026-05-28,4,1,0,15.54
SHP-505747,ORD-505747,NorthLine,2026-05-25,2026-05-28,2026-05-26,2,1,0,10.87
SHP-505748,ORD-505748,ShipRight,2026-05-26,2026-05-28,2026-05-28,4,1,0,13.45
SHP-505749,ORD-505749,ParcelFast,2026-05-26,2026-05-28,2026-05-29,5,0,1,13.02
SHP-505750,ORD-505750,NorthLine,2026-05-24,2026-05-28,2026-05-25,1,1,0,9.91
SHP-505751,ORD-505751,MetroCourier,2026-05-26,2026-05-28,2026-05-29,5,0,1,9.16
SHP-505752,ORD-505752,MetroCourier,2026-05-25,2026-05-28,2026-05-29,5,0,1,9.9
SHP-505753,ORD-505753,MetroCourier,2026-05-25,2026-05-28,2026-05-27,3,1,0,9.92
SHP-505754,ORD-505754,ParcelFast,2026-05-24,2026-05-28,2026-05-28,4,1,0,12.6
SHP-505755,ORD-505755,NorthLine,2026-05-26,2026-05-28,2026-05-31,7,0,3,9.2
SHP-505756,ORD-505756,ParcelFast,2026-05-24,2026-05-28,2026-05-28,4,1,0,13.07
SHP-505757,ORD-505757,NorthLine,2026-05-24,2026-05-28,2026-05-29,5,0,1,13.06
SHP-505758,ORD-505758,ParcelFast,2026-05-25,2026-05-28,2026-05-28,4,1,0,11.59
SHP-505759,ORD-505759,NorthLine,2026-05-24,2026-05-28,2026-05-26,2,1,0,11.3
SHP-505760,ORD-505760,MetroCourier,2026-05-24,2026-05-28,2026-05-28,4,1,0,12.54
SHP-505761,ORD-505761,MetroCourier,2026-05-25,2026-05-28,2026-05-27,3,1,0,11.9
SHP-505762,ORD-505762,MetroCourier,2026-05-25,2026-05-28,2026-05-30,6,0,2,10.46
SHP-505763,ORD-505763,MetroCourier,2026-05-25,2026-05-28,2026-05-26,2,1,0,10.81
SHP-505764,ORD-505764,MetroCourier,2026-05-24,2026-05-28,2026-05-30,6,0,2,13.11
SHP-505765,ORD-505765,ParcelFast,2026-05-25,2026-05-28,2026-05-30,6,0,2,11.35
SHP-505766,ORD-505766,ShipRight,2026-05-26,2026-05-28,2026-05-31,7,0,3,12.81
SHP-505767,ORD-505767,ParcelFast,2026-05-25,2026-05-28,2026-05-27,3,1,0,9.29
SHP-505768,ORD-505768,MetroCourier,2026-05-25,2026-05-28,2026-05-30,6,0,2,10.81
SHP-505769,ORD-505769,NorthLine,2026-05-25,2026-05-28,2026-05-29,5,0,1,15.51
SHP-505770,ORD-505770,MetroCourier,2026-05-27,2026-05-28,2026-05-29,5,0,1,10.71
SHP-505771,ORD-505771,ShipRight,2026-05-27,2026-05-29,2026-05-30,5,0,1,12.39
SHP-505772,ORD-505772,MetroCourier,2026-05-26,2026-05-29,2026-05-30,5,0,1,12.31
SHP-505773,ORD-505773,ParcelFast,2026-05-26,2026-05-29,2026-05-28,3,1,0,11.99
SHP-505774,ORD-505774,MetroCourier,2026-05-27,2026-05-29,2026-06-01,7,0,3,12.79
SHP-505775,ORD-505775,ParcelFast,2026-05-25,2026-05-29,2026-05-28,3,1,0,12.96
SHP-505776,ORD-505776,NorthLine,2026-05-28,2026-05-29,2026-05-31,6,0,2,11.34
SHP-505777,ORD-505777,MetroCourier,2026-05-27,2026-05-29,2026-05-29,4,1,0,11.71
SHP-505778,ORD-505778,NorthLine,2026-05-27,2026-05-29,2026-06-01,7,0,3,12.28
SHP-505779,ORD-505779,ShipRight,2026-05-27,2026-05-29,2026-05-28,3,1,0,9.47
SHP-505780,ORD-505780,ParcelFast,2026-05-25,2026-05-29,2026-05-27,2,1,0,10.94
SHP-505781,ORD-505781,MetroCourier,2026-05-26,2026-05-29,2026-06-01,7,0,3,10.13
SHP-505782,ORD-505782,ShipRight,2026-05-27,2026-05-29,2026-05-30,5,0,1,11.4
SHP-505783,ORD-505783,ShipRight,2026-05-26,2026-05-29,2026-05-29,4,1,0,9.43
SHP-505784,ORD-505784,ParcelFast,2026-05-26,2026-05-29,2026-05-28,3,1,0,12.15
SHP-505785,ORD-505785,MetroCourier,2026-05-25,2026-05-29,2026-05-28,3,1,0,10.13
SHP-505786,ORD-505786,ParcelFast,2026-05-26,2026-05-29,2026-06-03,9,0,5,9.64
SHP-505787,ORD-505787,NorthLine,2026-05-26,2026-05-29,2026-05-31,6,0,2,13.04
SHP-505788,ORD-505788,ShipRight,2026-05-26,2026-05-29,2026-05-31,6,0,2,12.47
SHP-505789,ORD-505789,ParcelFast,2026-05-25,2026-05-29,2026-05-30,5,0,1,8.85
SHP-505790,ORD-505790,ParcelFast,2026-05-28,2026-05-29,2026-05-31,6,0,2,12.95
SHP-505791,ORD-505791,ParcelFast,2026-05-27,2026-05-29,2026-05-29,4,1,0,11.74
SHP-505792,ORD-505792,ParcelFast,2026-05-25,2026-05-29,2026-05-27,2,1,0,13.64
SHP-505793,ORD-505793,ShipRight,2026-05-25,2026-05-29,2026-05-28,3,1,0,11.88
SHP-505794,ORD-505794,ShipRight,2026-05-27,2026-05-29,2026-05-31,6,0,2,10.43
SHP-505795,ORD-505795,ParcelFast,2026-05-26,2026-05-29,2026-05-28,3,1,0,9.4
SHP-505796,ORD-505796,ShipRight,2026-05-26,2026-05-29,2026-05-28,3,1,0,10.62
SHP-505797,ORD-505797,ParcelFast,2026-05-27,2026-05-29,2026-05-31,6,0,2,12.51
SHP-505798,ORD-505798,ParcelFast,2026-05-26,2026-05-29,2026-05-31,6,0,2,11.31
SHP-505799,ORD-505799,MetroCourier,2026-05-26,2026-05-29,2026-05-30,5,0,1,11.24
SHP-505800,ORD-505800,MetroCourier,2026-05-25,2026-05-29,2026-05-30,5,0,1,10.04
SHP-505801,ORD-505801,ParcelFast,2026-05-25,2026-05-29,2026-05-28,3,1,0,12.37
SHP-505802,ORD-505802,MetroCourier,2026-05-26,2026-05-29,2026-05-27,2,1,0,11.82
SHP-505803,ORD-505803,MetroCourier,2026-05-26,2026-05-29,2026-05-30,5,0,1,11.84
SHP-505804,ORD-505804,MetroCourier,2026-05-26,2026-05-29,2026-05-30,5,0,1,12.43
SHP-505805,ORD-505805,ParcelFast,2026-05-28,2026-05-29,2026-05-29,4,1,0,10.7
SHP-505806,ORD-505806,ShipRight,2026-05-28,2026-05-29,2026-06-01,7,0,3,11.19
SHP-505807,ORD-505807,ShipRight,2026-05-28,2026-05-29,2026-06-01,7,0,3,11.83
SHP-505808,ORD-505808,NorthLine,2026-05-27,2026-05-29,2026-05-28,3,1,0,10.37
SHP-505809,ORD-505809,NorthLine,2026-05-28,2026-05-30,2026-06-03,8,0,4,11.25
SHP-505810,ORD-505810,MetroCourier,2026-05-26,2026-05-30,2026-05-30,4,1,0,11.19
SHP-505811,ORD-505811,ParcelFast,2026-05-27,2026-05-30,2026-05-28,2,1,0,13.51
SHP-505812,ORD-505812,NorthLine,2026-05-28,2026-05-30,2026-05-30,4,1,0,12.16
SHP-505813,ORD-505813,NorthLine,2026-05-27,2026-05-30,2026-05-30,4,1,0,12.37
SHP-505814,ORD-505814,MetroCourier,2026-05-26,2026-05-30,2026-05-27,1,1,0,11.83
SHP-505815,ORD-505815,ShipRight,2026-05-27,2026-05-30,2026-05-28,2,1,0,9.45
SHP-505816,ORD-505816,NorthLine,2026-05-27,2026-05-30,2026-05-29,3,1,0,11.77
SHP-505817,ORD-505817,NorthLine,2026-05-27,2026-05-30,2026-05-30,4,1,0,11.3
SHP-505818,ORD-505818,ShipRight,2026-05-27,2026-05-30,2026-05-30,4,1,0,11.97
SHP-505819,ORD-505819,ParcelFast,2026-05-27,2026-05-30,2026-05-28,2,1,0,12.09
SHP-505820,ORD-505820,ParcelFast,2026-05-27,2026-05-30,2026-05-30,4,1,0,14.17
SHP-505821,ORD-505821,ParcelFast,2026-05-27,2026-05-30,2026-05-30,4,1,0,11.88
SHP-505822,ORD-505822,ParcelFast,2026-05-27,2026-05-30,2026-06-03,8,0,4,10.29
SHP-505823,ORD-505823,ParcelFast,2026-05-26,2026-05-30,2026-05-31,5,0,1,10.39
SHP-505824,ORD-505824,ShipRight,2026-05-27,2026-05-30,2026-05-30,4,1,0,10.58
SHP-505825,ORD-505825,MetroCourier,2026-05-26,2026-05-30,2026-05-30,4,1,0,10.39
SHP-505826,ORD-505826,MetroCourier,2026-05-27,2026-05-30,2026-05-29,3,1,0,10.62
SHP-505827,ORD-505827,ShipRight,2026-05-28,2026-05-30,2026-05-30,4,1,0,10.89
SHP-505828,ORD-505828,ShipRight,2026-05-27,2026-05-30,2026-06-02,7,0,3,14.26
SHP-505829,ORD-505829,MetroCourier,2026-05-27,2026-05-30,2026-05-28,2,1,0,11.29
SHP-505830,ORD-505830,ParcelFast,2026-05-29,2026-05-30,2026-06-01,6,0,2,11.9
SHP-505831,ORD-505831,MetroCourier,2026-05-27,2026-05-30,2026-05-30,4,1,0,10.7
SHP-505832,ORD-505832,MetroCourier,2026-05-26,2026-05-30,2026-05-30,4,1,0,12.92
SHP-505833,ORD-505833,NorthLine,2026-05-28,2026-05-30,2026-06-04,9,0,5,8.95
SHP-505834,ORD-505834,MetroCourier,2026-05-27,2026-05-30,2026-06-01,6,0,2,10.87
SHP-505835,ORD-505835,ShipRight,2026-05-27,2026-05-30,2026-05-31,5,0,1,9.6
SHP-505836,ORD-505836,MetroCourier,2026-05-29,2026-05-30,2026-06-02,7,0,3,10.98
SHP-505837,ORD-505837,MetroCourier,2026-05-27,2026-05-30,2026-05-30,4,1,0,9.35
SHP-505838,ORD-505838,NorthLine,2026-05-27,2026-05-30,2026-06-01,6,0,2,13.41
SHP-505839,ORD-505839,MetroCourier,2026-05-27,2026-05-30,2026-06-02,7,0,3,11.63
SHP-505840,ORD-505840,ShipRight,2026-05-27,2026-05-30,2026-05-30,4,1,0,9.72
SHP-505841,ORD-505841,MetroCourier,2026-05-27,2026-05-30,2026-05-30,4,1,0,12.03
SHP-505842,ORD-505842,MetroCourier,2026-05-27,2026-05-31,2026-05-29,2,1,0,14.89
SHP-505843,ORD-505843,ShipRight,2026-05-28,2026-05-31,2026-06-01,5,0,1,11.56
SHP-505844,ORD-505844,NorthLine,2026-05-28,2026-05-31,2026-05-31,4,1,0,9.87
SHP-505845,ORD-505845,NorthLine,2026-05-29,2026-05-31,2026-06-03,7,0,3,14.09
SHP-505846,ORD-505846,ParcelFast,2026-05-29,2026-05-31,2026-05-31,4,1,0,11.03
SHP-505847,ORD-505847,ParcelFast,2026-05-27,2026-05-31,2026-05-29,2,1,0,11.51
SHP-505848,ORD-505848,ShipRight,2026-05-29,2026-05-31,2026-05-31,4,1,0,12.71
SHP-505849,ORD-505849,ShipRight,2026-05-28,2026-05-31,2026-06-02,6,0,2,15.45
SHP-505850,ORD-505850,MetroCourier,2026-05-29,2026-05-31,2026-06-04,8,0,4,9.78
SHP-505851,ORD-505851,ShipRight,2026-05-27,2026-05-31,2026-05-28,1,1,0,10.59
SHP-505852,ORD-505852,ParcelFast,2026-05-30,2026-05-31,2026-06-04,8,0,4,13.8
SHP-505853,ORD-505853,ShipRight,2026-05-28,2026-05-31,2026-06-01,5,0,1,9.49
SHP-505854,ORD-505854,ShipRight,2026-05-29,2026-05-31,2026-05-31,4,1,0,11.62
SHP-505855,ORD-505855,MetroCourier,2026-05-28,2026-05-31,2026-05-30,3,1,0,14.93
SHP-505856,ORD-505856,MetroCourier,2026-05-27,2026-05-31,2026-05-29,2,1,0,10.03
SHP-505857,ORD-505857,NorthLine,2026-05-27,2026-05-31,2026-05-29,2,1,0,9.8
SHP-505858,ORD-505858,ParcelFast,2026-05-28,2026-05-31,2026-05-30,3,1,0,9.23
SHP-505859,ORD-505859,ParcelFast,2026-05-27,2026-05-31,2026-05-28,1,1,0,11.4
SHP-505860,ORD-505860,MetroCourier,2026-05-28,2026-05-31,2026-06-01,5,0,1,11.46
SHP-505861,ORD-505861,MetroCourier,2026-05-28,2026-05-31,2026-05-29,2,1,0,11.93
SHP-505862,ORD-505862,MetroCourier,2026-05-28,2026-05-31,2026-05-29,2,1,0,12.45
SHP-505863,ORD-505863,MetroCourier,2026-05-28,2026-05-31,2026-05-29,2,1,0,9.41
SHP-505864,ORD-505864,ParcelFast,2026-05-28,2026-05-31,2026-06-01,5,0,1,10.91
SHP-505865,ORD-505865,NorthLine,2026-05-28,2026-05-31,2026-05-30,3,1,0,11.15
SHP-505866,ORD-505866,ShipRight,2026-05-30,2026-05-31,2026-05-31,4,1,0,15.45
SHP-505867,ORD-505867,NorthLine,2026-05-28,2026-05-31,2026-06-02,6,0,2,9.36
SHP-505868,ORD-505868,ParcelFast,2026-05-28,2026-05-31,2026-06-01,5,0,1,9.21
SHP-505869,ORD-505869,ParcelFast,2026-05-29,2026-05-31,2026-05-30,3,1,0,8.86
SHP-505870,ORD-505870,NorthLine,2026-05-28,2026-05-31,2026-05-30,3,1,0,11.16
SHP-505871,ORD-505871,NorthLine,2026-05-27,2026-05-31,2026-05-28,1,1,0,12.58
SHP-505872,ORD-505872,ParcelFast,2026-05-27,2026-05-31,2026-06-02,6,0,2,9.28
SHP-505873,ORD-505873,NorthLine,2026-05-29,2026-05-31,2026-06-03,7,0,3,12.89
SHP-505874,ORD-505874,MetroCourier,2026-05-27,2026-05-31,2026-05-29,2,1,0,11.55
SHP-505875,ORD-505875,ParcelFast,2026-05-29,2026-05-31,2026-06-02,6,0,2,12.31
SHP-505876,ORD-505876,ShipRight,2026-05-29,2026-05-31,2026-05-30,3,1,0,10.26
SHP-505877,ORD-505877,MetroCourier,2026-05-29,2026-05-31,2026-05-30,3,1,0,9.01
SHP-505878,ORD-505878,MetroCourier,2026-05-30,2026-05-31,2026-05-31,4,1,0,12.32
SHP-505879,ORD-505879,MetroCourier,2026-05-28,2026-05-31,2026-06-02,6,0,2,9.44
SHP-505880,ORD-505880,MetroCourier,2026-05-28,2026-05-31,2026-05-31,4,1,0,9.62
SHP-505881,ORD-505881,ParcelFast,2026-05-27,2026-05-31,2026-06-01,5,0,1,12.46
SHP-505882,ORD-505882,MetroCourier,2026-05-28,2026-05-31,2026-05-29,2,1,0,9.7
SHP-505883,ORD-505883,ShipRight,2026-05-28,2026-05-31,2026-05-31,4,1,0,15.19
SHP-505884,ORD-505884,ShipRight,2026-05-29,2026-05-31,2026-06-01,5,0,1,12.48
SHP-505885,ORD-505885,NorthLine,2026-05-28,2026-05-31,2026-06-05,9,0,5,8.95
SHP-505886,ORD-505886,ShipRight,2026-05-29,2026-06-01,2026-06-02,5,0,1,10.02
SHP-505887,ORD-505887,ParcelFast,2026-05-31,2026-06-01,2026-06-05,8,0,4,9.12
SHP-505888,ORD-505888,ShipRight,2026-05-29,2026-06-01,2026-05-31,3,1,0,10.62
SHP-505889,ORD-505889,ParcelFast,2026-05-29,2026-06-01,2026-06-03,6,0,2,12.21
SHP-505890,ORD-505890,ShipRight,2026-05-29,2026-06-01,2026-05-30,2,1,0,12.48
SHP-505891,ORD-505891,NorthLine,2026-05-30,2026-06-01,2026-06-02,5,0,1,9.72
SHP-505892,ORD-505892,ParcelFast,2026-05-29,2026-06-01,2026-05-30,2,1,0,10.66
SHP-505893,ORD-505893,ShipRight,2026-05-29,2026-06-01,2026-05-31,3,1,0,11.25
SHP-505894,ORD-505894,ShipRight,2026-05-29,2026-06-01,2026-05-30,2,1,0,12.8
SHP-505895,ORD-505895,ParcelFast,2026-05-30,2026-06-01,2026-06-05,8,0,4,10.86
SHP-505896,ORD-505896,ParcelFast,2026-05-28,2026-06-01,2026-05-29,1,1,0,12.21
SHP-505897,ORD-505897,MetroCourier,2026-05-31,2026-06-01,2026-06-05,8,0,4,10.17
SHP-505898,ORD-505898,MetroCourier,2026-05-31,2026-06-01,2026-06-04,7,0,3,9.5
SHP-505899,ORD-505899,NorthLine,2026-05-29,2026-06-01,2026-06-01,4,1,0,11.35
SHP-505900,ORD-505900,ParcelFast,2026-05-29,2026-06-01,2026-05-30,2,1,0,12.21
SHP-505901,ORD-505901,MetroCourier,2026-05-29,2026-06-01,2026-06-02,5,0,1,11.3
SHP-505902,ORD-505902,ParcelFast,2026-05-29,2026-06-01,2026-06-03,6,0,2,10.22
SHP-505903,ORD-505903,NorthLine,2026-05-28,2026-06-01,2026-05-29,1,1,0,12.18
SHP-505904,ORD-505904,ParcelFast,2026-05-29,2026-06-01,2026-06-01,4,1,0,14.04
SHP-505905,ORD-505905,ShipRight,2026-05-29,2026-06-01,2026-05-31,3,1,0,11.24
SHP-505906,ORD-505906,MetroCourier,2026-05-29,2026-06-01,2026-06-04,7,0,3,10.18
SHP-505907,ORD-505907,NorthLine,2026-05-31,2026-06-01,2026-06-01,4,1,0,13.25
SHP-505908,ORD-505908,MetroCourier,2026-05-29,2026-06-01,2026-06-03,6,0,2,11.66
SHP-505909,ORD-505909,NorthLine,2026-05-31,2026-06-01,2026-06-01,4,1,0,12.39
SHP-505910,ORD-505910,ShipRight,2026-05-29,2026-06-01,2026-05-31,3,1,0,10.09
SHP-505911,ORD-505911,ShipRight,2026-05-30,2026-06-01,2026-06-03,6,0,2,11.19
SHP-505912,ORD-505912,MetroCourier,2026-05-30,2026-06-01,2026-06-03,6,0,2,11.38
SHP-505913,ORD-505913,MetroCourier,2026-05-29,2026-06-01,2026-06-02,5,0,1,11.59
SHP-505914,ORD-505914,MetroCourier,2026-05-30,2026-06-01,2026-06-02,5,0,1,10.52
SHP-505915,ORD-505915,NorthLine,2026-05-29,2026-06-01,2026-05-31,3,1,0,10.31
SHP-505916,ORD-505916,MetroCourier,2026-05-31,2026-06-01,2026-06-02,5,0,1,11.0
SHP-505917,ORD-505917,NorthLine,2026-05-29,2026-06-02,2026-06-03,5,0,1,8.71
SHP-505918,ORD-505918,MetroCourier,2026-05-29,2026-06-02,2026-06-01,3,1,0,10.92
SHP-505919,ORD-505919,MetroCourier,2026-05-30,2026-06-02,2026-06-02,4,1,0,10.92
SHP-505920,ORD-505920,MetroCourier,2026-05-30,2026-06-02,2026-06-01,3,1,0,10.15
SHP-505921,ORD-505921,ParcelFast,2026-05-30,2026-06-02,2026-06-01,3,1,0,13.27
SHP-505922,ORD-505922,NorthLine,2026-05-30,2026-06-02,2026-06-03,5,0,1,8.77
SHP-505923,ORD-505923,NorthLine,2026-05-31,2026-06-02,2026-06-02,4,1,0,11.66
SHP-505924,ORD-505924,ShipRight,2026-05-30,2026-06-02,2026-05-31,2,1,0,10.65
SHP-505925,ORD-505925,NorthLine,2026-05-30,2026-06-02,2026-06-02,4,1,0,14.04
SHP-505926,ORD-505926,ParcelFast,2026-05-31,2026-06-02,2026-06-04,6,0,2,14.5
SHP-505927,ORD-505927,MetroCourier,2026-05-29,2026-06-02,2026-05-30,1,1,0,10.84
SHP-505928,ORD-505928,MetroCourier,2026-05-29,2026-06-02,2026-06-01,3,1,0,12.0
SHP-505929,ORD-505929,ParcelFast,2026-05-29,2026-06-02,2026-05-31,2,1,0,8.91
SHP-505930,ORD-505930,MetroCourier,2026-05-30,2026-06-02,2026-06-03,5,0,1,11.57
SHP-505931,ORD-505931,MetroCourier,2026-05-29,2026-06-02,2026-05-30,1,1,0,9.17
SHP-505932,ORD-505932,NorthLine,2026-05-31,2026-06-02,2026-06-05,7,0,3,10.46
SHP-505933,ORD-505933,ShipRight,2026-05-31,2026-06-02,2026-06-01,3,1,0,10.38
SHP-505934,ORD-505934,ParcelFast,2026-05-31,2026-06-02,2026-06-03,5,0,1,10.63
SHP-505935,ORD-505935,MetroCourier,2026-06-01,2026-06-02,2026-06-05,7,0,3,10.65
SHP-505936,ORD-505936,ParcelFast,2026-05-30,2026-06-02,2026-06-03,5,0,1,13.37
SHP-505937,ORD-505937,ParcelFast,2026-05-31,2026-06-02,2026-06-03,5,0,1,9.96
SHP-505938,ORD-505938,NorthLine,2026-05-29,2026-06-02,2026-05-30,1,1,0,11.36
SHP-505939,ORD-505939,ShipRight,2026-05-29,2026-06-02,2026-06-02,4,1,0,11.39
SHP-505940,ORD-505940,ShipRight,2026-05-29,2026-06-02,2026-05-31,2,1,0,12.49
SHP-505941,ORD-505941,MetroCourier,2026-06-01,2026-06-02,2026-06-02,4,1,0,10.89
SHP-505942,ORD-505942,NorthLine,2026-05-29,2026-06-02,2026-06-02,4,1,0,11.02
SHP-505943,ORD-505943,NorthLine,2026-05-29,2026-06-02,2026-06-01,3,1,0,10.9
SHP-505944,ORD-505944,ShipRight,2026-05-31,2026-06-02,2026-06-04,6,0,2,12.66
SHP-505945,ORD-505945,ParcelFast,2026-05-29,2026-06-02,2026-06-02,4,1,0,10.8
SHP-505946,ORD-505946,ParcelFast,2026-05-30,2026-06-02,2026-05-31,2,1,0,12.29
SHP-505947,ORD-505947,NorthLine,2026-05-30,2026-06-02,2026-06-02,4,1,0,13.39
SHP-505948,ORD-505948,ParcelFast,2026-05-29,2026-06-02,2026-06-01,3,1,0,11.17
SHP-505949,ORD-505949,ParcelFast,2026-05-31,2026-06-02,2026-06-03,5,0,1,10.08
SHP-505950,ORD-505950,NorthLine,2026-05-30,2026-06-02,2026-06-01,3,1,0,11.94
SHP-505951,ORD-505951,ShipRight,2026-05-31,2026-06-02,2026-06-05,7,0,3,11.72
SHP-505952,ORD-505952,NorthLine,2026-06-01,2026-06-02,2026-06-04,6,0,2,11.66
SHP-505953,ORD-505953,ShipRight,2026-05-30,2026-06-02,2026-06-02,4,1,0,9.14
SHP-505954,ORD-505954,ParcelFast,2026-05-30,2026-06-02,2026-06-01,3,1,0,10.62
SHP-505955,ORD-505955,MetroCourier,2026-05-29,2026-06-02,2026-05-30,1,1,0,14.72
SHP-505956,ORD-505956,NorthLine,2026-05-30,2026-06-02,2026-06-02,4,1,0,13.51
SHP-505957,ORD-505957,MetroCourier,2026-05-30,2026-06-02,2026-05-31,2,1,0,10.09
SHP-505958,ORD-505958,ShipRight,2026-05-31,2026-06-02,2026-06-02,4,1,0,9.34
SHP-505959,ORD-505959,NorthLine,2026-05-30,2026-06-02,2026-06-03,5,0,1,11.45
SHP-505960,ORD-505960,NorthLine,2026-05-30,2026-06-02,2026-06-04,6,0,2,12.39
SHP-505961,ORD-505961,ShipRight,2026-05-30,2026-06-02,2026-06-03,5,0,1,12.11
SHP-505962,ORD-505962,ParcelFast,2026-05-30,2026-06-02,2026-06-01,3,1,0,10.74
SHP-505963,ORD-505963,MetroCourier,2026-05-31,2026-06-02,2026-06-03,5,0,1,11.74
SHP-505964,ORD-505964,ParcelFast,2026-05-30,2026-06-03,2026-06-01,2,1,0,9.4
SHP-505965,ORD-505965,ShipRight,2026-05-30,2026-06-03,2026-06-03,4,1,0,10.29
SHP-505966,ORD-505966,ParcelFast,2026-05-30,2026-06-03,2026-05-31,1,1,0,11.04
SHP-505967,ORD-505967,NorthLine,2026-05-31,2026-06-03,2026-06-03,4,1,0,9.19
SHP-505968,ORD-505968,NorthLine,2026-05-31,2026-06-03,2026-06-03,4,1,0,11.79
SHP-505969,ORD-505969,ParcelFast,2026-05-30,2026-06-03,2026-06-01,2,1,0,12.64
SHP-505970,ORD-505970,MetroCourier,2026-05-31,2026-06-03,2026-06-01,2,1,0,11.17
SHP-505971,ORD-505971,ShipRight,2026-05-31,2026-06-03,2026-06-02,3,1,0,9.16
SHP-505972,ORD-505972,NorthLine,2026-05-30,2026-06-03,2026-06-04,5,0,1,11.82
SHP-505973,ORD-505973,MetroCourier,2026-05-30,2026-06-03,2026-06-01,2,1,0,12.61
SHP-505974,ORD-505974,MetroCourier,2026-05-31,2026-06-03,2026-06-03,4,1,0,13.62
SHP-505975,ORD-505975,ShipRight,2026-06-01,2026-06-03,2026-06-03,4,1,0,11.33
SHP-505976,ORD-505976,NorthLine,2026-05-31,2026-06-03,2026-06-06,7,0,3,8.71
SHP-505977,ORD-505977,ParcelFast,2026-05-31,2026-06-03,2026-06-03,4,1,0,9.53
SHP-505978,ORD-505978,ParcelFast,2026-06-01,2026-06-03,2026-06-02,3,1,0,15.12
SHP-505979,ORD-505979,NorthLine,2026-05-31,2026-06-03,2026-06-01,2,1,0,14.82
SHP-505980,ORD-505980,ParcelFast,2026-06-02,2026-06-03,2026-06-06,7,0,3,9.6
SHP-505981,ORD-505981,ShipRight,2026-06-01,2026-06-03,2026-06-05,6,0,2,10.37
SHP-505982,ORD-505982,ParcelFast,2026-05-30,2026-06-03,2026-05-31,1,1,0,9.13
SHP-505983,ORD-505983,ShipRight,2026-05-31,2026-06-03,2026-06-06,7,0,3,14.13
SHP-505984,ORD-505984,ParcelFast,2026-06-01,2026-06-03,2026-06-04,5,0,1,10.43
SHP-505985,ORD-505985,ParcelFast,2026-06-01,2026-06-03,2026-06-05,6,0,2,9.68
SHP-505986,ORD-505986,NorthLine,2026-05-31,2026-06-03,2026-06-01,2,1,0,12.24
SHP-505987,ORD-505987,ShipRight,2026-05-31,2026-06-03,2026-06-03,4,1,0,12.57
SHP-505988,ORD-505988,ParcelFast,2026-05-30,2026-06-03,2026-05-31,1,1,0,10.15
SHP-505989,ORD-505989,ShipRight,2026-05-30,2026-06-03,2026-05-31,1,1,0,11.23
SHP-505990,ORD-505990,NorthLine,2026-05-30,2026-06-03,2026-06-03,4,1,0,9.83
SHP-505991,ORD-505991,ShipRight,2026-05-31,2026-06-03,2026-06-03,4,1,0,11.43
SHP-505992,ORD-505992,NorthLine,2026-05-31,2026-06-03,2026-06-02,3,1,0,12.58
SHP-505993,ORD-505993,NorthLine,2026-05-31,2026-06-03,2026-06-03,4,1,0,10.17
SHP-505994,ORD-505994,ShipRight,2026-05-31,2026-06-03,2026-06-06,7,0,3,12.26
SHP-505995,ORD-505995,ParcelFast,2026-05-31,2026-06-03,2026-06-05,6,0,2,11.24
SHP-505996,ORD-505996,MetroCourier,2026-05-30,2026-06-03,2026-06-01,2,1,0,9.33
SHP-505997,ORD-505997,ParcelFast,2026-06-01,2026-06-03,2026-06-05,6,0,2,9.97
SHP-505998,ORD-505998,NorthLine,2026-05-31,2026-06-03,2026-06-01,2,1,0,11.34
SHP-505999,ORD-505999,MetroCourier,2026-06-01,2026-06-03,2026-06-07,8,0,4,12.42
SHP-506000,ORD-506000,ParcelFast,2026-05-30,2026-06-03,2026-05-31,1,1,0,10.45
SHP-506001,ORD-506001,ParcelFast,2026-05-31,2026-06-03,2026-06-04,5,0,1,10.2
SHP-506002,ORD-506002,ShipRight,2026-05-31,2026-06-03,2026-06-02,3,1,0,11.5
SHP-506003,ORD-506003,ShipRight,2026-06-02,2026-06-03,2026-06-03,4,1,0,10.02
SHP-506004,ORD-506004,ShipRight,2026-05-31,2026-06-03,2026-06-01,2,1,0,13.16
SHP-506005,ORD-506005,ParcelFast,2026-05-31,2026-06-03,2026-06-04,5,0,1,10.79
SHP-506006,ORD-506006,MetroCourier,2026-06-01,2026-06-03,2026-06-02,3,1,0,11.25
SHP-506007,ORD-506007,ShipRight,2026-05-31,2026-06-03,2026-06-01,2,1,0,12.42
SHP-506008,ORD-506008,NorthLine,2026-05-31,2026-06-03,2026-06-04,5,0,1,10.51
SHP-506009,ORD-506009,ParcelFast,2026-05-31,2026-06-03,2026-06-02,3,1,0,11.98
SHP-506010,ORD-506010,NorthLine,2026-05-30,2026-06-03,2026-05-31,1,1,0,12.42
SHP-506011,ORD-506011,ShipRight,2026-05-30,2026-06-03,2026-06-01,2,1,0,9.37
SHP-506012,ORD-506012,NorthLine,2026-06-02,2026-06-04,2026-06-03,3,1,0,12.16
SHP-506013,ORD-506013,ParcelFast,2026-06-02,2026-06-04,2026-06-03,3,1,0,12.44
SHP-506014,ORD-506014,ShipRight,2026-05-31,2026-06-04,2026-06-02,2,1,0,12.04
SHP-506015,ORD-506015,ParcelFast,2026-06-01,2026-06-04,2026-06-02,2,1,0,10.68
SHP-506016,ORD-506016,ParcelFast,2026-06-01,2026-06-04,2026-06-08,8,0,4,9.47
SHP-506017,ORD-506017,NorthLine,2026-06-01,2026-06-04,2026-06-04,4,1,0,10.34
SHP-506018,ORD-506018,ShipRight,2026-06-01,2026-06-04,2026-06-06,6,0,2,10.84
SHP-506019,ORD-506019,ParcelFast,2026-05-31,2026-06-04,2026-06-05,5,0,1,9.4
SHP-506020,ORD-506020,MetroCourier,2026-06-01,2026-06-04,2026-06-02,2,1,0,11.41
SHP-506021,ORD-506021,MetroCourier,2026-06-01,2026-06-04,2026-06-02,2,1,0,10.49
SHP-506022,ORD-506022,MetroCourier,2026-06-01,2026-06-04,2026-06-04,4,1,0,11.8
SHP-506023,ORD-506023,NorthLine,2026-06-01,2026-06-04,2026-06-02,2,1,0,10.06
SHP-506024,ORD-506024,MetroCourier,2026-06-01,2026-06-04,2026-06-06,6,0,2,11.64
SHP-506025,ORD-506025,MetroCourier,2026-06-01,2026-06-04,2026-06-05,5,0,1,12.5
SHP-506026,ORD-506026,MetroCourier,2026-05-31,2026-06-04,2026-06-05,5,0,1,11.7
SHP-506027,ORD-506027,NorthLine,2026-05-31,2026-06-04,2026-06-03,3,1,0,10.26
SHP-506028,ORD-506028,ParcelFast,2026-06-03,2026-06-04,2026-06-06,6,0,2,12.05
SHP-506029,ORD-506029,NorthLine,2026-05-31,2026-06-04,2026-06-02,2,1,0,11.21
SHP-506030,ORD-506030,ShipRight,2026-06-01,2026-06-04,2026-06-07,7,0,3,10.41
SHP-506031,ORD-506031,ParcelFast,2026-06-01,2026-06-04,2026-06-02,2,1,0,9.39
SHP-506032,ORD-506032,ShipRight,2026-06-01,2026-06-04,2026-06-05,5,0,1,12.46
SHP-506033,ORD-506033,ShipRight,2026-05-31,2026-06-04,2026-06-04,4,1,0,11.69
SHP-506034,ORD-506034,ParcelFast,2026-06-01,2026-06-04,2026-06-03,3,1,0,11.29
SHP-506035,ORD-506035,NorthLine,2026-05-31,2026-06-04,2026-06-02,2,1,0,11.26
SHP-506036,ORD-506036,ShipRight,2026-05-31,2026-06-04,2026-06-03,3,1,0,12.85
SHP-506037,ORD-506037,MetroCourier,2026-06-03,2026-06-04,2026-06-06,6,0,2,10.16
SHP-506038,ORD-506038,ShipRight,2026-06-01,2026-06-04,2026-06-03,3,1,0,11.21
SHP-506039,ORD-506039,NorthLine,2026-06-01,2026-06-04,2026-06-03,3,1,0,12.22
SHP-506040,ORD-506040,ParcelFast,2026-06-03,2026-06-04,2026-06-09,9,0,5,10.52
SHP-506041,ORD-506041,NorthLine,2026-05-31,2026-06-04,2026-06-01,1,1,0,9.58
SHP-506042,ORD-506042,ParcelFast,2026-06-03,2026-06-04,2026-06-07,7,0,3,11.85
SHP-506043,ORD-506043,NorthLine,2026-05-31,2026-06-04,2026-06-03,3,1,0,12.66
SHP-506044,ORD-506044,NorthLine,2026-06-01,2026-06-04,2026-06-02,2,1,0,11.25
SHP-506045,ORD-506045,MetroCourier,2026-06-01,2026-06-04,2026-06-04,4,1,0,10.88
SHP-506046,ORD-506046,NorthLine,2026-06-03,2026-06-04,2026-06-04,4,1,0,11.74
SHP-506047,ORD-506047,ShipRight,2026-06-01,2026-06-04,2026-06-06,6,0,2,11.9
SHP-506048,ORD-506048,NorthLine,2026-06-02,2026-06-04,2026-06-03,3,1,0,10.76
SHP-506049,ORD-506049,ShipRight,2026-06-01,2026-06-04,2026-06-02,2,1,0,13.83
SHP-506050,ORD-506050,ShipRight,2026-06-02,2026-06-04,2026-06-06,6,0,2,11.65
SHP-506051,ORD-506051,ShipRight,2026-06-01,2026-06-04,2026-06-03,3,1,0,13.1
SHP-506052,ORD-506052,MetroCourier,2026-06-02,2026-06-04,2026-06-04,4,1,0,8.99
SHP-506053,ORD-506053,NorthLine,2026-06-01,2026-06-04,2026-06-06,6,0,2,13.47
SHP-506054,ORD-506054,ShipRight,2026-06-02,2026-06-04,2026-06-06,6,0,2,13.62
SHP-506055,ORD-506055,MetroCourier,2026-06-01,2026-06-04,2026-06-05,5,0,1,10.17
SHP-506056,ORD-506056,NorthLine,2026-06-01,2026-06-04,2026-06-04,4,1,0,12.55
SHP-506057,ORD-506057,NorthLine,2026-06-01,2026-06-04,2026-06-02,2,1,0,9.55
SHP-506058,ORD-506058,NorthLine,2026-06-02,2026-06-05,2026-06-03,2,1,0,14.74
SHP-506059,ORD-506059,NorthLine,2026-06-04,2026-06-05,2026-06-07,6,0,2,10.23
SHP-506060,ORD-506060,ShipRight,2026-06-04,2026-06-05,2026-06-09,8,0,4,15.82
SHP-506061,ORD-506061,MetroCourier,2026-06-01,2026-06-05,2026-06-04,3,1,0,11.23
SHP-506062,ORD-506062,NorthLine,2026-06-03,2026-06-05,2026-06-05,4,1,0,11.54
SHP-506063,ORD-506063,MetroCourier,2026-06-01,2026-06-05,2026-06-02,1,1,0,12.86
SHP-506064,ORD-506064,ParcelFast,2026-06-03,2026-06-05,2026-06-05,4,1,0,10.02
SHP-506065,ORD-506065,ShipRight,2026-06-02,2026-06-05,2026-06-05,4,1,0,10.77
SHP-506066,ORD-506066,ParcelFast,2026-06-01,2026-06-05,2026-06-05,4,1,0,12.04
SHP-506067,ORD-506067,ParcelFast,2026-06-03,2026-06-05,2026-06-05,4,1,0,8.97
SHP-506068,ORD-506068,NorthLine,2026-06-02,2026-06-05,2026-06-04,3,1,0,12.36
SHP-506069,ORD-506069,MetroCourier,2026-06-02,2026-06-05,2026-06-04,3,1,0,11.94
SHP-506070,ORD-506070,MetroCourier,2026-06-03,2026-06-05,2026-06-05,4,1,0,10.61
SHP-506071,ORD-506071,NorthLine,2026-06-02,2026-06-05,2026-06-06,5,0,1,10.49
SHP-506072,ORD-506072,NorthLine,2026-06-02,2026-06-05,2026-06-04,3,1,0,8.75
SHP-506073,ORD-506073,ParcelFast,2026-06-03,2026-06-05,2026-06-05,4,1,0,12.48
SHP-506074,ORD-506074,MetroCourier,2026-06-02,2026-06-05,2026-06-06,5,0,1,11.67
SHP-506075,ORD-506075,ShipRight,2026-06-03,2026-06-05,2026-06-04,3,1,0,13.98
SHP-506076,ORD-506076,ParcelFast,2026-06-02,2026-06-05,2026-06-03,2,1,0,12.57
SHP-506077,ORD-506077,MetroCourier,2026-06-02,2026-06-05,2026-06-05,4,1,0,14.32
SHP-506078,ORD-506078,MetroCourier,2026-06-03,2026-06-05,2026-06-05,4,1,0,11.19
SHP-506079,ORD-506079,ParcelFast,2026-06-03,2026-06-05,2026-06-07,6,0,2,9.87
SHP-506080,ORD-506080,ShipRight,2026-06-04,2026-06-05,2026-06-08,7,0,3,11.74
SHP-506081,ORD-506081,MetroCourier,2026-06-01,2026-06-05,2026-06-05,4,1,0,13.14
SHP-506082,ORD-506082,ShipRight,2026-06-03,2026-06-05,2026-06-05,4,1,0,13.25
SHP-506083,ORD-506083,ShipRight,2026-06-01,2026-06-05,2026-06-05,4,1,0,13.06
SHP-506084,ORD-506084,ParcelFast,2026-06-02,2026-06-05,2026-06-05,4,1,0,14.6
SHP-506085,ORD-506085,MetroCourier,2026-06-01,2026-06-05,2026-06-04,3,1,0,11.39
SHP-506086,ORD-506086,ShipRight,2026-06-02,2026-06-05,2026-06-05,4,1,0,9.89
SHP-506087,ORD-506087,NorthLine,2026-06-04,2026-06-05,2026-06-07,6,0,2,10.87
SHP-506088,ORD-506088,MetroCourier,2026-06-02,2026-06-05,2026-06-09,8,0,4,13.14
SHP-506089,ORD-506089,ParcelFast,2026-06-02,2026-06-05,2026-06-05,4,1,0,10.17
SHP-506090,ORD-506090,NorthLine,2026-06-03,2026-06-05,2026-06-08,7,0,3,11.45
SHP-506091,ORD-506091,MetroCourier,2026-06-02,2026-06-05,2026-06-03,2,1,0,10.84
SHP-506092,ORD-506092,MetroCourier,2026-06-03,2026-06-05,2026-06-08,7,0,3,13.79
SHP-506093,ORD-506093,MetroCourier,2026-06-01,2026-06-05,2026-06-03,2,1,0,9.22
SHP-506094,ORD-506094,ParcelFast,2026-06-04,2026-06-05,2026-06-07,6,0,2,8.75
SHP-506095,ORD-506095,MetroCourier,2026-06-01,2026-06-05,2026-06-03,2,1,0,14.48
SHP-506096,ORD-506096,MetroCourier,2026-06-03,2026-06-05,2026-06-06,5,0,1,10.81
SHP-506097,ORD-506097,MetroCourier,2026-06-02,2026-06-05,2026-06-05,4,1,0,11.35
SHP-506098,ORD-506098,NorthLine,2026-06-03,2026-06-05,2026-06-05,4,1,0,9.66
SHP-506099,ORD-506099,NorthLine,2026-06-03,2026-06-05,2026-06-04,3,1,0,12.07
SHP-506100,ORD-506100,NorthLine,2026-06-01,2026-06-05,2026-06-08,7,0,3,11.98
SHP-506101,ORD-506101,MetroCourier,2026-06-02,2026-06-05,2026-06-04,3,1,0,11.62
SHP-506102,ORD-506102,NorthLine,2026-06-02,2026-06-05,2026-06-07,6,0,2,14.89
SHP-506103,ORD-506103,ParcelFast,2026-06-02,2026-06-05,2026-06-03,2,1,0,9.82
SHP-506104,ORD-506104,MetroCourier,2026-06-04,2026-06-05,2026-06-06,5,0,1,10.05
SHP-506105,ORD-506105,ShipRight,2026-06-03,2026-06-05,2026-06-04,3,1,0,11.46
SHP-506106,ORD-506106,ShipRight,2026-06-02,2026-06-05,2026-06-03,2,1,0,9.73
SHP-506107,ORD-506107,ShipRight,2026-06-01,2026-06-05,2026-06-02,1,1,0,9.43
SHP-506108,ORD-506108,ShipRight,2026-06-03,2026-06-05,2026-06-05,4,1,0,9.14
SHP-506109,ORD-506109,ParcelFast,2026-06-03,2026-06-05,2026-06-05,4,1,0,10.14
SHP-506110,ORD-506110,MetroCourier,2026-06-01,2026-06-05,2026-06-03,2,1,0,11.31
SHP-506111,ORD-506111,ParcelFast,2026-06-01,2026-06-05,2026-06-03,2,1,0,13.24
SHP-506112,ORD-506112,ShipRight,2026-06-03,2026-06-06,2026-06-06,4,1,0,8.76
SHP-506113,ORD-506113,ParcelFast,2026-06-02,2026-06-06,2026-06-03,1,1,0,9.6
SHP-506114,ORD-506114,NorthLine,2026-06-03,2026-06-06,2026-06-08,6,0,2,12.54
SHP-506115,ORD-506115,ParcelFast,2026-06-03,2026-06-06,2026-06-07,5,0,1,12.81
SHP-506116,ORD-506116,NorthLine,2026-06-04,2026-06-06,2026-06-05,3,1,0,12.01
SHP-506117,ORD-506117,ParcelFast,2026-06-03,2026-06-06,2026-06-07,5,0,1,12.73
SHP-506118,ORD-506118,NorthLine,2026-06-04,2026-06-06,2026-06-10,8,0,4,10.15
SHP-506119,ORD-506119,NorthLine,2026-06-02,2026-06-06,2026-06-04,2,1,0,13.03
SHP-506120,ORD-506120,MetroCourier,2026-06-05,2026-06-06,2026-06-07,5,0,1,10.85
SHP-506121,ORD-506121,MetroCourier,2026-06-03,2026-06-06,2026-06-06,4,1,0,12.01
SHP-506122,ORD-506122,ShipRight,2026-06-04,2026-06-06,2026-06-07,5,0,1,12.1
SHP-506123,ORD-506123,ShipRight,2026-06-03,2026-06-06,2026-06-10,8,0,4,14.36
SHP-506124,ORD-506124,ParcelFast,2026-06-03,2026-06-06,2026-06-07,5,0,1,13.93
SHP-506125,ORD-506125,MetroCourier,2026-06-05,2026-06-06,2026-06-10,8,0,4,14.26
SHP-506126,ORD-506126,ParcelFast,2026-06-03,2026-06-06,2026-06-07,5,0,1,11.07
SHP-506127,ORD-506127,ShipRight,2026-06-02,2026-06-06,2026-06-05,3,1,0,9.2
SHP-506128,ORD-506128,ShipRight,2026-06-03,2026-06-06,2026-06-07,5,0,1,11.17
SHP-506129,ORD-506129,ParcelFast,2026-06-02,2026-06-06,2026-06-03,1,1,0,10.61
SHP-506130,ORD-506130,ShipRight,2026-06-04,2026-06-06,2026-06-07,5,0,1,10.65
SHP-506131,ORD-506131,NorthLine,2026-06-02,2026-06-06,2026-06-04,2,1,0,11.76
SHP-506132,ORD-506132,ParcelFast,2026-06-02,2026-06-06,2026-06-03,1,1,0,13.31
SHP-506133,ORD-506133,NorthLine,2026-06-04,2026-06-06,2026-06-06,4,1,0,9.72
SHP-506134,ORD-506134,ShipRight,2026-06-05,2026-06-06,2026-06-06,4,1,0,12.3
SHP-506135,ORD-506135,NorthLine,2026-06-03,2026-06-06,2026-06-05,3,1,0,10.87
SHP-506136,ORD-506136,ShipRight,2026-06-03,2026-06-06,2026-06-06,4,1,0,10.48
SHP-506137,ORD-506137,MetroCourier,2026-06-04,2026-06-06,2026-06-07,5,0,1,12.97
SHP-506138,ORD-506138,MetroCourier,2026-06-03,2026-06-06,2026-06-07,5,0,1,10.45
SHP-506139,ORD-506139,ParcelFast,2026-06-03,2026-06-07,2026-06-05,2,1,0,12.75
SHP-506140,ORD-506140,ParcelFast,2026-06-04,2026-06-07,2026-06-06,3,1,0,10.54
SHP-506141,ORD-506141,ParcelFast,2026-06-05,2026-06-07,2026-06-08,5,0,1,11.09
SHP-506142,ORD-506142,MetroCourier,2026-06-04,2026-06-07,2026-06-08,5,0,1,11.11
SHP-506143,ORD-506143,ParcelFast,2026-06-05,2026-06-07,2026-06-06,3,1,0,10.77
SHP-506144,ORD-506144,MetroCourier,2026-06-04,2026-06-07,2026-06-09,6,0,2,9.65
SHP-506145,ORD-506145,ShipRight,2026-06-04,2026-06-07,2026-06-05,2,1,0,9.94
SHP-506146,ORD-506146,ParcelFast,2026-06-05,2026-06-07,2026-06-08,5,0,1,11.08
SHP-506147,ORD-506147,ShipRight,2026-06-04,2026-06-07,2026-06-06,3,1,0,10.16
SHP-506148,ORD-506148,ParcelFast,2026-06-05,2026-06-07,2026-06-08,5,0,1,12.44
SHP-506149,ORD-506149,ShipRight,2026-06-04,2026-06-07,2026-06-07,4,1,0,9.63
SHP-506150,ORD-506150,ShipRight,2026-06-05,2026-06-07,2026-06-07,4,1,0,10.08
SHP-506151,ORD-506151,ShipRight,2026-06-03,2026-06-07,2026-06-08,5,0,1,8.71
SHP-506152,ORD-506152,NorthLine,2026-06-04,2026-06-07,2026-06-07,4,1,0,12.35
SHP-506153,ORD-506153,ShipRight,2026-06-04,2026-06-07,2026-06-06,3,1,0,12.78
SHP-506154,ORD-506154,MetroCourier,2026-06-04,2026-06-07,2026-06-06,3,1,0,10.69
SHP-506155,ORD-506155,MetroCourier,2026-06-04,2026-06-07,2026-06-07,4,1,0,14.27
SHP-506156,ORD-506156,MetroCourier,2026-06-03,2026-06-07,2026-06-05,2,1,0,12.37
SHP-506157,ORD-506157,MetroCourier,2026-06-04,2026-06-07,2026-06-09,6,0,2,14.9
SHP-506158,ORD-506158,MetroCourier,2026-06-04,2026-06-07,2026-06-07,4,1,0,11.93
SHP-506159,ORD-506159,ShipRight,2026-06-04,2026-06-07,2026-06-06,3,1,0,9.69
SHP-506160,ORD-506160,ShipRight,2026-06-05,2026-06-07,2026-06-10,7,0,3,11.58
SHP-506161,ORD-506161,MetroCourier,2026-06-04,2026-06-07,2026-06-05,2,1,0,12.6
SHP-506162,ORD-506162,MetroCourier,2026-06-05,2026-06-07,2026-06-07,4,1,0,12.3
SHP-506163,ORD-506163,NorthLine,2026-06-03,2026-06-07,2026-06-04,1,1,0,12.07
SHP-506164,ORD-506164,ShipRight,2026-06-05,2026-06-07,2026-06-08,5,0,1,13.31
SHP-506165,ORD-506165,MetroCourier,2026-06-03,2026-06-07,2026-06-05,2,1,0,11.85
SHP-506166,ORD-506166,NorthLine,2026-06-04,2026-06-07,2026-06-06,3,1,0,12.69
SHP-506167,ORD-506167,ParcelFast,2026-06-04,2026-06-07,2026-06-06,3,1,0,9.16
SHP-506168,ORD-506168,MetroCourier,2026-06-03,2026-06-07,2026-06-10,7,0,3,9.56
SHP-506169,ORD-506169,ParcelFast,2026-06-03,2026-06-07,2026-06-05,2,1,0,11.14
SHP-506170,ORD-506170,ShipRight,2026-06-04,2026-06-07,2026-06-05,2,1,0,14.44
SHP-506171,ORD-506171,MetroCourier,2026-06-04,2026-06-07,2026-06-07,4,1,0,12.82
SHP-506172,ORD-506172,ParcelFast,2026-06-04,2026-06-07,2026-06-07,4,1,0,9.03
SHP-506173,ORD-506173,ParcelFast,2026-06-04,2026-06-07,2026-06-10,7,0,3,8.79
SHP-506174,ORD-506174,ShipRight,2026-06-04,2026-06-07,2026-06-07,4,1,0,11.44
SHP-506175,ORD-506175,MetroCourier,2026-06-05,2026-06-07,2026-06-07,4,1,0,9.57
SHP-506176,ORD-506176,ShipRight,2026-06-04,2026-06-07,2026-06-06,3,1,0,12.56
SHP-506177,ORD-506177,NorthLine,2026-06-04,2026-06-07,2026-06-06,3,1,0,10.63
SHP-506178,ORD-506178,ParcelFast,2026-06-05,2026-06-08,2026-06-07,3,1,0,12.17
SHP-506179,ORD-506179,MetroCourier,2026-06-04,2026-06-08,2026-06-07,3,1,0,9.1
SHP-506180,ORD-506180,NorthLine,2026-06-07,2026-06-08,2026-06-12,8,0,4,14.55
SHP-506181,ORD-506181,ParcelFast,2026-06-06,2026-06-08,2026-06-10,6,0,2,11.93
SHP-506182,ORD-506182,ShipRight,2026-06-07,2026-06-08,2026-06-10,6,0,2,11.21
SHP-506183,ORD-506183,ParcelFast,2026-06-06,2026-06-08,2026-06-08,4,1,0,9.44
SHP-506184,ORD-506184,ParcelFast,2026-06-04,2026-06-08,2026-06-05,1,1,0,14.6
SHP-506185,ORD-506185,MetroCourier,2026-06-05,2026-06-08,2026-06-11,7,0,3,15.44
SHP-506186,ORD-506186,ParcelFast,2026-06-05,2026-06-08,2026-06-09,5,0,1,9.22
SHP-506187,ORD-506187,ShipRight,2026-06-05,2026-06-08,2026-06-06,2,1,0,11.63
SHP-506188,ORD-506188,NorthLine,2026-06-07,2026-06-08,2026-06-08,4,1,0,10.7
SHP-506189,ORD-506189,ShipRight,2026-06-07,2026-06-08,2026-06-10,6,0,2,9.67
SHP-506190,ORD-506190,MetroCourier,2026-06-05,2026-06-08,2026-06-11,7,0,3,8.96
SHP-506191,ORD-506191,ShipRight,2026-06-05,2026-06-08,2026-06-10,6,0,2,11.78
SHP-506192,ORD-506192,MetroCourier,2026-06-05,2026-06-08,2026-06-09,5,0,1,10.16
SHP-506193,ORD-506193,NorthLine,2026-06-04,2026-06-08,2026-06-12,8,0,4,12.82
SHP-506194,ORD-506194,ShipRight,2026-06-05,2026-06-08,2026-06-08,4,1,0,11.88
SHP-506195,ORD-506195,ParcelFast,2026-06-05,2026-06-08,2026-06-07,3,1,0,13.06
SHP-506196,ORD-506196,NorthLine,2026-06-05,2026-06-08,2026-06-07,3,1,0,12.08
SHP-506197,ORD-506197,ShipRight,2026-06-06,2026-06-08,2026-06-13,9,0,5,10.92
SHP-506198,ORD-506198,ParcelFast,2026-06-06,2026-06-08,2026-06-09,5,0,1,12.08
SHP-506199,ORD-506199,ParcelFast,2026-06-06,2026-06-08,2026-06-09,5,0,1,12.8
SHP-506200,ORD-506200,MetroCourier,2026-06-05,2026-06-08,2026-06-08,4,1,0,12.26
SHP-506201,ORD-506201,MetroCourier,2026-06-06,2026-06-08,2026-06-11,7,0,3,12.94
SHP-506202,ORD-506202,ShipRight,2026-06-06,2026-06-08,2026-06-08,4,1,0,11.01
SHP-506203,ORD-506203,ShipRight,2026-06-05,2026-06-08,2026-06-07,3,1,0,12.59
SHP-506204,ORD-506204,ParcelFast,2026-06-05,2026-06-08,2026-06-09,5,0,1,9.33
SHP-506205,ORD-506205,NorthLine,2026-06-04,2026-06-08,2026-06-05,1,1,0,11.71
SHP-506206,ORD-506206,NorthLine,2026-06-06,2026-06-08,2026-06-07,3,1,0,9.89
SHP-506207,ORD-506207,NorthLine,2026-06-05,2026-06-08,2026-06-11,7,0,3,8.78
SHP-506208,ORD-506208,ShipRight,2026-06-05,2026-06-08,2026-06-09,5,0,1,13.22
SHP-506209,ORD-506209,NorthLine,2026-06-05,2026-06-08,2026-06-07,3,1,0,11.84
SHP-506210,ORD-506210,ShipRight,2026-06-07,2026-06-09,2026-06-10,5,0,1,10.95
SHP-506211,ORD-506211,ShipRight,2026-06-06,2026-06-09,2026-06-13,8,0,4,10.78
SHP-506212,ORD-506212,ShipRight,2026-06-05,2026-06-09,2026-06-08,3,1,0,14.06
SHP-506213,ORD-506213,ShipRight,2026-06-06,2026-06-09,2026-06-07,2,1,0,12.01
SHP-506214,ORD-506214,ParcelFast,2026-06-06,2026-06-09,2026-06-08,3,1,0,10.65
SHP-506215,ORD-506215,ShipRight,2026-06-05,2026-06-09,2026-06-09,4,1,0,14.1
SHP-506216,ORD-506216,ShipRight,2026-06-06,2026-06-09,2026-06-09,4,1,0,12.23
SHP-506217,ORD-506217,ShipRight,2026-06-06,2026-06-09,2026-06-08,3,1,0,12.1
SHP-506218,ORD-506218,MetroCourier,2026-06-07,2026-06-09,2026-06-10,5,0,1,12.25
SHP-506219,ORD-506219,ShipRight,2026-06-05,2026-06-09,2026-06-09,4,1,0,12.54
SHP-506220,ORD-506220,NorthLine,2026-06-07,2026-06-09,2026-06-08,3,1,0,10.83
SHP-506221,ORD-506221,NorthLine,2026-06-07,2026-06-09,2026-06-10,5,0,1,8.81
SHP-506222,ORD-506222,ShipRight,2026-06-05,2026-06-09,2026-06-12,7,0,3,15.14
SHP-506223,ORD-506223,NorthLine,2026-06-07,2026-06-09,2026-06-12,7,0,3,9.22
SHP-506224,ORD-506224,MetroCourier,2026-06-06,2026-06-09,2026-06-08,3,1,0,10.26
SHP-506225,ORD-506225,MetroCourier,2026-06-06,2026-06-09,2026-06-08,3,1,0,10.79
SHP-506226,ORD-506226,ParcelFast,2026-06-06,2026-06-09,2026-06-12,7,0,3,12.22
SHP-506227,ORD-506227,ShipRight,2026-06-08,2026-06-09,2026-06-15,10,0,6,9.53
SHP-506228,ORD-506228,ParcelFast,2026-06-07,2026-06-09,2026-06-09,4,1,0,13.36
SHP-506229,ORD-506229,ShipRight,2026-06-06,2026-06-09,2026-06-08,3,1,0,10.69
SHP-506230,ORD-506230,MetroCourier,2026-06-05,2026-06-09,2026-06-10,5,0,1,14.48
SHP-506231,ORD-506231,ShipRight,2026-06-06,2026-06-09,2026-06-07,2,1,0,9.9
SHP-506232,ORD-506232,NorthLine,2026-06-06,2026-06-09,2026-06-10,5,0,1,11.8
SHP-506233,ORD-506233,ShipRight,2026-06-06,2026-06-09,2026-06-09,4,1,0,12.87
SHP-506234,ORD-506234,ParcelFast,2026-06-05,2026-06-09,2026-06-08,3,1,0,12.55
SHP-506235,ORD-506235,MetroCourier,2026-06-07,2026-06-09,2026-06-10,5,0,1,10.37
SHP-506236,ORD-506236,NorthLine,2026-06-05,2026-06-09,2026-06-07,2,1,0,13.34
SHP-506237,ORD-506237,ShipRight,2026-06-06,2026-06-09,2026-06-08,3,1,0,11.36
SHP-506238,ORD-506238,MetroCourier,2026-06-06,2026-06-09,2026-06-12,7,0,3,13.18
SHP-506239,ORD-506239,MetroCourier,2026-06-05,2026-06-09,2026-06-09,4,1,0,11.44
SHP-506240,ORD-506240,ShipRight,2026-06-09,2026-06-10,2026-06-12,6,0,2,10.61
SHP-506241,ORD-506241,NorthLine,2026-06-08,2026-06-10,2026-06-13,7,0,3,13.4
SHP-506242,ORD-506242,MetroCourier,2026-06-06,2026-06-10,2026-06-08,2,1,0,13.77
SHP-506243,ORD-506243,MetroCourier,2026-06-07,2026-06-10,2026-06-10,4,1,0,12.54
SHP-506244,ORD-506244,ShipRight,2026-06-07,2026-06-10,2026-06-09,3,1,0,8.73
SHP-506245,ORD-506245,ParcelFast,2026-06-06,2026-06-10,2026-06-07,1,1,0,10.78
SHP-506246,ORD-506246,NorthLine,2026-06-07,2026-06-10,2026-06-09,3,1,0,9.42
SHP-506247,ORD-506247,ParcelFast,2026-06-07,2026-06-10,2026-06-08,2,1,0,14.75
SHP-506248,ORD-506248,ParcelFast,2026-06-09,2026-06-10,2026-06-10,4,1,0,9.16
SHP-506249,ORD-506249,ShipRight,2026-06-07,2026-06-10,2026-06-10,4,1,0,12.34
SHP-506250,ORD-506250,NorthLine,2026-06-09,2026-06-10,2026-06-12,6,0,2,13.4
SHP-506251,ORD-506251,MetroCourier,2026-06-06,2026-06-10,2026-06-09,3,1,0,11.97
SHP-506252,ORD-506252,MetroCourier,2026-06-06,2026-06-10,2026-06-13,7,0,3,15.95
SHP-506253,ORD-506253,NorthLine,2026-06-07,2026-06-10,2026-06-09,3,1,0,9.95
SHP-506254,ORD-506254,ShipRight,2026-06-07,2026-06-10,2026-06-11,5,0,1,11.32
SHP-506255,ORD-506255,ShipRight,2026-06-09,2026-06-10,2026-06-11,5,0,1,10.81
SHP-506256,ORD-506256,ShipRight,2026-06-07,2026-06-10,2026-06-11,5,0,1,10.44
SHP-506257,ORD-506257,MetroCourier,2026-06-07,2026-06-10,2026-06-13,7,0,3,13.49
SHP-506258,ORD-506258,ParcelFast,2026-06-06,2026-06-10,2026-06-09,3,1,0,10.81
SHP-506259,ORD-506259,NorthLine,2026-06-07,2026-06-10,2026-06-09,3,1,0,11.86
SHP-506260,ORD-506260,MetroCourier,2026-06-09,2026-06-10,2026-06-11,5,0,1,11.71
SHP-506261,ORD-506261,MetroCourier,2026-06-07,2026-06-10,2026-06-12,6,0,2,12.53
SHP-506262,ORD-506262,ParcelFast,2026-06-07,2026-06-10,2026-06-12,6,0,2,11.42
SHP-506263,ORD-506263,ParcelFast,2026-06-07,2026-06-10,2026-06-08,2,1,0,10.98
SHP-506264,ORD-506264,ParcelFast,2026-06-09,2026-06-10,2026-06-12,6,0,2,13.04
SHP-506265,ORD-506265,NorthLine,2026-06-08,2026-06-10,2026-06-10,4,1,0,11.5
SHP-506266,ORD-506266,MetroCourier,2026-06-07,2026-06-10,2026-06-10,4,1,0,13.61
SHP-506267,ORD-506267,MetroCourier,2026-06-08,2026-06-10,2026-06-11,5,0,1,12.78
SHP-506268,ORD-506268,ShipRight,2026-06-07,2026-06-10,2026-06-12,6,0,2,10.68
SHP-506269,ORD-506269,MetroCourier,2026-06-07,2026-06-10,2026-06-09,3,1,0,10.73
SHP-506270,ORD-506270,NorthLine,2026-06-08,2026-06-10,2026-06-09,3,1,0,12.31
SHP-506271,ORD-506271,MetroCourier,2026-06-06,2026-06-10,2026-06-08,2,1,0,9.02
SHP-506272,ORD-506272,MetroCourier,2026-06-07,2026-06-10,2026-06-10,4,1,0,10.14
SHP-506273,ORD-506273,MetroCourier,2026-06-06,2026-06-10,2026-06-09,3,1,0,11.23
SHP-506274,ORD-506274,NorthLine,2026-06-06,2026-06-10,2026-06-12,6,0,2,13.04
SHP-506275,ORD-506275,ParcelFast,2026-06-07,2026-06-10,2026-06-11,5,0,1,11.9
SHP-506276,ORD-506276,NorthLine,2026-06-06,2026-06-10,2026-06-09,3,1,0,12.91
SHP-506277,ORD-506277,ShipRight,2026-06-06,2026-06-10,2026-06-08,2,1,0,15.7
SHP-506278,ORD-506278,MetroCourier,2026-06-06,2026-06-10,2026-06-09,3,1,0,12.9
SHP-506279,ORD-506279,NorthLine,2026-06-07,2026-06-10,2026-06-13,7,0,3,11.86
SHP-506280,ORD-506280,ParcelFast,2026-06-07,2026-06-11,2026-06-12,5,0,1,12.99
SHP-506281,ORD-506281,ShipRight,2026-06-08,2026-06-11,2026-06-12,5,0,1,11.88
SHP-506282,ORD-506282,MetroCourier,2026-06-08,2026-06-11,2026-06-09,2,1,0,12.01
SHP-506283,ORD-506283,ShipRight,2026-06-08,2026-06-11,2026-06-09,2,1,0,10.36
SHP-506284,ORD-506284,MetroCourier,2026-06-08,2026-06-11,2026-06-12,5,0,1,12.93
SHP-506285,ORD-506285,MetroCourier,2026-06-07,2026-06-11,2026-06-13,6,0,2,10.85
SHP-506286,ORD-506286,ParcelFast,2026-06-08,2026-06-11,2026-06-11,4,1,0,8.88
SHP-506287,ORD-506287,MetroCourier,2026-06-07,2026-06-11,2026-06-10,3,1,0,10.13
SHP-506288,ORD-506288,NorthLine,2026-06-08,2026-06-11,2026-06-09,2,1,0,11.5
SHP-506289,ORD-506289,ParcelFast,2026-06-08,2026-06-11,2026-06-12,5,0,1,9.46
SHP-506290,ORD-506290,ShipRight,2026-06-07,2026-06-11,2026-06-09,2,1,0,12.56
SHP-506291,ORD-506291,NorthLine,2026-06-08,2026-06-11,2026-06-12,5,0,1,10.31
SHP-506292,ORD-506292,NorthLine,2026-06-10,2026-06-11,2026-06-11,4,1,0,10.73
SHP-506293,ORD-506293,MetroCourier,2026-06-07,2026-06-11,2026-06-09,2,1,0,11.3
SHP-506294,ORD-506294,ShipRight,2026-06-08,2026-06-11,2026-06-10,3,1,0,13.6
SHP-506295,ORD-506295,ShipRight,2026-06-08,2026-06-11,2026-06-13,6,0,2,11.29
SHP-506296,ORD-506296,MetroCourier,2026-06-10,2026-06-11,2026-06-11,4,1,0,8.99
SHP-506297,ORD-506297,ParcelFast,2026-06-08,2026-06-11,2026-06-10,3,1,0,10.91
SHP-506298,ORD-506298,ShipRight,2026-06-07,2026-06-11,2026-06-10,3,1,0,13.95
SHP-506299,ORD-506299,ParcelFast,2026-06-07,2026-06-11,2026-06-10,3,1,0,12.59
SHP-506300,ORD-506300,ParcelFast,2026-06-08,2026-06-11,2026-06-10,3,1,0,12.58
SHP-506301,ORD-506301,MetroCourier,2026-06-07,2026-06-11,2026-06-09,2,1,0,13.44
SHP-506302,ORD-506302,ParcelFast,2026-06-08,2026-06-11,2026-06-09,2,1,0,10.5
SHP-506303,ORD-506303,ShipRight,2026-06-08,2026-06-11,2026-06-09,2,1,0,14.03
SHP-506304,ORD-506304,ParcelFast,2026-06-09,2026-06-11,2026-06-17,10,0,6,10.57
SHP-506305,ORD-506305,NorthLine,2026-06-08,2026-06-11,2026-06-11,4,1,0,8.73
SHP-506306,ORD-506306,ShipRight,2026-06-07,2026-06-11,2026-06-10,3,1,0,9.91
SHP-506307,ORD-506307,MetroCourier,2026-06-08,2026-06-11,2026-06-12,5,0,1,11.25
SHP-506308,ORD-506308,ShipRight,2026-06-09,2026-06-11,2026-06-10,3,1,0,13.48
SHP-506309,ORD-506309,MetroCourier,2026-06-08,2026-06-11,2026-06-11,4,1,0,9.89
SHP-506310,ORD-506310,MetroCourier,2026-06-08,2026-06-11,2026-06-14,7,0,3,14.83
SHP-506311,ORD-506311,MetroCourier,2026-06-08,2026-06-11,2026-06-14,7,0,3,12.56
SHP-506312,ORD-506312,NorthLine,2026-06-07,2026-06-11,2026-06-12,5,0,1,9.89
SHP-506313,ORD-506313,NorthLine,2026-06-07,2026-06-11,2026-06-08,1,1,0,9.21
SHP-506314,ORD-506314,ShipRight,2026-06-08,2026-06-11,2026-06-10,3,1,0,12.55
SHP-506315,ORD-506315,MetroCourier,2026-06-08,2026-06-11,2026-06-10,3,1,0,9.14
SHP-506316,ORD-506316,ShipRight,2026-06-08,2026-06-11,2026-06-10,3,1,0,10.21
SHP-506317,ORD-506317,ShipRight,2026-06-10,2026-06-11,2026-06-11,4,1,0,12.0
SHP-506318,ORD-506318,NorthLine,2026-06-08,2026-06-11,2026-06-12,5,0,1,10.43
SHP-506319,ORD-506319,ParcelFast,2026-06-09,2026-06-11,2026-06-12,5,0,1,10.22
SHP-506320,ORD-506320,MetroCourier,2026-06-07,2026-06-11,2026-06-09,2,1,0,12.29
SHP-506321,ORD-506321,MetroCourier,2026-06-08,2026-06-11,2026-06-13,6,0,2,9.4
SHP-506322,ORD-506322,NorthLine,2026-06-10,2026-06-12,2026-06-12,4,1,0,12.6
SHP-506323,ORD-506323,MetroCourier,2026-06-08,2026-06-12,2026-06-11,3,1,0,10.86
SHP-506324,ORD-506324,ParcelFast,2026-06-10,2026-06-12,2026-06-14,6,0,2,12.25
SHP-506325,ORD-506325,ParcelFast,2026-06-10,2026-06-12,2026-06-14,6,0,2,10.88
SHP-506326,ORD-506326,ShipRight,2026-06-08,2026-06-12,2026-06-11,3,1,0,12.06
SHP-506327,ORD-506327,MetroCourier,2026-06-09,2026-06-12,2026-06-12,4,1,0,10.66
SHP-506328,ORD-506328,MetroCourier,2026-06-10,2026-06-12,2026-06-12,4,1,0,12.16
SHP-506329,ORD-506329,ShipRight,2026-06-08,2026-06-12,2026-06-15,7,0,3,12.35
SHP-506330,ORD-506330,NorthLine,2026-06-08,2026-06-12,2026-06-11,3,1,0,10.54
SHP-506331,ORD-506331,NorthLine,2026-06-10,2026-06-12,2026-06-11,3,1,0,11.53
SHP-506332,ORD-506332,ParcelFast,2026-06-10,2026-06-12,2026-06-12,4,1,0,12.83
SHP-506333,ORD-506333,NorthLine,2026-06-09,2026-06-12,2026-06-17,9,0,5,11.71
SHP-506334,ORD-506334,NorthLine,2026-06-09,2026-06-12,2026-06-13,5,0,1,15.16
SHP-506335,ORD-506335,MetroCourier,2026-06-09,2026-06-12,2026-06-13,5,0,1,12.02
SHP-506336,ORD-506336,MetroCourier,2026-06-09,2026-06-12,2026-06-12,4,1,0,8.98
SHP-506337,ORD-506337,NorthLine,2026-06-09,2026-06-12,2026-06-11,3,1,0,11.7
SHP-506338,ORD-506338,ParcelFast,2026-06-09,2026-06-12,2026-06-14,6,0,2,10.32
SHP-506339,ORD-506339,ParcelFast,2026-06-10,2026-06-12,2026-06-14,6,0,2,10.21
SHP-506340,ORD-506340,ParcelFast,2026-06-11,2026-06-12,2026-06-15,7,0,3,13.93
SHP-506341,ORD-506341,MetroCourier,2026-06-09,2026-06-12,2026-06-15,7,0,3,9.98
SHP-506342,ORD-506342,ShipRight,2026-06-10,2026-06-12,2026-06-13,5,0,1,12.62
SHP-506343,ORD-506343,MetroCourier,2026-06-10,2026-06-12,2026-06-12,4,1,0,10.36
SHP-506344,ORD-506344,ParcelFast,2026-06-08,2026-06-12,2026-06-10,2,1,0,11.65
SHP-506345,ORD-506345,MetroCourier,2026-06-10,2026-06-12,2026-06-17,9,0,5,11.98
SHP-506346,ORD-506346,ParcelFast,2026-06-09,2026-06-12,2026-06-12,4,1,0,11.85
SHP-506347,ORD-506347,MetroCourier,2026-06-08,2026-06-12,2026-06-11,3,1,0,10.56
SHP-506348,ORD-506348,ParcelFast,2026-06-09,2026-06-12,2026-06-12,4,1,0,11.9
SHP-506349,ORD-506349,NorthLine,2026-06-09,2026-06-12,2026-06-11,3,1,0,10.84
SHP-506350,ORD-506350,ParcelFast,2026-06-09,2026-06-12,2026-06-13,5,0,1,13.31
SHP-506351,ORD-506351,NorthLine,2026-06-10,2026-06-12,2026-06-13,5,0,1,11.63
SHP-506352,ORD-506352,ParcelFast,2026-06-09,2026-06-12,2026-06-11,3,1,0,8.85
SHP-506353,ORD-506353,NorthLine,2026-06-08,2026-06-12,2026-06-09,1,1,0,9.97
SHP-506354,ORD-506354,MetroCourier,2026-06-08,2026-06-12,2026-06-10,2,1,0,12.24
SHP-506355,ORD-506355,ShipRight,2026-06-10,2026-06-12,2026-06-15,7,0,3,11.44
SHP-506356,ORD-506356,NorthLine,2026-06-09,2026-06-12,2026-06-10,2,1,0,11.52
SHP-506357,ORD-506357,ParcelFast,2026-06-09,2026-06-12,2026-06-10,2,1,0,10.41
SHP-506358,ORD-506358,ShipRight,2026-06-09,2026-06-12,2026-06-13,5,0,1,9.25
SHP-506359,ORD-506359,ParcelFast,2026-06-09,2026-06-12,2026-06-14,6,0,2,12.73
SHP-506360,ORD-506360,ParcelFast,2026-06-09,2026-06-12,2026-06-12,4,1,0,9.18
SHP-506361,ORD-506361,ParcelFast,2026-06-08,2026-06-12,2026-06-10,2,1,0,9.89
SHP-506362,ORD-506362,NorthLine,2026-06-09,2026-06-12,2026-06-12,4,1,0,9.05
SHP-506363,ORD-506363,ShipRight,2026-06-09,2026-06-12,2026-06-11,3,1,0,10.42
SHP-506364,ORD-506364,ParcelFast,2026-06-11,2026-06-12,2026-06-15,7,0,3,13.73
SHP-506365,ORD-506365,ShipRight,2026-06-10,2026-06-12,2026-06-14,6,0,2,13.55
SHP-506366,ORD-506366,MetroCourier,2026-06-09,2026-06-12,2026-06-14,6,0,2,11.65
SHP-506367,ORD-506367,NorthLine,2026-06-09,2026-06-13,2026-06-10,1,1,0,11.06
SHP-506368,ORD-506368,MetroCourier,2026-06-10,2026-06-13,2026-06-13,4,1,0,11.13
SHP-506369,ORD-506369,ParcelFast,2026-06-10,2026-06-13,2026-06-13,4,1,0,11.41
SHP-506370,ORD-506370,ShipRight,2026-06-09,2026-06-13,2026-06-15,6,0,2,11.59
SHP-506371,ORD-506371,ShipRight,2026-06-10,2026-06-13,2026-06-11,2,1,0,10.13
SHP-506372,ORD-506372,NorthLine,2026-06-09,2026-06-13,2026-06-17,8,0,4,12.4
SHP-506373,ORD-506373,ShipRight,2026-06-11,2026-06-13,2026-06-16,7,0,3,9.05
SHP-506374,ORD-506374,NorthLine,2026-06-11,2026-06-13,2026-06-15,6,0,2,11.43
SHP-506375,ORD-506375,ParcelFast,2026-06-09,2026-06-13,2026-06-11,2,1,0,11.65
SHP-506376,ORD-506376,ParcelFast,2026-06-10,2026-06-13,2026-06-13,4,1,0,14.91
SHP-506377,ORD-506377,NorthLine,2026-06-10,2026-06-13,2026-06-14,5,0,1,14.04
SHP-506378,ORD-506378,MetroCourier,2026-06-10,2026-06-13,2026-06-12,3,1,0,11.46
SHP-506379,ORD-506379,ShipRight,2026-06-10,2026-06-13,2026-06-14,5,0,1,9.85
SHP-506380,ORD-506380,ShipRight,2026-06-10,2026-06-13,2026-06-12,3,1,0,13.29
SHP-506381,ORD-506381,ShipRight,2026-06-11,2026-06-13,2026-06-16,7,0,3,13.1
SHP-506382,ORD-506382,ShipRight,2026-06-09,2026-06-13,2026-06-11,2,1,0,10.37
SHP-506383,ORD-506383,MetroCourier,2026-06-10,2026-06-13,2026-06-16,7,0,3,8.98
SHP-506384,ORD-506384,ShipRight,2026-06-10,2026-06-13,2026-06-13,4,1,0,9.06
SHP-506385,ORD-506385,NorthLine,2026-06-10,2026-06-13,2026-06-12,3,1,0,13.0
SHP-506386,ORD-506386,ParcelFast,2026-06-11,2026-06-13,2026-06-16,7,0,3,10.8
SHP-506387,ORD-506387,NorthLine,2026-06-10,2026-06-13,2026-06-18,9,0,5,12.93
SHP-506388,ORD-506388,MetroCourier,2026-06-10,2026-06-13,2026-06-11,2,1,0,10.46
SHP-506389,ORD-506389,ParcelFast,2026-06-10,2026-06-13,2026-06-14,5,0,1,14.41
SHP-506390,ORD-506390,NorthLine,2026-06-10,2026-06-13,2026-06-13,4,1,0,11.58
SHP-506391,ORD-506391,ShipRight,2026-06-10,2026-06-13,2026-06-12,3,1,0,9.95
SHP-506392,ORD-506392,MetroCourier,2026-06-12,2026-06-13,2026-06-14,5,0,1,9.83
SHP-506393,ORD-506393,MetroCourier,2026-06-09,2026-06-13,2026-06-12,3,1,0,10.56
SHP-506394,ORD-506394,ShipRight,2026-06-10,2026-06-13,2026-06-17,8,0,4,10.11
SHP-506395,ORD-506395,NorthLine,2026-06-09,2026-06-13,2026-06-12,3,1,0,12.5
SHP-506396,ORD-506396,MetroCourier,2026-06-10,2026-06-13,2026-06-11,2,1,0,9.91
SHP-506397,ORD-506397,ParcelFast,2026-06-10,2026-06-13,2026-06-12,3,1,0,8.77
SHP-506398,ORD-506398,MetroCourier,2026-06-10,2026-06-13,2026-06-15,6,0,2,11.6
SHP-506399,ORD-506399,NorthLine,2026-06-10,2026-06-13,2026-06-14,5,0,1,12.33
SHP-506400,ORD-506400,ShipRight,2026-06-11,2026-06-14,2026-06-15,5,0,1,12.74
SHP-506401,ORD-506401,NorthLine,2026-06-10,2026-06-14,2026-06-11,1,1,0,11.84
SHP-506402,ORD-506402,ShipRight,2026-06-11,2026-06-14,2026-06-15,5,0,1,11.3
SHP-506403,ORD-506403,ShipRight,2026-06-13,2026-06-14,2026-06-17,7,0,3,12.66
SHP-506404,ORD-506404,ParcelFast,2026-06-11,2026-06-14,2026-06-13,3,1,0,9.16
SHP-506405,ORD-506405,NorthLine,2026-06-11,2026-06-14,2026-06-16,6,0,2,9.76
SHP-506406,ORD-506406,ShipRight,2026-06-11,2026-06-14,2026-06-14,4,1,0,10.57
SHP-506407,ORD-506407,MetroCourier,2026-06-12,2026-06-14,2026-06-13,3,1,0,12.14
SHP-506408,ORD-506408,ShipRight,2026-06-13,2026-06-14,2026-06-16,6,0,2,11.32
SHP-506409,ORD-506409,MetroCourier,2026-06-11,2026-06-14,2026-06-14,4,1,0,11.89
SHP-506410,ORD-506410,ParcelFast,2026-06-12,2026-06-14,2026-06-14,4,1,0,11.97
SHP-506411,ORD-506411,ParcelFast,2026-06-10,2026-06-14,2026-06-13,3,1,0,12.64
SHP-506412,ORD-506412,ShipRight,2026-06-12,2026-06-14,2026-06-13,3,1,0,12.34
SHP-506413,ORD-506413,ShipRight,2026-06-11,2026-06-14,2026-06-14,4,1,0,11.83
SHP-506414,ORD-506414,ShipRight,2026-06-12,2026-06-14,2026-06-14,4,1,0,8.91
SHP-506415,ORD-506415,NorthLine,2026-06-11,2026-06-14,2026-06-13,3,1,0,9.68
SHP-506416,ORD-506416,ShipRight,2026-06-11,2026-06-14,2026-06-13,3,1,0,15.03
SHP-506417,ORD-506417,MetroCourier,2026-06-13,2026-06-14,2026-06-15,5,0,1,10.69
SHP-506418,ORD-506418,NorthLine,2026-06-13,2026-06-14,2026-06-14,4,1,0,10.75
SHP-506419,ORD-506419,ShipRight,2026-06-11,2026-06-14,2026-06-13,3,1,0,13.44
SHP-506420,ORD-506420,ParcelFast,2026-06-13,2026-06-14,2026-06-15,5,0,1,9.65
SHP-506421,ORD-506421,ParcelFast,2026-06-10,2026-06-14,2026-06-11,1,1,0,11.53
SHP-506422,ORD-506422,ParcelFast,2026-06-11,2026-06-14,2026-06-19,9,0,5,12.48
SHP-506423,ORD-506423,MetroCourier,2026-06-12,2026-06-15,2026-06-14,3,1,0,12.14
SHP-506424,ORD-506424,MetroCourier,2026-06-12,2026-06-15,2026-06-17,6,0,2,9.03
SHP-506425,ORD-506425,ShipRight,2026-06-13,2026-06-15,2026-06-17,6,0,2,10.18
SHP-506426,ORD-506426,MetroCourier,2026-06-13,2026-06-15,2026-06-21,10,0,6,11.13
SHP-506427,ORD-506427,ParcelFast,2026-06-13,2026-06-15,2026-06-14,3,1,0,11.01
SHP-506428,ORD-506428,MetroCourier,2026-06-12,2026-06-15,2026-06-17,6,0,2,11.78
SHP-506429,ORD-506429,ShipRight,2026-06-12,2026-06-15,2026-06-14,3,1,0,10.08
SHP-506430,ORD-506430,NorthLine,2026-06-12,2026-06-15,2026-06-14,3,1,0,12.12
SHP-506431,ORD-506431,ParcelFast,2026-06-13,2026-06-15,2026-06-15,4,1,0,11.83
SHP-506432,ORD-506432,NorthLine,2026-06-12,2026-06-15,2026-06-14,3,1,0,9.35
SHP-506433,ORD-506433,MetroCourier,2026-06-12,2026-06-15,2026-06-15,4,1,0,9.97
SHP-506434,ORD-506434,NorthLine,2026-06-12,2026-06-15,2026-06-13,2,1,0,11.62
SHP-506435,ORD-506435,ShipRight,2026-06-11,2026-06-15,2026-06-15,4,1,0,14.0
SHP-506436,ORD-506436,NorthLine,2026-06-12,2026-06-15,2026-06-15,4,1,0,11.46
SHP-506437,ORD-506437,NorthLine,2026-06-11,2026-06-15,2026-06-16,5,0,1,13.48
SHP-506438,ORD-506438,MetroCourier,2026-06-12,2026-06-15,2026-06-17,6,0,2,15.36
SHP-506439,ORD-506439,MetroCourier,2026-06-11,2026-06-15,2026-06-12,1,1,0,12.54
SHP-506440,ORD-506440,MetroCourier,2026-06-14,2026-06-15,2026-06-16,5,0,1,9.19
SHP-506441,ORD-506441,MetroCourier,2026-06-12,2026-06-15,2026-06-14,3,1,0,10.25
SHP-506442,ORD-506442,NorthLine,2026-06-14,2026-06-15,2026-06-18,7,0,3,9.48
SHP-506443,ORD-506443,ShipRight,2026-06-12,2026-06-15,2026-06-14,3,1,0,10.62
SHP-506444,ORD-506444,MetroCourier,2026-06-11,2026-06-15,2026-06-12,1,1,0,11.29
SHP-506445,ORD-506445,MetroCourier,2026-06-11,2026-06-15,2026-06-15,4,1,0,10.61
SHP-506446,ORD-506446,ParcelFast,2026-06-11,2026-06-15,2026-06-13,2,1,0,10.19
SHP-506447,ORD-506447,ShipRight,2026-06-12,2026-06-15,2026-06-16,5,0,1,12.14
SHP-506448,ORD-506448,NorthLine,2026-06-14,2026-06-15,2026-06-18,7,0,3,9.08
SHP-506449,ORD-506449,NorthLine,2026-06-11,2026-06-15,2026-06-17,6,0,2,13.65
SHP-506450,ORD-506450,ParcelFast,2026-06-11,2026-06-15,2026-06-13,2,1,0,15.66
SHP-506451,ORD-506451,NorthLine,2026-06-12,2026-06-15,2026-06-16,5,0,1,9.15
SHP-506452,ORD-506452,NorthLine,2026-06-14,2026-06-15,2026-06-18,7,0,3,9.15
SHP-506453,ORD-506453,ShipRight,2026-06-12,2026-06-15,2026-06-15,4,1,0,12.89
SHP-506454,ORD-506454,ParcelFast,2026-06-12,2026-06-15,2026-06-15,4,1,0,10.24
SHP-506455,ORD-506455,ParcelFast,2026-06-13,2026-06-15,2026-06-15,4,1,0,13.02
SHP-506456,ORD-506456,ParcelFast,2026-06-14,2026-06-15,2026-06-16,5,0,1,8.92
SHP-506457,ORD-506457,MetroCourier,2026-06-13,2026-06-15,2026-06-17,6,0,2,9.78
SHP-506458,ORD-506458,NorthLine,2026-06-14,2026-06-15,2026-06-18,7,0,3,9.08
SHP-506459,ORD-506459,ShipRight,2026-06-12,2026-06-15,2026-06-13,2,1,0,11.97
SHP-506460,ORD-506460,ParcelFast,2026-06-11,2026-06-15,2026-06-13,2,1,0,8.93
SHP-506461,ORD-506461,NorthLine,2026-06-12,2026-06-15,2026-06-13,2,1,0,10.01
SHP-506462,ORD-506462,ShipRight,2026-06-12,2026-06-15,2026-06-13,2,1,0,9.14
SHP-506463,ORD-506463,ShipRight,2026-06-11,2026-06-15,2026-06-12,1,1,0,11.28
SHP-506464,ORD-506464,ParcelFast,2026-06-11,2026-06-15,2026-06-12,1,1,0,12.1
SHP-506465,ORD-506465,MetroCourier,2026-06-14,2026-06-16,2026-06-16,4,1,0,9.48
SHP-506466,ORD-506466,ShipRight,2026-06-12,2026-06-16,2026-06-14,2,1,0,12.5
SHP-506467,ORD-506467,MetroCourier,2026-06-14,2026-06-16,2026-06-16,4,1,0,9.99
SHP-506468,ORD-506468,ParcelFast,2026-06-13,2026-06-16,2026-06-19,7,0,3,10.34
SHP-506469,ORD-506469,MetroCourier,2026-06-14,2026-06-16,2026-06-18,6,0,2,10.69
SHP-506470,ORD-506470,ShipRight,2026-06-12,2026-06-16,2026-06-15,3,1,0,12.58
SHP-506471,ORD-506471,ShipRight,2026-06-12,2026-06-16,2026-06-16,4,1,0,9.4
SHP-506472,ORD-506472,MetroCourier,2026-06-13,2026-06-16,2026-06-17,5,0,1,13.15
SHP-506473,ORD-506473,ParcelFast,2026-06-14,2026-06-16,2026-06-18,6,0,2,12.39
SHP-506474,ORD-506474,ParcelFast,2026-06-13,2026-06-16,2026-06-15,3,1,0,10.57
SHP-506475,ORD-506475,MetroCourier,2026-06-13,2026-06-16,2026-06-18,6,0,2,15.44
SHP-506476,ORD-506476,MetroCourier,2026-06-13,2026-06-16,2026-06-17,5,0,1,13.52
SHP-506477,ORD-506477,MetroCourier,2026-06-14,2026-06-16,2026-06-16,4,1,0,12.89
SHP-506478,ORD-506478,MetroCourier,2026-06-15,2026-06-16,2026-06-20,8,0,4,13.15
SHP-506479,ORD-506479,ParcelFast,2026-06-13,2026-06-16,2026-06-14,2,1,0,8.98
SHP-506480,ORD-506480,ShipRight,2026-06-12,2026-06-16,2026-06-19,7,0,3,11.79
SHP-506481,ORD-506481,ShipRight,2026-06-15,2026-06-16,2026-06-18,6,0,2,9.87
SHP-506482,ORD-506482,NorthLine,2026-06-13,2026-06-16,2026-06-17,5,0,1,11.04
SHP-506483,ORD-506483,MetroCourier,2026-06-12,2026-06-16,2026-06-16,4,1,0,12.84
SHP-506484,ORD-506484,MetroCourier,2026-06-13,2026-06-16,2026-06-15,3,1,0,9.51
SHP-506485,ORD-506485,NorthLine,2026-06-13,2026-06-16,2026-06-17,5,0,1,13.12
SHP-506486,ORD-506486,ShipRight,2026-06-13,2026-06-16,2026-06-15,3,1,0,14.45
SHP-506487,ORD-506487,MetroCourier,2026-06-12,2026-06-16,2026-06-14,2,1,0,12.36
SHP-506488,ORD-506488,MetroCourier,2026-06-14,2026-06-16,2026-06-19,7,0,3,10.49
SHP-506489,ORD-506489,ParcelFast,2026-06-12,2026-06-16,2026-06-17,5,0,1,12.99
SHP-506490,ORD-506490,MetroCourier,2026-06-13,2026-06-16,2026-06-14,2,1,0,12.38
SHP-506491,ORD-506491,NorthLine,2026-06-13,2026-06-16,2026-06-18,6,0,2,13.26
SHP-506492,ORD-506492,NorthLine,2026-06-14,2026-06-16,2026-06-15,3,1,0,10.05
SHP-506493,ORD-506493,MetroCourier,2026-06-14,2026-06-16,2026-06-17,5,0,1,13.19
SHP-506494,ORD-506494,ShipRight,2026-06-13,2026-06-16,2026-06-17,5,0,1,11.29
SHP-506495,ORD-506495,ParcelFast,2026-06-15,2026-06-16,2026-06-19,7,0,3,11.54
SHP-506496,ORD-506496,MetroCourier,2026-06-13,2026-06-16,2026-06-15,3,1,0,14.09
SHP-506497,ORD-506497,ParcelFast,2026-06-13,2026-06-16,2026-06-17,5,0,1,11.38
SHP-506498,ORD-506498,MetroCourier,2026-06-13,2026-06-16,2026-06-18,6,0,2,11.99
SHP-506499,ORD-506499,ShipRight,2026-06-14,2026-06-16,2026-06-15,3,1,0,12.27
SHP-506500,ORD-506500,ShipRight,2026-06-13,2026-06-16,2026-06-14,2,1,0,12.05
SHP-506501,ORD-506501,ParcelFast,2026-06-13,2026-06-16,2026-06-15,3,1,0,13.33
SHP-506502,ORD-506502,NorthLine,2026-06-14,2026-06-16,2026-06-16,4,1,0,10.44
SHP-506503,ORD-506503,ParcelFast,2026-06-13,2026-06-16,2026-06-17,5,0,1,13.88
SHP-506504,ORD-506504,MetroCourier,2026-06-14,2026-06-16,2026-06-16,4,1,0,10.55
SHP-506505,ORD-506505,ShipRight,2026-06-14,2026-06-16,2026-06-16,4,1,0,10.66
SHP-506506,ORD-506506,ShipRight,2026-06-12,2026-06-16,2026-06-18,6,0,2,10.43
SHP-506507,ORD-506507,MetroCourier,2026-06-13,2026-06-16,2026-06-20,8,0,4,11.02
SHP-506508,ORD-506508,ShipRight,2026-06-13,2026-06-16,2026-06-18,6,0,2,11.65
SHP-506509,ORD-506509,ShipRight,2026-06-13,2026-06-16,2026-06-17,5,0,1,9.61
SHP-506510,ORD-506510,ShipRight,2026-06-12,2026-06-16,2026-06-15,3,1,0,11.76
SHP-506511,ORD-506511,ShipRight,2026-06-13,2026-06-16,2026-06-15,3,1,0,11.69
SHP-506512,ORD-506512,ShipRight,2026-06-12,2026-06-16,2026-06-17,5,0,1,13.96
SHP-506513,ORD-506513,NorthLine,2026-06-13,2026-06-16,2026-06-17,5,0,1,13.63
SHP-506514,ORD-506514,MetroCourier,2026-06-13,2026-06-16,2026-06-15,3,1,0,13.9
SHP-506515,ORD-506515,ParcelFast,2026-06-13,2026-06-16,2026-06-15,3,1,0,10.56
SHP-506516,ORD-506516,MetroCourier,2026-06-12,2026-06-16,2026-06-17,5,0,1,11.93
SHP-506517,ORD-506517,NorthLine,2026-06-13,2026-06-16,2026-06-14,2,1,0,9.09
SHP-506518,ORD-506518,ShipRight,2026-06-14,2026-06-17,2026-06-19,6,0,2,11.53
SHP-506519,ORD-506519,ParcelFast,2026-06-16,2026-06-17,2026-06-19,6,0,2,11.73
SHP-506520,ORD-506520,NorthLine,2026-06-14,2026-06-17,2026-06-16,3,1,0,10.61
SHP-506521,ORD-506521,NorthLine,2026-06-14,2026-06-17,2026-06-19,6,0,2,9.84
SHP-506522,ORD-506522,MetroCourier,2026-06-14,2026-06-17,2026-06-16,3,1,0,10.18
SHP-506523,ORD-506523,ShipRight,2026-06-14,2026-06-17,2026-06-16,3,1,0,11.61
SHP-506524,ORD-506524,NorthLine,2026-06-14,2026-06-17,2026-06-19,6,0,2,10.38
SHP-506525,ORD-506525,NorthLine,2026-06-14,2026-06-17,2026-06-18,5,0,1,9.45
SHP-506526,ORD-506526,MetroCourier,2026-06-15,2026-06-17,2026-06-19,6,0,2,10.54
SHP-506527,ORD-506527,NorthLine,2026-06-14,2026-06-17,2026-06-16,3,1,0,10.46
SHP-506528,ORD-506528,MetroCourier,2026-06-14,2026-06-17,2026-06-17,4,1,0,13.73
SHP-506529,ORD-506529,NorthLine,2026-06-13,2026-06-17,2026-06-16,3,1,0,10.65
SHP-506530,ORD-506530,MetroCourier,2026-06-14,2026-06-17,2026-06-19,6,0,2,14.45
SHP-506531,ORD-506531,NorthLine,2026-06-13,2026-06-17,2026-06-15,2,1,0,13.52
SHP-506532,ORD-506532,ParcelFast,2026-06-14,2026-06-17,2026-06-16,3,1,0,11.89
SHP-506533,ORD-506533,ParcelFast,2026-06-14,2026-06-17,2026-06-16,3,1,0,10.46
SHP-506534,ORD-506534,ShipRight,2026-06-13,2026-06-17,2026-06-14,1,1,0,10.23
SHP-506535,ORD-506535,ShipRight,2026-06-13,2026-06-17,2026-06-15,2,1,0,9.86
SHP-506536,ORD-506536,ParcelFast,2026-06-14,2026-06-17,2026-06-18,5,0,1,12.79
SHP-506537,ORD-506537,ParcelFast,2026-06-14,2026-06-17,2026-06-16,3,1,0,11.2
SHP-506538,ORD-506538,ShipRight,2026-06-15,2026-06-17,2026-06-20,7,0,3,12.07
SHP-506539,ORD-506539,NorthLine,2026-06-13,2026-06-17,2026-06-16,3,1,0,16.26
SHP-506540,ORD-506540,NorthLine,2026-06-14,2026-06-17,2026-06-18,5,0,1,12.78
SHP-506541,ORD-506541,ShipRight,2026-06-16,2026-06-17,2026-06-22,9,0,5,10.78
SHP-506542,ORD-506542,ShipRight,2026-06-15,2026-06-17,2026-06-19,6,0,2,12.33
SHP-506543,ORD-506543,ParcelFast,2026-06-14,2026-06-17,2026-06-17,4,1,0,9.33
SHP-506544,ORD-506544,MetroCourier,2026-06-16,2026-06-17,2026-06-17,4,1,0,12.44
SHP-506545,ORD-506545,ParcelFast,2026-06-15,2026-06-17,2026-06-20,7,0,3,12.22
SHP-506546,ORD-506546,NorthLine,2026-06-14,2026-06-17,2026-06-19,6,0,2,12.53
SHP-506547,ORD-506547,ShipRight,2026-06-16,2026-06-17,2026-06-21,8,0,4,11.46
SHP-506548,ORD-506548,NorthLine,2026-06-13,2026-06-17,2026-06-16,3,1,0,14.8
SHP-506549,ORD-506549,NorthLine,2026-06-14,2026-06-17,2026-06-16,3,1,0,9.55
SHP-506550,ORD-506550,ParcelFast,2026-06-13,2026-06-17,2026-06-14,1,1,0,10.56
SHP-506551,ORD-506551,MetroCourier,2026-06-14,2026-06-17,2026-06-16,3,1,0,12.65
SHP-506552,ORD-506552,NorthLine,2026-06-13,2026-06-17,2026-06-16,3,1,0,15.09
SHP-506553,ORD-506553,NorthLine,2026-06-15,2026-06-17,2026-06-18,5,0,1,9.57
SHP-506554,ORD-506554,NorthLine,2026-06-14,2026-06-17,2026-06-19,6,0,2,10.82
SHP-506555,ORD-506555,ShipRight,2026-06-14,2026-06-17,2026-06-21,8,0,4,13.85
SHP-506556,ORD-506556,NorthLine,2026-06-13,2026-06-17,2026-06-16,3,1,0,12.59
SHP-506557,ORD-506557,ParcelFast,2026-06-14,2026-06-17,2026-06-15,2,1,0,11.12
SHP-506558,ORD-506558,ShipRight,2026-06-17,2026-06-18,2026-06-19,5,0,1,11.55
SHP-506559,ORD-506559,ShipRight,2026-06-16,2026-06-18,2026-06-19,5,0,1,12.15
SHP-506560,ORD-506560,ShipRight,2026-06-14,2026-06-18,2026-06-19,5,0,1,12.15
SHP-506561,ORD-506561,ParcelFast,2026-06-15,2026-06-18,2026-06-20,6,0,2,12.42
SHP-506562,ORD-506562,MetroCourier,2026-06-14,2026-06-18,2026-06-18,4,1,0,9.59
SHP-506563,ORD-506563,ParcelFast,2026-06-16,2026-06-18,2026-06-17,3,1,0,10.37
SHP-506564,ORD-506564,NorthLine,2026-06-14,2026-06-18,2026-06-21,7,0,3,12.6
SHP-506565,ORD-506565,ParcelFast,2026-06-14,2026-06-18,2026-06-18,4,1,0,8.73
SHP-506566,ORD-506566,ParcelFast,2026-06-15,2026-06-18,2026-06-21,7,0,3,12.41
SHP-506567,ORD-506567,ShipRight,2026-06-17,2026-06-18,2026-06-21,7,0,3,12.48
SHP-506568,ORD-506568,MetroCourier,2026-06-16,2026-06-18,2026-06-17,3,1,0,12.91
SHP-506569,ORD-506569,MetroCourier,2026-06-17,2026-06-18,2026-06-20,6,0,2,8.79
SHP-506570,ORD-506570,ParcelFast,2026-06-15,2026-06-18,2026-06-17,3,1,0,10.58
SHP-506571,ORD-506571,ParcelFast,2026-06-14,2026-06-18,2026-06-18,4,1,0,12.61
SHP-506572,ORD-506572,MetroCourier,2026-06-16,2026-06-18,2026-06-21,7,0,3,9.29
SHP-506573,ORD-506573,ParcelFast,2026-06-16,2026-06-18,2026-06-19,5,0,1,13.54
SHP-506574,ORD-506574,NorthLine,2026-06-15,2026-06-18,2026-06-21,7,0,3,10.62
SHP-506575,ORD-506575,ParcelFast,2026-06-16,2026-06-18,2026-06-20,6,0,2,11.22
SHP-506576,ORD-506576,ParcelFast,2026-06-14,2026-06-18,2026-06-15,1,1,0,8.96
SHP-506577,ORD-506577,MetroCourier,2026-06-15,2026-06-18,2026-06-21,7,0,3,11.58
SHP-506578,ORD-506578,ShipRight,2026-06-14,2026-06-18,2026-06-17,3,1,0,13.4
SHP-506579,ORD-506579,NorthLine,2026-06-15,2026-06-18,2026-06-18,4,1,0,11.17
SHP-506580,ORD-506580,MetroCourier,2026-06-14,2026-06-18,2026-06-15,1,1,0,13.37
SHP-506581,ORD-506581,ShipRight,2026-06-17,2026-06-18,2026-06-21,7,0,3,10.61
SHP-506582,ORD-506582,ParcelFast,2026-06-14,2026-06-18,2026-06-21,7,0,3,11.25
SHP-506583,ORD-506583,MetroCourier,2026-06-16,2026-06-18,2026-06-21,7,0,3,9.79
SHP-506584,ORD-506584,ParcelFast,2026-06-16,2026-06-18,2026-06-18,4,1,0,14.27
SHP-506585,ORD-506585,ShipRight,2026-06-14,2026-06-18,2026-06-17,3,1,0,11.52
SHP-506586,ORD-506586,ParcelFast,2026-06-14,2026-06-18,2026-06-15,1,1,0,10.82
SHP-506587,ORD-506587,ShipRight,2026-06-14,2026-06-18,2026-06-17,3,1,0,10.73
SHP-506588,ORD-506588,MetroCourier,2026-06-14,2026-06-18,2026-06-18,4,1,0,11.32
SHP-506589,ORD-506589,ShipRight,2026-06-15,2026-06-18,2026-06-18,4,1,0,10.82
SHP-506590,ORD-506590,MetroCourier,2026-06-15,2026-06-18,2026-06-17,3,1,0,11.81
SHP-506591,ORD-506591,ParcelFast,2026-06-14,2026-06-18,2026-06-19,5,0,1,11.75
SHP-506592,ORD-506592,ShipRight,2026-06-16,2026-06-18,2026-06-20,6,0,2,12.99
SHP-506593,ORD-506593,ParcelFast,2026-06-14,2026-06-18,2026-06-18,4,1,0,12.04
SHP-506594,ORD-506594,MetroCourier,2026-06-15,2026-06-18,2026-06-21,7,0,3,10.5
SHP-506595,ORD-506595,NorthLine,2026-06-14,2026-06-18,2026-06-15,1,1,0,9.61
SHP-506596,ORD-506596,NorthLine,2026-06-14,2026-06-18,2026-06-18,4,1,0,10.81
SHP-506597,ORD-506597,MetroCourier,2026-06-15,2026-06-18,2026-06-17,3,1,0,10.21
SHP-506598,ORD-506598,ParcelFast,2026-06-16,2026-06-19,2026-06-18,3,1,0,9.1
SHP-506599,ORD-506599,MetroCourier,2026-06-16,2026-06-19,2026-06-20,5,0,1,10.87
SHP-506600,ORD-506600,MetroCourier,2026-06-16,2026-06-19,2026-06-17,2,1,0,15.58
SHP-506601,ORD-506601,MetroCourier,2026-06-17,2026-06-19,2026-06-18,3,1,0,10.41
SHP-506602,ORD-506602,ParcelFast,2026-06-16,2026-06-19,2026-06-18,3,1,0,9.07
SHP-506603,ORD-506603,NorthLine,2026-06-16,2026-06-19,2026-06-20,5,0,1,11.88
SHP-506604,ORD-506604,ShipRight,2026-06-16,2026-06-19,2026-06-17,2,1,0,9.97
SHP-506605,ORD-506605,MetroCourier,2026-06-15,2026-06-19,2026-06-17,2,1,0,10.8
SHP-506606,ORD-506606,ShipRight,2026-06-16,2026-06-19,2026-06-20,5,0,1,12.09
SHP-506607,ORD-506607,ShipRight,2026-06-16,2026-06-19,2026-06-18,3,1,0,11.02
SHP-506608,ORD-506608,ParcelFast,2026-06-16,2026-06-19,2026-06-18,3,1,0,9.67
SHP-506609,ORD-506609,NorthLine,2026-06-16,2026-06-19,2026-06-18,3,1,0,10.37
SHP-506610,ORD-506610,MetroCourier,2026-06-17,2026-06-19,2026-06-22,7,0,3,12.99
SHP-506611,ORD-506611,MetroCourier,2026-06-18,2026-06-19,2026-06-19,4,1,0,10.51
SHP-506612,ORD-506612,MetroCourier,2026-06-16,2026-06-19,2026-06-19,4,1,0,11.46
SHP-506613,ORD-506613,MetroCourier,2026-06-15,2026-06-19,2026-06-17,2,1,0,10.18
SHP-506614,ORD-506614,ParcelFast,2026-06-16,2026-06-19,2026-06-21,6,0,2,11.41
SHP-506615,ORD-506615,NorthLine,2026-06-16,2026-06-19,2026-06-18,3,1,0,13.81
SHP-506616,ORD-506616,ShipRight,2026-06-15,2026-06-19,2026-06-19,4,1,0,10.21
SHP-506617,ORD-506617,MetroCourier,2026-06-16,2026-06-19,2026-06-20,5,0,1,14.57
SHP-506618,ORD-506618,ShipRight,2026-06-16,2026-06-19,2026-06-18,3,1,0,10.3
SHP-506619,ORD-506619,ShipRight,2026-06-16,2026-06-19,2026-06-20,5,0,1,12.65
SHP-506620,ORD-506620,NorthLine,2026-06-17,2026-06-19,2026-06-22,7,0,3,10.11
SHP-506621,ORD-506621,ParcelFast,2026-06-18,2026-06-19,2026-06-19,4,1,0,10.84
SHP-506622,ORD-506622,NorthLine,2026-06-16,2026-06-19,2026-06-21,6,0,2,10.15
SHP-506623,ORD-506623,ShipRight,2026-06-18,2026-06-19,2026-06-23,8,0,4,9.26
SHP-506624,ORD-506624,ShipRight,2026-06-16,2026-06-19,2026-06-20,5,0,1,13.39
SHP-506625,ORD-506625,MetroCourier,2026-06-18,2026-06-19,2026-06-20,5,0,1,13.09
SHP-506626,ORD-506626,ShipRight,2026-06-15,2026-06-19,2026-06-16,1,1,0,11.68
SHP-506627,ORD-506627,ParcelFast,2026-06-17,2026-06-19,2026-06-20,5,0,1,12.04
SHP-506628,ORD-506628,NorthLine,2026-06-17,2026-06-19,2026-06-20,5,0,1,12.33
SHP-506629,ORD-506629,NorthLine,2026-06-15,2026-06-19,2026-06-18,3,1,0,8.9
SHP-506630,ORD-506630,NorthLine,2026-06-16,2026-06-20,2026-06-21,5,0,1,15.76
SHP-506631,ORD-506631,ParcelFast,2026-06-16,2026-06-20,2026-06-21,5,0,1,10.52
SHP-506632,ORD-506632,NorthLine,2026-06-17,2026-06-20,2026-06-22,6,0,2,10.09
SHP-506633,ORD-506633,MetroCourier,2026-06-16,2026-06-20,2026-06-18,2,1,0,13.21
SHP-506634,ORD-506634,NorthLine,2026-06-17,2026-06-20,2026-06-21,5,0,1,11.33
SHP-506635,ORD-506635,ParcelFast,2026-06-17,2026-06-20,2026-06-20,4,1,0,10.15
SHP-506636,ORD-506636,NorthLine,2026-06-18,2026-06-20,2026-06-20,4,1,0,11.57
SHP-506637,ORD-506637,MetroCourier,2026-06-16,2026-06-20,2026-06-24,8,0,4,10.92
SHP-506638,ORD-506638,ShipRight,2026-06-17,2026-06-20,2026-06-21,5,0,1,9.61
SHP-506639,ORD-506639,ShipRight,2026-06-17,2026-06-20,2026-06-22,6,0,2,12.3
SHP-506640,ORD-506640,MetroCourier,2026-06-17,2026-06-20,2026-06-20,4,1,0,12.44
SHP-506641,ORD-506641,ParcelFast,2026-06-17,2026-06-20,2026-06-21,5,0,1,13.6
SHP-506642,ORD-506642,ParcelFast,2026-06-17,2026-06-20,2026-06-24,8,0,4,10.25
SHP-506643,ORD-506643,ShipRight,2026-06-16,2026-06-20,2026-06-17,1,1,0,10.67
SHP-506644,ORD-506644,MetroCourier,2026-06-17,2026-06-20,2026-06-19,3,1,0,12.57
SHP-506645,ORD-506645,ParcelFast,2026-06-16,2026-06-20,2026-06-17,1,1,0,11.67
SHP-506646,ORD-506646,ShipRight,2026-06-19,2026-06-20,2026-06-21,5,0,1,11.68
SHP-506647,ORD-506647,ShipRight,2026-06-18,2026-06-20,2026-06-19,3,1,0,11.08
SHP-506648,ORD-506648,ParcelFast,2026-06-16,2026-06-20,2026-06-20,4,1,0,12.25
SHP-506649,ORD-506649,ShipRight,2026-06-19,2026-06-20,2026-06-23,7,0,3,12.67
SHP-506650,ORD-506650,NorthLine,2026-06-18,2026-06-20,2026-06-20,4,1,0,10.68
SHP-506651,ORD-506651,ShipRight,2026-06-17,2026-06-20,2026-06-22,6,0,2,11.2
SHP-506652,ORD-506652,NorthLine,2026-06-16,2026-06-20,2026-06-19,3,1,0,13.6
SHP-506653,ORD-506653,ShipRight,2026-06-17,2026-06-20,2026-06-20,4,1,0,10.74
SHP-506654,ORD-506654,NorthLine,2026-06-17,2026-06-20,2026-06-20,4,1,0,9.27
SHP-506655,ORD-506655,ShipRight,2026-06-17,2026-06-20,2026-06-20,4,1,0,11.54
SHP-506656,ORD-506656,MetroCourier,2026-06-19,2026-06-20,2026-06-21,5,0,1,9.77
SHP-506657,ORD-506657,ParcelFast,2026-06-16,2026-06-20,2026-06-21,5,0,1,11.32
SHP-506658,ORD-506658,ShipRight,2026-06-18,2026-06-20,2026-06-21,5,0,1,12.42
SHP-506659,ORD-506659,ShipRight,2026-06-18,2026-06-20,2026-06-24,8,0,4,10.27
SHP-506660,ORD-506660,ShipRight,2026-06-17,2026-06-20,2026-06-21,5,0,1,10.53
SHP-506661,ORD-506661,ShipRight,2026-06-17,2026-06-20,2026-06-22,6,0,2,15.89
SHP-506662,ORD-506662,MetroCourier,2026-06-19,2026-06-20,2026-06-22,6,0,2,13.99
SHP-506663,ORD-506663,MetroCourier,2026-06-17,2026-06-20,2026-06-20,4,1,0,12.3
SHP-506664,ORD-506664,ParcelFast,2026-06-18,2026-06-20,2026-06-19,3,1,0,11.63
SHP-506665,ORD-506665,MetroCourier,2026-06-16,2026-06-20,2026-06-20,4,1,0,12.21
SHP-506666,ORD-506666,ShipRight,2026-06-17,2026-06-20,2026-06-20,4,1,0,12.17
SHP-506667,ORD-506667,NorthLine,2026-06-17,2026-06-20,2026-06-18,2,1,0,9.02
SHP-506668,ORD-506668,ParcelFast,2026-06-18,2026-06-20,2026-06-22,6,0,2,10.57
SHP-506669,ORD-506669,ShipRight,2026-06-19,2026-06-20,2026-06-23,7,0,3,11.82
SHP-506670,ORD-506670,ShipRight,2026-06-17,2026-06-20,2026-06-20,4,1,0,9.52
SHP-506671,ORD-506671,NorthLine,2026-06-17,2026-06-20,2026-06-20,4,1,0,9.22
SHP-506672,ORD-506672,NorthLine,2026-06-18,2026-06-20,2026-06-19,3,1,0,11.38
SHP-506673,ORD-506673,ShipRight,2026-06-17,2026-06-20,2026-06-20,4,1,0,12.9
SHP-506674,ORD-506674,ParcelFast,2026-06-17,2026-06-20,2026-06-19,3,1,0,12.43
SHP-506675,ORD-506675,ShipRight,2026-06-16,2026-06-20,2026-06-18,2,1,0,11.25
SHP-506676,ORD-506676,MetroCourier,2026-06-17,2026-06-20,2026-06-23,7,0,3,10.69
SHP-506677,ORD-506677,MetroCourier,2026-06-17,2026-06-20,2026-06-18,2,1,0,12.49
SHP-506678,ORD-506678,ShipRight,2026-06-19,2026-06-21,2026-06-23,6,0,2,10.47
SHP-506679,ORD-506679,ShipRight,2026-06-17,2026-06-21,2026-06-25,8,0,4,14.78
SHP-506680,ORD-506680,NorthLine,2026-06-18,2026-06-21,2026-06-20,3,1,0,9.27
SHP-506681,ORD-506681,NorthLine,2026-06-18,2026-06-21,2026-06-21,4,1,0,11.35
SHP-506682,ORD-506682,ParcelFast,2026-06-20,2026-06-21,2026-06-21,4,1,0,11.93
SHP-506683,ORD-506683,MetroCourier,2026-06-18,2026-06-21,2026-06-24,7,0,3,10.4
SHP-506684,ORD-506684,ShipRight,2026-06-19,2026-06-21,2026-06-21,4,1,0,11.54
SHP-506685,ORD-506685,ParcelFast,2026-06-17,2026-06-21,2026-06-19,2,1,0,11.56
SHP-506686,ORD-506686,MetroCourier,2026-06-17,2026-06-21,2026-06-21,4,1,0,12.66
SHP-506687,ORD-506687,MetroCourier,2026-06-18,2026-06-21,2026-06-20,3,1,0,11.79
SHP-506688,ORD-506688,NorthLine,2026-06-19,2026-06-21,2026-06-23,6,0,2,13.94
SHP-506689,ORD-506689,ParcelFast,2026-06-20,2026-06-21,2026-06-24,7,0,3,9.6
SHP-506690,ORD-506690,ShipRight,2026-06-18,2026-06-21,2026-06-22,5,0,1,10.95
SHP-506691,ORD-506691,ParcelFast,2026-06-17,2026-06-21,2026-06-21,4,1,0,10.85
SHP-506692,ORD-506692,NorthLine,2026-06-18,2026-06-21,2026-06-23,6,0,2,10.68
SHP-506693,ORD-506693,NorthLine,2026-06-18,2026-06-21,2026-06-22,5,0,1,9.96
SHP-506694,ORD-506694,MetroCourier,2026-06-17,2026-06-21,2026-06-20,3,1,0,11.33
SHP-506695,ORD-506695,ShipRight,2026-06-18,2026-06-21,2026-06-21,4,1,0,11.4
SHP-506696,ORD-506696,ParcelFast,2026-06-17,2026-06-21,2026-06-19,2,1,0,11.18
SHP-506697,ORD-506697,NorthLine,2026-06-19,2026-06-21,2026-06-21,4,1,0,10.84
SHP-506698,ORD-506698,MetroCourier,2026-06-19,2026-06-21,2026-06-25,8,0,4,12.3
SHP-506699,ORD-506699,NorthLine,2026-06-17,2026-06-21,2026-06-20,3,1,0,10.71
SHP-506700,ORD-506700,ShipRight,2026-06-19,2026-06-21,2026-06-23,6,0,2,8.76
SHP-506701,ORD-506701,ParcelFast,2026-06-18,2026-06-21,2026-06-21,4,1,0,14.92
SHP-506702,ORD-506702,ParcelFast,2026-06-19,2026-06-21,2026-06-21,4,1,0,13.32
SHP-506703,ORD-506703,NorthLine,2026-06-18,2026-06-21,2026-06-21,4,1,0,11.02
SHP-506704,ORD-506704,NorthLine,2026-06-18,2026-06-21,2026-06-19,2,1,0,10.85
SHP-506705,ORD-506705,NorthLine,2026-06-18,2026-06-21,2026-06-19,2,1,0,10.0
SHP-506706,ORD-506706,NorthLine,2026-06-18,2026-06-21,2026-06-19,2,1,0,12.59
SHP-506707,ORD-506707,ShipRight,2026-06-18,2026-06-21,2026-06-24,7,0,3,13.36
SHP-506708,ORD-506708,NorthLine,2026-06-18,2026-06-21,2026-06-20,3,1,0,11.68
SHP-506709,ORD-506709,ParcelFast,2026-06-20,2026-06-21,2026-06-21,4,1,0,13.39
SHP-506710,ORD-506710,MetroCourier,2026-06-18,2026-06-21,2026-06-23,6,0,2,12.39
SHP-506711,ORD-506711,ShipRight,2026-06-17,2026-06-21,2026-06-20,3,1,0,13.15
SHP-506712,ORD-506712,ShipRight,2026-06-18,2026-06-21,2026-06-22,5,0,1,13.59
SHP-506713,ORD-506713,ParcelFast,2026-06-20,2026-06-21,2026-06-21,4,1,0,11.76
SHP-506714,ORD-506714,NorthLine,2026-06-17,2026-06-21,2026-06-20,3,1,0,11.3
SHP-506715,ORD-506715,MetroCourier,2026-06-17,2026-06-21,2026-06-18,1,1,0,12.05
SHP-506716,ORD-506716,ShipRight,2026-06-18,2026-06-21,2026-06-19,2,1,0,12.03
SHP-506717,ORD-506717,ShipRight,2026-06-17,2026-06-21,2026-06-19,2,1,0,10.29
SHP-506718,ORD-506718,ShipRight,2026-06-18,2026-06-21,2026-06-19,2,1,0,10.9
SHP-506719,ORD-506719,MetroCourier,2026-06-19,2026-06-22,2026-06-20,2,1,0,10.32
SHP-506720,ORD-506720,ParcelFast,2026-06-19,2026-06-22,2026-06-23,5,0,1,9.15
SHP-506721,ORD-506721,ParcelFast,2026-06-21,2026-06-22,2026-06-24,6,0,2,12.98
SHP-506722,ORD-506722,MetroCourier,2026-06-20,2026-06-22,2026-06-24,6,0,2,11.54
SHP-506723,ORD-506723,NorthLine,2026-06-19,2026-06-22,2026-06-23,5,0,1,9.17
SHP-506724,ORD-506724,ShipRight,2026-06-20,2026-06-22,2026-06-24,6,0,2,11.49
SHP-506725,ORD-506725,ParcelFast,2026-06-19,2026-06-22,2026-06-22,4,1,0,12.64
SHP-506726,ORD-506726,NorthLine,2026-06-18,2026-06-22,2026-06-23,5,0,1,13.82
SHP-506727,ORD-506727,ShipRight,2026-06-18,2026-06-22,2026-06-20,2,1,0,10.65
SHP-506728,ORD-506728,MetroCourier,2026-06-18,2026-06-22,2026-06-20,2,1,0,12.81
SHP-506729,ORD-506729,ParcelFast,2026-06-19,2026-06-22,2026-06-25,7,0,3,9.67
SHP-506730,ORD-506730,ParcelFast,2026-06-18,2026-06-22,2026-06-19,1,1,0,9.23
SHP-506731,ORD-506731,MetroCourier,2026-06-20,2026-06-22,2026-06-22,4,1,0,12.14
SHP-506732,ORD-506732,NorthLine,2026-06-18,2026-06-22,2026-06-21,3,1,0,13.58
SHP-506733,ORD-506733,NorthLine,2026-06-19,2026-06-22,2026-06-20,2,1,0,14.95
SHP-506734,ORD-506734,MetroCourier,2026-06-19,2026-06-22,2026-06-24,6,0,2,11.4
SHP-506735,ORD-506735,ParcelFast,2026-06-18,2026-06-22,2026-06-19,1,1,0,11.98
SHP-506736,ORD-506736,MetroCourier,2026-06-19,2026-06-22,2026-06-21,3,1,0,11.55
SHP-506737,ORD-506737,ParcelFast,2026-06-19,2026-06-22,2026-06-22,4,1,0,13.94
SHP-506738,ORD-506738,ShipRight,2026-06-19,2026-06-22,2026-06-23,5,0,1,11.44
SHP-506739,ORD-506739,MetroCourier,2026-06-19,2026-06-22,2026-06-21,3,1,0,14.45
SHP-506740,ORD-506740,MetroCourier,2026-06-19,2026-06-22,2026-06-22,4,1,0,8.85
SHP-506741,ORD-506741,NorthLine,2026-06-18,2026-06-22,2026-06-20,2,1,0,11.3
SHP-506742,ORD-506742,NorthLine,2026-06-19,2026-06-22,2026-06-22,4,1,0,11.63
SHP-506743,ORD-506743,ParcelFast,2026-06-20,2026-06-22,2026-06-23,5,0,1,12.76
SHP-506744,ORD-506744,ParcelFast,2026-06-18,2026-06-22,2026-06-20,2,1,0,8.75
SHP-506745,ORD-506745,ParcelFast,2026-06-19,2026-06-22,2026-06-24,6,0,2,11.57
SHP-506746,ORD-506746,NorthLine,2026-06-20,2026-06-22,2026-06-28,10,0,6,11.45
SHP-506747,ORD-506747,ShipRight,2026-06-19,2026-06-22,2026-06-20,2,1,0,12.91
SHP-506748,ORD-506748,ShipRight,2026-06-20,2026-06-22,2026-06-22,4,1,0,9.52
SHP-506749,ORD-506749,ShipRight,2026-06-19,2026-06-22,2026-06-23,5,0,1,10.37
SHP-506750,ORD-506750,NorthLine,2026-06-18,2026-06-22,2026-06-20,2,1,0,11.57
SHP-506751,ORD-506751,NorthLine,2026-06-20,2026-06-23,2026-06-25,6,0,2,12.4
SHP-506752,ORD-506752,ParcelFast,2026-06-19,2026-06-23,2026-06-21,2,1,0,11.68
SHP-506753,ORD-506753,ParcelFast,2026-06-21,2026-06-23,2026-06-23,4,1,0,12.3
SHP-506754,ORD-506754,MetroCourier,2026-06-19,2026-06-23,2026-06-27,8,0,4,12.43
SHP-506755,ORD-506755,NorthLine,2026-06-20,2026-06-23,2026-06-21,2,1,0,8.91
SHP-506756,ORD-506756,MetroCourier,2026-06-19,2026-06-23,2026-06-22,3,1,0,9.24
SHP-506757,ORD-506757,NorthLine,2026-06-21,2026-06-23,2026-06-23,4,1,0,15.02
SHP-506758,ORD-506758,ParcelFast,2026-06-20,2026-06-23,2026-06-23,4,1,0,10.01
SHP-506759,ORD-506759,MetroCourier,2026-06-21,2026-06-23,2026-06-23,4,1,0,10.34
SHP-506760,ORD-506760,ShipRight,2026-06-22,2026-06-23,2026-06-26,7,0,3,14.34
SHP-506761,ORD-506761,MetroCourier,2026-06-19,2026-06-23,2026-06-22,3,1,0,9.29
SHP-506762,ORD-506762,NorthLine,2026-06-19,2026-06-23,2026-06-25,6,0,2,12.71
SHP-506763,ORD-506763,ParcelFast,2026-06-22,2026-06-23,2026-06-25,6,0,2,10.67
SHP-506764,ORD-506764,ParcelFast,2026-06-20,2026-06-23,2026-06-21,2,1,0,12.04
SHP-506765,ORD-506765,MetroCourier,2026-06-20,2026-06-23,2026-06-26,7,0,3,10.98
SHP-506766,ORD-506766,MetroCourier,2026-06-22,2026-06-23,2026-06-26,7,0,3,10.47
SHP-506767,ORD-506767,ShipRight,2026-06-20,2026-06-23,2026-06-22,3,1,0,10.03
SHP-506768,ORD-506768,ShipRight,2026-06-20,2026-06-23,2026-06-24,5,0,1,12.12
SHP-506769,ORD-506769,NorthLine,2026-06-21,2026-06-23,2026-06-22,3,1,0,9.31
SHP-506770,ORD-506770,NorthLine,2026-06-19,2026-06-23,2026-06-20,1,1,0,9.81
SHP-506771,ORD-506771,NorthLine,2026-06-20,2026-06-23,2026-06-25,6,0,2,10.95
SHP-506772,ORD-506772,ParcelFast,2026-06-20,2026-06-23,2026-06-22,3,1,0,9.48
SHP-506773,ORD-506773,ParcelFast,2026-06-21,2026-06-23,2026-06-26,7,0,3,11.21
SHP-506774,ORD-506774,ShipRight,2026-06-20,2026-06-23,2026-06-23,4,1,0,12.53
SHP-506775,ORD-506775,ParcelFast,2026-06-19,2026-06-23,2026-06-20,1,1,0,12.23
SHP-506776,ORD-506776,NorthLine,2026-06-20,2026-06-23,2026-06-23,4,1,0,9.03
SHP-506777,ORD-506777,ParcelFast,2026-06-21,2026-06-23,2026-06-24,5,0,1,9.53
SHP-506778,ORD-506778,NorthLine,2026-06-20,2026-06-23,2026-06-22,3,1,0,14.99
SHP-506779,ORD-506779,MetroCourier,2026-06-19,2026-06-23,2026-06-23,4,1,0,11.73
SHP-506780,ORD-506780,MetroCourier,2026-06-20,2026-06-23,2026-06-21,2,1,0,14.33
SHP-506781,ORD-506781,MetroCourier,2026-06-21,2026-06-23,2026-06-25,6,0,2,10.16
SHP-506782,ORD-506782,ShipRight,2026-06-22,2026-06-23,2026-06-25,6,0,2,8.79
SHP-506783,ORD-506783,ParcelFast,2026-06-20,2026-06-23,2026-06-23,4,1,0,11.95
SHP-506784,ORD-506784,MetroCourier,2026-06-19,2026-06-23,2026-06-22,3,1,0,11.68
SHP-506785,ORD-506785,ShipRight,2026-06-20,2026-06-23,2026-06-22,3,1,0,10.53
SHP-506786,ORD-506786,MetroCourier,2026-06-20,2026-06-23,2026-06-22,3,1,0,10.88
SHP-506787,ORD-506787,ShipRight,2026-06-20,2026-06-23,2026-06-22,3,1,0,11.27
SHP-506788,ORD-506788,NorthLine,2026-06-21,2026-06-23,2026-06-22,3,1,0,13.47
SHP-506789,ORD-506789,ShipRight,2026-06-21,2026-06-23,2026-06-24,5,0,1,9.59
SHP-506790,ORD-506790,NorthLine,2026-06-20,2026-06-23,2026-06-22,3,1,0,12.63
SHP-506791,ORD-506791,MetroCourier,2026-06-19,2026-06-23,2026-06-20,1,1,0,12.67
SHP-506792,ORD-506792,NorthLine,2026-06-20,2026-06-24,2026-06-22,2,1,0,11.89
SHP-506793,ORD-506793,NorthLine,2026-06-22,2026-06-24,2026-06-27,7,0,3,10.99
SHP-506794,ORD-506794,ParcelFast,2026-06-20,2026-06-24,2026-06-21,1,1,0,14.93
SHP-506795,ORD-506795,ParcelFast,2026-06-20,2026-06-24,2026-06-22,2,1,0,10.76
SHP-506796,ORD-506796,MetroCourier,2026-06-21,2026-06-24,2026-06-22,2,1,0,9.67
SHP-506797,ORD-506797,NorthLine,2026-06-20,2026-06-24,2026-06-23,3,1,0,8.98
SHP-506798,ORD-506798,NorthLine,2026-06-21,2026-06-24,2026-06-24,4,1,0,13.55
SHP-506799,ORD-506799,NorthLine,2026-06-21,2026-06-24,2026-06-26,6,0,2,12.14
SHP-506800,ORD-506800,NorthLine,2026-06-21,2026-06-24,2026-06-24,4,1,0,12.24
SHP-506801,ORD-506801,ParcelFast,2026-06-21,2026-06-24,2026-06-28,8,0,4,9.29
SHP-506802,ORD-506802,ShipRight,2026-06-20,2026-06-24,2026-06-21,1,1,0,11.45
SHP-506803,ORD-506803,NorthLine,2026-06-20,2026-06-24,2026-06-22,2,1,0,13.69
SHP-506804,ORD-506804,MetroCourier,2026-06-21,2026-06-24,2026-06-24,4,1,0,13.71
SHP-506805,ORD-506805,ParcelFast,2026-06-22,2026-06-24,2026-06-24,4,1,0,11.81
SHP-506806,ORD-506806,MetroCourier,2026-06-20,2026-06-24,2026-06-23,3,1,0,12.91
SHP-506807,ORD-506807,ParcelFast,2026-06-23,2026-06-24,2026-06-26,6,0,2,11.82
SHP-506808,ORD-506808,NorthLine,2026-06-22,2026-06-24,2026-06-23,3,1,0,8.86
SHP-506809,ORD-506809,NorthLine,2026-06-20,2026-06-24,2026-06-21,1,1,0,10.33
SHP-506810,ORD-506810,MetroCourier,2026-06-21,2026-06-24,2026-06-25,5,0,1,9.62
SHP-506811,ORD-506811,ShipRight,2026-06-21,2026-06-24,2026-06-25,5,0,1,12.78
SHP-506812,ORD-506812,NorthLine,2026-06-23,2026-06-24,2026-06-28,8,0,4,11.18
SHP-506813,ORD-506813,ParcelFast,2026-06-22,2026-06-24,2026-06-23,3,1,0,12.23
SHP-506814,ORD-506814,MetroCourier,2026-06-21,2026-06-24,2026-06-22,2,1,0,11.31
SHP-506815,ORD-506815,NorthLine,2026-06-20,2026-06-24,2026-06-22,2,1,0,10.05
SHP-506816,ORD-506816,ParcelFast,2026-06-22,2026-06-24,2026-06-25,5,0,1,12.17
SHP-506817,ORD-506817,ShipRight,2026-06-21,2026-06-24,2026-06-26,6,0,2,12.55
SHP-506818,ORD-506818,ShipRight,2026-06-20,2026-06-24,2026-06-21,1,1,0,11.16
SHP-506819,ORD-506819,ParcelFast,2026-06-21,2026-06-24,2026-06-25,5,0,1,12.06
SHP-506820,ORD-506820,MetroCourier,2026-06-20,2026-06-24,2026-06-23,3,1,0,11.83
SHP-506821,ORD-506821,ParcelFast,2026-06-21,2026-06-24,2026-06-24,4,1,0,8.7
SHP-506822,ORD-506822,ParcelFast,2026-06-22,2026-06-24,2026-06-23,3,1,0,11.6
SHP-506823,ORD-506823,MetroCourier,2026-06-21,2026-06-24,2026-06-23,3,1,0,10.05
SHP-506824,ORD-506824,ParcelFast,2026-06-20,2026-06-24,2026-06-25,5,0,1,14.99
SHP-506825,ORD-506825,ParcelFast,2026-06-20,2026-06-24,2026-06-21,1,1,0,8.71
SHP-506826,ORD-506826,ParcelFast,2026-06-21,2026-06-24,2026-06-26,6,0,2,16.26
SHP-506827,ORD-506827,ShipRight,2026-06-22,2026-06-24,2026-06-24,4,1,0,13.05
SHP-506828,ORD-506828,ParcelFast,2026-06-22,2026-06-25,2026-06-25,4,1,0,9.51
SHP-506829,ORD-506829,ShipRight,2026-06-22,2026-06-25,2026-06-25,4,1,0,13.09
SHP-506830,ORD-506830,ParcelFast,2026-06-23,2026-06-25,2026-06-25,4,1,0,10.77
SHP-506831,ORD-506831,ParcelFast,2026-06-23,2026-06-25,2026-06-26,5,0,1,8.99
SHP-506832,ORD-506832,ParcelFast,2026-06-22,2026-06-25,2026-06-23,2,1,0,11.5
SHP-506833,ORD-506833,ParcelFast,2026-06-23,2026-06-25,2026-06-28,7,0,3,12.11
SHP-506834,ORD-506834,MetroCourier,2026-06-22,2026-06-25,2026-06-24,3,1,0,10.04
SHP-506835,ORD-506835,ParcelFast,2026-06-21,2026-06-25,2026-06-25,4,1,0,10.24
SHP-506836,ORD-506836,ParcelFast,2026-06-23,2026-06-25,2026-06-27,6,0,2,11.05
SHP-506837,ORD-506837,MetroCourier,2026-06-22,2026-06-25,2026-06-24,3,1,0,11.36
SHP-506838,ORD-506838,NorthLine,2026-06-21,2026-06-25,2026-06-22,1,1,0,10.37
SHP-506839,ORD-506839,ParcelFast,2026-06-22,2026-06-25,2026-06-24,3,1,0,10.1
SHP-506840,ORD-506840,MetroCourier,2026-06-22,2026-06-25,2026-06-23,2,1,0,10.55
SHP-506841,ORD-506841,MetroCourier,2026-06-22,2026-06-25,2026-06-27,6,0,2,10.12
SHP-506842,ORD-506842,MetroCourier,2026-06-23,2026-06-25,2026-06-28,7,0,3,9.87
SHP-506843,ORD-506843,ShipRight,2026-06-24,2026-06-25,2026-06-26,5,0,1,8.96
SHP-506844,ORD-506844,ShipRight,2026-06-22,2026-06-25,2026-06-25,4,1,0,14.39
SHP-506845,ORD-506845,NorthLine,2026-06-22,2026-06-25,2026-06-28,7,0,3,12.42
SHP-506846,ORD-506846,ShipRight,2026-06-22,2026-06-25,2026-06-23,2,1,0,8.7
SHP-506847,ORD-506847,ShipRight,2026-06-23,2026-06-25,2026-06-25,4,1,0,9.83
SHP-506848,ORD-506848,MetroCourier,2026-06-23,2026-06-25,2026-06-27,6,0,2,9.49
SHP-506849,ORD-506849,ParcelFast,2026-06-22,2026-06-25,2026-06-23,2,1,0,11.83
SHP-506850,ORD-506850,NorthLine,2026-06-21,2026-06-25,2026-06-23,2,1,0,12.17
SHP-506851,ORD-506851,ParcelFast,2026-06-21,2026-06-25,2026-06-23,2,1,0,10.81
SHP-506852,ORD-506852,MetroCourier,2026-06-22,2026-06-26,2026-06-25,3,1,0,11.52
SHP-506853,ORD-506853,MetroCourier,2026-06-22,2026-06-26,2026-06-28,6,0,2,9.72
SHP-506854,ORD-506854,NorthLine,2026-06-24,2026-06-26,2026-06-25,3,1,0,10.1
SHP-506855,ORD-506855,ParcelFast,2026-06-23,2026-06-26,2026-06-25,3,1,0,11.48
SHP-506856,ORD-506856,ParcelFast,2026-06-22,2026-06-26,2026-06-27,5,0,1,16.14
SHP-506857,ORD-506857,ShipRight,2026-06-24,2026-06-26,2026-06-30,8,0,4,11.5
SHP-506858,ORD-506858,MetroCourier,2026-06-23,2026-06-26,2026-06-28,6,0,2,8.75
SHP-506859,ORD-506859,MetroCourier,2026-06-25,2026-06-26,2026-06-27,5,0,1,13.5
SHP-506860,ORD-506860,MetroCourier,2026-06-24,2026-06-26,2026-06-26,4,1,0,11.77
SHP-506861,ORD-506861,ParcelFast,2026-06-24,2026-06-26,2026-06-26,4,1,0,11.16
SHP-506862,ORD-506862,ShipRight,2026-06-23,2026-06-26,2026-06-25,3,1,0,10.78
SHP-506863,ORD-506863,ShipRight,2026-06-22,2026-06-26,2026-06-24,2,1,0,8.72
SHP-506864,ORD-506864,MetroCourier,2026-06-24,2026-06-26,2026-06-28,6,0,2,10.24
SHP-506865,ORD-506865,ParcelFast,2026-06-24,2026-06-26,2026-06-30,8,0,4,13.63
SHP-506866,ORD-506866,MetroCourier,2026-06-23,2026-06-26,2026-06-24,2,1,0,10.61
SHP-506867,ORD-506867,MetroCourier,2026-06-25,2026-06-26,2026-06-28,6,0,2,13.13
SHP-506868,ORD-506868,NorthLine,2026-06-23,2026-06-26,2026-06-27,5,0,1,13.56
SHP-506869,ORD-506869,NorthLine,2026-06-23,2026-06-26,2026-06-25,3,1,0,12.33
SHP-506870,ORD-506870,ParcelFast,2026-06-23,2026-06-26,2026-06-28,6,0,2,12.35
SHP-506871,ORD-506871,ParcelFast,2026-06-22,2026-06-26,2026-06-27,5,0,1,14.04
SHP-506872,ORD-506872,ShipRight,2026-06-24,2026-06-26,2026-06-26,4,1,0,12.57
SHP-506873,ORD-506873,NorthLine,2026-06-23,2026-06-26,2026-06-28,6,0,2,9.79
SHP-506874,ORD-506874,MetroCourier,2026-06-23,2026-06-26,2026-06-27,5,0,1,11.19
SHP-506875,ORD-506875,MetroCourier,2026-06-22,2026-06-26,2026-06-28,6,0,2,10.2
SHP-506876,ORD-506876,ParcelFast,2026-06-23,2026-06-26,2026-06-27,5,0,1,13.3
SHP-506877,ORD-506877,NorthLine,2026-06-22,2026-06-26,2026-06-26,4,1,0,12.83
SHP-506878,ORD-506878,ParcelFast,2026-06-24,2026-06-26,2026-06-28,6,0,2,10.09
SHP-506879,ORD-506879,ParcelFast,2026-06-22,2026-06-26,2026-06-25,3,1,0,12.12
SHP-506880,ORD-506880,NorthLine,2026-06-24,2026-06-26,2026-06-27,5,0,1,11.49
SHP-506881,ORD-506881,ShipRight,2026-06-23,2026-06-26,2026-06-25,3,1,0,12.59
SHP-506882,ORD-506882,MetroCourier,2026-06-22,2026-06-26,2026-06-26,4,1,0,11.77
SHP-506883,ORD-506883,ParcelFast,2026-06-22,2026-06-26,2026-06-24,2,1,0,9.79
SHP-506884,ORD-506884,MetroCourier,2026-06-24,2026-06-26,2026-06-25,3,1,0,13.72
SHP-506885,ORD-506885,NorthLine,2026-06-24,2026-06-26,2026-06-26,4,1,0,13.36
SHP-506886,ORD-506886,ShipRight,2026-06-23,2026-06-26,2026-06-25,3,1,0,10.56
SHP-506887,ORD-506887,ParcelFast,2026-06-23,2026-06-26,2026-06-28,6,0,2,9.89
SHP-506888,ORD-506888,NorthLine,2026-06-24,2026-06-26,2026-06-27,5,0,1,9.94
SHP-506889,ORD-506889,NorthLine,2026-06-25,2026-06-26,2026-07-03,11,0,7,14.79
SHP-506890,ORD-506890,NorthLine,2026-06-23,2026-06-26,2026-06-26,4,1,0,11.02
SHP-506891,ORD-506891,MetroCourier,2026-06-23,2026-06-26,2026-06-27,5,0,1,12.43
SHP-506892,ORD-506892,NorthLine,2026-06-24,2026-06-26,2026-06-26,4,1,0,14.49
SHP-506893,ORD-506893,ShipRight,2026-06-24,2026-06-26,2026-06-27,5,0,1,10.52
SHP-506894,ORD-506894,NorthLine,2026-06-23,2026-06-26,2026-06-25,3,1,0,13.28
SHP-506895,ORD-506895,NorthLine,2026-06-22,2026-06-26,2026-06-24,2,1,0,14.83
SHP-506896,ORD-506896,ShipRight,2026-06-23,2026-06-26,2026-06-26,4,1,0,10.49
SHP-506897,ORD-506897,MetroCourier,2026-06-25,2026-06-27,2026-06-27,4,1,0,12.59
SHP-506898,ORD-506898,ParcelFast,2026-06-23,2026-06-27,2026-06-26,3,1,0,11.11
SHP-506899,ORD-506899,NorthLine,2026-06-23,2026-06-27,2026-06-27,4,1,0,13.14
SHP-506900,ORD-506900,ShipRight,2026-06-24,2026-06-27,2026-06-26,3,1,0,11.96
SHP-506901,ORD-506901,NorthLine,2026-06-23,2026-06-27,2026-06-26,3,1,0,10.49
SHP-506902,ORD-506902,ParcelFast,2026-06-23,2026-06-27,2026-06-26,3,1,0,11.98
SHP-506903,ORD-506903,NorthLine,2026-06-24,2026-06-27,2026-06-27,4,1,0,9.62
SHP-506904,ORD-506904,ShipRight,2026-06-24,2026-06-27,2026-06-28,5,0,1,10.66
SHP-506905,ORD-506905,NorthLine,2026-06-23,2026-06-27,2026-06-26,3,1,0,8.82
SHP-506906,ORD-506906,ParcelFast,2026-06-24,2026-06-27,2026-06-29,6,0,2,8.91
SHP-506907,ORD-506907,ShipRight,2026-06-23,2026-06-27,2026-06-26,3,1,0,9.67
SHP-506908,ORD-506908,NorthLine,2026-06-24,2026-06-27,2026-06-30,7,0,3,9.42
SHP-506909,ORD-506909,ParcelFast,2026-06-24,2026-06-27,2026-06-26,3,1,0,9.26
SHP-506910,ORD-506910,MetroCourier,2026-06-25,2026-06-27,2026-07-01,8,0,4,10.33
SHP-506911,ORD-506911,NorthLine,2026-06-23,2026-06-27,2026-06-24,1,1,0,11.64
SHP-506912,ORD-506912,NorthLine,2026-06-24,2026-06-27,2026-06-25,2,1,0,11.98
SHP-506913,ORD-506913,ShipRight,2026-06-25,2026-06-27,2026-07-03,10,0,6,15.0
SHP-506914,ORD-506914,ShipRight,2026-06-23,2026-06-27,2026-06-25,2,1,0,12.44
SHP-506915,ORD-506915,MetroCourier,2026-06-24,2026-06-27,2026-06-26,3,1,0,9.45
SHP-506916,ORD-506916,MetroCourier,2026-06-25,2026-06-27,2026-06-28,5,0,1,8.84
SHP-506917,ORD-506917,MetroCourier,2026-06-24,2026-06-27,2026-06-29,6,0,2,14.3
SHP-506918,ORD-506918,ParcelFast,2026-06-25,2026-06-27,2026-06-27,4,1,0,12.37
SHP-506919,ORD-506919,NorthLine,2026-06-23,2026-06-27,2026-06-27,4,1,0,11.82
SHP-506920,ORD-506920,MetroCourier,2026-06-24,2026-06-27,2026-06-28,5,0,1,12.05
SHP-506921,ORD-506921,MetroCourier,2026-06-24,2026-06-27,2026-06-25,2,1,0,10.39
SHP-506922,ORD-506922,NorthLine,2026-06-24,2026-06-27,2026-06-27,4,1,0,9.49
SHP-506923,ORD-506923,ShipRight,2026-06-26,2026-06-27,2026-07-01,8,0,4,11.08
SHP-506924,ORD-506924,ParcelFast,2026-06-25,2026-06-27,2026-06-26,3,1,0,11.21
SHP-506925,ORD-506925,MetroCourier,2026-06-26,2026-06-27,2026-06-30,7,0,3,10.54
SHP-506926,ORD-506926,NorthLine,2026-06-24,2026-06-27,2026-06-28,5,0,1,11.43
SHP-506927,ORD-506927,ShipRight,2026-06-25,2026-06-27,2026-06-26,3,1,0,11.57
SHP-506928,ORD-506928,ShipRight,2026-06-24,2026-06-27,2026-06-27,4,1,0,11.32
SHP-506929,ORD-506929,ParcelFast,2026-06-25,2026-06-27,2026-06-28,5,0,1,10.3
SHP-506930,ORD-506930,ShipRight,2026-06-24,2026-06-27,2026-06-28,5,0,1,10.37
SHP-506931,ORD-506931,NorthLine,2026-06-25,2026-06-27,2026-06-30,7,0,3,10.7
SHP-506932,ORD-506932,ParcelFast,2026-06-24,2026-06-27,2026-06-26,3,1,0,11.16
SHP-506933,ORD-506933,NorthLine,2026-06-26,2026-06-27,2026-07-01,8,0,4,9.59
SHP-506934,ORD-506934,MetroCourier,2026-06-24,2026-06-27,2026-06-25,2,1,0,11.58
SHP-506935,ORD-506935,ShipRight,2026-06-23,2026-06-27,2026-06-30,7,0,3,12.74
SHP-506936,ORD-506936,NorthLine,2026-06-25,2026-06-27,2026-06-29,6,0,2,9.23
SHP-506937,ORD-506937,MetroCourier,2026-06-24,2026-06-27,2026-06-29,6,0,2,10.07
SHP-506938,ORD-506938,ParcelFast,2026-06-23,2026-06-27,2026-06-28,5,0,1,10.39
SHP-506939,ORD-506939,ParcelFast,2026-06-24,2026-06-27,2026-06-26,3,1,0,13.57
SHP-506940,ORD-506940,ShipRight,2026-06-24,2026-06-27,2026-06-27,4,1,0,11.4
SHP-506941,ORD-506941,MetroCourier,2026-06-24,2026-06-27,2026-06-29,6,0,2,8.93
SHP-506942,ORD-506942,NorthLine,2026-06-24,2026-06-27,2026-06-27,4,1,0,10.76
SHP-506943,ORD-506943,ShipRight,2026-06-25,2026-06-27,2026-06-26,3,1,0,12.04
SHP-506944,ORD-506944,ParcelFast,2026-06-25,2026-06-27,2026-06-29,6,0,2,11.75
SHP-506945,ORD-506945,MetroCourier,2026-06-24,2026-06-27,2026-06-27,4,1,0,12.33
SHP-506946,ORD-506946,MetroCourier,2026-06-24,2026-06-27,2026-06-30,7,0,3,9.73
SHP-506947,ORD-506947,ParcelFast,2026-06-24,2026-06-28,2026-06-28,4,1,0,10.08
SHP-506948,ORD-506948,ParcelFast,2026-06-26,2026-06-28,2026-06-28,4,1,0,13.04
SHP-506949,ORD-506949,ParcelFast,2026-06-25,2026-06-28,2026-06-27,3,1,0,14.22
SHP-506950,ORD-506950,MetroCourier,2026-06-25,2026-06-28,2026-06-26,2,1,0,8.99
SHP-506951,ORD-506951,ParcelFast,2026-06-25,2026-06-28,2026-06-26,2,1,0,11.52
SHP-506952,ORD-506952,ShipRight,2026-06-25,2026-06-28,2026-06-26,2,1,0,10.44
SHP-506953,ORD-506953,ParcelFast,2026-06-25,2026-06-28,2026-06-27,3,1,0,10.94
SHP-506954,ORD-506954,MetroCourier,2026-06-24,2026-06-28,2026-06-26,2,1,0,9.3
SHP-506955,ORD-506955,ShipRight,2026-06-25,2026-06-28,2026-06-29,5,0,1,12.18
SHP-506956,ORD-506956,MetroCourier,2026-06-26,2026-06-28,2026-06-29,5,0,1,9.96
SHP-506957,ORD-506957,ParcelFast,2026-06-24,2026-06-28,2026-06-29,5,0,1,15.85
SHP-506958,ORD-506958,NorthLine,2026-06-26,2026-06-28,2026-06-29,5,0,1,11.21
SHP-506959,ORD-506959,ShipRight,2026-06-25,2026-06-28,2026-06-29,5,0,1,10.4
SHP-506960,ORD-506960,ParcelFast,2026-06-27,2026-06-28,2026-06-30,6,0,2,13.37
SHP-506961,ORD-506961,MetroCourier,2026-06-25,2026-06-28,2026-06-27,3,1,0,11.54
SHP-506962,ORD-506962,ParcelFast,2026-06-26,2026-06-28,2026-06-30,6,0,2,12.15
SHP-506963,ORD-506963,ParcelFast,2026-06-25,2026-06-28,2026-06-26,2,1,0,12.27
SHP-506964,ORD-506964,ParcelFast,2026-06-27,2026-06-28,2026-06-29,5,0,1,12.68
SHP-506965,ORD-506965,MetroCourier,2026-06-24,2026-06-28,2026-06-29,5,0,1,12.24
SHP-506966,ORD-506966,ParcelFast,2026-06-26,2026-06-28,2026-06-30,6,0,2,11.68
SHP-506967,ORD-506967,ParcelFast,2026-06-25,2026-06-28,2026-06-28,4,1,0,12.14
SHP-506968,ORD-506968,MetroCourier,2026-06-24,2026-06-28,2026-06-25,1,1,0,10.12
SHP-506969,ORD-506969,MetroCourier,2026-06-24,2026-06-28,2026-06-26,2,1,0,11.7
SHP-506970,ORD-506970,ShipRight,2026-06-26,2026-06-28,2026-06-29,5,0,1,10.8
SHP-506971,ORD-506971,ShipRight,2026-06-26,2026-06-28,2026-06-28,4,1,0,12.13
SHP-506972,ORD-506972,NorthLine,2026-06-25,2026-06-28,2026-06-28,4,1,0,11.11
SHP-506973,ORD-506973,MetroCourier,2026-06-25,2026-06-28,2026-06-28,4,1,0,11.11
SHP-506974,ORD-506974,NorthLine,2026-06-27,2026-06-28,2026-07-01,7,0,3,11.87
SHP-506975,ORD-506975,ShipRight,2026-06-25,2026-06-28,2026-06-27,3,1,0,10.7
SHP-506976,ORD-506976,NorthLine,2026-06-25,2026-06-28,2026-06-26,2,1,0,12.69
SHP-506977,ORD-506977,MetroCourier,2026-06-25,2026-06-28,2026-06-30,6,0,2,10.05
SHP-506978,ORD-506978,ShipRight,2026-06-27,2026-06-29,2026-06-28,3,1,0,9.4
SHP-506979,ORD-506979,NorthLine,2026-06-27,2026-06-29,2026-07-01,6,0,2,12.05
SHP-506980,ORD-506980,ParcelFast,2026-06-27,2026-06-29,2026-07-03,8,0,4,10.98
SHP-506981,ORD-506981,ParcelFast,2026-06-26,2026-06-29,2026-07-01,6,0,2,14.77
SHP-506982,ORD-506982,NorthLine,2026-06-27,2026-06-29,2026-07-01,6,0,2,9.33
SHP-506983,ORD-506983,ParcelFast,2026-06-26,2026-06-29,2026-06-29,4,1,0,9.25
SHP-506984,ORD-506984,MetroCourier,2026-06-25,2026-06-29,2026-06-26,1,1,0,10.66
SHP-506985,ORD-506985,NorthLine,2026-06-25,2026-06-29,2026-06-26,1,1,0,11.55
SHP-506986,ORD-506986,ParcelFast,2026-06-26,2026-06-29,2026-06-30,5,0,1,11.82
SHP-506987,ORD-506987,MetroCourier,2026-06-26,2026-06-29,2026-06-27,2,1,0,12.56
SHP-506988,ORD-506988,ParcelFast,2026-06-25,2026-06-29,2026-06-28,3,1,0,15.18
SHP-506989,ORD-506989,ShipRight,2026-06-25,2026-06-29,2026-06-27,2,1,0,9.39
SHP-506990,ORD-506990,ShipRight,2026-06-26,2026-06-29,2026-06-28,3,1,0,9.05
SHP-506991,ORD-506991,MetroCourier,2026-06-26,2026-06-29,2026-06-27,2,1,0,12.37
SHP-506992,ORD-506992,ShipRight,2026-06-25,2026-06-29,2026-06-30,5,0,1,11.68
SHP-506993,ORD-506993,ParcelFast,2026-06-28,2026-06-29,2026-06-30,5,0,1,9.12
SHP-506994,ORD-506994,MetroCourier,2026-06-28,2026-06-29,2026-06-30,5,0,1,13.68
SHP-506995,ORD-506995,ParcelFast,2026-06-25,2026-06-29,2026-06-28,3,1,0,8.87
SHP-506996,ORD-506996,NorthLine,2026-06-26,2026-06-29,2026-06-28,3,1,0,14.44
SHP-506997,ORD-506997,MetroCourier,2026-06-27,2026-06-29,2026-06-29,4,1,0,10.97
SHP-506998,ORD-506998,ShipRight,2026-06-28,2026-06-29,2026-07-01,6,0,2,10.91
SHP-506999,ORD-506999,ShipRight,2026-06-26,2026-06-29,2026-07-01,6,0,2,11.81
SHP-507000,ORD-507000,NorthLine,2026-06-26,2026-06-29,2026-06-27,2,1,0,11.33
SHP-507001,ORD-507001,ShipRight,2026-06-27,2026-06-29,2026-07-01,6,0,2,13.51
SHP-507002,ORD-507002,MetroCourier,2026-06-25,2026-06-29,2026-06-27,2,1,0,12.75
SHP-507003,ORD-507003,MetroCourier,2026-06-26,2026-06-29,2026-06-29,4,1,0,12.39
SHP-507004,ORD-507004,ShipRight,2026-06-25,2026-06-29,2026-06-28,3,1,0,11.32
SHP-507005,ORD-507005,MetroCourier,2026-06-25,2026-06-29,2026-06-28,3,1,0,13.42
SHP-507006,ORD-507006,ParcelFast,2026-06-26,2026-06-29,2026-07-01,6,0,2,11.66
SHP-507007,ORD-507007,NorthLine,2026-06-26,2026-06-29,2026-06-29,4,1,0,14.39
SHP-507008,ORD-507008,ShipRight,2026-06-27,2026-06-29,2026-06-30,5,0,1,10.97
SHP-507009,ORD-507009,NorthLine,2026-06-27,2026-06-29,2026-07-03,8,0,4,13.48
SHP-507010,ORD-507010,ParcelFast,2026-06-26,2026-06-29,2026-07-02,7,0,3,11.79
SHP-507011,ORD-507011,NorthLine,2026-06-28,2026-06-29,2026-07-01,6,0,2,11.46
SHP-507012,ORD-507012,NorthLine,2026-06-26,2026-06-29,2026-06-29,4,1,0,13.15
SHP-507013,ORD-507013,NorthLine,2026-06-27,2026-06-29,2026-06-29,4,1,0,11.18
SHP-507014,ORD-507014,ParcelFast,2026-06-27,2026-06-29,2026-06-29,4,1,0,12.49
SHP-507015,ORD-507015,MetroCourier,2026-06-25,2026-06-29,2026-07-02,7,0,3,13.81
SHP-507016,ORD-507016,ShipRight,2026-06-26,2026-06-29,2026-06-30,5,0,1,11.35
SHP-507017,ORD-507017,ParcelFast,2026-06-25,2026-06-29,2026-06-28,3,1,0,12.38
SHP-507018,ORD-507018,ShipRight,2026-06-27,2026-06-29,2026-06-29,4,1,0,10.19
SHP-507019,ORD-507019,ParcelFast,2026-06-28,2026-06-30,2026-06-29,3,1,0,12.69
SHP-507020,ORD-507020,ParcelFast,2026-06-28,2026-06-30,2026-07-03,7,0,3,13.25
SHP-507021,ORD-507021,MetroCourier,2026-06-26,2026-06-30,2026-06-28,2,1,0,10.42
SHP-507022,ORD-507022,NorthLine,2026-06-27,2026-06-30,2026-07-03,7,0,3,12.5
SHP-507023,ORD-507023,NorthLine,2026-06-28,2026-06-30,2026-07-03,7,0,3,11.75
SHP-507024,ORD-507024,MetroCourier,2026-06-26,2026-06-30,2026-06-29,3,1,0,11.1
SHP-507025,ORD-507025,MetroCourier,2026-06-27,2026-06-30,2026-06-29,3,1,0,12.13
SHP-507026,ORD-507026,ParcelFast,2026-06-28,2026-06-30,2026-07-02,6,0,2,12.42
SHP-507027,ORD-507027,ShipRight,2026-06-26,2026-06-30,2026-06-29,3,1,0,10.92
SHP-507028,ORD-507028,ParcelFast,2026-06-28,2026-06-30,2026-07-01,5,0,1,10.03
SHP-507029,ORD-507029,MetroCourier,2026-06-27,2026-06-30,2026-07-04,8,0,4,12.47
SHP-507030,ORD-507030,ShipRight,2026-06-27,2026-06-30,2026-06-30,4,1,0,11.69
SHP-507031,ORD-507031,MetroCourier,2026-06-27,2026-06-30,2026-06-30,4,1,0,12.33
SHP-507032,ORD-507032,ParcelFast,2026-06-27,2026-06-30,2026-07-02,6,0,2,12.09
SHP-507033,ORD-507033,NorthLine,2026-06-26,2026-06-30,2026-06-29,3,1,0,12.23
SHP-507034,ORD-507034,NorthLine,2026-06-27,2026-06-30,2026-07-01,5,0,1,10.08
SHP-507035,ORD-507035,ParcelFast,2026-06-26,2026-06-30,2026-06-30,4,1,0,13.17
SHP-507036,ORD-507036,ParcelFast,2026-06-28,2026-06-30,2026-06-30,4,1,0,10.44
SHP-507037,ORD-507037,MetroCourier,2026-06-26,2026-06-30,2026-07-01,5,0,1,10.53
SHP-507038,ORD-507038,ShipRight,2026-06-27,2026-06-30,2026-07-03,7,0,3,12.0
SHP-507039,ORD-507039,ParcelFast,2026-06-27,2026-06-30,2026-06-28,2,1,0,9.94
SHP-507040,ORD-507040,NorthLine,2026-06-27,2026-06-30,2026-06-30,4,1,0,12.92
SHP-507041,ORD-507041,ParcelFast,2026-06-26,2026-06-30,2026-06-28,2,1,0,12.5
SHP-507042,ORD-507042,ShipRight,2026-06-26,2026-06-30,2026-06-28,2,1,0,13.57
SHP-507043,ORD-507043,ShipRight,2026-06-27,2026-06-30,2026-07-02,6,0,2,11.58
SHP-507044,ORD-507044,ParcelFast,2026-06-27,2026-06-30,2026-06-28,2,1,0,12.94
SHP-507045,ORD-507045,ShipRight,2026-06-27,2026-06-30,2026-06-29,3,1,0,8.98
SHP-507046,ORD-507046,ShipRight,2026-06-26,2026-06-30,2026-06-30,4,1,0,9.22
SHP-507047,ORD-507047,ShipRight,2026-06-27,2026-06-30,2026-06-29,3,1,0,10.14
SHP-507048,ORD-507048,MetroCourier,2026-06-28,2026-06-30,2026-06-29,3,1,0,9.12
SHP-507049,ORD-507049,ShipRight,2026-06-26,2026-06-30,2026-06-29,3,1,0,9.94
SHP-507050,ORD-507050,NorthLine,2026-06-28,2026-06-30,2026-06-30,4,1,0,12.04
SHP-507051,ORD-507051,ParcelFast,2026-06-26,2026-06-30,2026-06-29,3,1,0,9.14
SHP-507052,ORD-507052,ShipRight,2026-06-28,2026-06-30,2026-07-02,6,0,2,14.05
SHP-507053,ORD-507053,ParcelFast,2026-06-27,2026-06-30,2026-06-30,4,1,0,8.73
SHP-507054,ORD-507054,MetroCourier,2026-06-27,2026-06-30,2026-06-28,2,1,0,13.37
SHP-507055,ORD-507055,ParcelFast,2026-06-26,2026-06-30,2026-06-27,1,1,0,11.19
SHP-507056,ORD-507056,ShipRight,2026-06-27,2026-06-30,2026-06-30,4,1,0,11.81
SHP-507057,ORD-507057,MetroCourier,2026-06-27,2026-06-30,2026-06-28,2,1,0,9.14
SHP-507058,ORD-507058,NorthLine,2026-06-27,2026-06-30,2026-07-02,6,0,2,12.15
SHP-507059,ORD-507059,ShipRight,2026-06-28,2026-06-30,2026-06-30,4,1,0,11.75
SHP-507060,ORD-507060,NorthLine,2026-06-27,2026-07-01,2026-06-30,3,1,0,10.59
SHP-507061,ORD-507061,ParcelFast,2026-06-28,2026-07-01,2026-07-01,4,1,0,9.9
SHP-507062,ORD-507062,ShipRight,2026-06-28,2026-07-01,2026-07-03,6,0,2,9.57
SHP-507063,ORD-507063,NorthLine,2026-06-29,2026-07-01,2026-06-30,3,1,0,14.46
SHP-507064,ORD-507064,MetroCourier,2026-06-29,2026-07-01,2026-07-02,5,0,1,10.38
SHP-507065,ORD-507065,NorthLine,2026-06-29,2026-07-01,2026-07-03,6,0,2,9.06
SHP-507066,ORD-507066,ShipRight,2026-06-29,2026-07-01,2026-06-30,3,1,0,10.51
SHP-507067,ORD-507067,ParcelFast,2026-06-27,2026-07-01,2026-06-28,1,1,0,11.21
SHP-507068,ORD-507068,MetroCourier,2026-06-29,2026-07-01,2026-07-04,7,0,3,13.28
SHP-507069,ORD-507069,NorthLine,2026-06-28,2026-07-01,2026-06-30,3,1,0,9.83
SHP-507070,ORD-507070,NorthLine,2026-06-28,2026-07-01,2026-06-30,3,1,0,14.69
SHP-507071,ORD-507071,ShipRight,2026-06-28,2026-07-01,2026-06-30,3,1,0,14.83
SHP-507072,ORD-507072,MetroCourier,2026-06-28,2026-07-01,2026-07-03,6,0,2,12.82
SHP-507073,ORD-507073,NorthLine,2026-06-28,2026-07-01,2026-06-30,3,1,0,11.85
SHP-507074,ORD-507074,MetroCourier,2026-06-28,2026-07-01,2026-06-29,2,1,0,12.41
SHP-507075,ORD-507075,NorthLine,2026-06-28,2026-07-01,2026-06-29,2,1,0,12.44
SHP-507076,ORD-507076,MetroCourier,2026-06-30,2026-07-01,2026-07-04,7,0,3,8.77
SHP-507077,ORD-507077,NorthLine,2026-06-28,2026-07-01,2026-07-01,4,1,0,10.07
SHP-507078,ORD-507078,NorthLine,2026-06-28,2026-07-01,2026-06-29,2,1,0,11.85
SHP-507079,ORD-507079,ParcelFast,2026-06-28,2026-07-01,2026-07-02,5,0,1,10.24
SHP-507080,ORD-507080,MetroCourier,2026-06-28,2026-07-01,2026-07-03,6,0,2,10.07
SHP-507081,ORD-507081,ShipRight,2026-06-28,2026-07-01,2026-07-02,5,0,1,9.93
SHP-507082,ORD-507082,NorthLine,2026-06-28,2026-07-01,2026-07-02,5,0,1,13.06
SHP-507083,ORD-507083,ParcelFast,2026-06-27,2026-07-01,2026-06-30,3,1,0,12.38
SHP-507084,ORD-507084,ShipRight,2026-06-28,2026-07-01,2026-06-30,3,1,0,10.11
SHP-507085,ORD-507085,ParcelFast,2026-06-29,2026-07-01,2026-06-30,3,1,0,12.67
SHP-507086,ORD-507086,NorthLine,2026-06-28,2026-07-01,2026-06-29,2,1,0,10.83
SHP-507087,ORD-507087,NorthLine,2026-06-27,2026-07-01,2026-06-29,2,1,0,13.2
SHP-507088,ORD-507088,MetroCourier,2026-06-28,2026-07-01,2026-06-30,3,1,0,10.25
SHP-507089,ORD-507089,NorthLine,2026-06-27,2026-07-01,2026-06-28,1,1,0,10.8
SHP-507090,ORD-507090,ParcelFast,2026-06-27,2026-07-01,2026-06-29,2,1,0,12.15
SHP-507091,ORD-507091,NorthLine,2026-06-29,2026-07-01,2026-07-02,5,0,1,11.23
SHP-507092,ORD-507092,ParcelFast,2026-06-28,2026-07-01,2026-07-01,4,1,0,13.65
SHP-507093,ORD-507093,ParcelFast,2026-06-27,2026-07-01,2026-06-28,1,1,0,8.95
SHP-507094,ORD-507094,ShipRight,2026-06-28,2026-07-01,2026-07-01,4,1,0,10.72
SHP-507095,ORD-507095,MetroCourier,2026-06-27,2026-07-01,2026-07-02,5,0,1,8.89
SHP-507096,ORD-507096,ShipRight,2026-06-28,2026-07-01,2026-07-05,8,0,4,12.13
SHP-507097,ORD-507097,ParcelFast,2026-06-28,2026-07-01,2026-07-01,4,1,0,13.52
SHP-507098,ORD-507098,ParcelFast,2026-06-27,2026-07-01,2026-06-29,2,1,0,14.61
SHP-507099,ORD-507099,ShipRight,2026-06-29,2026-07-01,2026-07-03,6,0,2,10.23
SHP-507100,ORD-507100,MetroCourier,2026-06-28,2026-07-01,2026-06-29,2,1,0,10.72
SHP-507101,ORD-507101,MetroCourier,2026-06-28,2026-07-01,2026-07-02,5,0,1,11.24
SHP-507102,ORD-507102,ParcelFast,2026-06-27,2026-07-01,2026-06-30,3,1,0,13.04
SHP-507103,ORD-507103,MetroCourier,2026-06-30,2026-07-02,2026-07-02,4,1,0,11.33
SHP-507104,ORD-507104,NorthLine,2026-06-30,2026-07-02,2026-07-05,7,0,3,9.29
SHP-507105,ORD-507105,NorthLine,2026-06-29,2026-07-02,2026-07-01,3,1,0,13.79
SHP-507106,ORD-507106,NorthLine,2026-06-29,2026-07-02,2026-07-02,4,1,0,9.33
SHP-507107,ORD-507107,ParcelFast,2026-07-01,2026-07-02,2026-07-04,6,0,2,9.42
SHP-507108,ORD-507108,NorthLine,2026-06-28,2026-07-02,2026-07-01,3,1,0,12.2
SHP-507109,ORD-507109,MetroCourier,2026-06-28,2026-07-02,2026-06-30,2,1,0,10.48
SHP-507110,ORD-507110,ShipRight,2026-06-29,2026-07-02,2026-06-30,2,1,0,9.63
SHP-507111,ORD-507111,MetroCourier,2026-06-30,2026-07-02,2026-07-02,4,1,0,11.13
SHP-507112,ORD-507112,MetroCourier,2026-06-28,2026-07-02,2026-06-30,2,1,0,11.01
SHP-507113,ORD-507113,MetroCourier,2026-06-28,2026-07-02,2026-07-02,4,1,0,9.83
SHP-507114,ORD-507114,ParcelFast,2026-06-30,2026-07-02,2026-07-03,5,0,1,11.59
SHP-507115,ORD-507115,MetroCourier,2026-06-30,2026-07-02,2026-07-03,5,0,1,9.26
SHP-507116,ORD-507116,NorthLine,2026-06-29,2026-07-02,2026-07-01,3,1,0,16.13
SHP-507117,ORD-507117,NorthLine,2026-06-29,2026-07-02,2026-07-01,3,1,0,11.35
SHP-507118,ORD-507118,ParcelFast,2026-06-29,2026-07-02,2026-07-01,3,1,0,11.52
SHP-507119,ORD-507119,NorthLine,2026-06-28,2026-07-02,2026-07-02,4,1,0,10.48
SHP-507120,ORD-507120,ParcelFast,2026-06-29,2026-07-02,2026-07-02,4,1,0,9.43
SHP-507121,ORD-507121,MetroCourier,2026-06-28,2026-07-02,2026-07-01,3,1,0,9.09
SHP-507122,ORD-507122,ParcelFast,2026-06-29,2026-07-02,2026-07-04,6,0,2,11.49
SHP-507123,ORD-507123,ShipRight,2026-06-29,2026-07-02,2026-06-30,2,1,0,11.35
SHP-507124,ORD-507124,ShipRight,2026-06-29,2026-07-02,2026-07-01,3,1,0,11.41
SHP-507125,ORD-507125,ParcelFast,2026-06-28,2026-07-02,2026-07-05,7,0,3,11.97
SHP-507126,ORD-507126,ShipRight,2026-06-28,2026-07-02,2026-07-02,4,1,0,10.26
SHP-507127,ORD-507127,MetroCourier,2026-06-28,2026-07-02,2026-07-02,4,1,0,10.2
SHP-507128,ORD-507128,NorthLine,2026-06-29,2026-07-02,2026-07-01,3,1,0,11.21
SHP-507129,ORD-507129,ShipRight,2026-06-29,2026-07-02,2026-07-04,6,0,2,16.29
SHP-507130,ORD-507130,NorthLine,2026-06-30,2026-07-02,2026-07-04,6,0,2,14.81
SHP-507131,ORD-507131,MetroCourier,2026-06-30,2026-07-02,2026-07-05,7,0,3,13.73
SHP-507132,ORD-507132,ShipRight,2026-06-28,2026-07-02,2026-06-30,2,1,0,13.26
SHP-507133,ORD-507133,ShipRight,2026-06-29,2026-07-02,2026-07-01,3,1,0,13.35
SHP-507134,ORD-507134,ParcelFast,2026-06-29,2026-07-02,2026-07-02,4,1,0,12.56
SHP-507135,ORD-507135,MetroCourier,2026-07-01,2026-07-02,2026-07-03,5,0,1,12.64
SHP-507136,ORD-507136,NorthLine,2026-06-30,2026-07-02,2026-07-01,3,1,0,10.27
SHP-507137,ORD-507137,NorthLine,2026-06-28,2026-07-02,2026-07-01,3,1,0,9.04
SHP-507138,ORD-507138,ShipRight,2026-06-30,2026-07-02,2026-07-02,4,1,0,14.48
SHP-507139,ORD-507139,ShipRight,2026-06-28,2026-07-02,2026-07-01,3,1,0,13.43
SHP-507140,ORD-507140,MetroCourier,2026-06-29,2026-07-02,2026-07-03,5,0,1,12.16
SHP-507141,ORD-507141,NorthLine,2026-06-29,2026-07-02,2026-07-02,4,1,0,14.26
SHP-507142,ORD-507142,ShipRight,2026-06-28,2026-07-02,2026-07-01,3,1,0,9.43
SHP-507143,ORD-507143,NorthLine,2026-06-29,2026-07-02,2026-07-02,4,1,0,11.04
SHP-507144,ORD-507144,MetroCourier,2026-06-28,2026-07-02,2026-07-02,4,1,0,11.4
SHP-507145,ORD-507145,ParcelFast,2026-06-29,2026-07-02,2026-07-01,3,1,0,10.26
SHP-507146,ORD-507146,ShipRight,2026-06-30,2026-07-02,2026-07-07,9,0,5,11.56
SHP-507147,ORD-507147,ShipRight,2026-06-30,2026-07-02,2026-07-03,5,0,1,11.63
SHP-507148,ORD-507148,MetroCourier,2026-06-29,2026-07-02,2026-07-01,3,1,0,9.18
SHP-507149,ORD-507149,NorthLine,2026-06-28,2026-07-02,2026-07-01,3,1,0,11.56
SHP-507150,ORD-507150,ShipRight,2026-06-30,2026-07-02,2026-07-02,4,1,0,13.15
SHP-507151,ORD-507151,NorthLine,2026-07-01,2026-07-03,2026-07-02,3,1,0,12.38
SHP-507152,ORD-507152,ParcelFast,2026-06-30,2026-07-03,2026-07-03,4,1,0,10.86
SHP-507153,ORD-507153,NorthLine,2026-06-29,2026-07-03,2026-07-02,3,1,0,14.27
SHP-507154,ORD-507154,ShipRight,2026-06-30,2026-07-03,2026-07-05,6,0,2,10.1
SHP-507155,ORD-507155,NorthLine,2026-06-29,2026-07-03,2026-07-01,2,1,0,12.06
SHP-507156,ORD-507156,ShipRight,2026-06-29,2026-07-03,2026-07-02,3,1,0,10.42
SHP-507157,ORD-507157,NorthLine,2026-06-30,2026-07-03,2026-07-04,5,0,1,12.4
SHP-507158,ORD-507158,ShipRight,2026-07-01,2026-07-03,2026-07-04,5,0,1,11.93
SHP-507159,ORD-507159,ParcelFast,2026-06-30,2026-07-03,2026-07-05,6,0,2,9.37
SHP-507160,ORD-507160,NorthLine,2026-06-30,2026-07-03,2026-07-03,4,1,0,13.05
SHP-507161,ORD-507161,ParcelFast,2026-07-01,2026-07-03,2026-07-05,6,0,2,12.0
SHP-507162,ORD-507162,ParcelFast,2026-06-30,2026-07-03,2026-07-03,4,1,0,12.21
SHP-507163,ORD-507163,MetroCourier,2026-07-02,2026-07-03,2026-07-06,7,0,3,8.94
SHP-507164,ORD-507164,ShipRight,2026-07-01,2026-07-03,2026-07-02,3,1,0,9.31
SHP-507165,ORD-507165,NorthLine,2026-06-29,2026-07-03,2026-07-03,4,1,0,10.34
SHP-507166,ORD-507166,ParcelFast,2026-06-30,2026-07-03,2026-07-01,2,1,0,9.15
SHP-507167,ORD-507167,MetroCourier,2026-06-30,2026-07-03,2026-07-04,5,0,1,9.53
SHP-507168,ORD-507168,ParcelFast,2026-06-30,2026-07-03,2026-07-02,3,1,0,14.46
SHP-507169,ORD-507169,ShipRight,2026-07-01,2026-07-03,2026-07-02,3,1,0,10.14
SHP-507170,ORD-507170,NorthLine,2026-06-30,2026-07-03,2026-07-04,5,0,1,12.22
SHP-507171,ORD-507171,ParcelFast,2026-06-30,2026-07-03,2026-07-03,4,1,0,12.62
SHP-507172,ORD-507172,NorthLine,2026-06-30,2026-07-03,2026-07-03,4,1,0,10.07
SHP-507173,ORD-507173,MetroCourier,2026-07-02,2026-07-03,2026-07-05,6,0,2,11.61
SHP-507174,ORD-507174,NorthLine,2026-06-30,2026-07-03,2026-07-07,8,0,4,11.33
SHP-507175,ORD-507175,NorthLine,2026-06-30,2026-07-03,2026-07-01,2,1,0,12.08
SHP-507176,ORD-507176,NorthLine,2026-06-30,2026-07-03,2026-07-03,4,1,0,11.16
SHP-507177,ORD-507177,MetroCourier,2026-07-01,2026-07-03,2026-07-05,6,0,2,11.35
SHP-507178,ORD-507178,NorthLine,2026-07-02,2026-07-03,2026-07-03,4,1,0,10.88
SHP-507179,ORD-507179,NorthLine,2026-07-01,2026-07-03,2026-07-05,6,0,2,13.62
SHP-507180,ORD-507180,ParcelFast,2026-06-30,2026-07-03,2026-07-03,4,1,0,12.11
SHP-507181,ORD-507181,ParcelFast,2026-06-29,2026-07-03,2026-07-05,6,0,2,12.08
SHP-507182,ORD-507182,NorthLine,2026-07-01,2026-07-03,2026-07-03,4,1,0,11.26
SHP-507183,ORD-507183,ShipRight,2026-07-01,2026-07-03,2026-07-05,6,0,2,12.53
SHP-507184,ORD-507184,NorthLine,2026-06-29,2026-07-03,2026-06-30,1,1,0,11.83
SHP-507185,ORD-507185,ShipRight,2026-06-30,2026-07-03,2026-07-06,7,0,3,12.75
SHP-507186,ORD-507186,NorthLine,2026-06-29,2026-07-03,2026-07-01,2,1,0,13.79
SHP-507187,ORD-507187,ShipRight,2026-07-02,2026-07-03,2026-07-03,4,1,0,11.99
SHP-507188,ORD-507188,ParcelFast,2026-06-30,2026-07-03,2026-07-01,2,1,0,11.76
SHP-507189,ORD-507189,ShipRight,2026-06-29,2026-07-03,2026-07-03,4,1,0,11.26
SHP-507190,ORD-507190,ShipRight,2026-06-30,2026-07-03,2026-07-04,5,0,1,10.66
SHP-507191,ORD-507191,MetroCourier,2026-07-01,2026-07-03,2026-07-03,4,1,0,8.91
SHP-507192,ORD-507192,ParcelFast,2026-06-30,2026-07-03,2026-07-03,4,1,0,10.35
SHP-507193,ORD-507193,ShipRight,2026-07-02,2026-07-03,2026-07-07,8,0,4,9.89
SHP-507194,ORD-507194,ShipRight,2026-07-01,2026-07-04,2026-07-04,4,1,0,11.37
SHP-507195,ORD-507195,ParcelFast,2026-07-01,2026-07-04,2026-07-03,3,1,0,12.4
SHP-507196,ORD-507196,NorthLine,2026-06-30,2026-07-04,2026-07-01,1,1,0,11.86
SHP-507197,ORD-507197,NorthLine,2026-07-01,2026-07-04,2026-07-03,3,1,0,12.57
SHP-507198,ORD-507198,ParcelFast,2026-07-03,2026-07-04,2026-07-08,8,0,4,10.13
SHP-507199,ORD-507199,NorthLine,2026-06-30,2026-07-04,2026-07-03,3,1,0,10.64
SHP-507200,ORD-507200,ShipRight,2026-07-01,2026-07-04,2026-07-07,7,0,3,9.36
SHP-507201,ORD-507201,ShipRight,2026-07-02,2026-07-04,2026-07-05,5,0,1,11.93
SHP-507202,ORD-507202,ShipRight,2026-07-02,2026-07-04,2026-07-05,5,0,1,14.92
SHP-507203,ORD-507203,ShipRight,2026-07-01,2026-07-04,2026-07-04,4,1,0,14.42
SHP-507204,ORD-507204,NorthLine,2026-07-01,2026-07-04,2026-07-03,3,1,0,13.35
SHP-507205,ORD-507205,MetroCourier,2026-06-30,2026-07-04,2026-07-05,5,0,1,11.4
SHP-507206,ORD-507206,NorthLine,2026-07-02,2026-07-04,2026-07-03,3,1,0,12.13
SHP-507207,ORD-507207,ShipRight,2026-07-01,2026-07-04,2026-07-04,4,1,0,12.36
SHP-507208,ORD-507208,ShipRight,2026-06-30,2026-07-04,2026-07-01,1,1,0,13.22
SHP-507209,ORD-507209,ShipRight,2026-07-02,2026-07-04,2026-07-05,5,0,1,9.67
SHP-507210,ORD-507210,MetroCourier,2026-07-01,2026-07-04,2026-07-03,3,1,0,12.17
SHP-507211,ORD-507211,ShipRight,2026-07-01,2026-07-04,2026-07-06,6,0,2,11.13
SHP-507212,ORD-507212,NorthLine,2026-07-01,2026-07-04,2026-07-04,4,1,0,11.54
SHP-507213,ORD-507213,ParcelFast,2026-07-01,2026-07-04,2026-07-06,6,0,2,11.19
SHP-507214,ORD-507214,NorthLine,2026-07-01,2026-07-04,2026-07-04,4,1,0,11.18
SHP-507215,ORD-507215,ShipRight,2026-06-30,2026-07-04,2026-07-04,4,1,0,9.1
SHP-507216,ORD-507216,ParcelFast,2026-07-01,2026-07-04,2026-07-08,8,0,4,8.74
SHP-507217,ORD-507217,NorthLine,2026-07-01,2026-07-04,2026-07-06,6,0,2,13.3
SHP-507218,ORD-507218,ShipRight,2026-06-30,2026-07-04,2026-07-02,2,1,0,13.15
SHP-507219,ORD-507219,ShipRight,2026-07-02,2026-07-04,2026-07-03,3,1,0,11.43
SHP-507220,ORD-507220,ShipRight,2026-06-30,2026-07-04,2026-07-02,2,1,0,9.49
SHP-507221,ORD-507221,MetroCourier,2026-07-01,2026-07-04,2026-07-05,5,0,1,11.62
SHP-507222,ORD-507222,ShipRight,2026-07-01,2026-07-04,2026-07-03,3,1,0,10.04
SHP-507223,ORD-507223,ShipRight,2026-06-30,2026-07-04,2026-07-05,5,0,1,11.8
SHP-507224,ORD-507224,MetroCourier,2026-07-01,2026-07-04,2026-07-03,3,1,0,12.12
SHP-507225,ORD-507225,ParcelFast,2026-06-30,2026-07-04,2026-07-02,2,1,0,14.67
SHP-507226,ORD-507226,MetroCourier,2026-07-02,2026-07-04,2026-07-04,4,1,0,11.89
SHP-507227,ORD-507227,ShipRight,2026-07-02,2026-07-04,2026-07-06,6,0,2,10.24
SHP-507228,ORD-507228,NorthLine,2026-07-01,2026-07-04,2026-07-04,4,1,0,12.53
SHP-507229,ORD-507229,NorthLine,2026-07-01,2026-07-04,2026-07-07,7,0,3,10.97
SHP-507230,ORD-507230,ShipRight,2026-06-30,2026-07-04,2026-07-02,2,1,0,11.73
SHP-507231,ORD-507231,ShipRight,2026-07-01,2026-07-04,2026-07-05,5,0,1,11.86
